{
	"credit": "Made by SrDarmith - YouTube: Mainclay",
	"textures": {
		"2": "item/hardened_clay_stained_green",
		"particle": "item/anvil_1",
		"texture": "item/anvil_1",
		"wood door texture": "item/door_wood_lower"
	},
	"elements": [
		{
			"from": [-16, 7.525, 7.4],
			"to": [5, 7.775, 7.9],
			"rotation": {"angle": 0, "axis": "y", "origin": [-2.75, -2.075, -0.35]},
			"faces": {
				"north": {"uv": [14.5, 6.75, 16, 7], "texture": "#texture", "cullface": "west"},
				"south": {"uv": [0, 6.75, 1.5, 7], "texture": "#texture", "cullface": "west"},
				"west": {"uv": [7.75, 6.75, 8.25, 7], "texture": "#texture", "cullface": "west"},
				"up": {"uv": [0, 7.75, 1.5, 8.25], "texture": "#texture", "cullface": "west"},
				"down": {"uv": [16, 8.25, 14.5, 7.75], "texture": "#texture", "cullface": "west"}
			}
		},
		{
			"from": [-5.75, 5.7, 7.15],
			"to": [3.5, 6.2, 8.15],
			"rotation": {"angle": 0, "axis": "y", "origin": [-2.75, -2.075, -0.35]},
			"faces": {
				"north": {"uv": [14.5, 7, 16, 7.5], "texture": "#texture", "cullface": "west"},
				"south": {"uv": [0, 7, 1.5, 7.5], "texture": "#texture", "cullface": "west"},
				"west": {"uv": [7.5, 7, 7.75, 7.5], "texture": "#texture", "cullface": "west"},
				"up": {"uv": [0, 7.5, 1.5, 7.75], "texture": "#texture", "cullface": "west"},
				"down": {"uv": [16, 7.75, 14.5, 7.5], "texture": "#texture", "cullface": "west"}
			}
		},
		{
			"from": [-5.75, 5.45, 7.4],
			"to": [3.5, 6.45, 7.9],
			"rotation": {"angle": 0, "axis": "y", "origin": [-2.75, -2.075, -0.35]},
			"faces": {
				"north": {"uv": [14.5, 6.75, 16, 7], "texture": "#texture", "cullface": "west"},
				"south": {"uv": [0, 6.75, 1.5, 7], "texture": "#texture", "cullface": "west"},
				"west": {"uv": [7.75, 6.75, 8.25, 7], "texture": "#texture", "cullface": "west"},
				"up": {"uv": [0, 7.75, 1.5, 8.25], "texture": "#texture", "cullface": "west"},
				"down": {"uv": [16, 8.25, 14.5, 7.75], "texture": "#texture", "cullface": "west"}
			}
		},
		{
			"from": [-14, 6.775, 7.15],
			"to": [-13, 7.775, 8.15],
			"rotation": {"angle": 0, "axis": "y", "origin": [-2.75, -2.075, -0.35]},
			"faces": {
				"north": {"uv": [16, 6.75, 15, 7.75], "texture": "#texture", "cullface": "west"},
				"east": {"uv": [7.5, 6.75, 8.5, 7.75], "texture": "#texture", "cullface": "west"},
				"south": {"uv": [0, 6.75, 1, 7.75], "texture": "#texture", "cullface": "west"},
				"west": {"uv": [7.5, 6.75, 8.5, 7.75], "texture": "#texture", "cullface": "west"},
				"up": {"uv": [0, 7.5, 1, 8.5], "texture": "#texture", "cullface": "west"},
				"down": {"uv": [16, 8.5, 15, 7.5], "texture": "#texture", "cullface": "west"}
			}
		},
		{
			"from": [-14, 6.9, 7.4],
			"to": [-13, 8.25, 7.9],
			"rotation": {"angle": 0, "axis": "y", "origin": [-2.75, -2.075, -0.35]},
			"faces": {
				"north": {"uv": [16, 6, 15, 6.75], "texture": "#texture", "cullface": "west"},
				"east": {"uv": [7.75, 6, 8.25, 6.75], "texture": "#texture", "cullface": "west"},
				"south": {"uv": [0, 6, 1, 6.75], "texture": "#texture", "cullface": "west"},
				"west": {"uv": [7.75, 6, 8.25, 6.75], "texture": "#texture", "cullface": "west"},
				"up": {"uv": [0, 7.75, 1, 8.25], "texture": "#texture", "cullface": "west"}
			}
		},
		{
			"from": [-2.625, 6.025, 7.15],
			"to": [-1.625, 7.5, 8.15],
			"rotation": {"angle": 22.5, "axis": "z", "origin": [-2.75, -2.075, -0.35]},
			"faces": {
				"north": {"uv": [15, 7, 15, 7.75], "texture": "#texture", "cullface": "west"},
				"east": {"uv": [7.75, 6, 8.25, 6.75], "texture": "#texture", "cullface": "west"},
				"south": {"uv": [0, 8, 1, 8.75], "texture": "#texture", "cullface": "west"},
				"west": {"uv": [7.75, 6, 8.25, 6.75], "texture": "#texture", "cullface": "west"},
				"up": {"uv": [0, 7.75, 1, 8.25], "texture": "#texture", "cullface": "west"},
				"down": {"uv": [0, 0, 1, 0], "texture": "#texture"}
			}
		},
		{
			"from": [-14, 8.25, 7.4],
			"to": [-13.25, 8.85, 7.9],
			"rotation": {"angle": 0, "axis": "y", "origin": [-2.75, -2.075, -0.35]},
			"faces": {
				"north": {"uv": [16, 5.5, 15, 6], "texture": "#texture", "cullface": "west"},
				"east": {"uv": [7.75, 5.5, 8.25, 6], "texture": "#texture", "cullface": "west"},
				"south": {"uv": [0, 5.5, 1, 6], "texture": "#texture", "cullface": "west"},
				"west": {"uv": [7.75, 5.5, 8.25, 6], "texture": "#texture", "cullface": "west"},
				"up": {"uv": [0, 7.75, 1, 8.25], "texture": "#texture", "cullface": "west"}
			}
		},
		{
			"from": [-14, 9.1, 7.15],
			"to": [-13.5, 9.6, 7.4],
			"rotation": {"angle": 0, "axis": "y", "origin": [-2.75, -2.075, -0.35]},
			"faces": {
				"north": {"uv": [16, 5, 15, 5.5], "texture": "#texture", "cullface": "west"},
				"east": {"uv": [8.25, 5, 8.5, 5.5], "texture": "#texture", "cullface": "west"},
				"south": {"uv": [0, 5, 1, 5.5], "texture": "#texture", "cullface": "west"},
				"west": {"uv": [7.5, 5, 7.75, 5.5], "texture": "#texture", "cullface": "west"},
				"up": {"uv": [0, 7.5, 1, 7.75], "texture": "#texture", "cullface": "west"},
				"down": {"uv": [16, 7.75, 15, 7.5], "texture": "#texture", "cullface": "west"}
			}
		},
		{
			"from": [-14, 9.1, 7.9],
			"to": [-13.5, 9.6, 8.15],
			"rotation": {"angle": 0, "axis": "y", "origin": [-2.75, -2.075, -0.35]},
			"faces": {
				"north": {"uv": [16, 5, 15, 5.5], "texture": "#texture", "cullface": "west"},
				"east": {"uv": [7.5, 5, 7.75, 5.5], "texture": "#texture", "cullface": "west"},
				"south": {"uv": [0, 5, 1, 5.5], "texture": "#texture", "cullface": "west"},
				"west": {"uv": [8.25, 5, 8.5, 5.5], "texture": "#texture", "cullface": "west"},
				"up": {"uv": [0, 8.25, 1, 8.5], "texture": "#texture", "cullface": "west"},
				"down": {"uv": [16, 8.5, 15, 8.25], "texture": "#texture", "cullface": "west"}
			}
		},
		{
			"from": [-14, 9.6, 7.4],
			"to": [-13.5, 9.85, 7.9],
			"rotation": {"angle": 0, "axis": "y", "origin": [-2.75, -2.075, -0.35]},
			"faces": {
				"north": {"uv": [16, 4.75, 15, 5], "texture": "#texture", "cullface": "west"},
				"east": {"uv": [7.75, 4.75, 8.25, 5], "texture": "#texture", "cullface": "west"},
				"south": {"uv": [0, 4.75, 1, 5], "texture": "#texture", "cullface": "west"},
				"west": {"uv": [7.75, 4.75, 8.25, 5], "texture": "#texture", "cullface": "west"},
				"up": {"uv": [0, 7.75, 1, 8.25], "texture": "#texture", "cullface": "west"},
				"down": {"uv": [16, 8.25, 15, 7.75], "texture": "#texture", "cullface": "west"}
			}
		},
		{
			"from": [-14, 8.85, 7.4],
			"to": [-13.5, 9.1, 7.9],
			"rotation": {"angle": 0, "axis": "y", "origin": [-2.75, -2.075, -0.35]},
			"faces": {
				"north": {"uv": [16, 4.75, 15, 5], "texture": "#texture", "cullface": "west"},
				"east": {"uv": [7.75, 4.75, 8.25, 5], "texture": "#texture", "cullface": "west"},
				"south": {"uv": [0, 4.75, 1, 5], "texture": "#texture", "cullface": "west"},
				"west": {"uv": [7.75, 4.75, 8.25, 5], "texture": "#texture", "cullface": "west"},
				"up": {"uv": [0, 7.75, 1, 8.25], "texture": "#texture", "cullface": "west"},
				"down": {"uv": [16, 8.25, 15, 7.75], "texture": "#texture", "cullface": "west"}
			}
		},
		{
			"from": [-6.3, 6.775, 7.15],
			"to": [-5.275, 7.775, 8.15],
			"rotation": {"angle": 0, "axis": "y", "origin": [-2.5, -2.075, -0.35]},
			"faces": {
				"north": {"uv": [16, 6.75, 15, 7.75], "texture": "#texture", "cullface": "west"},
				"east": {"uv": [7.5, 6.75, 8.5, 7.75], "texture": "#texture", "cullface": "west"},
				"south": {"uv": [0, 6.75, 1, 7.75], "texture": "#texture", "cullface": "west"},
				"west": {"uv": [7.5, 6.75, 8.5, 7.75], "texture": "#texture", "cullface": "west"},
				"up": {"uv": [0, 7.5, 1, 8.5], "texture": "#texture", "cullface": "west"},
				"down": {"uv": [16, 8.5, 15, 7.5], "texture": "#texture", "cullface": "west"}
			}
		},
		{
			"from": [-5.725, 5.45, 7.15],
			"to": [-4.775, 6.45, 8.15],
			"rotation": {"angle": 0, "axis": "y", "origin": [-2.5, -2.075, -0.35]},
			"faces": {
				"north": {"uv": [16, 7.05, 15, 8.05], "texture": "#texture", "cullface": "west"},
				"east": {"uv": [7.5, 6.75, 8.5, 7.75], "texture": "#texture", "cullface": "west"},
				"south": {"uv": [0, 7.75, 1, 8.75], "texture": "#texture", "cullface": "west"},
				"west": {"uv": [7.5, 6.75, 8.5, 7.75], "texture": "#texture", "cullface": "west"},
				"up": {"uv": [0, 7.5, 1, 8.5], "texture": "#texture", "cullface": "west"},
				"down": {"uv": [16, 8.5, 15, 7.5], "texture": "#texture", "cullface": "west"}
			}
		},
		{
			"from": [0.7, 5.35, 7.1],
			"to": [3.475, 6.7, 8.225],
			"rotation": {"angle": 0, "axis": "y", "origin": [-2.75, -2.075, -0.35]},
			"faces": {
				"north": {"uv": [16, 6.75, 15, 7.75], "texture": "#texture", "cullface": "west"},
				"east": {"uv": [7.5, 6.75, 8.5, 7.75], "texture": "#texture", "cullface": "west"},
				"south": {"uv": [0, 6.75, 1, 7.75], "texture": "#texture", "cullface": "west"},
				"west": {"uv": [7.5, 6.75, 8.5, 7.75], "texture": "#texture", "cullface": "west"},
				"up": {"uv": [0, 7.5, 1, 8.5], "texture": "#texture", "cullface": "west"},
				"down": {"uv": [16, 8.5, 15, 7.5], "texture": "#texture", "cullface": "west"}
			}
		},
		{
			"from": [1.95, 6.75, 7.1],
			"to": [3.475, 7.825, 8.225],
			"rotation": {"angle": 0, "axis": "y", "origin": [-2.75, -2.075, -0.35]},
			"faces": {
				"north": {"uv": [16, 6.75, 15, 7.75], "texture": "#texture", "cullface": "west"},
				"east": {"uv": [7.5, 6.75, 8.5, 7.75], "texture": "#texture", "cullface": "west"},
				"south": {"uv": [0, 6.75, 1, 7.75], "texture": "#texture", "cullface": "west"},
				"west": {"uv": [7.5, 6.75, 8.5, 7.75], "texture": "#texture", "cullface": "west"},
				"up": {"uv": [0, 7.5, 1, 8.5], "texture": "#texture", "cullface": "west"},
				"down": {"uv": [16, 8.5, 15, 7.5], "texture": "#texture", "cullface": "west"}
			}
		},
		{
			"from": [11.25, 7.55, 6.725],
			"to": [13.25, 9.05, 8.575],
			"rotation": {"angle": 0, "axis": "y", "origin": [-2.25, -2.075, -0.35]},
			"faces": {
				"north": {"uv": [8.25, 5.25, 10.25, 6.75], "texture": "#texture"},
				"east": {"uv": [7, 5.25, 9, 6.75], "texture": "#texture"},
				"south": {"uv": [5.75, 5.25, 7.75, 6.75], "texture": "#texture"},
				"west": {"uv": [7, 5.25, 9, 6.75], "texture": "#texture"},
				"up": {"uv": [5.75, 7, 7.75, 9], "texture": "#texture"}
			}
		},
		{
			"from": [5.75, 8, 6.9],
			"to": [11.5, 8.875, 8.4],
			"rotation": {"angle": 0, "axis": "y", "origin": [-2.25, -2.075, -0.35]},
			"faces": {
				"north": {"uv": [8.25, 5.25, 10.25, 6.75], "texture": "#texture"},
				"east": {"uv": [7, 5.25, 9, 6.75], "texture": "#texture"},
				"south": {"uv": [5.75, 5.25, 7.75, 6.75], "texture": "#texture"},
				"west": {"uv": [7, 5.25, 9, 6.75], "texture": "#texture"},
				"up": {"uv": [5.75, 7, 7.75, 9], "texture": "#texture"}
			}
		},
		{
			"from": [3.2, 1.45, 11.725],
			"to": [3.975, 2.525, 12.1],
			"rotation": {"angle": -45, "axis": "x", "origin": [-2.75, -2.075, -0.35]},
			"faces": {
				"north": {"uv": [16, 6.75, 15, 7.75], "texture": "#texture", "cullface": "west"},
				"east": {"uv": [7.5, 6.75, 8.5, 7.75], "texture": "#texture", "cullface": "west"},
				"south": {"uv": [0, 6.75, 1, 7.75], "texture": "#texture", "cullface": "west"},
				"west": {"uv": [7.5, 6.75, 8.5, 7.75], "texture": "#texture", "cullface": "west"},
				"up": {"uv": [0, 7.5, 1, 8.5], "texture": "#texture", "cullface": "west"},
				"down": {"uv": [16, 8.5, 15, 7.5], "texture": "#texture", "cullface": "west"}
			}
		},
		{
			"from": [3.7, 2.525, 11.575],
			"to": [7.225, 3.4, 12.25],
			"rotation": {"angle": -45, "axis": "x", "origin": [-2.75, -2.075, -0.35]},
			"faces": {
				"north": {"uv": [15, 6.75, 16, 7.75], "texture": "#wood door texture", "cullface": "west"},
				"east": {"uv": [7.5, 6.75, 8.5, 7.75], "texture": "#wood door texture", "cullface": "west"},
				"south": {"uv": [1, 6.75, 0, 7.75], "texture": "#wood door texture", "cullface": "west"},
				"west": {"uv": [7.5, 6.75, 8.5, 7.75], "texture": "#wood door texture", "cullface": "west"},
				"up": {"uv": [1, 7.5, 0, 8.5], "texture": "#wood door texture", "cullface": "west"},
				"down": {"uv": [15, 8.5, 16, 7.5], "texture": "#wood door texture", "cullface": "west"}
			}
		},
		{
			"from": [2.7, 0.45, 11.725],
			"to": [3.475, 1.525, 12.1],
			"rotation": {"angle": -45, "axis": "x", "origin": [-2.75, -2.075, -0.35]},
			"faces": {
				"north": {"uv": [16, 6.75, 15, 7.75], "texture": "#texture", "cullface": "west"},
				"east": {"uv": [7.5, 6.75, 8.5, 7.75], "texture": "#texture", "cullface": "west"},
				"south": {"uv": [0, 6.75, 1, 7.75], "texture": "#texture", "cullface": "west"},
				"west": {"uv": [7.5, 6.75, 8.5, 7.75], "texture": "#texture", "cullface": "west"},
				"up": {"uv": [0, 7.5, 1, 8.5], "texture": "#texture", "cullface": "west"},
				"down": {"uv": [16, 8.5, 15, 7.5], "texture": "#texture", "cullface": "west"}
			}
		},
		{
			"from": [2.2, -0.55, 11.725],
			"to": [2.975, 0.525, 12.1],
			"rotation": {"angle": -45, "axis": "x", "origin": [-2.75, -2.075, -0.35]},
			"faces": {
				"north": {"uv": [16, 6.75, 15, 7.75], "texture": "#texture", "cullface": "west"},
				"east": {"uv": [7.5, 6.75, 8.5, 7.75], "texture": "#texture", "cullface": "west"},
				"south": {"uv": [0, 6.75, 1, 7.75], "texture": "#texture", "cullface": "west"},
				"west": {"uv": [7.5, 6.75, 8.5, 7.75], "texture": "#texture", "cullface": "west"},
				"up": {"uv": [0, 7.5, 1, 8.5], "texture": "#texture", "cullface": "west"},
				"down": {"uv": [16, 8.5, 15, 7.5], "texture": "#texture", "cullface": "west"}
			}
		},
		{
			"from": [6, 8.55, 6.275],
			"to": [9, 8.85, 7.525],
			"rotation": {"angle": 0, "axis": "y", "origin": [-2.25, -2.075, -0.35]},
			"faces": {
				"north": {"uv": [8.25, 5.25, 10.25, 6.75], "texture": "#texture"},
				"east": {"uv": [7, 5.25, 9, 6.75], "texture": "#texture"},
				"south": {"uv": [5.75, 5.25, 7.75, 6.75], "texture": "#texture"},
				"west": {"uv": [7, 5.25, 9, 6.75], "texture": "#texture"},
				"up": {"uv": [5.75, 7, 7.75, 9], "texture": "#texture"},
				"down": {"uv": [6, 7, 7, 8], "texture": "#texture"}
			}
		},
		{
			"from": [6, 7.725, 6.275],
			"to": [9, 8.025, 7.525],
			"rotation": {"angle": 0, "axis": "y", "origin": [-2.25, -2.075, -0.35]},
			"faces": {
				"north": {"uv": [8.25, 5.25, 10.25, 6.75], "texture": "#texture"},
				"east": {"uv": [7, 5.25, 9, 6.75], "texture": "#texture"},
				"south": {"uv": [5.75, 5.25, 7.75, 6.75], "texture": "#texture"},
				"west": {"uv": [7, 5.25, 9, 6.75], "texture": "#texture"},
				"up": {"uv": [5.75, 7, 7.75, 9], "texture": "#texture"},
				"down": {"uv": [6, 7, 7, 8], "texture": "#texture"}
			}
		},
		{
			"from": [9, 7.725, 6.275],
			"to": [9.25, 8.85, 7.525],
			"rotation": {"angle": 0, "axis": "y", "origin": [-2.25, -2.075, -0.35]},
			"faces": {
				"north": {"uv": [8.25, 5.25, 10.25, 6.75], "texture": "#texture"},
				"east": {"uv": [7, 5.25, 9, 6.75], "texture": "#texture"},
				"south": {"uv": [5.75, 5.25, 7.75, 6.75], "texture": "#texture"},
				"west": {"uv": [7, 5.25, 9, 6.75], "texture": "#texture"},
				"up": {"uv": [5.75, 7, 7.75, 9], "texture": "#texture"},
				"down": {"uv": [6, 7, 7, 8], "texture": "#texture"}
			}
		},
		{
			"from": [5.75, 7.725, 6.275],
			"to": [6, 8.85, 7.525],
			"rotation": {"angle": 0, "axis": "y", "origin": [-2.25, -2.075, -0.35]},
			"faces": {
				"north": {"uv": [8.25, 5.25, 10.25, 6.75], "texture": "#texture"},
				"east": {"uv": [7, 5.25, 9, 6.75], "texture": "#texture"},
				"south": {"uv": [5.75, 5.25, 7.75, 6.75], "texture": "#texture"},
				"west": {"uv": [7, 5.25, 9, 6.75], "texture": "#texture"},
				"up": {"uv": [5.75, 7, 7.75, 9], "texture": "#texture"},
				"down": {"uv": [6, 7, 7, 8], "texture": "#texture"}
			}
		},
		{
			"from": [5.25, 7.925, 6.65],
			"to": [11.5, 8.625, 8.65],
			"rotation": {"angle": 0, "axis": "y", "origin": [-2.25, -2.075, -0.35]},
			"faces": {
				"north": {"uv": [8.25, 5.25, 10.25, 6.75], "texture": "#texture"},
				"east": {"uv": [7, 5.25, 9, 6.75], "texture": "#texture"},
				"south": {"uv": [5.75, 5.25, 7.75, 6.75], "texture": "#texture"},
				"west": {"uv": [7, 5.25, 9, 6.75], "texture": "#texture"},
				"up": {"uv": [5.75, 7, 7.75, 9], "texture": "#texture"}
			}
		},
		{
			"from": [13, 8.175, 6.9],
			"to": [16, 8.425, 8.4],
			"rotation": {"angle": 0, "axis": "y", "origin": [-2.25, -2.075, -0.35]},
			"faces": {
				"north": {"uv": [0, 6.25, 8.25, 6.5], "texture": "#texture", "cullface": "east"},
				"east": {"uv": [7.25, 6.25, 8.75, 6.5], "texture": "#texture", "cullface": "east"},
				"south": {"uv": [7.75, 6.25, 16, 6.5], "texture": "#texture", "cullface": "east"},
				"up": {"uv": [7.75, 7.25, 16, 8.75], "texture": "#texture", "cullface": "east"}
			}
		},
		{
			"from": [13, 8.425, 7.15],
			"to": [15.75, 8.675, 8.15],
			"rotation": {"angle": 0, "axis": "y", "origin": [-2.25, -2.075, -0.35]},
			"faces": {
				"north": {"uv": [0, 6.25, 8.25, 6.5], "texture": "#texture", "cullface": "east"},
				"east": {"uv": [7.25, 6.25, 8.75, 6.5], "texture": "#texture", "cullface": "east"},
				"south": {"uv": [7.75, 6.25, 16, 6.5], "texture": "#texture", "cullface": "east"},
				"up": {"uv": [7.75, 7.25, 16, 8.75], "texture": "#texture", "cullface": "east"}
			}
		},
		{
			"from": [3.5, 5.425, 6.65],
			"to": [16.5, 7.925, 8.65],
			"rotation": {"angle": 0, "axis": "y", "origin": [-2.25, -2.075, -0.35]},
			"faces": {
				"north": {"uv": [0, 6.75, 8.25, 8.5], "texture": "#texture", "cullface": "east"},
				"east": {"uv": [7, 6.75, 9, 8.5], "texture": "#texture", "cullface": "east"},
				"south": {"uv": [7.75, 6.75, 16, 8.5], "texture": "#texture", "cullface": "east"},
				"west": {"uv": [7, 6.75, 9, 8.5], "texture": "#texture", "cullface": "east"},
				"up": {"uv": [7.75, 7, 16, 9], "texture": "#texture", "cullface": "east"},
				"down": {"uv": [8.25, 9, 0, 7], "texture": "#texture", "cullface": "east"}
			}
		},
		{
			"from": [-16, 7.025, 7.15],
			"to": [5, 7.525, 7.4],
			"rotation": {"angle": 0, "axis": "y", "origin": [-2.75, -2.075, -0.35]},
			"faces": {
				"north": {"uv": [14.5, 7, 16, 7.5], "texture": "#texture", "cullface": "west"},
				"south": {"uv": [0, 7, 1.5, 7.5], "texture": "#texture", "cullface": "west"},
				"west": {"uv": [7.5, 7, 7.75, 7.5], "texture": "#texture", "cullface": "west"},
				"up": {"uv": [0, 7.5, 1.5, 7.75], "texture": "#texture", "cullface": "west"},
				"down": {"uv": [16, 7.75, 14.5, 7.5], "texture": "#texture", "cullface": "west"}
			}
		},
		{
			"from": [-16, 7.025, 7.9],
			"to": [5, 7.525, 8.15],
			"rotation": {"angle": 0, "axis": "y", "origin": [-2.75, -2.075, -0.35]},
			"faces": {
				"north": {"uv": [14.5, 7, 16, 7.5], "texture": "#texture", "cullface": "west"},
				"south": {"uv": [0, 7, 1.5, 7.5], "texture": "#texture", "cullface": "west"},
				"west": {"uv": [8.25, 7, 8.5, 7.5], "texture": "#texture", "cullface": "west"},
				"up": {"uv": [0, 8.25, 1.5, 8.5], "texture": "#texture", "cullface": "west"},
				"down": {"uv": [16, 8.5, 14.5, 8.25], "texture": "#texture", "cullface": "west"}
			}
		},
		{
			"from": [-16, 6.775, 7.4],
			"to": [5, 7.025, 7.9],
			"rotation": {"angle": 0, "axis": "y", "origin": [-2.75, -2.075, -0.35]},
			"faces": {
				"north": {"uv": [14.5, 7.5, 16, 7.75], "texture": "#texture", "cullface": "west"},
				"south": {"uv": [0, 7.5, 1.5, 7.75], "texture": "#texture", "cullface": "west"},
				"west": {"uv": [7.75, 7.5, 8.25, 7.75], "texture": "#texture", "cullface": "west"},
				"up": {"uv": [0, 7.75, 1.5, 8.25], "texture": "#texture", "cullface": "west"},
				"down": {"uv": [16, 8.25, 14.5, 7.75], "texture": "#texture", "cullface": "west"}
			}
		},
		{
			"from": [10.75, 5.175, 6.925],
			"to": [13.275, 5.425, 8.375],
			"rotation": {"angle": 0, "axis": "y", "origin": [-2.25, -2.075, -0.35]},
			"faces": {
				"north": {"uv": [3.25, 8.5, 6, 10.75], "texture": "#texture"},
				"east": {"uv": [7.25, 8.5, 8.75, 10.75], "texture": "#texture"},
				"south": {"uv": [10, 8.5, 12.75, 10.75], "texture": "#texture"},
				"west": {"uv": [7.25, 8.5, 8.75, 10.75], "texture": "#texture"},
				"down": {"uv": [6, 8.75, 3.25, 7.25], "texture": "#texture"}
			}
		},
		{
			"from": [6.075, 4.925, 6.925],
			"to": [8.6, 5.675, 8.375],
			"rotation": {"angle": 0, "axis": "y", "origin": [-2.25, -2.075, -0.35]},
			"faces": {
				"north": {"uv": [3.25, 8.5, 6, 10.75], "texture": "#2"},
				"east": {"uv": [7.25, 8.5, 8.75, 10.75], "texture": "#2"},
				"south": {"uv": [10, 8.5, 12.75, 10.75], "texture": "#2"},
				"west": {"uv": [7.25, 8.5, 8.75, 10.75], "texture": "#2"},
				"down": {"uv": [6, 8.75, 3.25, 7.25], "texture": "#2"}
			}
		},
		{
			"from": [11, 3.925, 7.15],
			"to": [11.25, 4.175, 8.15],
			"rotation": {"angle": 0, "axis": "y", "origin": [-2.75, -2.325, -0.35]},
			"faces": {
				"north": {"uv": [1.75, 9.5, 2.25, 9.75], "texture": "#texture"},
				"east": {"uv": [7.5, 9.5, 8.5, 9.75], "texture": "#texture"},
				"south": {"uv": [13.75, 9.5, 14.25, 9.75], "texture": "#texture"},
				"up": {"uv": [13.75, 7.5, 14.25, 8.5], "texture": "#texture"},
				"down": {"uv": [2.25, 8.5, 1.75, 7.5], "texture": "#texture"}
			}
		},
		{
			"from": [11, 3.675, 7.15],
			"to": [13, 3.925, 8.15],
			"rotation": {"angle": 0, "axis": "y", "origin": [-2.75, -2.325, -0.35]},
			"faces": {
				"north": {"uv": [0.25, 9.75, 2, 10], "texture": "#texture"},
				"east": {"uv": [7.5, 9.75, 8.5, 10], "texture": "#texture"},
				"south": {"uv": [14, 9.75, 15.75, 10], "texture": "#texture"},
				"west": {"uv": [7.5, 9.75, 8.5, 10], "texture": "#texture"},
				"up": {"uv": [14, 7.5, 15.75, 8.5], "texture": "#texture"},
				"down": {"uv": [2, 8.5, 0.25, 7.5], "texture": "#texture"}
			}
		},
		{
			"from": [13, 3.925, 7.15],
			"to": [13.25, 5.175, 8.15],
			"rotation": {"angle": 0, "axis": "y", "origin": [-2.75, -2.325, -0.35]},
			"faces": {
				"north": {"uv": [0, 8.5, 0.25, 9.75], "texture": "#texture"},
				"east": {"uv": [7.5, 8.5, 8.5, 9.75], "texture": "#texture", "cullface": "east"},
				"south": {"uv": [15.75, 8.5, 16, 9.75], "texture": "#texture"},
				"west": {"uv": [7.5, 8.5, 8.5, 9.75], "texture": "#texture"},
				"down": {"uv": [0.25, 8.5, 0, 7.5], "texture": "#texture"}
			}
		},
		{
			"from": [10.75, 3.925, 7.15],
			"to": [11, 5.175, 8.15],
			"rotation": {"angle": 0, "axis": "y", "origin": [-2.75, -2.325, -0.35]},
			"faces": {
				"north": {"uv": [0, 8.5, 0.25, 9.75], "texture": "#texture"},
				"east": {"uv": [7.5, 8.5, 8.5, 9.75], "texture": "#texture", "cullface": "east"},
				"south": {"uv": [15.75, 8.5, 16, 9.75], "texture": "#texture"},
				"west": {"uv": [7.5, 8.5, 8.5, 9.75], "texture": "#texture"},
				"down": {"uv": [0.25, 8.5, 0, 7.5], "texture": "#texture"}
			}
		},
		{
			"from": [13.75, 4.175, 7.15],
			"to": [15.75, 5.425, 8.15],
			"rotation": {"angle": 0, "axis": "y", "origin": [-2.25, -2.075, -0.35]},
			"faces": {
				"north": {"uv": [0, 8.5, 1, 9.5], "texture": "#wood door texture", "cullface": "east"},
				"east": {"uv": [7.5, 8.5, 8.5, 9.5], "texture": "#wood door texture", "cullface": "east"},
				"south": {"uv": [16, 8.5, 15, 9.5], "texture": "#wood door texture", "cullface": "east"},
				"west": {"uv": [0, 8, 1, 9], "texture": "#wood door texture"},
				"down": {"uv": [0, 8.5, 1, 7.5], "texture": "#wood door texture", "cullface": "east"}
			}
		},
		{
			"from": [13.25, 4.675, 7.15],
			"to": [13.75, 5.425, 8.15],
			"rotation": {"angle": 0, "axis": "y", "origin": [-2.25, -2.075, -0.35]},
			"faces": {
				"north": {"uv": [0, 8.5, 1, 9.5], "texture": "#wood door texture", "cullface": "east"},
				"east": {"uv": [7.5, 8.5, 8.5, 9.5], "texture": "#wood door texture", "cullface": "east"},
				"south": {"uv": [16, 8.5, 15, 9.5], "texture": "#wood door texture", "cullface": "east"},
				"down": {"uv": [0, 8.5, 1, 7.5], "texture": "#wood door texture", "cullface": "east"}
			}
		},
		{
			"from": [14, 3.175, 7.15],
			"to": [16, 4.175, 8.15],
			"rotation": {"angle": 0, "axis": "y", "origin": [-2.25, -2.075, -0.35]},
			"faces": {
				"north": {"uv": [0, 9.5, 1, 10.75], "texture": "#wood door texture", "cullface": "east"},
				"east": {"uv": [7.5, 9.5, 8.5, 10.75], "texture": "#wood door texture", "cullface": "east"},
				"south": {"uv": [16, 9.5, 15, 10.75], "texture": "#wood door texture", "cullface": "east"},
				"west": {"uv": [7.5, 9.5, 8.5, 10.75], "texture": "#wood door texture", "cullface": "east"},
				"up": {"uv": [16, 7.5, 15, 8.5], "texture": "#wood door texture", "cullface": "east"},
				"down": {"uv": [0, 8.5, 1, 7.5], "texture": "#wood door texture", "cullface": "east"}
			}
		},
		{
			"from": [14.25, 2.175, 7.15],
			"to": [16.25, 3.175, 8.15],
			"rotation": {"angle": 0, "axis": "y", "origin": [-2.25, -2.075, -0.35]},
			"faces": {
				"north": {"uv": [0, 10.75, 1, 11.75], "texture": "#wood door texture", "cullface": "east"},
				"east": {"uv": [7.5, 10.75, 8.5, 11.75], "texture": "#wood door texture", "cullface": "east"},
				"south": {"uv": [16, 10.75, 15, 11.75], "texture": "#wood door texture", "cullface": "east"},
				"west": {"uv": [7.5, 10.75, 8.5, 11.75], "texture": "#wood door texture", "cullface": "east"},
				"up": {"uv": [16, 7.5, 15, 8.5], "texture": "#wood door texture", "cullface": "east"},
				"down": {"uv": [0, 8.5, 1, 7.5], "texture": "#wood door texture", "cullface": "east"}
			}
		},
		{
			"from": [14.5, 1.425, 7.15],
			"to": [16.5, 2.175, 8.15],
			"rotation": {"angle": 0, "axis": "y", "origin": [-2.25, -2.075, -0.35]},
			"faces": {
				"north": {"uv": [0, 11.75, 1, 12.5], "texture": "#wood door texture", "cullface": "east"},
				"east": {"uv": [7.5, 11.75, 8.5, 12.5], "texture": "#wood door texture", "cullface": "east"},
				"south": {"uv": [16, 11.75, 15, 12.5], "texture": "#wood door texture", "cullface": "east"},
				"west": {"uv": [7.5, 11.75, 8.5, 12.5], "texture": "#wood door texture", "cullface": "east"},
				"up": {"uv": [16, 7.5, 15, 8.5], "texture": "#wood door texture", "cullface": "east"},
				"down": {"uv": [0, 8.5, 1, 7.5], "texture": "#wood door texture", "cullface": "east"}
			}
		},
		{
			"from": [12.6, 4.175, 7.4],
			"to": [12.85, 5.675, 7.9],
			"rotation": {"angle": -22.5, "axis": "z", "origin": [12.5, 5.675, 7.4]},
			"faces": {
				"north": {"uv": [0, 2, 0.25, 3.5], "texture": "#texture"},
				"east": {"uv": [7.5, 2, 8.5, 3.5], "texture": "#texture"},
				"south": {"uv": [15.75, 2, 16, 3.5], "texture": "#texture"},
				"west": {"uv": [7.5, 2, 8.5, 3.5], "texture": "#texture"},
				"up": {"uv": [15.75, 7.5, 16, 8.5], "texture": "#texture"},
				"down": {"uv": [0.25, 8.5, 0, 7.5], "texture": "#texture"}
			}
		},
		{
			"from": [11.5, 9.05, 7.875],
			"to": [11.75, 9.225, 8.575],
			"rotation": {"angle": 0, "axis": "y", "origin": [13, 5.925, 7.4]},
			"faces": {
				"north": {"uv": [0, 2, 0.25, 3.5], "texture": "#texture"},
				"east": {"uv": [7.5, 2, 8.5, 3.5], "texture": "#texture"},
				"south": {"uv": [15.75, 2, 16, 3.5], "texture": "#texture"},
				"west": {"uv": [7.5, 2, 8.5, 3.5], "texture": "#texture"},
				"up": {"uv": [15.75, 7.5, 16, 8.5], "texture": "#texture"},
				"down": {"uv": [0.25, 8.5, 0, 7.5], "texture": "#texture"}
			}
		},
		{
			"from": [11.5, 9.05, 6.725],
			"to": [11.75, 9.225, 7.425],
			"rotation": {"angle": 0, "axis": "y", "origin": [13, 5.925, 7.4]},
			"faces": {
				"north": {"uv": [0, 2, 0.25, 3.5], "texture": "#texture"},
				"east": {"uv": [7.5, 2, 8.5, 3.5], "texture": "#texture"},
				"south": {"uv": [15.75, 2, 16, 3.5], "texture": "#texture"},
				"west": {"uv": [7.5, 2, 8.5, 3.5], "texture": "#texture"},
				"up": {"uv": [15.75, 7.5, 16, 8.5], "texture": "#texture"},
				"down": {"uv": [0.25, 8.5, 0, 7.5], "texture": "#texture"}
			}
		},
		{
			"from": [14.5, 1.175, 7.15],
			"to": [16, 1.425, 8.15],
			"rotation": {"angle": 0, "axis": "y", "origin": [-2.25, -2.075, -0.35]},
			"faces": {
				"north": {"uv": [0, 12.5, 1, 12.75], "texture": "#wood door texture", "cullface": "east"},
				"east": {"uv": [7.5, 12.5, 8.5, 12.75], "texture": "#wood door texture", "cullface": "east"},
				"south": {"uv": [16, 12.5, 15, 12.75], "texture": "#wood door texture", "cullface": "east"},
				"west": {"uv": [7.5, 12.5, 8.5, 12.75], "texture": "#wood door texture", "cullface": "east"},
				"down": {"uv": [0, 8.5, 1, 7.5], "texture": "#wood door texture", "cullface": "east"}
			}
		},
		{
			"from": [14.75, 0.925, 7.15],
			"to": [15.5, 1.175, 8.15],
			"rotation": {"angle": 0, "axis": "y", "origin": [-2.25, -2.075, -0.35]},
			"faces": {
				"north": {"uv": [0, 12.75, 1, 13], "texture": "#wood door texture", "cullface": "east"},
				"east": {"uv": [7.5, 12.75, 8.5, 13], "texture": "#wood door texture", "cullface": "east"},
				"south": {"uv": [16, 12.75, 15, 13], "texture": "#wood door texture", "cullface": "east"},
				"west": {"uv": [7.5, 12.75, 8.5, 13], "texture": "#wood door texture", "cullface": "east"},
				"down": {"uv": [0, 8.5, 1, 7.5], "texture": "#wood door texture", "cullface": "east"}
			}
		},
		{
			"from": [13, 7.925, 6.9],
			"to": [16.25, 8.175, 8.4],
			"rotation": {"angle": 0, "axis": "y", "origin": [-2.25, -2.075, -0.35]},
			"faces": {
				"north": {"uv": [0, 6.5, 8.25, 6.75], "texture": "#texture", "cullface": "east"},
				"east": {"uv": [7.25, 6.5, 8.75, 6.75], "texture": "#texture", "cullface": "east"},
				"south": {"uv": [7.75, 6.5, 16, 6.75], "texture": "#texture", "cullface": "east"},
				"up": {"uv": [7.75, 7.25, 16, 8.75], "texture": "#texture", "cullface": "east"}
			}
		},
		{
			"from": [16.5, 5.425, 6.85],
			"to": [19.5, 7.425, 8.45],
			"rotation": {"angle": 0, "axis": "y", "origin": [-2.5, -2.075, -0.35]},
			"faces": {
				"north": {"uv": [8.75, 0.75, 9.5, 2.5], "texture": "#wood door texture", "cullface": "east"},
				"east": {"uv": [7, 0.75, 9, 2.5], "texture": "#wood door texture", "cullface": "east"},
				"south": {"uv": [6.5, 0.75, 7.25, 2.5], "texture": "#wood door texture", "cullface": "east"},
				"west": {"uv": [7, 0.75, 9, 2.5], "texture": "#wood door texture", "cullface": "east"},
				"up": {"uv": [6.5, 7, 7.25, 9], "texture": "#wood door texture", "cullface": "east"},
				"down": {"uv": [9.5, 9, 8.75, 7], "texture": "#wood door texture", "cullface": "east"}
			}
		},
		{
			"from": [23.03983, 2.90253, 6.85],
			"to": [23.53983, 3.40253, 8.45],
			"rotation": {"angle": 45, "axis": "z", "origin": [19, 5.925, 9.65]},
			"faces": {
				"north": {"uv": [8.75, 0.75, 9.5, 2.5], "texture": "#wood door texture", "cullface": "east"},
				"east": {"uv": [7, 0.75, 9, 2.5], "texture": "#wood door texture", "cullface": "east"},
				"south": {"uv": [6.5, 0.75, 7.25, 2.5], "texture": "#wood door texture", "cullface": "east"},
				"west": {"uv": [7, 0.75, 9, 2.5], "texture": "#wood door texture", "cullface": "east"},
				"up": {"uv": [6.5, 7, 7.25, 9], "texture": "#wood door texture", "cullface": "east"},
				"down": {"uv": [9.5, 9, 8.75, 7], "texture": "#wood door texture", "cullface": "east"}
			}
		},
		{
			"from": [19.05, -11.8, 6.85],
			"to": [19.8, -10.725, 8.45],
			"rotation": {"angle": 45, "axis": "z", "origin": [-3, -2.075, -0.35]},
			"faces": {
				"north": {"uv": [8.75, 0.75, 9.5, 2.5], "texture": "#wood door texture", "cullface": "east"},
				"east": {"uv": [7, 0.75, 9, 2.5], "texture": "#wood door texture", "cullface": "east"},
				"south": {"uv": [6.5, 0.75, 7.25, 2.5], "texture": "#wood door texture", "cullface": "east"},
				"west": {"uv": [7, 0.75, 9, 2.5], "texture": "#wood door texture", "cullface": "east"},
				"up": {"uv": [6.5, 7, 7.25, 9], "texture": "#wood door texture", "cullface": "east"},
				"down": {"uv": [9.5, 9, 8.75, 7], "texture": "#wood door texture", "cullface": "east"}
			}
		},
		{
			"from": [20.7618, 0.62449, 6.85],
			"to": [21.2618, 1.37449, 8.45],
			"rotation": {"angle": 45, "axis": "z", "origin": [19, 5.925, 9.65]},
			"faces": {
				"north": {"uv": [8.75, 0.75, 9.5, 2.5], "texture": "#wood door texture", "cullface": "east"},
				"east": {"uv": [7, 0.75, 9, 2.5], "texture": "#wood door texture", "cullface": "east"},
				"south": {"uv": [6.5, 0.75, 7.25, 2.5], "texture": "#wood door texture", "cullface": "east"},
				"west": {"uv": [7, 0.75, 9, 2.5], "texture": "#wood door texture", "cullface": "east"},
				"up": {"uv": [6.5, 7, 7.25, 9], "texture": "#wood door texture", "cullface": "east"},
				"down": {"uv": [9.5, 9, 8.75, 7], "texture": "#wood door texture", "cullface": "east"}
			}
		},
		{
			"from": [19.25, 7, 6.85],
			"to": [24.5, 7.925, 8.45],
			"rotation": {"angle": 0, "axis": "y", "origin": [-2.5, -2, -0.35]},
			"faces": {
				"north": {"uv": [8.75, 0.75, 9.5, 2.5], "texture": "#wood door texture", "cullface": "east"},
				"east": {"uv": [7, 0.75, 9, 2.5], "texture": "#wood door texture", "cullface": "east"},
				"south": {"uv": [6.5, 0.75, 7.25, 2.5], "texture": "#wood door texture", "cullface": "east"},
				"west": {"uv": [7, 0.75, 9, 2.5], "texture": "#wood door texture", "cullface": "east"},
				"up": {"uv": [6.5, 7, 7.25, 9], "texture": "#wood door texture", "cullface": "east"},
				"down": {"uv": [9.5, 9, 8.75, 7], "texture": "#wood door texture", "cullface": "east"}
			}
		},
		{
			"from": [24, 3.425, 6.85],
			"to": [25.25, 7.925, 8.45],
			"rotation": {"angle": 0, "axis": "y", "origin": [-3, -2.075, -0.35]},
			"faces": {
				"north": {"uv": [8.75, 0.75, 9.5, 2.5], "texture": "#wood door texture", "cullface": "east"},
				"east": {"uv": [7, 0.75, 9, 2.5], "texture": "#wood door texture", "cullface": "east"},
				"south": {"uv": [6.5, 0.75, 7.25, 2.5], "texture": "#wood door texture", "cullface": "east"},
				"west": {"uv": [7, 0.75, 9, 2.5], "texture": "#wood door texture", "cullface": "east"},
				"up": {"uv": [6.5, 7, 7.25, 9], "texture": "#wood door texture", "cullface": "east"},
				"down": {"uv": [9.5, 9, 8.75, 7], "texture": "#wood door texture", "cullface": "east"}
			}
		},
		{
			"from": [20.65, 3.925, 6.85],
			"to": [24.65, 5.025, 8.45],
			"rotation": {"angle": 0, "axis": "y", "origin": [-2.5, -2.075, -0.35]},
			"faces": {
				"north": {"uv": [8.75, 0.75, 9.5, 2.5], "texture": "#wood door texture", "cullface": "east"},
				"east": {"uv": [7, 0.75, 9, 2.5], "texture": "#wood door texture", "cullface": "east"},
				"south": {"uv": [6.5, 0.75, 7.25, 2.5], "texture": "#wood door texture", "cullface": "east"},
				"west": {"uv": [7, 0.75, 9, 2.5], "texture": "#wood door texture", "cullface": "east"},
				"up": {"uv": [6.5, 7, 7.25, 9], "texture": "#wood door texture", "cullface": "east"},
				"down": {"uv": [9.5, 9, 8.75, 7], "texture": "#wood door texture", "cullface": "east"}
			}
		},
		{
			"from": [6.35, 18.2, 6.85],
			"to": [10.25, 19.45, 8.45],
			"rotation": {"angle": -45, "axis": "z", "origin": [-2.5, -2.075, -0.35]},
			"faces": {
				"north": {"uv": [8.75, 0.75, 9.5, 2.5], "texture": "#wood door texture", "cullface": "east"},
				"east": {"uv": [7, 0.75, 9, 2.5], "texture": "#wood door texture", "cullface": "east"},
				"south": {"uv": [6.5, 0.75, 7.25, 2.5], "texture": "#wood door texture", "cullface": "east"},
				"west": {"uv": [7, 0.75, 9, 2.5], "texture": "#wood door texture", "cullface": "east"},
				"up": {"uv": [6.5, 7, 7.25, 9], "texture": "#wood door texture", "cullface": "east"},
				"down": {"uv": [9.5, 9, 8.75, 7], "texture": "#wood door texture", "cullface": "east"}
			}
		},
		{
			"from": [24.25, 7.925, 7.1],
			"to": [25.25, 8.175, 8.2],
			"rotation": {"angle": 0, "axis": "y", "origin": [-2.5, -2.075, -0.35]},
			"faces": {
				"north": {"uv": [0, 6.5, 1, 12], "texture": "#texture", "cullface": "east"},
				"east": {"uv": [7, 6.5, 9, 12], "texture": "#texture", "cullface": "east"},
				"south": {"uv": [16, 6.5, 15, 12], "texture": "#texture", "cullface": "east"},
				"west": {"uv": [7, 6.5, 9, 12], "texture": "#texture", "cullface": "east"},
				"up": {"uv": [16, 7, 15, 9], "texture": "#texture", "cullface": "east"},
				"down": {"uv": [0, 9, 1, 7], "texture": "#texture", "cullface": "east"}
			}
		},
		{
			"from": [24.25, 3.675, 6.775],
			"to": [25.25, 4.175, 8.5],
			"rotation": {"angle": 0, "axis": "y", "origin": [-2.5, -2.075, -0.35]},
			"faces": {
				"north": {"uv": [0, 6.5, 1, 12], "texture": "#texture", "cullface": "east"},
				"east": {"uv": [7, 6.5, 9, 12], "texture": "#texture", "cullface": "east"},
				"south": {"uv": [16, 6.5, 15, 12], "texture": "#texture", "cullface": "east"},
				"west": {"uv": [7, 6.5, 9, 12], "texture": "#texture", "cullface": "east"},
				"up": {"uv": [16, 7, 15, 9], "texture": "#texture", "cullface": "east"},
				"down": {"uv": [0, 9, 1, 7], "texture": "#texture", "cullface": "east"}
			}
		},
		{
			"from": [25.25, 3.425, 6.85],
			"to": [25.5, 8.325, 8.45],
			"rotation": {"angle": 0, "axis": "y", "origin": [-2.5, -2.075, -0.35]},
			"faces": {
				"north": {"uv": [0, 6.5, 1, 12], "texture": "#texture", "cullface": "east"},
				"east": {"uv": [7, 6.5, 9, 12], "texture": "#texture", "cullface": "east"},
				"south": {"uv": [16, 6.5, 15, 12], "texture": "#texture", "cullface": "east"},
				"west": {"uv": [7, 6.5, 9, 12], "texture": "#texture", "cullface": "east"},
				"up": {"uv": [16, 7, 15, 9], "texture": "#texture", "cullface": "east"},
				"down": {"uv": [0, 9, 1, 7], "texture": "#texture", "cullface": "east"}
			}
		},
		{
			"from": [12.75, 3.925, 7.15],
			"to": [13, 4.175, 8.15],
			"rotation": {"angle": 0, "axis": "y", "origin": [-2.75, -2.325, -0.35]},
			"faces": {
				"north": {"uv": [0.25, 9.5, 0.5, 9.75], "texture": "#texture"},
				"south": {"uv": [15.5, 9.5, 15.75, 9.75], "texture": "#texture"},
				"west": {"uv": [7.5, 9.5, 8.5, 9.75], "texture": "#texture"},
				"up": {"uv": [15.5, 7.5, 15.75, 8.5], "texture": "#texture"}
			}
		},
		{
			"from": [5.575, -0.675, 4.15],
			"to": [9.075, 5.075, 11.15],
			"rotation": {"angle": 0, "axis": "y", "origin": [-2.25, -2.325, -0.35]},
			"faces": {
				"north": {"uv": [0.75, 10, 2.5, 10.25], "texture": "#2"},
				"east": {"uv": [7.5, 10, 8.5, 10.25], "texture": "#2"},
				"south": {"uv": [13.5, 10, 15.25, 10.25], "texture": "#2"},
				"west": {"uv": [7.5, 10, 8.5, 10.25], "texture": "#2"},
				"up": {"uv": [13.5, 7.5, 15.25, 8.5], "texture": "#2"},
				"down": {"uv": [2.5, 8.5, 0.75, 7.5], "texture": "#2"}
			}
		},
		{
			"from": [5.575, -0.425, 3.9],
			"to": [9.075, 4.825, 11.4],
			"rotation": {"angle": 0, "axis": "y", "origin": [-2.25, -2.325, -0.35]},
			"faces": {
				"north": {"uv": [0.75, 10, 2.5, 10.25], "texture": "#2"},
				"east": {"uv": [7.5, 10, 8.5, 10.25], "texture": "#2"},
				"south": {"uv": [13.5, 10, 15.25, 10.25], "texture": "#2"},
				"west": {"uv": [7.5, 10, 8.5, 10.25], "texture": "#2"},
				"up": {"uv": [13.5, 7.5, 15.25, 8.5], "texture": "#2"},
				"down": {"uv": [2.5, 8.5, 0.75, 7.5], "texture": "#2"}
			}
		}
	],
	"gui_light": "front",
	"display": {
		"thirdperson_righthand": {
			"rotation": [0, -102, 0],
			"translation": [0.75, 2.25, -3.5],
			"scale": [0.82, 0.82, 0.82]
		},
		"thirdperson_lefthand": {
			"rotation": [0, 78, 0],
			"translation": [1.25, 2.25, -3.5],
			"scale": [0.82, 0.82, 0.82]
		},
		"firstperson_righthand": {
			"rotation": [180, -79.97, 180],
			"translation": [0.912, 7.1, 0.1],
			"scale": [0.85, 0.97, 0.99]
		},
		"firstperson_lefthand": {
			"rotation": [0, 80.15, 0],
			"translation": [1.54, 5.55, 0.25],
			"scale": [0.97, 0.97, 0.99]
		},
		"ground": {
			"translation": [3, 6.25, 0]
		},
		"gui": {
			"rotation": [0, 0, -45],
			"translation": [1.5, -0.25, 0],
			"scale": [0.5, 0.5, 0.9]
		},
		"fixed": {
			"rotation": [0, 180, -45],
			"translation": [-3, -0.75, -1.1],
			"scale": [0.96, 0.96, 0.96]
		}
	}
}