{
	"credit": "Made by SrDarmith - YouTube: Mainclay",
	"textures": {
		"texture": "item/anvil_1",
		"blade": "item/lightguntexture",
		"particle": "item/wool_colored_black",
		"dark wood blade": "item/wool_colored_black"
	},
	"elements": [
		{
			"from": [2.75, 9.95, 7.525],
			"to": [13.45, 10.825, 8],
			"rotation": {"angle": 0, "axis": "y", "origin": [0, -0.25, 0]},
			"faces": {
				"north": {"uv": [2.5, 2.95, 13, 3.95], "texture": "#texture"},
				"east": {"uv": [8, 4.75, 8.75, 5.75], "texture": "#texture"},
				"south": {"uv": [16, 12, 15, 11], "texture": "#texture"},
				"west": {"uv": [12, 2, 10, 1], "texture": "#texture"},
				"up": {"uv": [2, 7.25, 12.5, 8], "texture": "#texture"},
				"down": {"uv": [14, 8, 3.5, 7.25], "texture": "#texture"}
			}
		},
		{
			"from": [2.75, 9.425, 7.675],
			"to": [13.925, 9.975, 8.825],
			"rotation": {"angle": 0, "axis": "y", "origin": [0, -0.25, 0]},
			"faces": {
				"north": {"uv": [4.5, 6, 14, 7], "texture": "#texture"},
				"east": {"uv": [7.25, 5.5, 8.25, 6.5], "texture": "#texture"},
				"south": {"uv": [2, 5.5, 11.5, 6.5], "texture": "#texture"},
				"west": {"uv": [12, 2, 10, 1], "texture": "#texture"},
				"up": {"uv": [2, 7.75, 11.5, 8.75], "texture": "#texture"},
				"down": {"uv": [14, 8.75, 4.5, 7.75], "texture": "#texture"}
			}
		},
		{
			"from": [2.75, 9.225, 7.85],
			"to": [12.75, 9.475, 8.65],
			"rotation": {"angle": 0, "axis": "y", "origin": [0, -0.25, 0]},
			"faces": {
				"north": {"uv": [4.5, 6, 14, 7], "texture": "#texture"},
				"east": {"uv": [7.25, 5.5, 8.25, 6.5], "texture": "#texture"},
				"south": {"uv": [2, 5.5, 11.5, 6.5], "texture": "#texture"},
				"west": {"uv": [12, 2, 10, 1], "texture": "#texture"},
				"up": {"uv": [2, 7.75, 11.5, 8.75], "texture": "#texture"},
				"down": {"uv": [14, 8.75, 4.5, 7.75], "texture": "#texture"}
			}
		},
		{
			"from": [6.5, 9.1, 7.675],
			"to": [10.75, 9.425, 8.825],
			"rotation": {"angle": 0, "axis": "y", "origin": [0, -0.175, 0]},
			"faces": {
				"north": {"uv": [4.5, 6, 12.25, 6.75], "texture": "#texture"},
				"east": {"uv": [7, 6, 8.5, 6.75], "texture": "#texture"},
				"south": {"uv": [3.75, 6, 12.5, 6.75], "texture": "#texture"},
				"west": {"uv": [7.5, 6, 9, 6.75], "texture": "#texture"},
				"down": {"uv": [12.25, 9, 3.5, 7.5], "texture": "#texture"}
			}
		},
		{
			"from": [2.75, 11.025, 7.85],
			"to": [8.225, 11.225, 8.65],
			"rotation": {"angle": 0, "axis": "y", "origin": [0, -0.25, 0]},
			"faces": {
				"north": {"uv": [8, 3.25, 13, 3.5], "texture": "#texture"},
				"east": {"uv": [7, 4.25, 8.5, 4.5], "texture": "#texture"},
				"south": {"uv": [2, 4.25, 7, 4.5], "texture": "#texture"},
				"west": {"uv": [12, 2, 10, 1], "texture": "#texture"},
				"up": {"uv": [2, 6.5, 7, 8], "texture": "#texture"}
			}
		},
		{
			"from": [9.775, 11.025, 7.85],
			"to": [13.125, 11.225, 8.65],
			"rotation": {"angle": 0, "axis": "y", "origin": [0, -0.25, 0]},
			"faces": {
				"north": {"uv": [3.5, 4.25, 7, 4.5], "texture": "#texture"},
				"east": {"uv": [7, 4.25, 8.5, 4.5], "texture": "#texture"},
				"south": {"uv": [9, 4.25, 12.5, 4.5], "texture": "#texture"},
				"west": {"uv": [7.5, 4.25, 9, 4.5], "texture": "#texture"},
				"up": {"uv": [9, 7.5, 12.5, 9], "texture": "#texture"}
			}
		},
		{
			"from": [2.95, 11.15, 8.125],
			"to": [3.4, 11.4, 8.375],
			"rotation": {"angle": 0, "axis": "y", "origin": [0, -0.25, 0]},
			"faces": {
				"north": {"uv": [13, 4, 13.75, 4.25], "texture": "#texture"},
				"east": {"uv": [7.5, 4, 8, 4.25], "texture": "#texture"},
				"south": {"uv": [2.25, 4, 3, 4.25], "texture": "#texture"},
				"west": {"uv": [8, 4, 8.5, 4.25], "texture": "#texture"},
				"up": {"uv": [2.25, 8, 3, 8.5], "texture": "#texture"}
			}
		},
		{
			"from": [9.525, 10.825, 7.675],
			"to": [13.45, 11.025, 8.825],
			"rotation": {"angle": 0, "axis": "y", "origin": [0, -0.25, 0]},
			"faces": {
				"north": {"uv": [3.5, 4.5, 7, 5.75], "texture": "#texture"},
				"east": {"uv": [7, 4.5, 8.5, 5.75], "texture": "#texture"},
				"south": {"uv": [9, 4.5, 12.5, 5.75], "texture": "#texture"},
				"west": {"uv": [7.5, 4.5, 9, 5.75], "texture": "#texture"},
				"up": {"uv": [0, 0, 1, 1], "texture": "#texture"},
				"down": {"uv": [16, 12, 15, 11], "texture": "#texture"}
			}
		},
		{
			"from": [2.75, 10.825, 7.675],
			"to": [8.225, 11.025, 8.825],
			"rotation": {"angle": 0, "axis": "y", "origin": [0, -0.25, 0]},
			"faces": {
				"north": {"uv": [8, 3.5, 13, 3.75], "texture": "#texture"},
				"east": {"uv": [7, 4.5, 8.5, 4.75], "texture": "#texture"},
				"south": {"uv": [2, 4.5, 7, 4.75], "texture": "#texture"},
				"west": {"uv": [12, 2, 10, 1], "texture": "#texture"},
				"up": {"uv": [0, 0, 1, 1], "texture": "#texture"},
				"down": {"uv": [16, 11, 15, 12], "texture": "#texture"}
			}
		},
		{
			"from": [7.2, 10.925, 7.875],
			"to": [9.8, 11.125, 8.475],
			"rotation": {"angle": 0, "axis": "y", "origin": [0, -0.25, 0]},
			"faces": {
				"north": {"uv": [7, 4.25, 9, 4.75], "texture": "#blade"},
				"east": {"uv": [7.25, 4.25, 8.25, 4.75], "texture": "#blade"},
				"south": {"uv": [7, 4.25, 9, 4.75], "texture": "#blade"},
				"west": {"uv": [7.75, 4.25, 8.75, 4.75], "texture": "#blade"},
				"up": {"uv": [7, 7.75, 9, 8.75], "texture": "#blade"},
				"down": {"uv": [9, 8.75, 7, 7.75], "texture": "#blade"}
			}
		},
		{
			"from": [7.2, 10.825, 7.7],
			"to": [9.55, 10.95, 8.675],
			"rotation": {"angle": 0, "axis": "y", "origin": [0, -0.25, 0]},
			"faces": {
				"north": {"uv": [7, 4.25, 9, 4.75], "texture": "#blade"},
				"east": {"uv": [7.25, 4.25, 8.25, 4.75], "texture": "#blade"},
				"south": {"uv": [7, 4.25, 9, 4.75], "texture": "#blade"},
				"west": {"uv": [7.75, 4.25, 8.75, 4.75], "texture": "#blade"},
				"up": {"uv": [7, 7.75, 9, 8.75], "texture": "#blade"},
				"down": {"uv": [16, 11, 15, 12], "texture": "#texture"}
			}
		},
		{
			"from": [2.5, 10.275, 7.75],
			"to": [2.75, 10.775, 8],
			"rotation": {"angle": 0, "axis": "y", "origin": [0, -0.25, 0]},
			"faces": {
				"north": {"uv": [11.4, 4.3, 11.65, 5.3], "texture": "#texture"},
				"east": {"uv": [8, 4.5, 8.25, 5.5], "texture": "#texture"},
				"south": {"uv": [16, 12, 15, 11], "texture": "#texture"},
				"west": {"uv": [6.2, 0.65, 6.45, 1.65], "texture": "#texture"},
				"up": {"uv": [1.75, 7.75, 2, 8], "texture": "#texture"},
				"down": {"uv": [14.25, 8, 14, 7.75], "texture": "#texture"}
			}
		},
		{
			"from": [2.5, 10.275, 8.5],
			"to": [2.75, 10.775, 8.75],
			"rotation": {"angle": 0, "axis": "y", "origin": [0, -0.25, 0]},
			"faces": {
				"north": {"uv": [16, 12, 15, 11], "texture": "#texture"},
				"east": {"uv": [7.25, 4.5, 7.5, 5.5], "texture": "#texture"},
				"south": {"uv": [1.75, 4.5, 2, 5.5], "texture": "#texture"},
				"west": {"uv": [6.95, 0.65, 7.2, 1.65], "texture": "#texture"},
				"up": {"uv": [1.75, 8.5, 2, 8.75], "texture": "#texture"},
				"down": {"uv": [14.25, 8.75, 14, 8.5], "texture": "#texture"}
			}
		},
		{
			"from": [2.5, 10.025, 8],
			"to": [11, 10.275, 8.5],
			"rotation": {"angle": 0, "axis": "y", "origin": [0, -0.25, 0]},
			"faces": {
				"north": {"uv": [0, 0, 1, 1], "texture": "#texture"},
				"east": {"uv": [7.5, 5.25, 8, 5.5], "texture": "#texture"},
				"south": {"uv": [0, 0, 1, 1], "texture": "#texture"},
				"west": {"uv": [6.45, 1.4, 6.95, 1.65], "texture": "#texture"},
				"up": {"uv": [15, 12, 16, 11], "texture": "#texture"},
				"down": {"uv": [14.25, 8.5, 14, 8], "texture": "#texture"}
			}
		},
		{
			"from": [2.625, 9.35, 8],
			"to": [2.875, 10.025, 8.5],
			"rotation": {"angle": 0, "axis": "y", "origin": [0, -0.25, 0]},
			"faces": {
				"north": {"uv": [0, 0, 1, 1], "texture": "#texture"},
				"east": {"uv": [7.5, 5.25, 8, 5.5], "texture": "#texture"},
				"south": {"uv": [0, 0, 1, 1], "texture": "#texture"},
				"west": {"uv": [6.45, 1.4, 6.95, 1.65], "texture": "#texture"},
				"up": {"uv": [1.75, 8, 2, 8.5], "texture": "#texture"},
				"down": {"uv": [14.25, 8.5, 14, 8], "texture": "#texture"}
			}
		},
		{
			"from": [2.625, 11.025, 8],
			"to": [2.875, 11.15, 8.5],
			"rotation": {"angle": 0, "axis": "y", "origin": [0, -0.25, 0]},
			"faces": {
				"north": {"uv": [0, 0, 1, 1], "texture": "#texture"},
				"east": {"uv": [7.5, 5.25, 8, 5.5], "texture": "#texture"},
				"south": {"uv": [0, 0, 1, 1], "texture": "#texture"},
				"west": {"uv": [6.45, 1.4, 6.95, 1.65], "texture": "#texture"},
				"up": {"uv": [1.75, 8, 2, 8.5], "texture": "#texture"},
				"down": {"uv": [14.25, 8.5, 14, 8], "texture": "#texture"}
			}
		},
		{
			"from": [2.75, 9.95, 8.5],
			"to": [13.45, 10.825, 8.975],
			"rotation": {"angle": 0, "axis": "y", "origin": [0, -0.25, 0]},
			"faces": {
				"north": {"uv": [16, 12, 15, 11], "texture": "#texture"},
				"east": {"uv": [6.75, 4.75, 7.5, 5.75], "texture": "#texture"},
				"south": {"uv": [2, 4.75, 11.75, 5.75], "texture": "#texture"},
				"west": {"uv": [12, 2, 10, 1], "texture": "#texture"},
				"up": {"uv": [2, 8.5, 12.5, 9.25], "texture": "#texture"},
				"down": {"uv": [14, 9.25, 3.5, 8.5], "texture": "#texture"}
			}
		},
		{
			"from": [11.55, 9.75, 7.5],
			"to": [12.25, 10.8, 9],
			"rotation": {"angle": 0, "axis": "y", "origin": [0, -0.25, 0]},
			"faces": {
				"north": {"uv": [7, 9, 2, 8], "texture": "#texture"},
				"east": {"uv": [6.75, 4.75, 7.5, 5.75], "texture": "#texture"},
				"south": {"uv": [2, 8, 7, 9], "texture": "#texture"},
				"west": {"uv": [12, 2, 10, 1], "texture": "#texture"},
				"up": {"uv": [2, 8.5, 12.5, 9.25], "texture": "#texture"},
				"down": {"uv": [14, 9.25, 3.5, 8.5], "texture": "#texture"}
			}
		},
		{
			"from": [12.25, 9.75, 7.5],
			"to": [12.8, 10.8, 9],
			"rotation": {"angle": 0, "axis": "y", "origin": [0, -0.25, 0]},
			"faces": {
				"north": {"uv": [6.75, 9, 3, 8], "texture": "#texture"},
				"east": {"uv": [6.75, 4.75, 7.5, 5.75], "texture": "#texture"},
				"south": {"uv": [3, 8, 6.75, 9], "texture": "#texture"},
				"west": {"uv": [12, 2, 10, 1], "texture": "#texture"},
				"up": {"uv": [2, 8.5, 12.5, 9.25], "texture": "#texture"},
				"down": {"uv": [14, 9.25, 3.5, 8.5], "texture": "#texture"}
			}
		},
		{
			"from": [11, 9.75, 7.5],
			"to": [11.55, 10.8, 9],
			"rotation": {"angle": 0, "axis": "y", "origin": [0, -0.25, 0]},
			"faces": {
				"north": {"uv": [6, 9, 2, 8], "texture": "#texture"},
				"east": {"uv": [6.75, 4.75, 7.5, 5.75], "texture": "#texture"},
				"south": {"uv": [2, 8, 6, 9], "texture": "#texture"},
				"west": {"uv": [12, 2, 10, 1], "texture": "#texture"},
				"up": {"uv": [2, 8.5, 12.5, 9.25], "texture": "#texture"},
				"down": {"uv": [14, 9.25, 3.5, 8.5], "texture": "#texture"}
			}
		},
		{
			"from": [5, 9.725, 7.525],
			"to": [13.45, 9.95, 8],
			"rotation": {"angle": 0, "axis": "y", "origin": [0, -0.25, 0]},
			"faces": {
				"north": {"uv": [2.5, 3.1, 11.5, 3.85], "texture": "#texture"},
				"east": {"uv": [8, 4.75, 8.75, 5.75], "texture": "#texture"},
				"south": {"uv": [16, 12, 15, 11], "texture": "#texture"},
				"west": {"uv": [7.25, 4.75, 8, 5.75], "texture": "#texture"},
				"up": {"uv": [2, 7.25, 12.5, 8], "texture": "#texture"},
				"down": {"uv": [14, 8, 3.5, 7.25], "texture": "#texture"}
			}
		},
		{
			"from": [5.7, 9.725, 8.5],
			"to": [13.45, 9.95, 8.975],
			"rotation": {"angle": 0, "axis": "y", "origin": [0, -0.25, 0]},
			"faces": {
				"north": {"uv": [3.5, 4.75, 14, 5.75], "texture": "#texture"},
				"east": {"uv": [6.75, 4.75, 7.5, 5.75], "texture": "#texture"},
				"south": {"uv": [4.825, 5, 8.1, 5.75], "texture": "#texture"},
				"west": {"uv": [8.5, 4.75, 9.25, 5.75], "texture": "#texture"},
				"up": {"uv": [2, 8.5, 12.5, 9.25], "texture": "#texture"},
				"down": {"uv": [14, 9.25, 3.5, 8.5], "texture": "#texture"}
			}
		},
		{
			"from": [2.5, 10.775, 8],
			"to": [2.75, 11.025, 8.5],
			"rotation": {"angle": 0, "axis": "y", "origin": [0, -0.25, 0]},
			"faces": {
				"north": {"uv": [0, 0, 1, 1], "texture": "#texture"},
				"east": {"uv": [0, 0, 1, 1], "texture": "#texture"},
				"south": {"uv": [0, 0, 1, 1], "texture": "#texture"},
				"west": {"uv": [6.45, 0.65, 6.95, 0.9], "texture": "#texture"},
				"up": {"uv": [1.75, 8, 2, 8.5], "texture": "#texture"},
				"down": {"uv": [15, 11, 16, 12], "texture": "#texture"}
			}
		},
		{
			"from": [7.85, 7.65, 7.9],
			"to": [8.1, 8.925, 8.6],
			"rotation": {"angle": 0, "axis": "y", "origin": [-0.25, 0.2, 0]},
			"faces": {
				"north": {"uv": [7.75, 7.25, 8, 8.5], "texture": "#texture"},
				"east": {"uv": [7.5, 7.25, 8, 8.5], "texture": "#texture"},
				"south": {"uv": [8, 7.25, 8.25, 8.5], "texture": "#texture"},
				"west": {"uv": [8, 7.25, 8.5, 8.5], "texture": "#texture"},
				"down": {"uv": [8, 8.5, 7.75, 8], "texture": "#texture"}
			}
		},
		{
			"from": [8.1, 7.4, 7.9],
			"to": [10.1, 7.65, 8.6],
			"rotation": {"angle": 0, "axis": "y", "origin": [-0.25, 0.2, 0]},
			"faces": {
				"north": {"uv": [5.75, 8.5, 7.75, 8.75], "texture": "#texture"},
				"south": {"uv": [8.25, 8.5, 10.25, 8.75], "texture": "#texture"},
				"west": {"uv": [8, 8.5, 8.5, 8.75], "texture": "#texture"},
				"up": {"uv": [8.25, 8, 10.25, 8.5], "texture": "#texture"},
				"down": {"uv": [7.75, 8.5, 5.75, 8], "texture": "#texture"}
			}
		},
		{
			"from": [8.1, 7.65, 7.9],
			"to": [8.35, 7.9, 8.6],
			"rotation": {"angle": 0, "axis": "y", "origin": [-0.25, 0.2, 0]},
			"faces": {
				"north": {"uv": [7.5, 8.25, 7.75, 8.5], "texture": "#texture"},
				"east": {"uv": [7.5, 8.25, 8, 8.5], "texture": "#texture"},
				"south": {"uv": [8.25, 8.25, 8.5, 8.5], "texture": "#texture"},
				"up": {"uv": [8.25, 8, 8.5, 8.5], "texture": "#texture"}
			}
		},
		{
			"from": [12.175, 6.525, 7.475],
			"to": [12.5, 6.85, 9.025],
			"rotation": {"angle": 0, "axis": "y", "origin": [0, 0.2, 0]},
			"faces": {
				"north": {"uv": [16, 12, 15, 11], "texture": "#texture"},
				"east": {"uv": [16, 12, 15, 11], "texture": "#texture"},
				"south": {"uv": [16, 12, 15, 11], "texture": "#texture"},
				"west": {"uv": [0, 0, 1, 1], "texture": "#texture"},
				"up": {"uv": [16, 12, 15, 11], "texture": "#texture"},
				"down": {"uv": [0, 0, 1, 1], "texture": "#texture"}
			}
		},
		{
			"from": [8.1, 8.7, 7.9],
			"to": [8.35, 8.95, 8.6],
			"rotation": {"angle": 0, "axis": "y", "origin": [-0.25, 0.2, 0]},
			"faces": {
				"north": {"uv": [7.5, 8.25, 7.75, 8.5], "texture": "#texture"},
				"east": {"uv": [7.5, 8.25, 8, 8.5], "texture": "#texture"},
				"south": {"uv": [8.25, 8.25, 8.5, 8.5], "texture": "#texture"},
				"up": {"uv": [8.25, 8, 8.5, 8.5], "texture": "#texture"},
				"down": {"uv": [0, 0, 1, 1], "texture": "#texture"}
			}
		},
		{
			"from": [9.75, 7.65, 7.9],
			"to": [10, 7.9, 8.6],
			"rotation": {"angle": 0, "axis": "y", "origin": [-0.25, 0.2, 0]},
			"faces": {
				"north": {"uv": [6.5, 7.25, 6.75, 7.5], "texture": "#texture"},
				"east": {"uv": [7.5, 8.25, 8, 8.5], "texture": "#texture"},
				"south": {"uv": [9.25, 8.25, 9.5, 8.5], "texture": "#texture"},
				"west": {"uv": [0, 0, 1, 1], "texture": "#texture"},
				"up": {"uv": [8.25, 8, 8.5, 8.5], "texture": "#texture"},
				"down": {"uv": [0, 0, 1, 1], "texture": "#texture"}
			}
		},
		{
			"from": [9.75, 8.7, 7.675],
			"to": [10, 8.925, 8.825],
			"rotation": {"angle": 0, "axis": "y", "origin": [-0.25, 0.2, 0]},
			"faces": {
				"north": {"uv": [6.5, 7.25, 6.75, 7.5], "texture": "#texture"},
				"east": {"uv": [7.5, 8.25, 8, 8.5], "texture": "#texture"},
				"south": {"uv": [8.25, 7.25, 8.5, 7.5], "texture": "#texture"},
				"west": {"uv": [0, 0, 1, 1], "texture": "#texture"},
				"up": {"uv": [8.25, 8, 8.5, 8.5], "texture": "#texture"},
				"down": {"uv": [0, 0, 1, 1], "texture": "#texture"}
			}
		},
		{
			"from": [12.95, 8.75, 7.675],
			"to": [13.175, 9.075, 8.825],
			"rotation": {"angle": 0, "axis": "y", "origin": [0, -0.15, 0]},
			"faces": {
				"north": {"uv": [2.75, 7.25, 5.5, 7.5], "texture": "#texture"},
				"east": {"uv": [7.25, 7.25, 8.25, 7.5], "texture": "#texture"},
				"south": {"uv": [10.5, 7.25, 13.25, 7.5], "texture": "#texture"},
				"down": {"uv": [5.5, 8.75, 2.75, 7.75], "texture": "#texture"}
			}
		},
		{
			"from": [13.45, 9.225, 7.675],
			"to": [13.925, 9.425, 8.825],
			"rotation": {"angle": 0, "axis": "y", "origin": [0, -0.15, 0]},
			"faces": {
				"north": {"uv": [2.75, 7.25, 5.5, 7.5], "texture": "#texture"},
				"east": {"uv": [7.25, 7.25, 8.25, 7.5], "texture": "#texture"},
				"south": {"uv": [10.5, 7.25, 13.25, 7.5], "texture": "#texture"},
				"down": {"uv": [5.5, 8.75, 2.75, 7.75], "texture": "#texture"}
			}
		},
		{
			"from": [10.25, 6.85, 7.675],
			"to": [10.5, 9.1, 8.825],
			"rotation": {"angle": 0, "axis": "y", "origin": [0, -0.15, 0]},
			"faces": {
				"north": {"uv": [5.5, 7.25, 5.75, 9.25], "texture": "#texture"},
				"east": {"uv": [7.25, 7.25, 8.25, 9.25], "texture": "#texture"},
				"south": {"uv": [10.25, 7.25, 10.5, 9.25], "texture": "#texture"},
				"west": {"uv": [7.75, 7.25, 8.75, 9.25], "texture": "#texture"},
				"down": {"uv": [5.75, 8.75, 5.5, 7.75], "texture": "#texture"}
			}
		},
		{
			"from": [10, 7.35, 7.675],
			"to": [10.25, 9.1, 8.825],
			"rotation": {"angle": 0, "axis": "y", "origin": [0, -0.15, 0]},
			"faces": {
				"north": {"uv": [5.5, 7.25, 5.75, 9.25], "texture": "#texture"},
				"east": {"uv": [7.25, 7.25, 8.25, 9.25], "texture": "#texture"},
				"south": {"uv": [10.25, 7.25, 10.5, 9.25], "texture": "#texture"},
				"west": {"uv": [7.75, 7.25, 8.75, 9.25], "texture": "#texture"},
				"down": {"uv": [5.75, 8.75, 5.5, 7.75], "texture": "#texture"}
			}
		},
		{
			"from": [10.5, 5.525, 7.675],
			"to": [13.175, 7.425, 8.825],
			"rotation": {"angle": 0, "axis": "y", "origin": [0, -0.15, 0]},
			"faces": {
				"north": {"uv": [2.75, 9.25, 5.5, 9.75], "texture": "#texture"},
				"east": {"uv": [7.25, 9.25, 8.25, 9.75], "texture": "#texture"},
				"south": {"uv": [10.5, 9.25, 13.25, 9.75], "texture": "#texture"},
				"west": {"uv": [7.75, 9.25, 8.75, 9.75], "texture": "#texture"},
				"up": {"uv": [10.5, 7.75, 13.25, 8.75], "texture": "#texture"},
				"down": {"uv": [5.5, 8.75, 2.75, 7.75], "texture": "#texture"}
			}
		},
		{
			"from": [13.45, 9.725, 7.525],
			"to": [13.825, 10.45, 8.975],
			"rotation": {"angle": 0, "axis": "y", "origin": [0, -0.25, 0]},
			"faces": {
				"north": {"uv": [3.25, 4.75, 3.5, 6.75], "texture": "#texture"},
				"east": {"uv": [7.25, 4.75, 8.25, 6.75], "texture": "#texture"},
				"south": {"uv": [12.5, 4.75, 12.75, 6.75], "texture": "#texture"},
				"west": {"uv": [7.75, 4.75, 8.75, 6.75], "texture": "#texture"},
				"up": {"uv": [12.5, 7.75, 12.75, 8.75], "texture": "#texture"},
				"down": {"uv": [0, 0, 1, 1], "texture": "#texture"}
			}
		},
		{
			"from": [12.3, 10.35, 7.575],
			"to": [13.65, 10.825, 8.925],
			"rotation": {"angle": 0, "axis": "y", "origin": [0, -0.25, 0]},
			"faces": {
				"north": {"uv": [3.25, 4.75, 3.5, 6.75], "texture": "#texture"},
				"east": {"uv": [7.25, 4.75, 8.25, 6.75], "texture": "#texture"},
				"south": {"uv": [12.5, 4.75, 12.75, 6.75], "texture": "#texture"},
				"west": {"uv": [16, 11, 15, 12], "texture": "#texture"},
				"up": {"uv": [12.5, 7.75, 12.75, 8.75], "texture": "#texture"}
			}
		},
		{
			"from": [12.325, 7.35, 7.675],
			"to": [12.95, 9.075, 8.825],
			"rotation": {"angle": 0, "axis": "y", "origin": [0, -0.15, 0]},
			"faces": {
				"north": {"uv": [3, 7.75, 5.5, 8.5], "texture": "#texture"},
				"east": {"uv": [7.25, 7.75, 8.25, 8.5], "texture": "#texture"},
				"south": {"uv": [10.5, 7.75, 13, 8.5], "texture": "#texture"}
			}
		},
		{
			"from": [10.75, 5.75, 7.5],
			"to": [12.75, 7.725, 9],
			"rotation": {"angle": 0, "axis": "y", "origin": [0, -0.15, 0]},
			"faces": {
				"north": {"uv": [10, 6, 9, 7], "texture": "#dark wood blade"},
				"east": {"uv": [10, 6, 9, 7], "texture": "#dark wood blade"},
				"south": {"uv": [10, 6, 9, 7], "texture": "#dark wood blade"},
				"west": {"uv": [10, 6, 9, 7], "texture": "#dark wood blade"},
				"up": {"uv": [10, 7, 9, 6], "texture": "#dark wood blade"},
				"down": {"uv": [9, 6, 10, 7], "texture": "#dark wood blade"}
			}
		},
		{
			"from": [11, 4.75, 7.5],
			"to": [12.95, 6.85, 9],
			"rotation": {"angle": 0, "axis": "y", "origin": [0, -0.15, 0]},
			"faces": {
				"north": {"uv": [10, 7, 9, 6], "texture": "#dark wood blade"},
				"east": {"uv": [10, 7, 9, 6], "texture": "#dark wood blade"},
				"south": {"uv": [10, 7, 9, 6], "texture": "#dark wood blade"},
				"west": {"uv": [10, 7, 9, 6], "texture": "#dark wood blade"},
				"up": {"uv": [10, 7, 9, 6], "texture": "#dark wood blade"},
				"down": {"uv": [9, 6, 10, 7], "texture": "#dark wood blade"}
			}
		},
		{
			"from": [9.9, 7.625, 8.05],
			"to": [10.65, 9.125, 8.45],
			"rotation": {"angle": -22.5, "axis": "z", "origin": [9.75, 9.075, 8]},
			"faces": {
				"north": {"uv": [16, 11, 15, 10], "texture": "#texture"},
				"east": {"uv": [16, 11, 15, 10], "texture": "#texture"},
				"south": {"uv": [16, 11, 15, 10], "texture": "#texture"},
				"west": {"uv": [16, 11, 15, 10], "texture": "#texture"},
				"down": {"uv": [15, 10, 16, 11], "texture": "#texture"}
			}
		},
		{
			"from": [10.75, 4.275, 7.675],
			"to": [13.175, 5.525, 8.825],
			"rotation": {"angle": 0, "axis": "y", "origin": [0, -0.15, 0]},
			"faces": {
				"north": {"uv": [2.75, 9.75, 5.25, 12], "texture": "#texture"},
				"east": {"uv": [7.25, 9.75, 8.25, 12], "texture": "#texture"},
				"south": {"uv": [10.75, 9.75, 13.25, 12], "texture": "#texture"},
				"west": {"uv": [7.75, 9.75, 8.75, 12], "texture": "#texture"},
				"down": {"uv": [5.25, 8.75, 2.75, 7.75], "texture": "#texture"}
			}
		},
		{
			"from": [12.15, 11.2, 7.875],
			"to": [12.45, 11.45, 8.125],
			"rotation": {"angle": 0, "axis": "y", "origin": [0, -0.25, 0]},
			"faces": {
				"north": {"uv": [3.75, 4, 4.75, 4.25], "texture": "#texture"},
				"east": {"uv": [8, 4, 8.25, 4.25], "texture": "#texture"},
				"south": {"uv": [11.25, 4, 12.25, 4.25], "texture": "#texture"},
				"west": {"uv": [7.75, 4, 8, 4.25], "texture": "#texture"},
				"up": {"uv": [11.25, 7.75, 12.25, 8], "texture": "#texture"}
			}
		},
		{
			"from": [12.15, 11.2, 8.375],
			"to": [12.45, 11.45, 8.625],
			"rotation": {"angle": 0, "axis": "y", "origin": [0, -0.25, 0]},
			"faces": {
				"north": {"uv": [3.75, 4, 4.75, 4.25], "texture": "#texture"},
				"east": {"uv": [7.25, 4, 7.5, 4.25], "texture": "#texture"},
				"south": {"uv": [11.25, 4, 12.25, 4.25], "texture": "#texture"},
				"west": {"uv": [8.5, 4, 8.75, 4.25], "texture": "#texture"},
				"up": {"uv": [11.25, 8.5, 12.25, 8.75], "texture": "#texture"}
			}
		},
		{
			"from": [13.175, 4.475, 7.675],
			"to": [13.4, 6.075, 8.825],
			"rotation": {"angle": 0, "axis": "y", "origin": [0, -0.15, 0]},
			"faces": {
				"north": {"uv": [3, 8.5, 4, 9.25], "texture": "#texture"},
				"east": {"uv": [7.25, 8.5, 8.25, 9.25], "texture": "#texture"},
				"south": {"uv": [11.5, 8.5, 13, 9.25], "texture": "#texture"},
				"west": {"uv": [12, 8, 13, 9], "texture": "#texture"},
				"up": {"uv": [5, 8, 6, 9], "texture": "#texture"},
				"down": {"uv": [12, 8, 13, 9], "texture": "#texture"}
			}
		},
		{
			"from": [10.5, 7.35, 7.5],
			"to": [10.75, 8.65, 9],
			"rotation": {"angle": 0, "axis": "y", "origin": [0, -0.15, 0]},
			"faces": {
				"north": {"uv": [10, 7, 9, 6], "texture": "#dark wood blade"},
				"east": {"uv": [10, 7, 9, 6], "texture": "#dark wood blade"},
				"south": {"uv": [10, 7, 9, 6], "texture": "#dark wood blade"},
				"west": {"uv": [10, 7, 9, 6], "texture": "#dark wood blade"},
				"up": {"uv": [10, 7, 9, 6], "texture": "#dark wood blade"},
				"down": {"uv": [9, 6, 10, 7], "texture": "#dark wood blade"}
			}
		},
		{
			"from": [12.925, 4.75, 7.5],
			"to": [13.15, 5.725, 9],
			"rotation": {"angle": 0, "axis": "y", "origin": [0, -0.15, 0]},
			"faces": {
				"north": {"uv": [10, 7, 9, 6], "texture": "#dark wood blade"},
				"east": {"uv": [10, 7, 9, 6], "texture": "#dark wood blade"},
				"south": {"uv": [10, 7, 9, 6], "texture": "#dark wood blade"},
				"west": {"uv": [10, 7, 9, 6], "texture": "#dark wood blade"},
				"up": {"uv": [10, 7, 9, 6], "texture": "#dark wood blade"},
				"down": {"uv": [9, 6, 10, 7], "texture": "#dark wood blade"}
			}
		},
		{
			"from": [8.225, 10.775, 8.6],
			"to": [9.525, 11.025, 8.825],
			"rotation": {"angle": 0, "axis": "y", "origin": [0, -0.25, 0]},
			"faces": {
				"south": {"uv": [7, 4.5, 9, 4.75], "texture": "#texture"},
				"up": {"uv": [7, 8.75, 9, 9], "texture": "#texture"}
			}
		},
		{
			"from": [8.225, 10.775, 8.35],
			"to": [9.775, 11.225, 8.65],
			"rotation": {"angle": 0, "axis": "y", "origin": [0, -0.25, 0]},
			"faces": {
				"north": {"uv": [0, 0, 1, 1], "texture": "#texture"},
				"east": {"uv": [0, 0, 1, 1], "texture": "#texture"},
				"south": {"uv": [7, 4.5, 9, 4.75], "texture": "#texture"},
				"west": {"uv": [0, 0, 1, 1], "texture": "#texture"},
				"up": {"uv": [7, 8.75, 9, 9], "texture": "#texture"},
				"down": {"uv": [0, 0, 1, 1], "texture": "#texture"}
			}
		},
		{
			"from": [10.5, 8.075, 7.675],
			"to": [12.325, 9.1, 8.825],
			"rotation": {"angle": 0, "axis": "y", "origin": [0, -0.15, 0]},
			"faces": {
				"north": {"uv": [3.5, 6.75, 9, 7], "texture": "#texture"},
				"east": {"uv": [7, 6.75, 8.5, 7], "texture": "#texture"},
				"south": {"uv": [7, 6.75, 12.5, 7], "texture": "#texture"},
				"west": {"uv": [7.5, 6.75, 9, 7], "texture": "#texture"},
				"down": {"uv": [9, 9, 3.5, 7.5], "texture": "#texture"}
			}
		},
		{
			"from": [7.675, 8.925, 7.675],
			"to": [10, 9.1, 8.825],
			"rotation": {"angle": 0, "axis": "y", "origin": [0, 0.2, 0]},
			"faces": {
				"north": {"uv": [2.5, 7, 8.5, 7.25], "texture": "#texture"},
				"east": {"uv": [7.25, 7, 8.25, 7.25], "texture": "#texture"},
				"south": {"uv": [7.5, 7, 13.5, 7.25], "texture": "#texture"},
				"west": {"uv": [7.75, 7, 8.75, 7.25], "texture": "#texture"},
				"up": {"uv": [7.5, 7.75, 13.5, 8.75], "texture": "#texture"},
				"down": {"uv": [8.5, 8.75, 2.5, 7.75], "texture": "#texture"}
			}
		},
		{
			"from": [10.75, 9.05, 7.675],
			"to": [13.475, 9.425, 8.825],
			"rotation": {"angle": 0, "axis": "y", "origin": [0, -0.175, 0]},
			"faces": {
				"north": {"uv": [4.5, 6, 12.25, 6.75], "texture": "#texture"},
				"east": {"uv": [7, 6, 8.5, 6.75], "texture": "#texture"},
				"south": {"uv": [3.75, 6, 12.5, 6.75], "texture": "#texture"},
				"west": {"uv": [7.5, 6, 9, 6.75], "texture": "#texture"},
				"down": {"uv": [12.25, 9, 3.5, 7.5], "texture": "#texture"}
			}
		},
		{
			"from": [10, 8.925, 7.675],
			"to": [10, 9.1, 8.825],
			"rotation": {"angle": 0, "axis": "y", "origin": [0, 0.2, 0]},
			"faces": {
				"north": {"uv": [2.5, 7, 8.5, 7.25], "texture": "#texture"},
				"east": {"uv": [7.25, 7, 8.25, 7.25], "texture": "#texture"},
				"south": {"uv": [7.5, 7, 13.5, 7.25], "texture": "#texture"},
				"west": {"uv": [7.75, 7, 8.75, 7.25], "texture": "#texture"},
				"up": {"uv": [7.5, 7.75, 13.5, 8.75], "texture": "#texture"},
				"down": {"uv": [8.5, 8.75, 2.5, 7.75], "texture": "#texture"}
			}
		},
		{
			"from": [9.3, 7.575, 8.05],
			"to": [10.3, 9.075, 8.45],
			"rotation": {"angle": 22.5, "axis": "z", "origin": [9.75, 9.075, 8]},
			"faces": {
				"north": {"uv": [16, 11, 15, 10], "texture": "#texture"},
				"east": {"uv": [16, 11, 15, 10], "texture": "#texture"},
				"south": {"uv": [16, 11, 15, 10], "texture": "#texture"},
				"west": {"uv": [16, 11, 15, 10], "texture": "#texture"},
				"down": {"uv": [15, 10, 16, 11], "texture": "#texture"}
			}
		},
		{
			"from": [10.75, 7.675, 7.5],
			"to": [12.55, 8.65, 9],
			"rotation": {"angle": 0, "axis": "y", "origin": [0, -0.15, 0]},
			"faces": {
				"north": {"uv": [10, 7, 9, 6], "texture": "#dark wood blade"},
				"east": {"uv": [10, 7, 9, 6], "texture": "#dark wood blade"},
				"south": {"uv": [10, 7, 9, 6], "texture": "#dark wood blade"},
				"west": {"uv": [10, 7, 9, 6], "texture": "#dark wood blade"},
				"up": {"uv": [10, 7, 9, 6], "texture": "#dark wood blade"},
				"down": {"uv": [9, 6, 10, 7], "texture": "#dark wood blade"}
			}
		},
		{
			"from": [10.75, 8.6, 7.5],
			"to": [12.325, 8.95, 9],
			"rotation": {"angle": 0, "axis": "y", "origin": [0, -0.15, 0]},
			"faces": {
				"north": {"uv": [10, 7, 9, 6], "texture": "#dark wood blade"},
				"east": {"uv": [10, 7, 9, 6], "texture": "#dark wood blade"},
				"south": {"uv": [10, 7, 9, 6], "texture": "#dark wood blade"},
				"west": {"uv": [10, 7, 9, 6], "texture": "#dark wood blade"},
				"up": {"uv": [10, 7, 9, 6], "texture": "#dark wood blade"},
				"down": {"uv": [9, 6, 10, 7], "texture": "#dark wood blade"}
			}
		},
		{
			"from": [11, 4.55, 7.5],
			"to": [12.95, 4.8, 9],
			"rotation": {"angle": 0, "axis": "y", "origin": [0, -0.15, 0]},
			"faces": {
				"north": {"uv": [10, 7, 9, 6], "texture": "#dark wood blade"},
				"east": {"uv": [10, 7, 9, 6], "texture": "#dark wood blade"},
				"south": {"uv": [10, 7, 9, 6], "texture": "#dark wood blade"},
				"west": {"uv": [10, 7, 9, 6], "texture": "#dark wood blade"},
				"up": {"uv": [10, 7, 9, 6], "texture": "#dark wood blade"},
				"down": {"uv": [9, 6, 10, 7], "texture": "#dark wood blade"}
			}
		}
	],
	"gui_light": "front",
	"display": {
		"thirdperson_righthand": {
			"rotation": [0, -90, 0],
			"translation": [0, -0.5, -1],
			"scale": [0.8, 0.8, 0.78]
		},
		"thirdperson_lefthand": {
			"rotation": [0, 90, 0],
			"translation": [0, -0.5, -1],
			"scale": [0.8, 0.8, 0.78]
		},
		"firstperson_righthand": {
			"rotation": [0, -90, 0],
			"translation": [0, 2, -1.75],
			"scale": [0.78, 0.78, 0.71]
		},
		"firstperson_lefthand": {
			"rotation": [0, 90, 0],
			"translation": [0, 2, -1.75],
			"scale": [0.78, 0.78, 0.71]
		},
		"ground": {
			"translation": [0, 0.25, 0]
		},
		"gui": {
			"rotation": [0, 0, -45],
			"translation": [-0.75, 0, 0],
			"scale": [0.91, 0.91, 1]
		},
		"fixed": {
			"rotation": [0, 180, -45],
			"translation": [1.5, 0.5, 0],
			"scale": [1.12, 1.12, 0.99]
		}
	}
}