{
	"credit": "Made by SrDarmith - YouTube: Mainclay",
	"textures": {
		"texture": "item/anvil_1",
		"blade": "item/lightguntexture",
		"particle": "item/hardened_clay_stained_gray",
		"dark wood blade": "item/hardened_clay_stained_gray"
	},
	"elements": [
		{
			"from": [11.55, 10.2, 7.45],
			"to": [21.5, 11.075, 8],
			"rotation": {"angle": 0, "axis": "y", "origin": [5.8, 0, 0]},
			"faces": {
				"north": {"uv": [2.5, 2.95, 13, 3.95], "texture": "#texture"},
				"east": {"uv": [8, 4.75, 8.75, 5.75], "texture": "#texture"},
				"south": {"uv": [16, 12, 15, 11], "texture": "#texture"},
				"west": {"uv": [12, 2, 10, 1], "texture": "#texture"},
				"up": {"uv": [2, 7.25, 12.5, 8], "texture": "#texture"},
				"down": {"uv": [14, 8, 3.5, 7.25], "texture": "#texture"}
			}
		},
		{
			"from": [11.5, 9.425, 7.575],
			"to": [18.75, 10.2, 8.925],
			"rotation": {"angle": 0, "axis": "y", "origin": [6, 0, 0]},
			"faces": {
				"north": {"uv": [2.65, 3.35, 11.9, 3.6], "texture": "#texture"},
				"east": {"uv": [6.75, 5.75, 8.75, 6], "texture": "#texture"},
				"south": {"uv": [3.5, 5.75, 12.75, 6], "texture": "#texture"},
				"west": {"uv": [7.25, 5.75, 9.25, 6], "texture": "#texture"},
				"up": {"uv": [3.5, 7.25, 12.75, 9.25], "texture": "#texture"},
				"down": {"uv": [12.5, 9.25, 3.25, 7.25], "texture": "#texture"}
			}
		},
		{
			"from": [11.55, 9.675, 7.675],
			"to": [15.3, 10.225, 8.825],
			"rotation": {"angle": 0, "axis": "y", "origin": [5.8, 0, 0]},
			"faces": {
				"north": {"uv": [4.5, 6, 14, 7], "texture": "#texture"},
				"east": {"uv": [7.25, 5.5, 8.25, 6.5], "texture": "#texture"},
				"south": {"uv": [2, 5.5, 11.5, 6.5], "texture": "#texture"},
				"west": {"uv": [12, 2, 10, 1], "texture": "#texture"},
				"up": {"uv": [2, 7.75, 11.5, 8.75], "texture": "#texture"},
				"down": {"uv": [14, 8.75, 4.5, 7.75], "texture": "#texture"}
			}
		},
		{
			"from": [12, 9.425, 7.85],
			"to": [15.75, 9.675, 8.65],
			"rotation": {"angle": 0, "axis": "y", "origin": [6, 0, 0]},
			"faces": {
				"north": {"uv": [4.5, 6, 14, 7], "texture": "#texture"},
				"east": {"uv": [7.25, 5.5, 8.25, 6.5], "texture": "#texture"},
				"south": {"uv": [2, 5.5, 11.5, 6.5], "texture": "#texture"},
				"west": {"uv": [12, 2, 10, 1], "texture": "#texture"},
				"up": {"uv": [2, 7.75, 11.5, 8.75], "texture": "#texture"},
				"down": {"uv": [14, 8.75, 4.5, 7.75], "texture": "#texture"}
			}
		},
		{
			"from": [11.5, 9.25, 7.675],
			"to": [18.3, 9.425, 8.825],
			"rotation": {"angle": 0, "axis": "y", "origin": [6, 0, 0]},
			"faces": {
				"north": {"uv": [4.5, 6, 12.25, 6.75], "texture": "#texture"},
				"east": {"uv": [7, 6, 8.5, 6.75], "texture": "#texture"},
				"south": {"uv": [3.75, 6, 12.5, 6.75], "texture": "#texture"},
				"west": {"uv": [7.5, 6, 9, 6.75], "texture": "#texture"},
				"down": {"uv": [12.25, 9, 3.5, 7.5], "texture": "#texture"}
			}
		},
		{
			"from": [11.55, 11.275, 7.75],
			"to": [16.775, 11.475, 8.75],
			"rotation": {"angle": 0, "axis": "y", "origin": [5.8, 0, 0]},
			"faces": {
				"north": {"uv": [8, 3.25, 13, 3.5], "texture": "#texture"},
				"east": {"uv": [7, 4.25, 8.5, 4.5], "texture": "#texture"},
				"south": {"uv": [2, 4.25, 7, 4.5], "texture": "#texture"},
				"west": {"uv": [12, 2, 10, 1], "texture": "#texture"},
				"up": {"uv": [2, 6.5, 7, 8], "texture": "#texture"}
			}
		},
		{
			"from": [18.325, 11.275, 7.75],
			"to": [21.3, 11.475, 8.75],
			"rotation": {"angle": 0, "axis": "y", "origin": [5.8, 0, 0]},
			"faces": {
				"north": {"uv": [3.5, 4.25, 7, 4.5], "texture": "#texture"},
				"east": {"uv": [7, 4.25, 8.5, 4.5], "texture": "#texture"},
				"south": {"uv": [9, 4.25, 12.5, 4.5], "texture": "#texture"},
				"west": {"uv": [7.5, 4.25, 9, 4.5], "texture": "#texture"},
				"up": {"uv": [9, 7.5, 12.5, 9], "texture": "#texture"}
			}
		},
		{
			"from": [11.725, 11.4, 8.125],
			"to": [12.275, 11.65, 8.375],
			"rotation": {"angle": 0, "axis": "y", "origin": [5.8, 0, 0]},
			"faces": {
				"north": {"uv": [13, 4, 13.75, 4.25], "texture": "#texture"},
				"east": {"uv": [7.5, 4, 8, 4.25], "texture": "#texture"},
				"south": {"uv": [2.25, 4, 3, 4.25], "texture": "#texture"},
				"west": {"uv": [8, 4, 8.5, 4.25], "texture": "#texture"},
				"up": {"uv": [2.25, 8, 3, 8.5], "texture": "#texture"}
			}
		},
		{
			"from": [18.075, 11.075, 7.575],
			"to": [21.5, 11.275, 8.925],
			"rotation": {"angle": 0, "axis": "y", "origin": [5.8, 0, 0]},
			"faces": {
				"north": {"uv": [3.5, 4.5, 7, 5.75], "texture": "#texture"},
				"east": {"uv": [7, 4.5, 8.5, 5.75], "texture": "#texture"},
				"south": {"uv": [9, 4.5, 12.5, 5.75], "texture": "#texture"},
				"west": {"uv": [7.5, 4.5, 9, 5.75], "texture": "#texture"},
				"up": {"uv": [0, 0, 1, 1], "texture": "#texture"},
				"down": {"uv": [16, 12, 15, 11], "texture": "#texture"}
			}
		},
		{
			"from": [11.55, 11.075, 7.575],
			"to": [16.775, 11.275, 8.925],
			"rotation": {"angle": 0, "axis": "y", "origin": [5.8, 0, 0]},
			"faces": {
				"north": {"uv": [8, 3.5, 13, 3.75], "texture": "#texture"},
				"east": {"uv": [7, 4.5, 8.5, 4.75], "texture": "#texture"},
				"south": {"uv": [2, 4.5, 7, 4.75], "texture": "#texture"},
				"west": {"uv": [12, 2, 10, 1], "texture": "#texture"},
				"up": {"uv": [0, 0, 1, 1], "texture": "#texture"},
				"down": {"uv": [16, 11, 15, 12], "texture": "#texture"}
			}
		},
		{
			"from": [11.95, 11.075, 7.7],
			"to": [14.3, 11.2, 8.675],
			"rotation": {"angle": 0, "axis": "y", "origin": [4.75, 0, 0]},
			"faces": {
				"north": {"uv": [7, 4.25, 9, 4.75], "texture": "#blade"},
				"east": {"uv": [7.25, 4.25, 8.25, 4.75], "texture": "#blade"},
				"south": {"uv": [7, 4.25, 9, 4.75], "texture": "#blade"},
				"west": {"uv": [7.75, 4.25, 8.75, 4.75], "texture": "#blade"},
				"up": {"uv": [7, 7.75, 9, 8.75], "texture": "#blade"},
				"down": {"uv": [16, 11, 15, 12], "texture": "#texture"}
			}
		},
		{
			"from": [8.75, 10.525, 7.75],
			"to": [12, 11.025, 8],
			"rotation": {"angle": 0, "axis": "y", "origin": [6, 0, 0]},
			"faces": {
				"north": {"uv": [11.4, 4.3, 11.65, 5.3], "texture": "#texture"},
				"east": {"uv": [8, 4.5, 8.25, 5.5], "texture": "#texture"},
				"south": {"uv": [16, 12, 15, 11], "texture": "#texture"},
				"west": {"uv": [6.2, 0.65, 6.45, 1.65], "texture": "#texture"},
				"up": {"uv": [1.75, 7.75, 2, 8], "texture": "#texture"},
				"down": {"uv": [14.25, 8, 14, 7.75], "texture": "#texture"}
			}
		},
		{
			"from": [8.75, 10.525, 8.5],
			"to": [12, 11.025, 8.75],
			"rotation": {"angle": 0, "axis": "y", "origin": [6, 0, 0]},
			"faces": {
				"north": {"uv": [16, 12, 15, 11], "texture": "#texture"},
				"east": {"uv": [7.25, 4.5, 7.5, 5.5], "texture": "#texture"},
				"south": {"uv": [1.75, 4.5, 2, 5.5], "texture": "#texture"},
				"west": {"uv": [6.95, 0.65, 7.2, 1.65], "texture": "#texture"},
				"up": {"uv": [1.75, 8.5, 2, 8.75], "texture": "#texture"},
				"down": {"uv": [14.25, 8.75, 14, 8.5], "texture": "#texture"}
			}
		},
		{
			"from": [8.75, 10.275, 8],
			"to": [17.25, 10.525, 8.5],
			"rotation": {"angle": 0, "axis": "y", "origin": [6, 0, 0]},
			"faces": {
				"north": {"uv": [0, 0, 1, 1], "texture": "#texture"},
				"east": {"uv": [7.5, 5.25, 8, 5.5], "texture": "#texture"},
				"south": {"uv": [0, 0, 1, 1], "texture": "#texture"},
				"west": {"uv": [6.45, 1.4, 6.95, 1.65], "texture": "#texture"},
				"up": {"uv": [15, 12, 16, 11], "texture": "#texture"},
				"down": {"uv": [14.25, 8.5, 14, 8], "texture": "#texture"}
			}
		},
		{
			"from": [11.425, 9.6, 8],
			"to": [12.675, 10.275, 8.5],
			"rotation": {"angle": 0, "axis": "y", "origin": [5.8, 0, 0]},
			"faces": {
				"north": {"uv": [0, 0, 1, 1], "texture": "#texture"},
				"east": {"uv": [7.5, 5.25, 8, 5.5], "texture": "#texture"},
				"south": {"uv": [0, 0, 1, 1], "texture": "#texture"},
				"west": {"uv": [6.45, 1.4, 6.95, 1.65], "texture": "#texture"},
				"up": {"uv": [1.75, 8, 2, 8.5], "texture": "#texture"},
				"down": {"uv": [14.25, 8.5, 14, 8], "texture": "#texture"}
			}
		},
		{
			"from": [11.425, 11.275, 8],
			"to": [11.675, 11.4, 8.5],
			"rotation": {"angle": 0, "axis": "y", "origin": [5.8, 0, 0]},
			"faces": {
				"north": {"uv": [0, 0, 1, 1], "texture": "#texture"},
				"east": {"uv": [7.5, 5.25, 8, 5.5], "texture": "#texture"},
				"south": {"uv": [0, 0, 1, 1], "texture": "#texture"},
				"west": {"uv": [6.45, 1.4, 6.95, 1.65], "texture": "#texture"},
				"up": {"uv": [1.75, 8, 2, 8.5], "texture": "#texture"},
				"down": {"uv": [14.25, 8.5, 14, 8], "texture": "#texture"}
			}
		},
		{
			"from": [11.55, 10.2, 8.5],
			"to": [21.5, 11.075, 9.05],
			"rotation": {"angle": 0, "axis": "y", "origin": [5.8, 0, 0]},
			"faces": {
				"north": {"uv": [16, 12, 15, 11], "texture": "#texture"},
				"east": {"uv": [6.75, 4.75, 7.5, 5.75], "texture": "#texture"},
				"south": {"uv": [2, 4.75, 12.5, 5.75], "texture": "#texture"},
				"west": {"uv": [12, 2, 10, 1], "texture": "#texture"},
				"up": {"uv": [2, 8.5, 12.5, 9.25], "texture": "#texture"},
				"down": {"uv": [14, 9.25, 3.5, 8.5], "texture": "#texture"}
			}
		},
		{
			"from": [19.6, 9.975, 7.425],
			"to": [20.3, 11.05, 9.075],
			"rotation": {"angle": 0, "axis": "y", "origin": [5.8, 0, 0]},
			"faces": {
				"north": {"uv": [7, 9, 2, 8], "texture": "#texture"},
				"east": {"uv": [6.75, 4.75, 7.5, 5.75], "texture": "#texture"},
				"south": {"uv": [2, 8, 7, 9], "texture": "#texture"},
				"west": {"uv": [12, 2, 10, 1], "texture": "#texture"},
				"up": {"uv": [2, 8.5, 12.5, 9.25], "texture": "#texture"},
				"down": {"uv": [14, 9.25, 3.5, 8.5], "texture": "#texture"}
			}
		},
		{
			"from": [20.3, 9.975, 7.425],
			"to": [20.85, 11.05, 9.075],
			"rotation": {"angle": 0, "axis": "y", "origin": [5.8, 0, 0]},
			"faces": {
				"north": {"uv": [6.75, 9, 3, 8], "texture": "#texture"},
				"east": {"uv": [6.75, 4.75, 7.5, 5.75], "texture": "#texture"},
				"south": {"uv": [3, 8, 6.75, 9], "texture": "#texture"},
				"west": {"uv": [12, 2, 10, 1], "texture": "#texture"},
				"up": {"uv": [2, 8.5, 12.5, 9.25], "texture": "#texture"},
				"down": {"uv": [14, 9.25, 3.5, 8.5], "texture": "#texture"}
			}
		},
		{
			"from": [19.05, 9.975, 7.425],
			"to": [19.6, 11.05, 9.075],
			"rotation": {"angle": 0, "axis": "y", "origin": [5.8, 0, 0]},
			"faces": {
				"north": {"uv": [6, 9, 2, 8], "texture": "#texture"},
				"east": {"uv": [6.75, 4.75, 7.5, 5.75], "texture": "#texture"},
				"south": {"uv": [2, 8, 6, 9], "texture": "#texture"},
				"west": {"uv": [12, 2, 10, 1], "texture": "#texture"},
				"up": {"uv": [2, 8.5, 12.5, 9.25], "texture": "#texture"},
				"down": {"uv": [14, 9.25, 3.5, 8.5], "texture": "#texture"}
			}
		},
		{
			"from": [13.55, 9.95, 7.45],
			"to": [21.5, 10.2, 8],
			"rotation": {"angle": 0, "axis": "y", "origin": [5.8, 0, 0]},
			"faces": {
				"north": {"uv": [2.5, 3.1, 11.5, 3.85], "texture": "#texture"},
				"east": {"uv": [8, 4.75, 8.75, 5.75], "texture": "#texture"},
				"south": {"uv": [16, 12, 15, 11], "texture": "#texture"},
				"west": {"uv": [7.25, 4.75, 8, 5.75], "texture": "#texture"},
				"up": {"uv": [2, 7.25, 12.5, 8], "texture": "#texture"},
				"down": {"uv": [14, 8, 3.5, 7.25], "texture": "#texture"}
			}
		},
		{
			"from": [13.55, 9.95, 8.5],
			"to": [21.5, 10.2, 9.05],
			"rotation": {"angle": 0, "axis": "y", "origin": [5.8, 0, 0]},
			"faces": {
				"north": {"uv": [3.5, 4.75, 14, 5.75], "texture": "#texture"},
				"east": {"uv": [6.75, 4.75, 7.5, 5.75], "texture": "#texture"},
				"south": {"uv": [4, 5, 12.5, 5.75], "texture": "#texture"},
				"west": {"uv": [8.5, 4.75, 9.25, 5.75], "texture": "#texture"},
				"up": {"uv": [2, 8.5, 12.5, 9.25], "texture": "#texture"},
				"down": {"uv": [14, 9.25, 3.5, 8.5], "texture": "#texture"}
			}
		},
		{
			"from": [8.75, 11.025, 8],
			"to": [12, 11.275, 8.5],
			"rotation": {"angle": 0, "axis": "y", "origin": [6, 0, 0]},
			"faces": {
				"north": {"uv": [0, 0, 1, 1], "texture": "#texture"},
				"east": {"uv": [0, 0, 1, 1], "texture": "#texture"},
				"south": {"uv": [0, 0, 1, 1], "texture": "#texture"},
				"west": {"uv": [6.45, 0.65, 6.95, 0.9], "texture": "#texture"},
				"up": {"uv": [1.75, 8, 2, 8.5], "texture": "#texture"},
				"down": {"uv": [15, 11, 16, 12], "texture": "#texture"}
			}
		},
		{
			"from": [13.85, 7.8, 7.9],
			"to": [14.1, 9.075, 8.6],
			"rotation": {"angle": 0, "axis": "y", "origin": [5.75, 0.35, 0]},
			"faces": {
				"north": {"uv": [7.75, 7.25, 8, 8.5], "texture": "#texture"},
				"east": {"uv": [7.5, 7.25, 8, 8.5], "texture": "#texture"},
				"south": {"uv": [8, 7.25, 8.25, 8.5], "texture": "#texture"},
				"west": {"uv": [8, 7.25, 8.5, 8.5], "texture": "#texture"},
				"down": {"uv": [8, 8.5, 7.75, 8], "texture": "#texture"}
			}
		},
		{
			"from": [14.1, 7.55, 7.9],
			"to": [16.1, 7.8, 8.6],
			"rotation": {"angle": 0, "axis": "y", "origin": [5.75, 0.35, 0]},
			"faces": {
				"north": {"uv": [5.75, 8.5, 7.75, 8.75], "texture": "#texture"},
				"south": {"uv": [8.25, 8.5, 10.25, 8.75], "texture": "#texture"},
				"west": {"uv": [8, 8.5, 8.5, 8.75], "texture": "#texture"},
				"up": {"uv": [8.25, 8, 10.25, 8.5], "texture": "#texture"},
				"down": {"uv": [7.75, 8.5, 5.75, 8], "texture": "#texture"}
			}
		},
		{
			"from": [14.1, 7.8, 7.9],
			"to": [14.35, 8.05, 8.6],
			"rotation": {"angle": 0, "axis": "y", "origin": [5.75, 0.35, 0]},
			"faces": {
				"north": {"uv": [7.5, 8.25, 7.75, 8.5], "texture": "#texture"},
				"east": {"uv": [7.5, 8.25, 8, 8.5], "texture": "#texture"},
				"south": {"uv": [8.25, 8.25, 8.5, 8.5], "texture": "#texture"},
				"up": {"uv": [8.25, 8, 8.5, 8.5], "texture": "#texture"}
			}
		},
		{
			"from": [17.375, 8.8, 7.475],
			"to": [17.625, 9.05, 9.025],
			"rotation": {"angle": 0, "axis": "y", "origin": [6, 0.35, 0]},
			"faces": {
				"north": {"uv": [7.5, 8.25, 7.75, 8.5], "texture": "#texture"},
				"east": {"uv": [7.5, 8.25, 8, 8.5], "texture": "#texture"},
				"south": {"uv": [8.25, 8.25, 8.5, 8.5], "texture": "#texture"},
				"west": {"uv": [0, 0, 1, 1], "texture": "#texture"},
				"up": {"uv": [8.25, 8, 8.5, 8.5], "texture": "#texture"},
				"down": {"uv": [0, 0, 1, 1], "texture": "#texture"}
			}
		},
		{
			"from": [18, 4.85, 7.475],
			"to": [18.25, 5.1, 9.025],
			"rotation": {"angle": 0, "axis": "y", "origin": [6, 0.35, 0]},
			"faces": {
				"north": {"uv": [7.5, 8.25, 7.75, 8.5], "texture": "#texture"},
				"east": {"uv": [7.5, 8.25, 8, 8.5], "texture": "#texture"},
				"south": {"uv": [8.25, 8.25, 8.5, 8.5], "texture": "#texture"},
				"west": {"uv": [0, 0, 1, 1], "texture": "#texture"},
				"up": {"uv": [8.25, 8, 8.5, 8.5], "texture": "#texture"},
				"down": {"uv": [0, 0, 1, 1], "texture": "#texture"}
			}
		},
		{
			"from": [14.1, 8.85, 7.9],
			"to": [14.35, 9.1, 8.6],
			"rotation": {"angle": 0, "axis": "y", "origin": [5.75, 0.35, 0]},
			"faces": {
				"north": {"uv": [7.5, 8.25, 7.75, 8.5], "texture": "#texture"},
				"east": {"uv": [7.5, 8.25, 8, 8.5], "texture": "#texture"},
				"south": {"uv": [8.25, 8.25, 8.5, 8.5], "texture": "#texture"},
				"west": {"uv": [0, 0, 1, 1], "texture": "#texture"},
				"up": {"uv": [8.25, 8, 8.5, 8.5], "texture": "#texture"},
				"down": {"uv": [0, 0, 1, 1], "texture": "#texture"}
			}
		},
		{
			"from": [15.75, 7.8, 7.9],
			"to": [16, 8.05, 8.6],
			"rotation": {"angle": 0, "axis": "y", "origin": [5.75, 0.35, 0]},
			"faces": {
				"north": {"uv": [6.5, 7.25, 6.75, 7.5], "texture": "#texture"},
				"east": {"uv": [7.5, 8.25, 8, 8.5], "texture": "#texture"},
				"south": {"uv": [9.25, 8.25, 9.5, 8.5], "texture": "#texture"},
				"west": {"uv": [0, 0, 1, 1], "texture": "#texture"},
				"up": {"uv": [8.25, 8, 8.5, 8.5], "texture": "#texture"},
				"down": {"uv": [0, 0, 1, 1], "texture": "#texture"}
			}
		},
		{
			"from": [15.75, 8.85, 7.675],
			"to": [16, 9.075, 8.825],
			"rotation": {"angle": 0, "axis": "y", "origin": [5.75, 0.35, 0]},
			"faces": {
				"north": {"uv": [6.5, 7.25, 6.75, 7.5], "texture": "#texture"},
				"east": {"uv": [7.5, 8.25, 8, 8.5], "texture": "#texture"},
				"south": {"uv": [8.25, 7.25, 8.5, 7.5], "texture": "#texture"},
				"west": {"uv": [0, 0, 1, 1], "texture": "#texture"},
				"up": {"uv": [8.25, 8, 8.5, 8.5], "texture": "#texture"},
				"down": {"uv": [0, 0, 1, 1], "texture": "#texture"}
			}
		},
		{
			"from": [18.425, 8.55, 7.675],
			"to": [19.25, 9, 8.825],
			"rotation": {"angle": 0, "axis": "y", "origin": [6, 0, 0]},
			"faces": {
				"north": {"uv": [2.75, 7.25, 5.5, 7.5], "texture": "#texture"},
				"east": {"uv": [7.25, 7.25, 8.25, 7.5], "texture": "#texture"},
				"south": {"uv": [10.5, 7.25, 13.25, 7.5], "texture": "#texture"},
				"down": {"uv": [5.5, 8.75, 2.75, 7.75], "texture": "#texture"}
			}
		},
		{
			"from": [16.25, 7, 7.675],
			"to": [16.5, 9, 8.825],
			"rotation": {"angle": 0, "axis": "y", "origin": [6, 0, 0]},
			"faces": {
				"north": {"uv": [5.5, 7.25, 5.75, 9.25], "texture": "#texture"},
				"east": {"uv": [7.25, 7.25, 8.25, 9.25], "texture": "#texture"},
				"south": {"uv": [10.25, 7.25, 10.5, 9.25], "texture": "#texture"},
				"west": {"uv": [7.75, 7.25, 8.75, 9.25], "texture": "#texture"},
				"down": {"uv": [5.75, 8.75, 5.5, 7.75], "texture": "#texture"}
			}
		},
		{
			"from": [16, 7.5, 7.675],
			"to": [16.25, 9.25, 8.825],
			"rotation": {"angle": 0, "axis": "y", "origin": [6, 0, 0]},
			"faces": {
				"north": {"uv": [5.5, 7.25, 5.75, 9.25], "texture": "#texture"},
				"east": {"uv": [7.25, 7.25, 8.25, 9.25], "texture": "#texture"},
				"south": {"uv": [10.25, 7.25, 10.5, 9.25], "texture": "#texture"},
				"west": {"uv": [7.75, 7.25, 8.75, 9.25], "texture": "#texture"},
				"down": {"uv": [5.75, 8.75, 5.5, 7.75], "texture": "#texture"}
			}
		},
		{
			"from": [16.5, 5.425, 7.675],
			"to": [19.175, 7.5, 8.825],
			"rotation": {"angle": 0, "axis": "y", "origin": [6, 0, 0]},
			"faces": {
				"north": {"uv": [2.75, 9.25, 5.5, 9.75], "texture": "#texture"},
				"east": {"uv": [7.25, 9.25, 8.25, 9.75], "texture": "#texture"},
				"south": {"uv": [10.5, 9.25, 13.25, 9.75], "texture": "#texture"},
				"west": {"uv": [7.75, 9.25, 8.75, 9.75], "texture": "#texture"},
				"up": {"uv": [10.5, 7.75, 13.25, 8.75], "texture": "#texture"},
				"down": {"uv": [5.5, 8.75, 2.75, 7.75], "texture": "#texture"}
			}
		},
		{
			"from": [18.775, 10.575, 8],
			"to": [19.775, 10.825, 8.5],
			"rotation": {"angle": 22.5, "axis": "z", "origin": [18.55, 10.5, 8]},
			"faces": {
				"north": {"uv": [6.5, 8.75, 7.75, 9.25], "texture": "#texture"},
				"east": {"uv": [7.25, 10.75, 8.25, 11.25], "texture": "#texture"},
				"south": {"uv": [10.25, 8.75, 11.5, 9.25], "texture": "#texture"},
				"up": {"uv": [14.25, 7.75, 15.5, 8.75], "texture": "#texture"},
				"down": {"uv": [1.75, 8.75, 0.5, 7.75], "texture": "#texture"}
			}
		},
		{
			"from": [18.65, 10.45, 8],
			"to": [19.4, 10.575, 8.5],
			"rotation": {"angle": 22.5, "axis": "z", "origin": [18.55, 10.5, 8]},
			"faces": {
				"north": {"uv": [6.5, 8.75, 7.75, 9], "texture": "#texture"},
				"east": {"uv": [7.25, 10.75, 8.25, 11.25], "texture": "#texture"},
				"south": {"uv": [10.25, 8.75, 11.5, 9], "texture": "#texture"},
				"up": {"uv": [14.25, 7.75, 15.5, 8.75], "texture": "#texture"},
				"down": {"uv": [1.75, 8.75, 0.5, 7.75], "texture": "#texture"}
			}
		},
		{
			"from": [18.3, 8.95, 7.525],
			"to": [19.525, 9.9, 8.975],
			"rotation": {"angle": 0, "axis": "y", "origin": [6, 0, 0]},
			"faces": {
				"north": {"uv": [3.25, 4.75, 3.5, 6.75], "texture": "#texture"},
				"east": {"uv": [7.25, 4.75, 8.25, 6.75], "texture": "#texture"},
				"south": {"uv": [12.5, 4.75, 12.75, 6.75], "texture": "#texture"},
				"west": {"uv": [7.75, 4.75, 8.75, 6.75], "texture": "#texture"},
				"up": {"uv": [12.5, 7.75, 12.75, 8.75], "texture": "#texture"},
				"down": {"uv": [0, 0, 1, 1], "texture": "#texture"}
			}
		},
		{
			"from": [20.85, 9.975, 7.525],
			"to": [21.85, 10.525, 8.975],
			"rotation": {"angle": 0, "axis": "y", "origin": [5.8, 0, 0]},
			"faces": {
				"north": {"uv": [3.25, 4.75, 3.5, 6.75], "texture": "#texture"},
				"east": {"uv": [7.25, 4.75, 8.25, 6.75], "texture": "#texture"},
				"south": {"uv": [12.5, 4.75, 12.75, 6.75], "texture": "#texture"},
				"west": {"uv": [7.75, 4.75, 8.75, 6.75], "texture": "#texture"},
				"up": {"uv": [12.5, 7.75, 12.75, 8.75], "texture": "#texture"},
				"down": {"uv": [7, 5, 8, 6], "texture": "#texture"}
			}
		},
		{
			"from": [20.85, 10.35, 7.525],
			"to": [21.65, 11.1, 8.975],
			"rotation": {"angle": 0, "axis": "y", "origin": [5.8, 0, 0]},
			"faces": {
				"north": {"uv": [3.25, 4.75, 3.5, 6.75], "texture": "#texture"},
				"east": {"uv": [7.25, 4.75, 8.25, 6.75], "texture": "#texture"},
				"south": {"uv": [12.5, 4.75, 12.75, 6.75], "texture": "#texture"},
				"west": {"uv": [16, 11, 15, 12], "texture": "#texture"},
				"up": {"uv": [12.5, 7.75, 12.75, 8.75], "texture": "#texture"}
			}
		},
		{
			"from": [16.5, 8.25, 7.675],
			"to": [19, 8.55, 8.825],
			"rotation": {"angle": 0, "axis": "y", "origin": [6, 0, 0]},
			"faces": {
				"north": {"uv": [3, 7.5, 5.5, 7.75], "texture": "#texture"},
				"east": {"uv": [7.25, 7.5, 8.25, 7.75], "texture": "#texture"},
				"south": {"uv": [10.5, 7.5, 13, 7.75], "texture": "#texture"},
				"west": {"uv": [0, 0, 1, 1], "texture": "#texture"},
				"up": {"uv": [0, 0, 1, 1], "texture": "#texture"},
				"down": {"uv": [0, 0, 1, 1], "texture": "#texture"}
			}
		},
		{
			"from": [16.5, 7.5, 7.675],
			"to": [18.95, 8.25, 8.825],
			"rotation": {"angle": 0, "axis": "y", "origin": [6, 0, 0]},
			"faces": {
				"north": {"uv": [3, 7.75, 5.5, 8.5], "texture": "#texture"},
				"east": {"uv": [7.25, 7.75, 8.25, 8.5], "texture": "#texture"},
				"south": {"uv": [10.5, 7.75, 13, 8.5], "texture": "#texture"}
			}
		},
		{
			"from": [16.75, 5.9, 7.5],
			"to": [18.75, 8.25, 9],
			"rotation": {"angle": 0, "axis": "y", "origin": [6, 0, 0]},
			"faces": {
				"north": {"uv": [6.5, 0, 8.5, 4], "texture": "#dark wood blade"},
				"east": {"uv": [7.25, 0, 8.25, 4], "texture": "#dark wood blade"},
				"south": {"uv": [7.5, 0, 9.5, 4], "texture": "#dark wood blade"},
				"west": {"uv": [7.75, 0, 8.75, 4], "texture": "#dark wood blade"},
				"up": {"uv": [7.5, 7.75, 9.5, 8.75], "texture": "#dark wood blade"},
				"down": {"uv": [8.5, 8.75, 6.5, 7.75], "texture": "#dark wood blade"}
			}
		},
		{
			"from": [17, 4.4, 7.5],
			"to": [19, 7, 9],
			"rotation": {"angle": 0, "axis": "y", "origin": [6, 0, 0]},
			"faces": {
				"north": {"uv": [3, 9.5, 4.75, 11.75], "texture": "#dark wood blade"},
				"east": {"uv": [7, 9.5, 8.5, 11.75], "texture": "#dark wood blade"},
				"south": {"uv": [11.25, 9.5, 13, 11.75], "texture": "#dark wood blade"},
				"west": {"uv": [7.5, 9.5, 9, 11.75], "texture": "#dark wood blade"},
				"up": {"uv": [11.25, 7.5, 13, 9], "texture": "#dark wood blade"},
				"down": {"uv": [4.75, 9, 3, 7.5], "texture": "#dark wood blade"}
			}
		},
		{
			"from": [15.9, 7.775, 8.05],
			"to": [16.65, 9.275, 8.45],
			"rotation": {"angle": -22.5, "axis": "z", "origin": [15.75, 9.225, 8]},
			"faces": {
				"north": {"uv": [16, 11, 15, 10], "texture": "#texture"},
				"east": {"uv": [16, 11, 15, 10], "texture": "#texture"},
				"south": {"uv": [16, 11, 15, 10], "texture": "#texture"},
				"west": {"uv": [16, 11, 15, 10], "texture": "#texture"},
				"down": {"uv": [15, 10, 16, 11], "texture": "#texture"}
			}
		},
		{
			"from": [16.75, 4, 7.675],
			"to": [18.35, 5.5, 8.825],
			"rotation": {"angle": 0, "axis": "y", "origin": [6, 0, 0]},
			"faces": {
				"north": {"uv": [2.75, 9.75, 5.25, 12], "texture": "#texture"},
				"east": {"uv": [7.25, 9.75, 8.25, 12], "texture": "#texture"},
				"south": {"uv": [10.75, 9.75, 13.25, 12], "texture": "#texture"},
				"west": {"uv": [7.75, 9.75, 8.75, 12], "texture": "#texture"},
				"down": {"uv": [5.25, 8.75, 2.75, 7.75], "texture": "#texture"}
			}
		},
		{
			"from": [20.45, 11.45, 7.875],
			"to": [20.75, 11.7, 8.125],
			"rotation": {"angle": 0, "axis": "y", "origin": [5.8, 0, 0]},
			"faces": {
				"north": {"uv": [3.75, 4, 4.75, 4.25], "texture": "#texture"},
				"east": {"uv": [8, 4, 8.25, 4.25], "texture": "#texture"},
				"south": {"uv": [11.25, 4, 12.25, 4.25], "texture": "#texture"},
				"west": {"uv": [7.75, 4, 8, 4.25], "texture": "#texture"},
				"up": {"uv": [11.25, 7.75, 12.25, 8], "texture": "#texture"}
			}
		},
		{
			"from": [20.45, 11.45, 8.375],
			"to": [20.75, 11.7, 8.625],
			"rotation": {"angle": 0, "axis": "y", "origin": [5.8, 0, 0]},
			"faces": {
				"north": {"uv": [3.75, 4, 4.75, 4.25], "texture": "#texture"},
				"east": {"uv": [7.25, 4, 7.5, 4.25], "texture": "#texture"},
				"south": {"uv": [11.25, 4, 12.25, 4.25], "texture": "#texture"},
				"west": {"uv": [8.5, 4, 8.75, 4.25], "texture": "#texture"},
				"up": {"uv": [11.25, 8.5, 12.25, 8.75], "texture": "#texture"}
			}
		},
		{
			"from": [18.5, 9.225, 7.7],
			"to": [20.225, 9.475, 8.8],
			"rotation": {"angle": 0, "axis": "y", "origin": [6, 0, 0]},
			"faces": {
				"north": {"uv": [2, 6.75, 3.5, 7], "texture": "#texture"},
				"east": {"uv": [7.25, 6.75, 8.25, 7], "texture": "#texture"},
				"south": {"uv": [12.5, 6.75, 14, 7], "texture": "#texture"},
				"up": {"uv": [12.5, 7.75, 14, 8.75], "texture": "#texture"},
				"down": {"uv": [3.5, 8.75, 2, 7.75], "texture": "#texture"}
			}
		},
		{
			"from": [19.175, 5.5, 7.675],
			"to": [19.4, 6.5, 8.825],
			"rotation": {"angle": 0, "axis": "y", "origin": [6, 0, 0]},
			"faces": {
				"north": {"uv": [3, 8.5, 4, 9.25], "texture": "#texture"},
				"east": {"uv": [7.25, 8.5, 8.25, 9.25], "texture": "#texture"},
				"south": {"uv": [11.5, 8.5, 13, 9.25], "texture": "#texture"},
				"up": {"uv": [5, 8, 6, 9], "texture": "#texture"}
			}
		},
		{
			"from": [18.35, 4.25, 7.675],
			"to": [19.625, 5.5, 8.825],
			"rotation": {"angle": 0, "axis": "y", "origin": [6, 0, 0]},
			"faces": {
				"north": {"uv": [2.75, 9.75, 5.25, 12], "texture": "#texture"},
				"east": {"uv": [7.25, 9.75, 8.25, 12], "texture": "#texture"},
				"south": {"uv": [10.75, 9.75, 13.25, 12], "texture": "#texture"},
				"west": {"uv": [7.75, 9.75, 8.75, 12], "texture": "#texture"},
				"up": {"uv": [0, 0, 1, 1], "texture": "#texture"},
				"down": {"uv": [5.25, 8.75, 2.75, 7.75], "texture": "#texture"}
			}
		},
		{
			"from": [16.5, 7.5, 7.5],
			"to": [16.75, 9.5, 9],
			"rotation": {"angle": 0, "axis": "y", "origin": [6, 0, 0]},
			"faces": {
				"north": {"uv": [3, 9.5, 4.75, 11.75], "texture": "#dark wood blade"},
				"east": {"uv": [7, 9.5, 8.5, 11.75], "texture": "#dark wood blade"},
				"south": {"uv": [11.25, 9.5, 13, 11.75], "texture": "#dark wood blade"},
				"west": {"uv": [7.5, 9.5, 9, 11.75], "texture": "#dark wood blade"},
				"up": {"uv": [11.25, 7.5, 13, 9], "texture": "#dark wood blade"},
				"down": {"uv": [4.75, 9, 3, 7.5], "texture": "#dark wood blade"}
			}
		},
		{
			"from": [19, 4.4, 7.5],
			"to": [19.25, 5.5, 9],
			"rotation": {"angle": 0, "axis": "y", "origin": [6, 0, 0]},
			"faces": {
				"north": {"uv": [3, 9.5, 4.75, 11.75], "texture": "#dark wood blade"},
				"east": {"uv": [7, 9.5, 8.5, 11.75], "texture": "#dark wood blade"},
				"south": {"uv": [11.25, 9.5, 13, 11.75], "texture": "#dark wood blade"},
				"west": {"uv": [7.5, 9.5, 9, 11.75], "texture": "#dark wood blade"},
				"up": {"uv": [11.25, 7.5, 13, 9], "texture": "#dark wood blade"},
				"down": {"uv": [4.75, 9, 3, 7.5], "texture": "#dark wood blade"}
			}
		},
		{
			"from": [16.775, 11.025, 8.75],
			"to": [18.075, 11.275, 8.925],
			"rotation": {"angle": 0, "axis": "y", "origin": [5.8, 0, 0]},
			"faces": {
				"south": {"uv": [7, 4.5, 9, 4.75], "texture": "#texture"},
				"up": {"uv": [7, 8.75, 9, 9], "texture": "#texture"}
			}
		},
		{
			"from": [16.775, 11.025, 8.5],
			"to": [18.325, 11.475, 8.75],
			"rotation": {"angle": 0, "axis": "y", "origin": [5.8, 0, 0]},
			"faces": {
				"north": {"uv": [0, 0, 1, 1], "texture": "#texture"},
				"east": {"uv": [0, 0, 1, 1], "texture": "#texture"},
				"south": {"uv": [7, 4.5, 9, 4.75], "texture": "#texture"},
				"west": {"uv": [0, 0, 1, 1], "texture": "#texture"},
				"up": {"uv": [7, 8.75, 9, 9], "texture": "#texture"},
				"down": {"uv": [0, 0, 1, 1], "texture": "#texture"}
			}
		},
		{
			"from": [16.25, 9, 7.675],
			"to": [18.5, 9.25, 8.825],
			"rotation": {"angle": 0, "axis": "y", "origin": [6, 0, 0]},
			"faces": {
				"north": {"uv": [3.5, 6.75, 9, 7], "texture": "#texture"},
				"east": {"uv": [7, 6.75, 8.5, 7], "texture": "#texture"},
				"south": {"uv": [7, 6.75, 12.5, 7], "texture": "#texture"},
				"west": {"uv": [7.5, 6.75, 9, 7], "texture": "#texture"},
				"down": {"uv": [9, 9, 3.5, 7.5], "texture": "#texture"}
			}
		},
		{
			"from": [13.75, 9.075, 7.675],
			"to": [16, 9.25, 8.825],
			"rotation": {"angle": 0, "axis": "y", "origin": [6, 0.35, 0]},
			"faces": {
				"north": {"uv": [2.5, 7, 8.5, 7.25], "texture": "#texture"},
				"east": {"uv": [7.25, 7, 8.25, 7.25], "texture": "#texture"},
				"south": {"uv": [7.5, 7, 13.5, 7.25], "texture": "#texture"},
				"west": {"uv": [7.75, 7, 8.75, 7.25], "texture": "#texture"},
				"up": {"uv": [7.5, 7.75, 13.5, 8.75], "texture": "#texture"},
				"down": {"uv": [8.5, 8.75, 2.5, 7.75], "texture": "#texture"}
			}
		},
		{
			"from": [17.75, 9, 7.625],
			"to": [19.775, 9.65, 8.875],
			"rotation": {"angle": 0, "axis": "y", "origin": [6, 0.25, 0]},
			"faces": {
				"north": {"uv": [2.5, 7, 8.5, 7.25], "texture": "#texture"},
				"east": {"uv": [7.25, 7, 8.25, 7.25], "texture": "#texture"},
				"south": {"uv": [7.5, 7, 13.5, 7.25], "texture": "#texture"},
				"west": {"uv": [7.75, 7, 8.75, 7.25], "texture": "#texture"},
				"up": {"uv": [7.5, 7.75, 13.5, 8.75], "texture": "#texture"},
				"down": {"uv": [8.5, 8.75, 2.5, 7.75], "texture": "#texture"}
			}
		},
		{
			"from": [15.3, 7.725, 8.05],
			"to": [16.3, 9.225, 8.45],
			"rotation": {"angle": 22.5, "axis": "z", "origin": [15.75, 9.225, 8]},
			"faces": {
				"north": {"uv": [16, 11, 15, 10], "texture": "#texture"},
				"east": {"uv": [16, 11, 15, 10], "texture": "#texture"},
				"south": {"uv": [16, 11, 15, 10], "texture": "#texture"},
				"west": {"uv": [16, 11, 15, 10], "texture": "#texture"},
				"down": {"uv": [15, 10, 16, 11], "texture": "#texture"}
			}
		},
		{
			"from": [16.75, 8.25, 7.5],
			"to": [18.45, 9.5, 9],
			"rotation": {"angle": 0, "axis": "y", "origin": [6, 0, 0]},
			"faces": {
				"north": {"uv": [3, 9.5, 4.75, 11.75], "texture": "#dark wood blade"},
				"east": {"uv": [7, 9.5, 8.5, 11.75], "texture": "#dark wood blade"},
				"south": {"uv": [11.25, 9.5, 13, 11.75], "texture": "#dark wood blade"},
				"west": {"uv": [7.5, 9.5, 9, 11.75], "texture": "#dark wood blade"},
				"up": {"uv": [11.25, 7.5, 13, 9], "texture": "#dark wood blade"},
				"down": {"uv": [4.75, 9, 3, 7.5], "texture": "#dark wood blade"}
			}
		},
		{
			"from": [17, 4.15, 7.5],
			"to": [18.15, 4.4, 9],
			"rotation": {"angle": 0, "axis": "y", "origin": [6, 0, 0]},
			"faces": {
				"north": {"uv": [3, 9.5, 4.75, 11.75], "texture": "#dark wood blade"},
				"east": {"uv": [7, 9.5, 8.5, 11.75], "texture": "#dark wood blade"},
				"south": {"uv": [11.25, 9.5, 13, 11.75], "texture": "#dark wood blade"},
				"west": {"uv": [7.5, 9.5, 9, 11.75], "texture": "#dark wood blade"},
				"up": {"uv": [11.25, 7.5, 13, 9], "texture": "#dark wood blade"},
				"down": {"uv": [4.75, 9, 3, 7.5], "texture": "#dark wood blade"}
			}
		}
	],
	"gui_light": "front",
	"display": {
		"thirdperson_righthand": {
			"rotation": [0, -90, 0],
			"translation": [0, -0.75, -5.5],
			"scale": [0.8, 0.8, 0.78]
		},
		"thirdperson_lefthand": {
			"rotation": [0, 90, 0],
			"translation": [0, -0.75, -5.5],
			"scale": [0.8, 0.8, 0.78]
		},
		"firstperson_righthand": {
			"rotation": [47.07, -79.61, 24.79],
			"translation": [0, 3.5, -7.75],
			"scale": [0.78, 0.78, 0.69]
		},
		"firstperson_lefthand": {
			"rotation": [-128.46, 77.65, 149.97],
			"translation": [1.25, 4, -9.25],
			"scale": [0.78, 0.78, 0.69]
		},
		"ground": {
			"translation": [-7, -1, 0]
		},
		"gui": {
			"rotation": [0, 0, -45],
			"translation": [-4.75, 3.75, 0],
			"scale": [0.91, 0.91, 1]
		},
		"fixed": {
			"rotation": [0, 180, -45],
			"translation": [1.5, 0.5, 0],
			"scale": [1.12, 1.12, 0.99]
		}
	}
}