{
	"credit": "Made by SrDarmith - YouTube: Mainclay",
	"textures": {
		"texture": "item/door_iron_lower",
		"particle": "item/wool_colored_black",
		"dark wood blade": "item/wool_colored_black"
	},
	"elements": [
		{
			"from": [10.9, 4.55, 7.5],
			"to": [12.85, 4.8, 9],
			"rotation": {"angle": 0, "axis": "y", "origin": [-0.25, -0.15, 0]},
			"faces": {
				"north": {"uv": [10, 7, 9, 6], "texture": "#dark wood blade"},
				"east": {"uv": [10, 7, 9, 6], "texture": "#dark wood blade"},
				"south": {"uv": [10, 7, 9, 6], "texture": "#dark wood blade"},
				"west": {"uv": [10, 7, 9, 6], "texture": "#dark wood blade"},
				"up": {"uv": [10, 7, 9, 6], "texture": "#dark wood blade"},
				"down": {"uv": [9, 6, 10, 7], "texture": "#dark wood blade"}
			}
		},
		{
			"from": [11.925, 11.425, 7.725],
			"to": [12.35, 11.675, 8.1],
			"rotation": {"angle": 0, "axis": "y", "origin": [0.375, -0.175, 0.25]},
			"faces": {
				"north": {"uv": [10.5, 3.75, 11, 4], "texture": "#dark wood blade"},
				"east": {"uv": [8.25, 3.75, 8.5, 4], "texture": "#dark wood blade"},
				"south": {"uv": [5, 3.75, 5.5, 4], "texture": "#dark wood blade"},
				"west": {"uv": [7.5, 3.75, 7.75, 4], "texture": "#dark wood blade"},
				"up": {"uv": [7.5, 10.5, 7.75, 11], "rotation": 90, "texture": "#dark wood blade"}
			}
		},
		{
			"from": [11.925, 11.425, 8.1],
			"to": [12.35, 11.525, 8.4],
			"rotation": {"angle": 0, "axis": "y", "origin": [0.375, -0.175, 0.25]},
			"faces": {
				"north": {"uv": [10.5, 3.75, 11, 4], "texture": "#dark wood blade"},
				"east": {"uv": [8.25, 3.75, 8.5, 4], "texture": "#dark wood blade"},
				"south": {"uv": [5, 3.75, 5.5, 4], "texture": "#dark wood blade"},
				"west": {"uv": [7.5, 3.75, 7.75, 4], "texture": "#dark wood blade"},
				"up": {"uv": [7.5, 10.5, 7.75, 11], "rotation": 90, "texture": "#dark wood blade"}
			}
		},
		{
			"from": [2.425, 11.175, 8.1],
			"to": [2.775, 11.575, 8.4],
			"rotation": {"angle": 0, "axis": "y", "origin": [0.375, -0.175, 0.25]},
			"faces": {
				"north": {"uv": [10.5, 3.75, 11, 4], "texture": "#dark wood blade"},
				"east": {"uv": [8.25, 3.75, 8.5, 4], "texture": "#dark wood blade"},
				"south": {"uv": [5, 3.75, 5.5, 4], "texture": "#dark wood blade"},
				"west": {"uv": [7.5, 3.75, 7.75, 4], "texture": "#dark wood blade"},
				"up": {"uv": [7.5, 10.5, 7.75, 11], "rotation": 90, "texture": "#dark wood blade"}
			}
		},
		{
			"from": [2.775, 11.175, 8.1],
			"to": [3.125, 11.45, 8.4],
			"rotation": {"angle": 0, "axis": "y", "origin": [0.375, -0.175, 0.25]},
			"faces": {
				"north": {"uv": [10.5, 3.75, 11, 4], "texture": "#dark wood blade"},
				"east": {"uv": [8.25, 3.75, 8.5, 4], "texture": "#dark wood blade"},
				"south": {"uv": [5, 3.75, 5.5, 4], "texture": "#dark wood blade"},
				"west": {"uv": [7.5, 3.75, 7.75, 4], "texture": "#dark wood blade"},
				"up": {"uv": [7.5, 10.5, 7.75, 11], "rotation": 90, "texture": "#dark wood blade"}
			}
		},
		{
			"from": [11.925, 11.425, 8.4],
			"to": [12.35, 11.675, 8.775],
			"rotation": {"angle": 0, "axis": "y", "origin": [-0.25, -0.175, 0.25]},
			"faces": {
				"north": {"uv": [10.5, 3.75, 11, 4], "texture": "#dark wood blade"},
				"east": {"uv": [8.25, 3.75, 8.5, 4], "texture": "#dark wood blade"},
				"south": {"uv": [5, 3.75, 5.5, 4], "texture": "#dark wood blade"},
				"west": {"uv": [7.5, 3.75, 7.75, 4], "texture": "#dark wood blade"},
				"up": {"uv": [7.5, 10.5, 7.75, 11], "rotation": 90, "texture": "#dark wood blade"}
			}
		},
		{
			"from": [10.25, 8.55, 7.5],
			"to": [12.275, 8.95, 9],
			"rotation": {"angle": 0, "axis": "y", "origin": [-0.25, -0.15, 0]},
			"faces": {
				"north": {"uv": [10, 7, 9, 6], "texture": "#dark wood blade"},
				"east": {"uv": [10, 7, 9, 6], "texture": "#dark wood blade"},
				"south": {"uv": [10, 7, 9, 6], "texture": "#dark wood blade"},
				"west": {"uv": [10, 7, 9, 6], "texture": "#dark wood blade"},
				"up": {"uv": [10, 7, 9, 6], "texture": "#dark wood blade"},
				"down": {"uv": [9, 6, 10, 7], "texture": "#dark wood blade"}
			}
		},
		{
			"from": [11.5, 8.85, 7.5],
			"to": [12.275, 9.2, 9],
			"rotation": {"angle": 0, "axis": "y", "origin": [-0.25, -0.15, 0]},
			"faces": {
				"north": {"uv": [10, 7, 9, 6], "texture": "#dark wood blade"},
				"east": {"uv": [10, 7, 9, 6], "texture": "#dark wood blade"},
				"south": {"uv": [10, 7, 9, 6], "texture": "#dark wood blade"},
				"west": {"uv": [10, 7, 9, 6], "texture": "#dark wood blade"},
				"up": {"uv": [10, 7, 9, 6], "texture": "#dark wood blade"},
				"down": {"uv": [9, 6, 10, 7], "texture": "#dark wood blade"}
			}
		},
		{
			"from": [10.575, 7.675, 7.5],
			"to": [12.55, 8.575, 9],
			"rotation": {"angle": 0, "axis": "y", "origin": [-0.25, -0.15, 0]},
			"faces": {
				"north": {"uv": [10, 7, 9, 6], "texture": "#dark wood blade"},
				"east": {"uv": [10, 7, 9, 6], "texture": "#dark wood blade"},
				"south": {"uv": [10, 7, 9, 6], "texture": "#dark wood blade"},
				"west": {"uv": [10, 7, 9, 6], "texture": "#dark wood blade"},
				"up": {"uv": [10, 7, 9, 6], "texture": "#dark wood blade"},
				"down": {"uv": [9, 6, 10, 7], "texture": "#dark wood blade"}
			}
		},
		{
			"from": [9.75, 8.925, 7.675],
			"to": [9.75, 9.1, 8.825],
			"rotation": {"angle": 0, "axis": "y", "origin": [-0.25, 0.2, 0]},
			"faces": {
				"north": {"uv": [2.5, 7, 8.5, 7.25], "texture": "#texture"},
				"east": {"uv": [7.25, 7, 8.25, 7.25], "texture": "#texture"},
				"south": {"uv": [7.5, 7, 13.5, 7.25], "texture": "#texture"},
				"west": {"uv": [7.75, 7, 8.75, 7.25], "texture": "#texture"},
				"up": {"uv": [7.5, 7.75, 13.5, 8.75], "texture": "#texture"},
				"down": {"uv": [8.5, 8.75, 2.5, 7.75], "texture": "#texture"}
			}
		},
		{
			"from": [10.5, 9.075, 7.675],
			"to": [12.9, 9.425, 8.825],
			"rotation": {"angle": 0, "axis": "y", "origin": [-0.25, -0.175, 0]},
			"faces": {
				"north": {"uv": [4.5, 6, 12.25, 6.75], "texture": "#texture"},
				"east": {"uv": [7, 6, 8.5, 6.75], "texture": "#texture"},
				"south": {"uv": [3.75, 6, 12.5, 6.75], "texture": "#texture"},
				"west": {"uv": [7.5, 6, 9, 6.75], "texture": "#texture"},
				"down": {"uv": [12.25, 9, 3.5, 7.5], "texture": "#texture"}
			}
		},
		{
			"from": [7.525, 8.925, 7.675],
			"to": [10, 9.075, 8.825],
			"rotation": {"angle": 0, "axis": "y", "origin": [-0.25, 0.2, 0]},
			"faces": {
				"north": {"uv": [2.5, 7, 8.5, 7.25], "texture": "#texture"},
				"east": {"uv": [7.25, 7, 8.25, 7.25], "texture": "#texture"},
				"south": {"uv": [7.5, 7, 13.5, 7.25], "texture": "#texture"},
				"west": {"uv": [7.75, 7, 8.75, 7.25], "texture": "#texture"},
				"up": {"uv": [7.5, 7.75, 13.5, 8.75], "texture": "#texture"},
				"down": {"uv": [8.5, 8.75, 2.5, 7.75], "texture": "#texture"}
			}
		},
		{
			"from": [10.25, 8.075, 7.675],
			"to": [12.075, 9.075, 8.825],
			"rotation": {"angle": 0, "axis": "y", "origin": [-0.25, -0.15, 0]},
			"faces": {
				"north": {"uv": [3.5, 6.75, 9, 7], "texture": "#texture"},
				"east": {"uv": [7, 6.75, 8.5, 7], "texture": "#texture"},
				"south": {"uv": [7, 6.75, 12.5, 7], "texture": "#texture"},
				"west": {"uv": [7.5, 6.75, 9, 7], "texture": "#texture"},
				"down": {"uv": [9, 9, 3.5, 7.5], "texture": "#texture"}
			}
		},
		{
			"from": [13.175, 8.825, 7.675],
			"to": [13.525, 8.975, 8.825],
			"rotation": {"angle": 0, "axis": "y", "origin": [-0.25, -19, 0]},
			"faces": {
				"north": {"uv": [2.5, 5, 8.5, 5.25], "texture": "#texture"},
				"east": {"uv": [7.25, 5, 8.25, 5.25], "texture": "#texture"},
				"south": {"uv": [7.5, 5, 13.5, 5.25], "texture": "#texture"},
				"west": {"uv": [7.75, 5, 8.75, 5.25], "texture": "#texture"},
				"up": {"uv": [7.5, 5.75, 13.5, 6.75], "texture": "#texture"},
				"down": {"uv": [8.5, 6.75, 2.5, 5.75], "texture": "#texture"}
			}
		},
		{
			"from": [13.175, 8.975, 7.675],
			"to": [14.05, 9.225, 8.825],
			"rotation": {"angle": 0, "axis": "y", "origin": [-0.25, -19.25, 0]},
			"faces": {
				"north": {"uv": [2, 6.75, 3.5, 7], "texture": "#texture"},
				"east": {"uv": [7.25, 6.75, 8.25, 7], "texture": "#texture"},
				"south": {"uv": [12.5, 6.75, 14, 7], "texture": "#texture"},
				"up": {"uv": [12.5, 7.75, 14, 8.75], "texture": "#texture"},
				"down": {"uv": [3.5, 8.75, 2, 7.75], "texture": "#texture"}
			}
		},
		{
			"from": [12.9, 8.7, 7.675],
			"to": [13.175, 9.65, 8.825],
			"rotation": {"angle": 0, "axis": "y", "origin": [-0.25, -19.25, 0]},
			"faces": {
				"north": {"uv": [3.25, 4.75, 3.5, 6.75], "texture": "#texture"},
				"east": {"uv": [7.25, 4.75, 8.25, 6.75], "texture": "#texture"},
				"south": {"uv": [12.5, 4.75, 12.75, 6.75], "texture": "#texture"},
				"west": {"uv": [7.75, 4.75, 8.75, 6.75], "texture": "#texture"},
				"up": {"uv": [12.5, 7.75, 12.75, 8.75], "texture": "#texture"},
				"down": {"uv": [3, 6, 4, 7], "texture": "#texture"}
			}
		},
		{
			"from": [12.675, 8.4, 7.675],
			"to": [12.9, 8.75, 8.825],
			"rotation": {"angle": 0, "axis": "y", "origin": [-0.25, -19.25, 0]},
			"faces": {
				"north": {"uv": [2.75, 7.25, 5.5, 7.5], "texture": "#texture"},
				"east": {"uv": [7.25, 7.25, 8.25, 7.5], "texture": "#texture"},
				"south": {"uv": [10.5, 7.25, 13.25, 7.5], "texture": "#texture"},
				"down": {"uv": [5.5, 8.75, 2.75, 7.75], "texture": "#texture"}
			}
		},
		{
			"from": [12.825, 4.55, 7.5],
			"to": [13.1, 6.225, 9],
			"rotation": {"angle": 0, "axis": "y", "origin": [-0.25, -0.15, 0]},
			"faces": {
				"north": {"uv": [10, 7, 9, 6], "texture": "#dark wood blade"},
				"east": {"uv": [10, 7, 9, 6], "texture": "#dark wood blade"},
				"south": {"uv": [10, 7, 9, 6], "texture": "#dark wood blade"},
				"west": {"uv": [10, 7, 9, 6], "texture": "#dark wood blade"},
				"up": {"uv": [10, 7, 9, 6], "texture": "#dark wood blade"},
				"down": {"uv": [9, 6, 10, 7], "texture": "#dark wood blade"}
			}
		},
		{
			"from": [10.25, 7.35, 7.5],
			"to": [10.575, 8.65, 9],
			"rotation": {"angle": 0, "axis": "y", "origin": [-0.25, -0.15, 0]},
			"faces": {
				"north": {"uv": [10, 7, 9, 6], "texture": "#dark wood blade"},
				"east": {"uv": [10, 7, 9, 6], "texture": "#dark wood blade"},
				"south": {"uv": [10, 7, 9, 6], "texture": "#dark wood blade"},
				"west": {"uv": [10, 7, 9, 6], "texture": "#dark wood blade"},
				"up": {"uv": [10, 7, 9, 6], "texture": "#dark wood blade"},
				"down": {"uv": [9, 6, 10, 7], "texture": "#dark wood blade"}
			}
		},
		{
			"from": [13.05, 4.55, 7.675],
			"to": [13.375, 5.925, 8.825],
			"rotation": {"angle": 0, "axis": "y", "origin": [-0.25, -0.15, 0]},
			"faces": {
				"north": {"uv": [10, 7, 9, 6], "texture": "#dark wood blade"},
				"east": {"uv": [10, 7, 9, 6], "texture": "#dark wood blade"},
				"south": {"uv": [10, 7, 9, 6], "texture": "#dark wood blade"},
				"west": {"uv": [9, 6, 10, 7], "texture": "#dark wood blade"},
				"up": {"uv": [10, 7, 9, 6], "texture": "#dark wood blade"},
				"down": {"uv": [9, 6, 10, 7], "texture": "#dark wood blade"}
			}
		},
		{
			"from": [10.65, 4.15, 7.675],
			"to": [13.075, 5.775, 8.825],
			"rotation": {"angle": 0, "axis": "y", "origin": [-0.25, -0.15, 0]},
			"faces": {
				"north": {"uv": [2.75, 9.75, 5.25, 12], "texture": "#texture"},
				"east": {"uv": [7.25, 9.75, 8.25, 12], "texture": "#texture"},
				"south": {"uv": [10.75, 9.75, 13.25, 12], "texture": "#texture"},
				"west": {"uv": [7.75, 9.75, 8.75, 12], "texture": "#texture"},
				"down": {"uv": [5.25, 8.75, 2.75, 7.75], "texture": "#texture"}
			}
		},
		{
			"from": [10.475, 4.15, 7.675],
			"to": [10.65, 4.525, 8.825],
			"rotation": {"angle": 0, "axis": "y", "origin": [-0.25, -0.15, 0]},
			"faces": {
				"north": {"uv": [2.75, 9.75, 5.25, 12], "texture": "#texture"},
				"east": {"uv": [7.25, 9.75, 8.25, 12], "texture": "#texture"},
				"south": {"uv": [10.75, 9.75, 13.25, 12], "texture": "#texture"},
				"west": {"uv": [7.75, 9.75, 8.75, 12], "texture": "#texture"},
				"up": {"uv": [5, 8, 6, 9], "texture": "#texture"},
				"down": {"uv": [5.25, 8.75, 2.75, 7.75], "texture": "#texture"}
			}
		},
		{
			"from": [9.675, 7.8, 8.05],
			"to": [9.925, 9.3, 8.45],
			"rotation": {"angle": -22.5, "axis": "z", "origin": [9.75, 9.075, 8]},
			"faces": {
				"north": {"uv": [15, 11, 14, 10], "texture": "#texture"},
				"east": {"uv": [15, 11, 14, 10], "texture": "#texture"},
				"south": {"uv": [15, 11, 14, 10], "texture": "#texture"},
				"west": {"uv": [15, 11, 14, 10], "texture": "#texture"},
				"down": {"uv": [14, 10, 15, 11], "texture": "#texture"}
			}
		},
		{
			"from": [10.9, 4.75, 7.5],
			"to": [12.85, 6.85, 9],
			"rotation": {"angle": 0, "axis": "y", "origin": [-0.25, -0.15, 0]},
			"faces": {
				"north": {"uv": [10, 7, 9, 6], "texture": "#dark wood blade"},
				"east": {"uv": [10, 7, 9, 6], "texture": "#dark wood blade"},
				"south": {"uv": [10, 7, 9, 6], "texture": "#dark wood blade"},
				"west": {"uv": [10, 7, 9, 6], "texture": "#dark wood blade"},
				"up": {"uv": [10, 7, 9, 6], "texture": "#dark wood blade"},
				"down": {"uv": [9, 6, 10, 7], "texture": "#dark wood blade"}
			}
		},
		{
			"from": [10.575, 6, 7.5],
			"to": [12.9, 7.725, 9],
			"rotation": {"angle": 0, "axis": "y", "origin": [-0.25, -0.15, 0]},
			"faces": {
				"north": {"uv": [10, 6, 9, 7], "texture": "#dark wood blade"},
				"east": {"uv": [10, 6, 9, 7], "texture": "#dark wood blade"},
				"south": {"uv": [10, 6, 9, 7], "texture": "#dark wood blade"},
				"west": {"uv": [10, 6, 9, 7], "texture": "#dark wood blade"},
				"up": {"uv": [10, 7, 9, 6], "texture": "#dark wood blade"},
				"down": {"uv": [9, 6, 10, 7], "texture": "#dark wood blade"}
			}
		},
		{
			"from": [20.15, 8.55, 8],
			"to": [20.9, 8.75, 8.5],
			"rotation": {"angle": 22.5, "axis": "z", "origin": [12.65, -8.75, 8]},
			"faces": {
				"north": {"uv": [6.5, 8.75, 7.75, 9], "texture": "#texture"},
				"east": {"uv": [7.25, 10.75, 8.25, 11.25], "texture": "#texture"},
				"south": {"uv": [10.25, 8.75, 11.5, 9], "texture": "#texture"},
				"up": {"uv": [14.25, 7.75, 15.5, 8.75], "texture": "#texture"},
				"down": {"uv": [1.75, 8.75, 0.5, 7.75], "texture": "#texture"}
			}
		},
		{
			"from": [20.275, 8.75, 8],
			"to": [21.275, 9, 8.5],
			"rotation": {"angle": 22.5, "axis": "z", "origin": [12.65, -8.75, 8]},
			"faces": {
				"north": {"uv": [6.5, 8.75, 7.75, 9.25], "texture": "#texture"},
				"east": {"uv": [7.25, 10.75, 8.25, 11.25], "texture": "#texture"},
				"south": {"uv": [10.25, 8.75, 11.5, 9.25], "texture": "#texture"},
				"up": {"uv": [14.25, 7.75, 15.5, 8.75], "texture": "#texture"},
				"down": {"uv": [1.75, 8.75, 0.5, 7.75], "texture": "#texture"}
			}
		},
		{
			"from": [12.075, 7.35, 7.675],
			"to": [12.7, 9.075, 8.825],
			"rotation": {"angle": 0, "axis": "y", "origin": [-0.25, -0.15, 0]},
			"faces": {
				"north": {"uv": [3, 7.75, 5.5, 8.5], "texture": "#texture"},
				"east": {"uv": [7.25, 7.75, 8.25, 8.5], "texture": "#texture"},
				"south": {"uv": [10.5, 7.75, 13, 8.5], "texture": "#texture"}
			}
		},
		{
			"from": [12.85, 10.525, 7.525],
			"to": [13.05, 10.95, 8.975],
			"rotation": {"angle": 0, "axis": "y", "origin": [-0.1, -0.25, 0]},
			"faces": {
				"north": {"uv": [15, 7, 14, 5], "texture": "#texture"},
				"east": {"uv": [15, 7, 14, 5], "texture": "#texture"},
				"south": {"uv": [15, 7, 14, 5], "texture": "#texture"},
				"west": {"uv": [14, 7, 15, 5], "texture": "#texture"},
				"up": {"uv": [15, 7, 14, 5], "texture": "#texture"}
			}
		},
		{
			"from": [12.85, 9.35, 7.525],
			"to": [13.225, 10.525, 8.975],
			"rotation": {"angle": 0, "axis": "y", "origin": [-0.1, -0.25, 0]},
			"faces": {
				"north": {"uv": [15, 7, 14, 5], "texture": "#texture"},
				"east": {"uv": [15, 7, 14, 5], "texture": "#texture"},
				"south": {"uv": [15, 7, 14, 5], "texture": "#texture"},
				"west": {"uv": [15, 7, 14, 5], "texture": "#texture"},
				"up": {"uv": [15, 7, 14, 5], "texture": "#texture"},
				"down": {"uv": [15, 7, 14, 5], "texture": "#texture"}
			}
		},
		{
			"from": [11.9, 5.525, 7.675],
			"to": [13.175, 6.6, 8.825],
			"rotation": {"angle": 0, "axis": "y", "origin": [-0.25, -0.15, 0]},
			"faces": {
				"north": {"uv": [10, 7, 9, 6], "texture": "#dark wood blade"},
				"east": {"uv": [10, 7, 9, 6], "texture": "#dark wood blade"},
				"south": {"uv": [10, 7, 9, 6], "texture": "#dark wood blade"},
				"west": {"uv": [10, 7, 9, 6], "texture": "#dark wood blade"},
				"up": {"uv": [10, 7, 9, 6], "texture": "#dark wood blade"},
				"down": {"uv": [9, 6, 10, 7], "texture": "#dark wood blade"}
			}
		},
		{
			"from": [10.325, 5.775, 7.675],
			"to": [11.75, 7.425, 8.825],
			"rotation": {"angle": 0, "axis": "y", "origin": [-0.25, -0.15, 0]},
			"faces": {
				"north": {"uv": [2.75, 9.25, 5.5, 9.75], "texture": "#texture"},
				"east": {"uv": [7.25, 9.25, 8.25, 9.75], "texture": "#texture"},
				"south": {"uv": [10.5, 9.25, 13.25, 9.75], "texture": "#texture"},
				"west": {"uv": [7.75, 9.25, 8.75, 9.75], "texture": "#texture"},
				"up": {"uv": [10.5, 7.75, 13.25, 8.75], "texture": "#texture"},
				"down": {"uv": [5.5, 8.75, 2.75, 7.75], "texture": "#texture"}
			}
		},
		{
			"from": [10, 7.1, 7.675],
			"to": [10.325, 9.075, 8.825],
			"rotation": {"angle": 0, "axis": "y", "origin": [-0.25, -0.15, 0]},
			"faces": {
				"north": {"uv": [5.5, 7.25, 5.75, 9.25], "texture": "#texture"},
				"east": {"uv": [7.25, 7.25, 8.25, 9.25], "texture": "#texture"},
				"south": {"uv": [10.25, 7.25, 10.5, 9.25], "texture": "#texture"},
				"west": {"uv": [7.75, 7.25, 8.75, 9.25], "texture": "#texture"},
				"down": {"uv": [5.75, 8.75, 5.5, 7.75], "texture": "#texture"}
			}
		},
		{
			"from": [13.175, 9.225, 7.675],
			"to": [13.65, 9.425, 8.825],
			"rotation": {"angle": 0, "axis": "y", "origin": [-0.25, -0.15, 0]},
			"faces": {
				"north": {"uv": [2.75, 5.25, 5.5, 5.5], "texture": "#texture"},
				"east": {"uv": [7.25, 5.25, 8.25, 5.5], "texture": "#texture"},
				"south": {"uv": [10.5, 5.25, 13.25, 5.5], "texture": "#texture"},
				"up": {"uv": [4, 6, 5, 7], "texture": "#texture"},
				"down": {"uv": [5.5, 6.75, 2.75, 5.75], "texture": "#texture"}
			}
		},
		{
			"from": [12.7, 8.75, 7.675],
			"to": [12.9, 9.075, 8.825],
			"rotation": {"angle": 0, "axis": "y", "origin": [-0.25, -0.15, 0]},
			"faces": {
				"north": {"uv": [2.75, 7.25, 5.5, 7.5], "texture": "#texture"},
				"east": {"uv": [7.25, 7.25, 8.25, 7.5], "texture": "#texture"},
				"south": {"uv": [10.5, 7.25, 13.25, 7.5], "texture": "#texture"},
				"down": {"uv": [5.5, 8.75, 2.75, 7.75], "texture": "#texture"}
			}
		},
		{
			"from": [9.75, 8.7, 7.675],
			"to": [10, 8.925, 8.825],
			"rotation": {"angle": 0, "axis": "y", "origin": [-0.25, 0.2, 0]},
			"faces": {
				"north": {"uv": [6.5, 7.25, 6.75, 7.5], "texture": "#texture"},
				"east": {"uv": [7.5, 8.25, 8, 8.5], "texture": "#texture"},
				"south": {"uv": [8.25, 7.25, 8.5, 7.5], "texture": "#texture"},
				"west": {"uv": [8, 9, 9, 10], "texture": "#texture"},
				"up": {"uv": [8.25, 8, 8.5, 8.5], "texture": "#texture"},
				"down": {"uv": [8, 9, 9, 10], "texture": "#texture"}
			}
		},
		{
			"from": [11.9, -1.775, 7.9],
			"to": [12.65, -1.525, 8.6],
			"rotation": {"angle": 45, "axis": "z", "origin": [-0.25, 0.2, 0]},
			"faces": {
				"north": {"uv": [6.5, 7.25, 6.75, 7.5], "texture": "#texture"},
				"east": {"uv": [7.5, 8.25, 8, 8.5], "texture": "#texture"},
				"south": {"uv": [9.25, 8.25, 9.5, 8.5], "texture": "#texture"},
				"west": {"uv": [8, 8, 9, 9], "texture": "#texture"},
				"up": {"uv": [8.25, 8, 8.5, 8.5], "texture": "#texture"},
				"down": {"uv": [8, 8, 9, 9], "texture": "#texture"}
			}
		},
		{
			"from": [7.85, 8.7, 7.8],
			"to": [8.5, 8.95, 8.7],
			"rotation": {"angle": 0, "axis": "y", "origin": [-0.25, 0.2, 0]},
			"faces": {
				"north": {"uv": [7.5, 8.25, 7.75, 8.5], "texture": "#texture"},
				"east": {"uv": [7.5, 8.25, 8, 8.5], "texture": "#texture"},
				"south": {"uv": [8.25, 8.25, 8.5, 8.5], "texture": "#texture"},
				"west": {"uv": [8, 8, 9, 9], "texture": "#texture"},
				"up": {"uv": [8.25, 8, 8.5, 8.5], "texture": "#texture"},
				"down": {"uv": [8, 9, 9, 10], "texture": "#texture"}
			}
		},
		{
			"from": [8.35, 7.4, 7.9],
			"to": [9.75, 7.65, 8.6],
			"rotation": {"angle": 0, "axis": "y", "origin": [-0.25, 0.2, 0]},
			"faces": {
				"north": {"uv": [5.75, 8.5, 7.75, 8.75], "texture": "#texture"},
				"south": {"uv": [8.25, 8.5, 10.25, 8.75], "texture": "#texture"},
				"west": {"uv": [8, 8.5, 8.5, 8.75], "texture": "#texture"},
				"up": {"uv": [8.25, 8, 10.25, 8.5], "texture": "#texture"},
				"down": {"uv": [7.75, 8.5, 5.75, 8], "texture": "#texture"}
			}
		},
		{
			"from": [8.1, 7.4, 7.9],
			"to": [8.35, 8.7, 8.6],
			"rotation": {"angle": 0, "axis": "y", "origin": [-0.25, 0.2, 0]},
			"faces": {
				"north": {"uv": [7.75, 7.25, 8, 8.5], "texture": "#texture"},
				"east": {"uv": [7.5, 7.25, 8, 8.5], "texture": "#texture"},
				"south": {"uv": [8, 7.25, 8.25, 8.5], "texture": "#texture"},
				"west": {"uv": [8, 7.25, 8.5, 8.5], "texture": "#texture"},
				"down": {"uv": [8, 8.5, 7.75, 8], "texture": "#texture"}
			}
		},
		{
			"from": [3.75, 9.35, 8.5],
			"to": [12.85, 9.95, 8.975],
			"rotation": {"angle": 0, "axis": "y", "origin": [-0.1, -0.25, 0]},
			"faces": {
				"north": {"uv": [15, 7, 13, 5], "texture": "#texture"},
				"east": {"uv": [15, 7, 13, 5], "texture": "#texture"},
				"south": {"uv": [15, 7, 13, 5], "texture": "#texture"},
				"west": {"uv": [15, 7, 13, 5], "texture": "#texture"},
				"up": {"uv": [15, 7, 13, 5], "texture": "#texture"},
				"down": {"uv": [13, 5, 15, 7], "texture": "#texture"}
			}
		},
		{
			"from": [3.75, 9.35, 7.525],
			"to": [12.85, 9.95, 8],
			"rotation": {"angle": 0, "axis": "y", "origin": [-0.1, -0.25, 0]},
			"faces": {
				"north": {"uv": [15, 7, 13, 5], "texture": "#texture"},
				"east": {"uv": [15, 7, 13, 5], "texture": "#texture"},
				"south": {"uv": [13, 5, 15, 7], "texture": "#texture"},
				"west": {"uv": [15, 7, 13, 5], "texture": "#texture"},
				"up": {"uv": [15, 7, 13, 5], "texture": "#texture"},
				"down": {"uv": [13, 5, 15, 7], "texture": "#texture"}
			}
		},
		{
			"from": [12, 9.425, 7.5],
			"to": [12.4, 11.1, 9],
			"rotation": {"angle": 0, "axis": "y", "origin": [-0.1, -0.25, 0]},
			"faces": {
				"north": {"uv": [9, 7, 7, 6], "texture": "#texture"},
				"east": {"uv": [6.75, 4.75, 7.5, 5.75], "texture": "#texture"},
				"south": {"uv": [7, 6, 9, 7], "texture": "#texture"},
				"west": {"uv": [12, 2, 10, 1], "texture": "#texture"},
				"up": {"uv": [2, 8.5, 12.5, 9.25], "texture": "#texture"},
				"down": {"uv": [14, 9.25, 3.5, 8.5], "texture": "#texture"}
			}
		},
		{
			"from": [11.6, 9.425, 7.5],
			"to": [12, 11.1, 9],
			"rotation": {"angle": 0, "axis": "y", "origin": [-0.1, -0.25, 0]},
			"faces": {
				"north": {"uv": [9, 7, 7, 6], "texture": "#texture"},
				"east": {"uv": [6.75, 4.75, 7.5, 5.75], "texture": "#texture"},
				"south": {"uv": [7, 6, 9, 7], "texture": "#texture"},
				"west": {"uv": [12, 2, 10, 1], "texture": "#texture"},
				"up": {"uv": [2, 8.5, 12.5, 9.25], "texture": "#texture"},
				"down": {"uv": [14, 9.25, 3.5, 8.5], "texture": "#texture"}
			}
		},
		{
			"from": [11.2, 9.425, 7.5],
			"to": [11.6, 11.1, 9],
			"rotation": {"angle": 0, "axis": "y", "origin": [-0.1, -0.25, 0]},
			"faces": {
				"north": {"uv": [9, 7, 7, 6], "texture": "#texture"},
				"east": {"uv": [6.75, 4.75, 7.5, 5.75], "texture": "#texture"},
				"south": {"uv": [7, 6, 9, 7], "texture": "#texture"},
				"west": {"uv": [12, 2, 10, 1], "texture": "#texture"},
				"up": {"uv": [2, 8.5, 12.5, 9.25], "texture": "#texture"},
				"down": {"uv": [14, 9.25, 3.5, 8.5], "texture": "#texture"}
			}
		},
		{
			"from": [10.4, 9.425, 7.5],
			"to": [10.8, 10.7, 9],
			"rotation": {"angle": 0, "axis": "y", "origin": [-0.1, -0.25, 0]},
			"faces": {
				"north": {"uv": [9, 7, 7, 6], "texture": "#texture"},
				"east": {"uv": [6.75, 4.75, 7.5, 5.75], "texture": "#texture"},
				"south": {"uv": [7, 6, 9, 7], "texture": "#texture"},
				"west": {"uv": [12, 2, 10, 1], "texture": "#texture"},
				"up": {"uv": [2, 8.5, 12.5, 9.25], "texture": "#texture"},
				"down": {"uv": [14, 9.25, 3.5, 8.5], "texture": "#texture"}
			}
		},
		{
			"from": [10.8, 9.425, 7.5],
			"to": [11.2, 10.7, 9],
			"rotation": {"angle": 0, "axis": "y", "origin": [-0.1, -0.25, 0]},
			"faces": {
				"north": {"uv": [9, 7, 7, 6], "texture": "#texture"},
				"east": {"uv": [6.75, 4.75, 7.5, 5.75], "texture": "#texture"},
				"south": {"uv": [7, 6, 9, 7], "texture": "#texture"},
				"west": {"uv": [12, 2, 10, 1], "texture": "#texture"},
				"up": {"uv": [2, 8.5, 12.5, 9.25], "texture": "#texture"},
				"down": {"uv": [14, 9.25, 3.5, 8.5], "texture": "#texture"}
			}
		},
		{
			"from": [10, 9.425, 7.5],
			"to": [10.4, 10.7, 9],
			"rotation": {"angle": 0, "axis": "y", "origin": [-0.1, -0.25, 0]},
			"faces": {
				"north": {"uv": [9, 7, 7, 6], "texture": "#texture"},
				"east": {"uv": [6.75, 4.75, 7.5, 5.75], "texture": "#texture"},
				"south": {"uv": [7, 6, 9, 7], "texture": "#texture"},
				"west": {"uv": [12, 2, 10, 1], "texture": "#texture"},
				"up": {"uv": [2, 8.5, 12.5, 9.25], "texture": "#texture"},
				"down": {"uv": [14, 9.25, 3.5, 8.5], "texture": "#texture"}
			}
		},
		{
			"from": [9.6, 9.425, 7.5],
			"to": [10, 10.7, 9],
			"rotation": {"angle": 0, "axis": "y", "origin": [-0.1, -0.25, 0]},
			"faces": {
				"north": {"uv": [9, 7, 7, 6], "texture": "#texture"},
				"east": {"uv": [6.75, 4.75, 7.5, 5.75], "texture": "#texture"},
				"south": {"uv": [7, 6, 9, 7], "texture": "#texture"},
				"west": {"uv": [12, 2, 10, 1], "texture": "#texture"},
				"up": {"uv": [2, 8.5, 12.5, 9.25], "texture": "#texture"},
				"down": {"uv": [14, 9.25, 3.5, 8.5], "texture": "#texture"}
			}
		},
		{
			"from": [3.75, 9.95, 8.5],
			"to": [9.25, 10.325, 8.975],
			"rotation": {"angle": 0, "axis": "y", "origin": [-0.25, -0.25, 0]},
			"faces": {
				"north": {"uv": [13, 5, 15, 7], "texture": "#texture"},
				"east": {"uv": [15, 7, 13, 5], "texture": "#texture"},
				"south": {"uv": [15, 7, 13, 5], "texture": "#texture"},
				"west": {"uv": [13, 5, 15, 7], "texture": "#texture"},
				"up": {"uv": [15, 7, 13, 5], "texture": "#texture"},
				"down": {"uv": [13, 5, 15, 7], "texture": "#texture"}
			}
		},
		{
			"from": [9.25, 9.95, 7.525],
			"to": [12.85, 10.825, 8],
			"rotation": {"angle": 0, "axis": "y", "origin": [-0.1, -0.25, 0]},
			"faces": {
				"north": {"uv": [15, 7, 13, 5], "texture": "#texture"},
				"east": {"uv": [15, 7, 13, 5], "texture": "#texture"},
				"south": {"uv": [13, 5, 15, 7], "texture": "#texture"},
				"west": {"uv": [13, 5, 15, 7], "texture": "#texture"},
				"up": {"uv": [15, 7, 13, 5], "texture": "#texture"},
				"down": {"uv": [13, 5, 15, 7], "texture": "#texture"}
			}
		},
		{
			"from": [9.25, 9.95, 8.5],
			"to": [12.85, 10.825, 8.975],
			"rotation": {"angle": 0, "axis": "y", "origin": [-0.1, -0.25, 0]},
			"faces": {
				"north": {"uv": [13, 5, 15, 7], "texture": "#texture"},
				"east": {"uv": [15, 7, 13, 5], "texture": "#texture"},
				"south": {"uv": [15, 7, 13, 5], "texture": "#texture"},
				"west": {"uv": [13, 5, 15, 7], "texture": "#texture"},
				"up": {"uv": [15, 7, 13, 5], "texture": "#texture"},
				"down": {"uv": [13, 5, 15, 7], "texture": "#texture"}
			}
		},
		{
			"from": [2.125, 10.3, 8.5],
			"to": [7.725, 10.775, 8.8],
			"rotation": {"angle": 0, "axis": "y", "origin": [-0.25, -0.25, 0]},
			"faces": {
				"north": {"uv": [2, 14.5, 7, 14.75], "texture": "#texture"},
				"east": {"uv": [7, 4.5, 8.5, 4.75], "texture": "#texture"},
				"south": {"uv": [3.1, 3.5, 7.9, 3.75], "texture": "#texture"},
				"west": {"uv": [12, 2, 10, 1], "texture": "#texture"},
				"up": {"uv": [7, 7, 8, 8], "texture": "#texture"},
				"down": {"uv": [16, 11, 15, 12], "texture": "#texture"}
			}
		},
		{
			"from": [2.125, 10.3, 7.7],
			"to": [7.725, 10.775, 8],
			"rotation": {"angle": 0, "axis": "y", "origin": [-0.25, -0.25, 0]},
			"faces": {
				"north": {"uv": [3, 3.5, 8, 3.75], "texture": "#texture"},
				"east": {"uv": [7, 4.5, 8.5, 4.75], "texture": "#texture"},
				"south": {"uv": [2, 14.5, 7, 14.75], "texture": "#texture"},
				"west": {"uv": [12, 2, 10, 1], "texture": "#texture"},
				"up": {"uv": [1, 1, 2, 2], "texture": "#texture"},
				"down": {"uv": [16, 11, 15, 12], "texture": "#texture"}
			}
		},
		{
			"from": [9.25, 10.825, 7.525],
			"to": [12.85, 11.225, 8.975],
			"rotation": {"angle": 0, "axis": "y", "origin": [-0.1, -0.25, 0]},
			"faces": {
				"north": {"uv": [15, 7, 13, 5], "texture": "#texture"},
				"east": {"uv": [15, 7, 13, 5], "texture": "#texture"},
				"south": {"uv": [15, 7, 13, 5], "texture": "#texture"},
				"west": {"uv": [15, 7, 13, 5], "texture": "#texture"},
				"up": {"uv": [15, 7, 13, 5], "texture": "#texture"},
				"down": {"uv": [13, 5, 15, 7], "texture": "#texture"}
			}
		},
		{
			"from": [9.25, 11.025, 7.6],
			"to": [12.525, 11.425, 8.9],
			"rotation": {"angle": 0, "axis": "y", "origin": [-0.1, -0.25, 0]},
			"faces": {
				"north": {"uv": [15, 7, 13, 5], "texture": "#texture"},
				"east": {"uv": [15, 7, 13, 5], "texture": "#texture"},
				"south": {"uv": [15, 7, 13, 5], "texture": "#texture"},
				"west": {"uv": [15, 7, 13, 5], "texture": "#texture"},
				"up": {"uv": [15, 7, 13, 5], "texture": "#texture"}
			}
		},
		{
			"from": [2.125, 10.775, 7.85],
			"to": [7.725, 11.225, 8.65],
			"rotation": {"angle": 0, "axis": "y", "origin": [-0.25, -0.25, 0]},
			"faces": {
				"north": {"uv": [3, 3.25, 8, 3.5], "texture": "#texture"},
				"east": {"uv": [7, 4.25, 8.5, 4.5], "texture": "#texture"},
				"south": {"uv": [3.1, 3.25, 7.9, 3.5], "texture": "#texture"},
				"west": {"uv": [12, 2, 10, 1], "texture": "#texture"},
				"up": {"uv": [2.9, 7.1, 7.9, 7.85], "texture": "#texture"},
				"down": {"uv": [0, 0, 1, 1], "texture": "#texture"}
			}
		},
		{
			"from": [7.475, 10.225, 7.6],
			"to": [9.25, 10.825, 8.1],
			"rotation": {"angle": 0, "axis": "y", "origin": [-0.25, -0.25, 0]},
			"faces": {
				"north": {"uv": [3, 3.5, 8, 3.75], "texture": "#texture"},
				"east": {"uv": [7, 4.5, 8.5, 4.75], "texture": "#texture"},
				"south": {"uv": [2, 4.5, 7, 4.75], "texture": "#texture"},
				"west": {"uv": [12, 2, 10, 1], "texture": "#texture"},
				"up": {"uv": [0, 0, 0, 0], "texture": "#texture"},
				"down": {"uv": [16, 11, 15, 12], "texture": "#texture"}
			}
		},
		{
			"from": [7.475, 10.225, 8.4],
			"to": [9.25, 10.825, 8.9],
			"rotation": {"angle": 0, "axis": "y", "origin": [-0.25, -0.25, 0]},
			"faces": {
				"north": {"uv": [8, 3.5, 13, 3.75], "texture": "#texture"},
				"east": {"uv": [7, 4.5, 8.5, 4.75], "texture": "#texture"},
				"south": {"uv": [3.1, 3.5, 7.9, 3.75], "texture": "#texture"},
				"west": {"uv": [12, 2, 10, 1], "texture": "#texture"},
				"up": {"uv": [0, 0, 0, 0], "texture": "#texture"},
				"down": {"uv": [16, 11, 15, 12], "texture": "#texture"}
			}
		},
		{
			"from": [7.475, 10.825, 7.6],
			"to": [9.25, 10.925, 8.9],
			"rotation": {"angle": 0, "axis": "y", "origin": [-0.25, -0.25, 0]},
			"faces": {
				"north": {"uv": [3, 3.5, 8, 3.75], "texture": "#texture"},
				"east": {"uv": [7, 4.5, 8.5, 4.75], "texture": "#texture"},
				"south": {"uv": [3.1, 3.5, 7.9, 3.75], "texture": "#texture"},
				"west": {"uv": [12, 2, 10, 1], "texture": "#texture"},
				"up": {"uv": [9, 7, 10, 8], "texture": "#texture"},
				"down": {"uv": [16, 11, 15, 12], "texture": "#texture"}
			}
		},
		{
			"from": [7.475, 10.925, 7.75],
			"to": [9.25, 11.325, 8.75],
			"rotation": {"angle": 0, "axis": "y", "origin": [-0.25, -0.25, 0]},
			"faces": {
				"north": {"uv": [3, 3.25, 8, 3.5], "texture": "#texture"},
				"east": {"uv": [7, 4.25, 8.5, 4.5], "texture": "#texture"},
				"south": {"uv": [3.1, 3.25, 7.9, 3.5], "texture": "#texture"},
				"west": {"uv": [12, 2, 10, 1], "texture": "#texture"},
				"up": {"uv": [2.9, 7.1, 7.9, 7.85], "texture": "#texture"}
			}
		},
		{
			"from": [2.5, 9.075, 7.675],
			"to": [10.5, 9.925, 8.825],
			"rotation": {"angle": 0, "axis": "y", "origin": [-0.1, -0.175, 0]},
			"faces": {
				"north": {"uv": [4.5, 6, 12.25, 6.75], "texture": "#texture"},
				"east": {"uv": [7, 6, 8.5, 6.75], "texture": "#texture"},
				"south": {"uv": [3.75, 6, 12.5, 6.75], "texture": "#texture"},
				"west": {"uv": [7.5, 6, 9, 6.75], "texture": "#texture"},
				"down": {"uv": [12.25, 8, 3.5, 7.5], "texture": "#texture"}
			}
		},
		{
			"from": [5.825, 7.3, 7.675],
			"to": [6.325, 7.625, 8.825],
			"rotation": {"angle": 22.5, "axis": "z", "origin": [-0.25, -0.175, 0]},
			"faces": {
				"north": {"uv": [7.3, 6.25, 7.55, 6.75], "texture": "#texture"},
				"east": {"uv": [7, 6, 8.5, 6.75], "texture": "#texture"},
				"south": {"uv": [7.35, 6.35, 7.6, 6.85], "texture": "#texture"},
				"west": {"uv": [10.3, 1.1, 10.8, 1.85], "texture": "#texture"},
				"up": {"uv": [5, 8, 6, 9], "texture": "#texture"},
				"down": {"uv": [12.25, 9, 3.5, 7.5], "texture": "#texture"}
			}
		},
		{
			"from": [5.825, 7.625, 7.575],
			"to": [6.175, 8.25, 8.925],
			"rotation": {"angle": 22.5, "axis": "z", "origin": [-0.25, -0.175, 0]},
			"faces": {
				"north": {"uv": [7.3, 6.25, 7.55, 6.75], "texture": "#texture"},
				"east": {"uv": [7, 6, 8.5, 6.75], "texture": "#texture"},
				"south": {"uv": [7.35, 6.35, 7.6, 6.85], "texture": "#texture"},
				"west": {"uv": [10.3, 1.1, 10.8, 1.85], "texture": "#texture"},
				"up": {"uv": [5, 8, 6, 9], "texture": "#texture"},
				"down": {"uv": [12.25, 9, 3.5, 7.5], "texture": "#texture"}
			}
		},
		{
			"from": [13.225, 9.35, 7.525],
			"to": [13.325, 9.975, 8.975],
			"rotation": {"angle": 0, "axis": "y", "origin": [-0.1, -0.25, 0]},
			"faces": {
				"north": {"uv": [15, 7, 13, 5], "texture": "#texture"},
				"east": {"uv": [15, 7, 13, 5], "texture": "#texture"},
				"south": {"uv": [15, 7, 13, 5], "texture": "#texture"},
				"west": {"uv": [13, 5, 15, 7], "texture": "#texture"},
				"up": {"uv": [15, 7, 13, 5], "texture": "#texture"},
				"down": {"uv": [13, 5, 15, 7], "texture": "#texture"}
			}
		},
		{
			"from": [2.125, 9.925, 7.575],
			"to": [10.575, 10.3, 8.925],
			"rotation": {"angle": 0, "axis": "y", "origin": [-0.1, -0.25, 0]},
			"faces": {
				"north": {"uv": [6.5, 6, 14, 7], "texture": "#texture"},
				"east": {"uv": [7.25, 5.5, 8.25, 6.5], "texture": "#texture"},
				"south": {"uv": [4.6, 6.1, 13.8, 7], "texture": "#texture"},
				"west": {"uv": [12, 2, 10, 1], "texture": "#texture"},
				"up": {"uv": [2, 5.95, 11.5, 6.95], "texture": "#texture"},
				"down": {"uv": [14, 8.75, 4.5, 7.75], "texture": "#texture"}
			}
		},
		{
			"from": [2.4, 9.35, 7.575],
			"to": [3.75, 9.925, 8.925],
			"rotation": {"angle": 0, "axis": "y", "origin": [-0.1, -0.25, 0]},
			"faces": {
				"north": {"uv": [7.4, 6.15, 7.9, 6.9], "texture": "#texture"},
				"east": {"uv": [7.25, 5.5, 8.25, 6.5], "texture": "#texture"},
				"south": {"uv": [7.3, 6.15, 7.8, 6.9], "texture": "#texture"},
				"west": {"uv": [12, 2, 10, 1], "texture": "#texture"},
				"up": {"uv": [2, 7.75, 11.5, 8.75], "texture": "#texture"},
				"down": {"uv": [14, 8.75, 4.5, 7.75], "texture": "#texture"}
			}
		},
		{
			"from": [3.75, 9.95, 7.525],
			"to": [9.25, 10.325, 8],
			"rotation": {"angle": 0, "axis": "y", "origin": [-0.25, -0.25, 0]},
			"faces": {
				"north": {"uv": [15, 7, 13, 5], "texture": "#texture"},
				"east": {"uv": [15, 7, 13, 5], "texture": "#texture"},
				"south": {"uv": [13, 5, 15, 7], "texture": "#texture"},
				"west": {"uv": [13, 5, 15, 7], "texture": "#texture"},
				"up": {"uv": [15, 7, 13, 5], "texture": "#texture"},
				"down": {"uv": [13, 5, 15, 7], "texture": "#texture"}
			}
		}
	],
	"gui_light": "front",
	"display": {
		"thirdperson_righthand": {
			"rotation": [0, -90, 0],
			"translation": [0, -0.75, -1],
			"scale": [0.86, 0.87, 0.98]
		},
		"thirdperson_lefthand": {
			"rotation": [0, 90, 0],
			"translation": [-0.25, -0.75, -1],
			"scale": [0.86, 0.87, 0.98]
		},
		"firstperson_righthand": {
			"rotation": [0, -90, 0],
			"translation": [0, 2, -1.75],
			"scale": [0.88, 0.89, 0.94]
		},
		"firstperson_lefthand": {
			"rotation": [0, 90, 0],
			"translation": [-0.25, 2, -1.75],
			"scale": [0.88, 0.89, 0.94]
		},
		"ground": {
			"translation": [-0.25, 0.25, 0],
			"scale": [1, 1.01, 1.1]
		},
		"gui": {
			"rotation": [0, 0, -45],
			"translation": [-1, -0.25, 0],
			"scale": [0.94, 0.95, 1]
		},
		"fixed": {
			"rotation": [0, 180, -45],
			"translation": [1.25, 0, 0],
			"scale": [1.27, 1.27, 1.36]
		}
	}
}