{
	"credit": "Made by SrDarmith - YouTube: Mainclay",
	"textures": {
		"particle": "item/anvil_1",
		"texture": "item/anvil_1"
	},
	"elements": [
		{
			"from": [4, 11.15, 7.675],
			"to": [7.5, 11.55, 8.825],
			"faces": {
				"north": {"uv": [5, 15, 0, 14], "texture": "#texture"},
				"east": {"uv": [5, 15, 0, 14], "texture": "#texture"},
				"south": {"uv": [5, 15, 0, 14], "texture": "#texture"},
				"west": {"uv": [5, 15, 0, 14], "texture": "#texture"},
				"up": {"uv": [5, 15, 0, 14], "texture": "#texture"},
				"down": {"uv": [16, 12, 15, 11], "texture": "#texture"}
			}
		},
		{
			"from": [7.5, 11.15, 8.325],
			"to": [8.75, 11.55, 8.825],
			"faces": {
				"north": {"uv": [5, 15, 0, 14], "texture": "#texture"},
				"east": {"uv": [5, 15, 0, 14], "texture": "#texture"},
				"south": {"uv": [5, 15, 0, 14], "texture": "#texture"},
				"west": {"uv": [5, 15, 0, 14], "texture": "#texture"},
				"up": {"uv": [5, 15, 0, 14], "texture": "#texture"},
				"down": {"uv": [5, 14, 0, 15], "texture": "#texture"}
			}
		},
		{
			"from": [7.5, 11.15, 7.775],
			"to": [8.75, 11.5, 8.425],
			"faces": {
				"north": {"uv": [16, 12, 15, 11], "texture": "#texture"},
				"east": {"uv": [16, 12, 15, 11], "texture": "#texture"},
				"south": {"uv": [16, 12, 15, 11], "texture": "#texture"},
				"west": {"uv": [16, 12, 15, 11], "texture": "#texture"},
				"up": {"uv": [16, 12, 15, 11], "texture": "#texture"},
				"down": {"uv": [15, 11, 16, 12], "texture": "#texture"}
			}
		},
		{
			"from": [8.75, 11.15, 7.675],
			"to": [11.75, 11.55, 8.825],
			"faces": {
				"north": {"uv": [5, 15, 0, 14], "texture": "#texture"},
				"east": {"uv": [5, 15, 0, 14], "texture": "#texture"},
				"south": {"uv": [5, 15, 0, 14], "texture": "#texture"},
				"west": {"uv": [5, 15, 0, 14], "texture": "#texture"},
				"up": {"uv": [5, 15, 0, 14], "texture": "#texture"},
				"down": {"uv": [0, 14, 5, 15], "texture": "#texture"}
			}
		},
		{
			"from": [9, 10, 7.675],
			"to": [11.45, 10.25, 8.825],
			"faces": {
				"north": {"uv": [1.7, 4.25, 9.45, 4.5], "texture": "#texture"},
				"east": {"uv": [7, 5.5, 8.5, 5.75], "texture": "#texture"},
				"south": {"uv": [3.75, 4.25, 10, 4.5], "texture": "#texture"},
				"west": {"uv": [7.5, 5.5, 9, 5.75], "texture": "#texture"},
				"down": {"uv": [12.25, 9, 4.5, 7.5], "texture": "#texture"}
			}
		},
		{
			"from": [4, 10.55, 7.675],
			"to": [11.75, 11.15, 8],
			"faces": {
				"north": {"uv": [5, 15, 0, 14], "texture": "#texture"},
				"east": {"uv": [5, 15, 0, 14], "texture": "#texture"},
				"south": {"uv": [15, 11, 16, 12], "texture": "#texture"},
				"west": {"uv": [5, 15, 0, 14], "texture": "#texture"}
			}
		},
		{
			"from": [4, 10.25, 7.675],
			"to": [11.825, 10.55, 8.825],
			"faces": {
				"north": {"uv": [4.25, 5, 12.25, 5.5], "texture": "#texture"},
				"east": {"uv": [7, 5, 8.5, 5.5], "texture": "#texture"},
				"south": {"uv": [3.75, 5, 11.75, 5.5], "texture": "#texture"},
				"west": {"uv": [7.5, 5, 9, 5.5], "texture": "#texture"},
				"up": {"uv": [16, 12, 15, 11], "texture": "#texture"},
				"down": {"uv": [12.25, 9, 4.25, 7.5], "texture": "#texture"}
			}
		},
		{
			"from": [4, 10.55, 8.5],
			"to": [11.75, 11.15, 8.825],
			"faces": {
				"north": {"uv": [15, 11, 16, 12], "texture": "#texture"},
				"east": {"uv": [5, 15, 0, 14], "texture": "#texture"},
				"south": {"uv": [5, 15, 0, 14], "texture": "#texture"},
				"west": {"uv": [5, 15, 0, 14], "texture": "#texture"}
			}
		},
		{
			"from": [9.75, 10.625, 7.65],
			"to": [10.05, 11.475, 8.85],
			"faces": {
				"north": {"uv": [0, 10, 1, 12], "rotation": 90, "texture": "#texture"},
				"east": {"uv": [5, 15, 0, 14], "texture": "#texture"},
				"south": {"uv": [1, 12, 0, 10], "rotation": 90, "texture": "#texture"},
				"west": {"uv": [5, 15, 0, 14], "texture": "#texture"},
				"up": {"uv": [16, 15, 7, 12], "texture": "#texture"},
				"down": {"uv": [16, 15, 7, 12], "texture": "#texture"}
			}
		},
		{
			"from": [10.05, 10.625, 7.65],
			"to": [10.35, 11.475, 8.85],
			"faces": {
				"north": {"uv": [0, 10, 1, 12], "rotation": 90, "texture": "#texture"},
				"east": {"uv": [5, 15, 0, 14], "texture": "#texture"},
				"south": {"uv": [1, 12, 0, 10], "rotation": 90, "texture": "#texture"},
				"west": {"uv": [5, 15, 0, 14], "texture": "#texture"},
				"up": {"uv": [16, 15, 7, 12], "texture": "#texture"},
				"down": {"uv": [16, 15, 7, 12], "texture": "#texture"}
			}
		},
		{
			"from": [10.35, 10.625, 7.65],
			"to": [10.65, 11.475, 8.85],
			"faces": {
				"north": {"uv": [0, 10, 1, 12], "rotation": 90, "texture": "#texture"},
				"east": {"uv": [5, 15, 0, 14], "texture": "#texture"},
				"south": {"uv": [1, 12, 0, 10], "rotation": 90, "texture": "#texture"},
				"west": {"uv": [5, 15, 0, 14], "texture": "#texture"},
				"up": {"uv": [16, 15, 7, 12], "texture": "#texture"},
				"down": {"uv": [16, 15, 7, 12], "texture": "#texture"}
			}
		},
		{
			"from": [10.65, 10.625, 7.65],
			"to": [10.95, 11.475, 8.85],
			"faces": {
				"north": {"uv": [0, 10, 1, 12], "rotation": 90, "texture": "#texture"},
				"east": {"uv": [5, 15, 0, 14], "texture": "#texture"},
				"south": {"uv": [1, 12, 0, 10], "rotation": 90, "texture": "#texture"},
				"west": {"uv": [5, 15, 0, 14], "texture": "#texture"},
				"up": {"uv": [16, 15, 7, 12], "texture": "#texture"},
				"down": {"uv": [16, 15, 7, 12], "texture": "#texture"}
			}
		},
		{
			"from": [10.95, 10.625, 7.65],
			"to": [11.25, 11.475, 8.85],
			"faces": {
				"north": {"uv": [0, 10, 1, 12], "rotation": 90, "texture": "#texture"},
				"east": {"uv": [5, 15, 0, 14], "texture": "#texture"},
				"south": {"uv": [1, 12, 0, 10], "rotation": 90, "texture": "#texture"},
				"west": {"uv": [5, 15, 0, 14], "texture": "#texture"},
				"up": {"uv": [16, 15, 7, 12], "texture": "#texture"},
				"down": {"uv": [16, 15, 7, 12], "texture": "#texture"}
			}
		},
		{
			"from": [6.5, 9.95, 7.675],
			"to": [9.1, 10.25, 8.825],
			"rotation": {"angle": 0, "axis": "y", "origin": [0, -0.05, 0]},
			"faces": {
				"north": {"uv": [2.2, 5.25, 7.7, 5.5], "texture": "#texture"},
				"east": {"uv": [7.25, 5.75, 8.25, 6], "texture": "#texture"},
				"south": {"uv": [3.75, 5.75, 8.75, 6], "texture": "#texture"},
				"west": {"uv": [7.75, 5.75, 8.75, 6], "texture": "#texture"},
				"down": {"uv": [12.25, 8.75, 6.75, 7.75], "texture": "#texture"}
			}
		},
		{
			"from": [4.025, 10.05, 7.825],
			"to": [6.5, 10.25, 8.675],
			"faces": {
				"north": {"uv": [6.75, 5.75, 12.25, 6], "texture": "#texture"},
				"east": {"uv": [7.25, 5.75, 8.25, 6], "texture": "#texture"},
				"south": {"uv": [3.75, 5.75, 9.25, 6], "texture": "#texture"},
				"west": {"uv": [7.75, 5.75, 8.75, 6], "texture": "#texture"},
				"down": {"uv": [12.25, 8.75, 6.75, 7.75], "texture": "#texture"}
			}
		},
		{
			"from": [3.85, 11.2, 8],
			"to": [4, 11.45, 8.5],
			"faces": {
				"north": {"uv": [12.25, 4.25, 12.5, 4.5], "texture": "#texture"},
				"south": {"uv": [3.5, 4.25, 3.75, 4.5], "texture": "#texture"},
				"west": {"uv": [8, 4.25, 8.5, 4.5], "texture": "#texture"},
				"up": {"uv": [3.5, 8, 3.75, 8.5], "texture": "#texture"},
				"down": {"uv": [15, 12, 16, 11], "texture": "#texture"}
			}
		},
		{
			"from": [3.85, 10.75, 7.8],
			"to": [4, 11.25, 8.05],
			"faces": {
				"north": {"uv": [12.25, 4.5, 12.5, 5], "texture": "#texture"},
				"south": {"uv": [16, 12, 15, 11], "texture": "#texture"},
				"west": {"uv": [7.75, 4.5, 8, 5], "texture": "#texture"},
				"up": {"uv": [3.5, 7.75, 3.75, 8], "texture": "#texture"},
				"down": {"uv": [12.5, 8, 12.25, 7.75], "texture": "#texture"}
			}
		},
		{
			"from": [3.85, 10.75, 8.45],
			"to": [4, 11.25, 8.7],
			"faces": {
				"north": {"uv": [16, 12, 15, 11], "texture": "#texture"},
				"south": {"uv": [3.5, 4.5, 3.75, 5], "texture": "#texture"},
				"west": {"uv": [8.5, 4.5, 8.75, 5], "texture": "#texture"},
				"up": {"uv": [3.5, 8.5, 3.75, 8.75], "texture": "#texture"},
				"down": {"uv": [12.5, 8.75, 12.25, 8.5], "texture": "#texture"}
			}
		},
		{
			"from": [3.85, 10.55, 8],
			"to": [4, 10.8, 8.5],
			"faces": {
				"north": {"uv": [12.25, 5, 12.5, 5.25], "texture": "#texture"},
				"south": {"uv": [3.5, 5, 3.75, 5.25], "texture": "#texture"},
				"west": {"uv": [8, 5, 8.5, 5.25], "texture": "#texture"},
				"up": {"uv": [16, 12, 15, 11], "texture": "#texture"},
				"down": {"uv": [12.5, 8.5, 12.25, 8], "texture": "#texture"}
			}
		},
		{
			"from": [11.5, 10.525, 7.75],
			"to": [11.775, 11.525, 8.75],
			"faces": {
				"north": {"uv": [4.25, 4.25, 6.25, 5.25], "texture": "#texture"},
				"east": {"uv": [3, 14.05, 3.9, 14.95], "texture": "#texture"},
				"south": {"uv": [9.75, 4.25, 11.75, 5.25], "texture": "#texture"},
				"west": {"uv": [7.75, 4.25, 8.75, 5.25], "texture": "#texture"},
				"up": {"uv": [9.75, 7.75, 11.75, 8.75], "texture": "#texture"},
				"down": {"uv": [6.25, 8.75, 4.25, 7.75], "texture": "#texture"}
			}
		},
		{
			"from": [9.3, 8.575, 7.7],
			"to": [11.425, 9.325, 8.8],
			"faces": {
				"north": {"uv": [4.5, 6.75, 6, 7.75], "texture": "#texture"},
				"east": {"uv": [7.25, 6.75, 8.25, 7.75], "texture": "#texture"},
				"south": {"uv": [9.5, 7.25, 11.5, 7.75], "texture": "#texture"},
				"west": {"uv": [7.75, 6.75, 8.75, 7.75], "texture": "#texture"},
				"up": {"uv": [9.5, 7.75, 11.5, 8.75], "texture": "#texture"},
				"down": {"uv": [6.5, 8.75, 4.5, 7.75], "texture": "#texture"}
			}
		},
		{
			"from": [9.1, 9.25, 7.675],
			"to": [11.2, 10, 8.825],
			"faces": {
				"north": {"uv": [5, 5, 7, 6], "texture": "#texture"},
				"east": {"uv": [7.25, 5.75, 8.25, 6.75], "texture": "#texture"},
				"south": {"uv": [9, 6, 11.25, 6.75], "texture": "#texture"},
				"west": {"uv": [7.75, 5.75, 8.75, 6.75], "texture": "#texture"},
				"down": {"uv": [7, 8.75, 4.75, 7.75], "texture": "#texture"}
			}
		},
		{
			"from": [9.55, 7.825, 7.7],
			"to": [11.675, 8.575, 8.8],
			"faces": {
				"north": {"uv": [4.25, 7.75, 6.25, 8], "texture": "#texture"},
				"east": {"uv": [7.25, 7.75, 8.25, 8.75], "texture": "#texture"},
				"south": {"uv": [9.75, 7.75, 11.75, 8], "texture": "#texture"},
				"west": {"uv": [7.75, 7.75, 8.75, 8.75], "texture": "#texture"},
				"up": {"uv": [9.75, 7.75, 11.75, 8.75], "texture": "#texture"},
				"down": {"uv": [6.25, 8.75, 4.25, 7.75], "texture": "#texture"}
			}
		},
		{
			"from": [9.75, 7.075, 7.7],
			"to": [11.875, 7.825, 8.8],
			"faces": {
				"north": {"uv": [4, 9, 6, 9.75], "texture": "#texture"},
				"east": {"uv": [7.25, 8.75, 8.25, 9.75], "texture": "#texture"},
				"south": {"uv": [10, 9.25, 12, 9.75], "texture": "#texture"},
				"west": {"uv": [7.75, 8.75, 8.75, 9.75], "texture": "#texture"},
				"up": {"uv": [10, 7.75, 12, 8.75], "texture": "#texture"},
				"down": {"uv": [6, 8.75, 4, 7.75], "texture": "#texture"}
			}
		},
		{
			"from": [9.975, 6.325, 7.7],
			"to": [11.875, 7.075, 8.8],
			"faces": {
				"north": {"uv": [4, 9, 6, 9.75], "texture": "#texture"},
				"east": {"uv": [7.25, 8.75, 8.25, 9.75], "texture": "#texture"},
				"south": {"uv": [10, 9.25, 12, 9.75], "texture": "#texture"},
				"west": {"uv": [7.75, 8.75, 8.75, 9.75], "texture": "#texture"},
				"up": {"uv": [10, 7.75, 12, 8.75], "texture": "#texture"},
				"down": {"uv": [6, 8.75, 4, 7.75], "texture": "#texture"}
			}
		},
		{
			"from": [11.875, 6.4, 7.7],
			"to": [12.1, 7.075, 8.8],
			"faces": {
				"north": {"uv": [4, 9, 5, 9.75], "texture": "#texture"},
				"east": {"uv": [7.25, 8.75, 8.25, 9.75], "texture": "#texture"},
				"south": {"uv": [11, 9.25, 12, 9.75], "texture": "#texture"},
				"west": {"uv": [7.75, 8.75, 8.75, 9.75], "texture": "#texture"},
				"up": {"uv": [10, 7.75, 12, 8.75], "texture": "#texture"},
				"down": {"uv": [6, 8.75, 4, 7.75], "texture": "#texture"}
			}
		},
		{
			"from": [7.15, 8.95, 7.95],
			"to": [7.4, 9.95, 8.55],
			"rotation": {"angle": 0, "axis": "y", "origin": [0, -0.05, 0]},
			"faces": {
				"north": {"uv": [8.75, 6, 9, 7.25], "texture": "#texture"},
				"east": {"uv": [7.5, 6, 8, 7.25], "texture": "#texture"},
				"south": {"uv": [7, 6, 7.25, 7.25], "texture": "#texture"},
				"west": {"uv": [8, 6, 8.5, 7.25], "texture": "#texture"},
				"down": {"uv": [9, 8.5, 8.75, 8], "texture": "#texture"}
			}
		},
		{
			"from": [12.5, -0.175, 7.95],
			"to": [13.25, 0.075, 8.55],
			"rotation": {"angle": 45, "axis": "z", "origin": [0, -0.05, 0]},
			"faces": {
				"north": {"uv": [6.75, 6.75, 7.25, 7], "texture": "#texture"},
				"east": {"uv": [7.5, 6.75, 8, 7], "texture": "#texture"},
				"south": {"uv": [8.75, 6.75, 9.25, 7], "texture": "#texture"},
				"west": {"uv": [8, 6.75, 8.5, 7], "texture": "#texture"},
				"up": {"uv": [8.75, 8, 9.25, 8.5], "texture": "#texture"},
				"down": {"uv": [7.25, 8.5, 6.75, 8], "texture": "#texture"}
			}
		},
		{
			"from": [3.95, 12.45, 7.675],
			"to": [4.7, 12.7, 8.825],
			"rotation": {"angle": -22.5, "axis": "z", "origin": [0, -0.05, 0]},
			"faces": {
				"north": {"uv": [8.25, 7.25, 9, 7.75], "rotation": 180, "texture": "#texture"},
				"east": {"uv": [8, 6.75, 8.5, 7], "rotation": 180, "texture": "#texture"},
				"south": {"uv": [8.75, 6.75, 9.25, 7], "rotation": 180, "texture": "#texture"},
				"west": {"uv": [7.5, 6.75, 8, 7], "rotation": 180, "texture": "#texture"},
				"up": {"uv": [7.25, 8.5, 6.75, 8], "rotation": 180, "texture": "#texture"},
				"down": {"uv": [8.75, 8, 9.25, 8.5], "rotation": 180, "texture": "#texture"}
			}
		},
		{
			"from": [8.725, 9.3, 8.075],
			"to": [8.975, 10.55, 8.425],
			"rotation": {"angle": -22.5, "axis": "z", "origin": [8.25, 10.45, 8]},
			"faces": {
				"north": {"uv": [5.75, 0.5, 6, 1.75], "texture": "#texture"},
				"east": {"uv": [7.5, 0.5, 8, 1.75], "texture": "#texture"},
				"south": {"uv": [10, 0.5, 10.25, 1.75], "texture": "#texture"},
				"west": {"uv": [8, 0.5, 8.5, 1.75], "texture": "#texture"},
				"down": {"uv": [6, 8.5, 5.75, 8], "texture": "#texture"}
			}
		},
		{
			"from": [7.075, 8.7, 7.95],
			"to": [8.925, 8.95, 8.55],
			"rotation": {"angle": 0, "axis": "y", "origin": [0, -0.05, 0]},
			"faces": {
				"north": {"uv": [7, 7, 8.75, 7.25], "texture": "#texture"},
				"east": {"uv": [7.5, 7, 8, 7.25], "texture": "#texture"},
				"south": {"uv": [7.25, 7, 9, 7.25], "texture": "#texture"},
				"west": {"uv": [0, 0, 1, 1], "texture": "#texture"},
				"up": {"uv": [7.25, 8, 9, 8.5], "texture": "#texture"},
				"down": {"uv": [8.75, 8.5, 7, 8], "texture": "#texture"}
			}
		},
		{
			"from": [7.075, 9.725, 7.95],
			"to": [7.15, 9.975, 8.55],
			"rotation": {"angle": 0, "axis": "y", "origin": [0, -0.05, 0]},
			"faces": {
				"north": {"uv": [7, 7, 8.75, 7.25], "texture": "#texture"},
				"east": {"uv": [7.5, 7, 8, 7.25], "texture": "#texture"},
				"south": {"uv": [7.25, 7, 9, 7.25], "texture": "#texture"},
				"west": {"uv": [0, 0, 1, 1], "texture": "#texture"},
				"up": {"uv": [7.25, 8, 9, 8.5], "texture": "#texture"},
				"down": {"uv": [8.75, 8.5, 7, 8], "texture": "#texture"}
			}
		},
		{
			"from": [7.4, 9.725, 7.95],
			"to": [7.475, 9.975, 8.55],
			"rotation": {"angle": 0, "axis": "y", "origin": [0, -0.05, 0]},
			"faces": {
				"north": {"uv": [7, 7, 8.75, 7.25], "texture": "#texture"},
				"east": {"uv": [7.5, 7, 8, 7.25], "texture": "#texture"},
				"south": {"uv": [7.25, 7, 9, 7.25], "texture": "#texture"},
				"west": {"uv": [0, 0, 1, 1], "texture": "#texture"},
				"up": {"uv": [7.25, 8, 9, 8.5], "texture": "#texture"},
				"down": {"uv": [8.75, 8.5, 7, 8], "texture": "#texture"}
			}
		},
		{
			"from": [10.125, 6.125, 7.75],
			"to": [11.7, 6.325, 8.75],
			"faces": {
				"north": {"uv": [4.5, 9.75, 5.75, 10], "texture": "#texture"},
				"east": {"uv": [7.25, 9.75, 8.25, 10], "texture": "#texture"},
				"south": {"uv": [10.25, 9.75, 11.5, 10], "texture": "#texture"},
				"west": {"uv": [7.75, 9.75, 8.75, 10], "texture": "#texture"},
				"down": {"uv": [5.75, 8.75, 4.5, 7.75], "texture": "#texture"}
			}
		},
		{
			"from": [11.15, 11.525, 7.725],
			"to": [11.4, 11.7, 8.125],
			"faces": {
				"north": {"uv": [4.5, 3.75, 4.75, 4], "texture": "#texture"},
				"east": {"uv": [8, 3.75, 8.25, 4], "texture": "#texture"},
				"south": {"uv": [11.25, 3.75, 11.5, 4], "texture": "#texture"},
				"west": {"uv": [7.75, 3.75, 8, 4], "texture": "#texture"},
				"up": {"uv": [11.25, 7.75, 11.5, 8], "texture": "#texture"}
			}
		},
		{
			"from": [11.15, 11.525, 8.375],
			"to": [11.4, 11.7, 8.775],
			"faces": {
				"north": {"uv": [4.5, 3.75, 4.75, 4], "texture": "#texture"},
				"east": {"uv": [7.25, 3.75, 7.5, 4], "texture": "#texture"},
				"south": {"uv": [11.25, 3.75, 11.5, 4], "texture": "#texture"},
				"west": {"uv": [8.5, 3.75, 8.75, 4], "texture": "#texture"},
				"up": {"uv": [11.25, 8.5, 11.5, 8.75], "texture": "#texture"}
			}
		},
		{
			"from": [4.2, 11.525, 8.125],
			"to": [4.45, 11.7, 8.375],
			"faces": {
				"north": {"uv": [11.25, 3.75, 11.75, 4], "texture": "#texture"},
				"east": {"uv": [7.5, 3.75, 8, 4], "texture": "#texture"},
				"south": {"uv": [4.25, 3.75, 4.75, 4], "texture": "#texture"},
				"west": {"uv": [8, 3.75, 8.5, 4], "texture": "#texture"},
				"up": {"uv": [4.25, 8, 4.75, 8.5], "texture": "#texture"}
			}
		}
	],
	"gui_light": "front",
	"display": {
		"thirdperson_righthand": {
			"rotation": [0, -90, 0],
			"translation": [0, -2, 0],
			"scale": [0.99, 0.99, 0.99]
		},
		"thirdperson_lefthand": {
			"rotation": [0, 90, 0],
			"translation": [0, -2, 0],
			"scale": [0.99, 0.99, 0.99]
		},
		"firstperson_righthand": {
			"rotation": [0, -90, 0],
			"translation": [0, 1.25, -0.5],
			"scale": [0.91, 0.91, 0.91]
		},
		"firstperson_lefthand": {
			"rotation": [0, 90, 0],
			"translation": [0, 1.25, -0.5],
			"scale": [0.91, 0.91, 0.91]
		},
		"ground": {
			"translation": [0, -0.25, 0],
			"scale": [1.15, 1.15, 1.15]
		},
		"gui": {
			"rotation": [0, 0, -45],
			"translation": [-1.75, -1, 0],
			"scale": [1.19, 1.19, 1.19]
		},
		"fixed": {
			"rotation": [0, 180, -45],
			"translation": [2.5, -1.15, -0.6],
			"scale": [1.46, 1.46, 1.46]
		}
	}
}