{
	"credit": "Made by SrDarmith - YouTube: Mainclay",
	"textures": {
		"particle": "item/anvil_1",
		"texture": "item/anvil_1"
	},
	"elements": [
		{
			"from": [11.75, 10.15, 7.675],
			"to": [15.25, 10.55, 8.825],
			"rotation": {"angle": 0, "axis": "y", "origin": [7.75, -1, 0]},
			"faces": {
				"north": {"uv": [5, 15, 0, 14], "texture": "#texture"},
				"east": {"uv": [5, 15, 0, 14], "texture": "#texture"},
				"south": {"uv": [5, 15, 0, 14], "texture": "#texture"},
				"west": {"uv": [5, 15, 0, 14], "texture": "#texture"},
				"up": {"uv": [5, 15, 0, 14], "texture": "#texture"},
				"down": {"uv": [16, 12, 15, 11], "texture": "#texture"}
			}
		},
		{
			"from": [15.25, 10.15, 8.325],
			"to": [16.5, 10.55, 8.825],
			"rotation": {"angle": 0, "axis": "y", "origin": [7.75, -1, 0]},
			"faces": {
				"north": {"uv": [5, 15, 0, 14], "texture": "#texture"},
				"east": {"uv": [5, 15, 0, 14], "texture": "#texture"},
				"south": {"uv": [5, 15, 0, 14], "texture": "#texture"},
				"west": {"uv": [5, 15, 0, 14], "texture": "#texture"},
				"up": {"uv": [5, 15, 0, 14], "texture": "#texture"},
				"down": {"uv": [5, 14, 0, 15], "texture": "#texture"}
			}
		},
		{
			"from": [15.25, 10.15, 7.775],
			"to": [16.5, 10.5, 8.425],
			"rotation": {"angle": 0, "axis": "y", "origin": [7.75, -1, 0]},
			"faces": {
				"north": {"uv": [16, 12, 15, 11], "texture": "#texture"},
				"east": {"uv": [16, 12, 15, 11], "texture": "#texture"},
				"south": {"uv": [16, 12, 15, 11], "texture": "#texture"},
				"west": {"uv": [16, 12, 15, 11], "texture": "#texture"},
				"up": {"uv": [16, 12, 15, 11], "texture": "#texture"},
				"down": {"uv": [15, 11, 16, 12], "texture": "#texture"}
			}
		},
		{
			"from": [16.5, 10.15, 7.675],
			"to": [19.5, 10.55, 8.825],
			"rotation": {"angle": 0, "axis": "y", "origin": [7.75, -1, 0]},
			"faces": {
				"north": {"uv": [5, 15, 0, 14], "texture": "#texture"},
				"east": {"uv": [5, 15, 0, 14], "texture": "#texture"},
				"south": {"uv": [5, 15, 0, 14], "texture": "#texture"},
				"west": {"uv": [5, 15, 0, 14], "texture": "#texture"},
				"up": {"uv": [5, 15, 0, 14], "texture": "#texture"},
				"down": {"uv": [0, 14, 5, 15], "texture": "#texture"}
			}
		},
		{
			"from": [16.75, 9, 7.675],
			"to": [19.2, 9.25, 8.825],
			"rotation": {"angle": 0, "axis": "y", "origin": [7.75, -1, 0]},
			"faces": {
				"north": {"uv": [1.7, 4.25, 9.45, 4.5], "texture": "#texture"},
				"east": {"uv": [7, 5.5, 8.5, 5.75], "texture": "#texture"},
				"south": {"uv": [3.75, 4.25, 10, 4.5], "texture": "#texture"},
				"west": {"uv": [7.5, 5.5, 9, 5.75], "texture": "#texture"},
				"down": {"uv": [12.25, 9, 4.5, 7.5], "texture": "#texture"}
			}
		},
		{
			"from": [11.75, 9.55, 7.675],
			"to": [19.5, 10.15, 8],
			"rotation": {"angle": 0, "axis": "y", "origin": [7.75, -1, 0]},
			"faces": {
				"north": {"uv": [5, 15, 0, 14], "texture": "#texture"},
				"east": {"uv": [5, 15, 0, 14], "texture": "#texture"},
				"south": {"uv": [15, 11, 16, 12], "texture": "#texture"},
				"west": {"uv": [5, 15, 0, 14], "texture": "#texture"}
			}
		},
		{
			"from": [11.75, 9.25, 7.675],
			"to": [19.575, 9.55, 8.825],
			"rotation": {"angle": 0, "axis": "y", "origin": [7.75, -1, 0]},
			"faces": {
				"north": {"uv": [4.25, 5, 12.25, 5.5], "texture": "#texture"},
				"east": {"uv": [7, 5, 8.5, 5.5], "texture": "#texture"},
				"south": {"uv": [3.75, 5, 11.75, 5.5], "texture": "#texture"},
				"west": {"uv": [7.5, 5, 9, 5.5], "texture": "#texture"},
				"up": {"uv": [16, 12, 15, 11], "texture": "#texture"},
				"down": {"uv": [12.25, 9, 4.25, 7.5], "texture": "#texture"}
			}
		},
		{
			"from": [11.75, 9.55, 8.5],
			"to": [19.5, 10.15, 8.825],
			"rotation": {"angle": 0, "axis": "y", "origin": [7.75, -1, 0]},
			"faces": {
				"north": {"uv": [15, 11, 16, 12], "texture": "#texture"},
				"east": {"uv": [5, 15, 0, 14], "texture": "#texture"},
				"south": {"uv": [5, 15, 0, 14], "texture": "#texture"},
				"west": {"uv": [5, 15, 0, 14], "texture": "#texture"}
			}
		},
		{
			"from": [17.5, 9.625, 7.65],
			"to": [17.8, 10.475, 8.85],
			"rotation": {"angle": 0, "axis": "y", "origin": [7.75, -1, 0]},
			"faces": {
				"north": {"uv": [0, 10, 1, 12], "rotation": 90, "texture": "#texture"},
				"east": {"uv": [5, 15, 0, 14], "texture": "#texture"},
				"south": {"uv": [1, 12, 0, 10], "rotation": 90, "texture": "#texture"},
				"west": {"uv": [5, 15, 0, 14], "texture": "#texture"},
				"up": {"uv": [16, 15, 7, 12], "texture": "#texture"},
				"down": {"uv": [16, 15, 7, 12], "texture": "#texture"}
			}
		},
		{
			"from": [17.8, 9.625, 7.65],
			"to": [18.1, 10.475, 8.85],
			"rotation": {"angle": 0, "axis": "y", "origin": [7.75, -1, 0]},
			"faces": {
				"north": {"uv": [0, 10, 1, 12], "rotation": 90, "texture": "#texture"},
				"east": {"uv": [5, 15, 0, 14], "texture": "#texture"},
				"south": {"uv": [1, 12, 0, 10], "rotation": 90, "texture": "#texture"},
				"west": {"uv": [5, 15, 0, 14], "texture": "#texture"},
				"up": {"uv": [16, 15, 7, 12], "texture": "#texture"},
				"down": {"uv": [16, 15, 7, 12], "texture": "#texture"}
			}
		},
		{
			"from": [18.1, 9.625, 7.65],
			"to": [18.4, 10.475, 8.85],
			"rotation": {"angle": 0, "axis": "y", "origin": [7.75, -1, 0]},
			"faces": {
				"north": {"uv": [0, 10, 1, 12], "rotation": 90, "texture": "#texture"},
				"east": {"uv": [5, 15, 0, 14], "texture": "#texture"},
				"south": {"uv": [1, 12, 0, 10], "rotation": 90, "texture": "#texture"},
				"west": {"uv": [5, 15, 0, 14], "texture": "#texture"},
				"up": {"uv": [16, 15, 7, 12], "texture": "#texture"},
				"down": {"uv": [16, 15, 7, 12], "texture": "#texture"}
			}
		},
		{
			"from": [18.4, 9.625, 7.65],
			"to": [18.7, 10.475, 8.85],
			"rotation": {"angle": 0, "axis": "y", "origin": [7.75, -1, 0]},
			"faces": {
				"north": {"uv": [0, 10, 1, 12], "rotation": 90, "texture": "#texture"},
				"east": {"uv": [5, 15, 0, 14], "texture": "#texture"},
				"south": {"uv": [1, 12, 0, 10], "rotation": 90, "texture": "#texture"},
				"west": {"uv": [5, 15, 0, 14], "texture": "#texture"},
				"up": {"uv": [16, 15, 7, 12], "texture": "#texture"},
				"down": {"uv": [16, 15, 7, 12], "texture": "#texture"}
			}
		},
		{
			"from": [18.7, 9.625, 7.65],
			"to": [19, 10.475, 8.85],
			"rotation": {"angle": 0, "axis": "y", "origin": [7.75, -1, 0]},
			"faces": {
				"north": {"uv": [0, 10, 1, 12], "rotation": 90, "texture": "#texture"},
				"east": {"uv": [5, 15, 0, 14], "texture": "#texture"},
				"south": {"uv": [1, 12, 0, 10], "rotation": 90, "texture": "#texture"},
				"west": {"uv": [5, 15, 0, 14], "texture": "#texture"},
				"up": {"uv": [16, 15, 7, 12], "texture": "#texture"},
				"down": {"uv": [16, 15, 7, 12], "texture": "#texture"}
			}
		},
		{
			"from": [14.25, 8.95, 7.675],
			"to": [16.85, 9.25, 8.825],
			"rotation": {"angle": 0, "axis": "y", "origin": [7.75, -1.05, 0]},
			"faces": {
				"north": {"uv": [2.2, 5.25, 7.7, 5.5], "texture": "#texture"},
				"east": {"uv": [7.25, 5.75, 8.25, 6], "texture": "#texture"},
				"south": {"uv": [3.75, 5.75, 8.75, 6], "texture": "#texture"},
				"west": {"uv": [7.75, 5.75, 8.75, 6], "texture": "#texture"},
				"down": {"uv": [12.25, 8.75, 6.75, 7.75], "texture": "#texture"}
			}
		},
		{
			"from": [11.775, 9.05, 7.825],
			"to": [14.25, 9.25, 8.675],
			"rotation": {"angle": 0, "axis": "y", "origin": [7.75, -1, 0]},
			"faces": {
				"north": {"uv": [6.75, 5.75, 12.25, 6], "texture": "#texture"},
				"east": {"uv": [7.25, 5.75, 8.25, 6], "texture": "#texture"},
				"south": {"uv": [3.75, 5.75, 9.25, 6], "texture": "#texture"},
				"west": {"uv": [7.75, 5.75, 8.75, 6], "texture": "#texture"},
				"down": {"uv": [12.25, 8.75, 6.75, 7.75], "texture": "#texture"}
			}
		},
		{
			"from": [11.6, 10.2, 8],
			"to": [11.75, 10.45, 8.5],
			"rotation": {"angle": 0, "axis": "y", "origin": [7.75, -1, 0]},
			"faces": {
				"north": {"uv": [12.25, 4.25, 12.5, 4.5], "texture": "#texture"},
				"south": {"uv": [3.5, 4.25, 3.75, 4.5], "texture": "#texture"},
				"west": {"uv": [8, 4.25, 8.5, 4.5], "texture": "#texture"},
				"up": {"uv": [3.5, 8, 3.75, 8.5], "texture": "#texture"},
				"down": {"uv": [15, 12, 16, 11], "texture": "#texture"}
			}
		},
		{
			"from": [11.6, 9.75, 7.8],
			"to": [11.75, 10.25, 8.05],
			"rotation": {"angle": 0, "axis": "y", "origin": [7.75, -1, 0]},
			"faces": {
				"north": {"uv": [12.25, 4.5, 12.5, 5], "texture": "#texture"},
				"south": {"uv": [16, 12, 15, 11], "texture": "#texture"},
				"west": {"uv": [7.75, 4.5, 8, 5], "texture": "#texture"},
				"up": {"uv": [3.5, 7.75, 3.75, 8], "texture": "#texture"},
				"down": {"uv": [12.5, 8, 12.25, 7.75], "texture": "#texture"}
			}
		},
		{
			"from": [11.6, 9.75, 8.45],
			"to": [11.75, 10.25, 8.7],
			"rotation": {"angle": 0, "axis": "y", "origin": [7.75, -1, 0]},
			"faces": {
				"north": {"uv": [16, 12, 15, 11], "texture": "#texture"},
				"south": {"uv": [3.5, 4.5, 3.75, 5], "texture": "#texture"},
				"west": {"uv": [8.5, 4.5, 8.75, 5], "texture": "#texture"},
				"up": {"uv": [3.5, 8.5, 3.75, 8.75], "texture": "#texture"},
				"down": {"uv": [12.5, 8.75, 12.25, 8.5], "texture": "#texture"}
			}
		},
		{
			"from": [11.6, 9.55, 8],
			"to": [11.75, 9.8, 8.5],
			"rotation": {"angle": 0, "axis": "y", "origin": [7.75, -1, 0]},
			"faces": {
				"north": {"uv": [12.25, 5, 12.5, 5.25], "texture": "#texture"},
				"south": {"uv": [3.5, 5, 3.75, 5.25], "texture": "#texture"},
				"west": {"uv": [8, 5, 8.5, 5.25], "texture": "#texture"},
				"up": {"uv": [16, 12, 15, 11], "texture": "#texture"},
				"down": {"uv": [12.5, 8.5, 12.25, 8], "texture": "#texture"}
			}
		},
		{
			"from": [19.25, 9.525, 7.75],
			"to": [19.525, 10.525, 8.75],
			"rotation": {"angle": 0, "axis": "y", "origin": [7.75, -1, 0]},
			"faces": {
				"north": {"uv": [4.25, 4.25, 6.25, 5.25], "texture": "#texture"},
				"east": {"uv": [3, 14.05, 3.9, 14.95], "texture": "#texture"},
				"south": {"uv": [9.75, 4.25, 11.75, 5.25], "texture": "#texture"},
				"west": {"uv": [7.75, 4.25, 8.75, 5.25], "texture": "#texture"},
				"up": {"uv": [9.75, 7.75, 11.75, 8.75], "texture": "#texture"},
				"down": {"uv": [6.25, 8.75, 4.25, 7.75], "texture": "#texture"}
			}
		},
		{
			"from": [17.05, 7.575, 7.7],
			"to": [19.175, 8.325, 8.8],
			"rotation": {"angle": 0, "axis": "y", "origin": [7.75, -1, 0]},
			"faces": {
				"north": {"uv": [4.5, 6.75, 6, 7.75], "texture": "#texture"},
				"east": {"uv": [7.25, 6.75, 8.25, 7.75], "texture": "#texture"},
				"south": {"uv": [9.5, 7.25, 11.5, 7.75], "texture": "#texture"},
				"west": {"uv": [7.75, 6.75, 8.75, 7.75], "texture": "#texture"},
				"up": {"uv": [9.5, 7.75, 11.5, 8.75], "texture": "#texture"},
				"down": {"uv": [6.5, 8.75, 4.5, 7.75], "texture": "#texture"}
			}
		},
		{
			"from": [16.85, 8.25, 7.675],
			"to": [18.95, 9, 8.825],
			"rotation": {"angle": 0, "axis": "y", "origin": [7.75, -1, 0]},
			"faces": {
				"north": {"uv": [5, 5, 7, 6], "texture": "#texture"},
				"east": {"uv": [7.25, 5.75, 8.25, 6.75], "texture": "#texture"},
				"south": {"uv": [9, 6, 11.25, 6.75], "texture": "#texture"},
				"west": {"uv": [7.75, 5.75, 8.75, 6.75], "texture": "#texture"},
				"down": {"uv": [7, 8.75, 4.75, 7.75], "texture": "#texture"}
			}
		},
		{
			"from": [17.3, 6.825, 7.7],
			"to": [19.425, 7.575, 8.8],
			"rotation": {"angle": 0, "axis": "y", "origin": [7.75, -1, 0]},
			"faces": {
				"north": {"uv": [4.25, 7.75, 6.25, 8], "texture": "#texture"},
				"east": {"uv": [7.25, 7.75, 8.25, 8.75], "texture": "#texture"},
				"south": {"uv": [9.75, 7.75, 11.75, 8], "texture": "#texture"},
				"west": {"uv": [7.75, 7.75, 8.75, 8.75], "texture": "#texture"},
				"up": {"uv": [9.75, 7.75, 11.75, 8.75], "texture": "#texture"},
				"down": {"uv": [6.25, 8.75, 4.25, 7.75], "texture": "#texture"}
			}
		},
		{
			"from": [17.5, 6.075, 7.7],
			"to": [19.625, 6.825, 8.8],
			"rotation": {"angle": 0, "axis": "y", "origin": [7.75, -1, 0]},
			"faces": {
				"north": {"uv": [4, 9, 6, 9.75], "texture": "#texture"},
				"east": {"uv": [7.25, 8.75, 8.25, 9.75], "texture": "#texture"},
				"south": {"uv": [10, 9.25, 12, 9.75], "texture": "#texture"},
				"west": {"uv": [7.75, 8.75, 8.75, 9.75], "texture": "#texture"},
				"up": {"uv": [10, 7.75, 12, 8.75], "texture": "#texture"},
				"down": {"uv": [6, 8.75, 4, 7.75], "texture": "#texture"}
			}
		},
		{
			"from": [17.725, 5.325, 7.7],
			"to": [19.625, 6.075, 8.8],
			"rotation": {"angle": 0, "axis": "y", "origin": [7.75, -1, 0]},
			"faces": {
				"north": {"uv": [4, 9, 6, 9.75], "texture": "#texture"},
				"east": {"uv": [7.25, 8.75, 8.25, 9.75], "texture": "#texture"},
				"south": {"uv": [10, 9.25, 12, 9.75], "texture": "#texture"},
				"west": {"uv": [7.75, 8.75, 8.75, 9.75], "texture": "#texture"},
				"up": {"uv": [10, 7.75, 12, 8.75], "texture": "#texture"},
				"down": {"uv": [6, 8.75, 4, 7.75], "texture": "#texture"}
			}
		},
		{
			"from": [19.625, 5.4, 7.7],
			"to": [19.85, 6.075, 8.8],
			"rotation": {"angle": 0, "axis": "y", "origin": [7.75, -1, 0]},
			"faces": {
				"north": {"uv": [4, 9, 5, 9.75], "texture": "#texture"},
				"east": {"uv": [7.25, 8.75, 8.25, 9.75], "texture": "#texture"},
				"south": {"uv": [11, 9.25, 12, 9.75], "texture": "#texture"},
				"west": {"uv": [7.75, 8.75, 8.75, 9.75], "texture": "#texture"},
				"up": {"uv": [10, 7.75, 12, 8.75], "texture": "#texture"},
				"down": {"uv": [6, 8.75, 4, 7.75], "texture": "#texture"}
			}
		},
		{
			"from": [14.9, 7.95, 7.95],
			"to": [15.15, 8.95, 8.55],
			"rotation": {"angle": 0, "axis": "y", "origin": [7.75, -1.05, 0]},
			"faces": {
				"north": {"uv": [8.75, 6, 9, 7.25], "texture": "#texture"},
				"east": {"uv": [7.5, 6, 8, 7.25], "texture": "#texture"},
				"south": {"uv": [7, 6, 7.25, 7.25], "texture": "#texture"},
				"west": {"uv": [8, 6, 8.5, 7.25], "texture": "#texture"},
				"down": {"uv": [9, 8.5, 8.75, 8], "texture": "#texture"}
			}
		},
		{
			"from": [20.25, -1.175, 7.95],
			"to": [21, -0.925, 8.55],
			"rotation": {"angle": 45, "axis": "z", "origin": [7.75, -1.05, 0]},
			"faces": {
				"north": {"uv": [6.75, 6.75, 7.25, 7], "texture": "#texture"},
				"east": {"uv": [7.5, 6.75, 8, 7], "texture": "#texture"},
				"south": {"uv": [8.75, 6.75, 9.25, 7], "texture": "#texture"},
				"west": {"uv": [8, 6.75, 8.5, 7], "texture": "#texture"},
				"up": {"uv": [8.75, 8, 9.25, 8.5], "texture": "#texture"},
				"down": {"uv": [7.25, 8.5, 6.75, 8], "texture": "#texture"}
			}
		},
		{
			"from": [11.7, 11.45, 7.675],
			"to": [12.45, 11.7, 8.825],
			"rotation": {"angle": -22.5, "axis": "z", "origin": [7.75, -1.05, 0]},
			"faces": {
				"north": {"uv": [8.25, 7.25, 9, 7.75], "rotation": 180, "texture": "#texture"},
				"east": {"uv": [8, 6.75, 8.5, 7], "rotation": 180, "texture": "#texture"},
				"south": {"uv": [8.75, 6.75, 9.25, 7], "rotation": 180, "texture": "#texture"},
				"west": {"uv": [7.5, 6.75, 8, 7], "rotation": 180, "texture": "#texture"},
				"up": {"uv": [7.25, 8.5, 6.75, 8], "rotation": 180, "texture": "#texture"},
				"down": {"uv": [8.75, 8, 9.25, 8.5], "rotation": 180, "texture": "#texture"}
			}
		},
		{
			"from": [16.475, 8.3, 8.075],
			"to": [16.725, 9.55, 8.425],
			"rotation": {"angle": -22.5, "axis": "z", "origin": [16, 9.45, 8]},
			"faces": {
				"north": {"uv": [5.75, 0.5, 6, 1.75], "texture": "#texture"},
				"east": {"uv": [7.5, 0.5, 8, 1.75], "texture": "#texture"},
				"south": {"uv": [10, 0.5, 10.25, 1.75], "texture": "#texture"},
				"west": {"uv": [8, 0.5, 8.5, 1.75], "texture": "#texture"},
				"down": {"uv": [6, 8.5, 5.75, 8], "texture": "#texture"}
			}
		},
		{
			"from": [14.825, 7.7, 7.95],
			"to": [16.675, 7.95, 8.55],
			"rotation": {"angle": 0, "axis": "y", "origin": [7.75, -1.05, 0]},
			"faces": {
				"north": {"uv": [7, 7, 8.75, 7.25], "texture": "#texture"},
				"east": {"uv": [7.5, 7, 8, 7.25], "texture": "#texture"},
				"south": {"uv": [7.25, 7, 9, 7.25], "texture": "#texture"},
				"west": {"uv": [0, 0, 1, 1], "texture": "#texture"},
				"up": {"uv": [7.25, 8, 9, 8.5], "texture": "#texture"},
				"down": {"uv": [8.75, 8.5, 7, 8], "texture": "#texture"}
			}
		},
		{
			"from": [14.825, 8.725, 7.95],
			"to": [14.9, 8.975, 8.55],
			"rotation": {"angle": 0, "axis": "y", "origin": [7.75, -1.05, 0]},
			"faces": {
				"north": {"uv": [7, 7, 8.75, 7.25], "texture": "#texture"},
				"east": {"uv": [7.5, 7, 8, 7.25], "texture": "#texture"},
				"south": {"uv": [7.25, 7, 9, 7.25], "texture": "#texture"},
				"west": {"uv": [0, 0, 1, 1], "texture": "#texture"},
				"up": {"uv": [7.25, 8, 9, 8.5], "texture": "#texture"},
				"down": {"uv": [8.75, 8.5, 7, 8], "texture": "#texture"}
			}
		},
		{
			"from": [15.15, 8.725, 7.95],
			"to": [15.225, 8.975, 8.55],
			"rotation": {"angle": 0, "axis": "y", "origin": [7.75, -1.05, 0]},
			"faces": {
				"north": {"uv": [7, 7, 8.75, 7.25], "texture": "#texture"},
				"east": {"uv": [7.5, 7, 8, 7.25], "texture": "#texture"},
				"south": {"uv": [7.25, 7, 9, 7.25], "texture": "#texture"},
				"west": {"uv": [0, 0, 1, 1], "texture": "#texture"},
				"up": {"uv": [7.25, 8, 9, 8.5], "texture": "#texture"},
				"down": {"uv": [8.75, 8.5, 7, 8], "texture": "#texture"}
			}
		},
		{
			"from": [17.875, 5.125, 7.75],
			"to": [19.45, 5.325, 8.75],
			"rotation": {"angle": 0, "axis": "y", "origin": [7.75, -1, 0]},
			"faces": {
				"north": {"uv": [4.5, 9.75, 5.75, 10], "texture": "#texture"},
				"east": {"uv": [7.25, 9.75, 8.25, 10], "texture": "#texture"},
				"south": {"uv": [10.25, 9.75, 11.5, 10], "texture": "#texture"},
				"west": {"uv": [7.75, 9.75, 8.75, 10], "texture": "#texture"},
				"down": {"uv": [5.75, 8.75, 4.5, 7.75], "texture": "#texture"}
			}
		},
		{
			"from": [18.9, 10.525, 7.725],
			"to": [19.15, 10.7, 8.125],
			"rotation": {"angle": 0, "axis": "y", "origin": [7.75, -1, 0]},
			"faces": {
				"north": {"uv": [4.5, 3.75, 4.75, 4], "texture": "#texture"},
				"east": {"uv": [8, 3.75, 8.25, 4], "texture": "#texture"},
				"south": {"uv": [11.25, 3.75, 11.5, 4], "texture": "#texture"},
				"west": {"uv": [7.75, 3.75, 8, 4], "texture": "#texture"},
				"up": {"uv": [11.25, 7.75, 11.5, 8], "texture": "#texture"}
			}
		},
		{
			"from": [18.9, 10.525, 8.375],
			"to": [19.15, 10.7, 8.775],
			"rotation": {"angle": 0, "axis": "y", "origin": [7.75, -1, 0]},
			"faces": {
				"north": {"uv": [4.5, 3.75, 4.75, 4], "texture": "#texture"},
				"east": {"uv": [7.25, 3.75, 7.5, 4], "texture": "#texture"},
				"south": {"uv": [11.25, 3.75, 11.5, 4], "texture": "#texture"},
				"west": {"uv": [8.5, 3.75, 8.75, 4], "texture": "#texture"},
				"up": {"uv": [11.25, 8.5, 11.5, 8.75], "texture": "#texture"}
			}
		},
		{
			"from": [11.95, 10.525, 8.125],
			"to": [12.2, 10.7, 8.375],
			"rotation": {"angle": 0, "axis": "y", "origin": [7.75, -1, 0]},
			"faces": {
				"north": {"uv": [11.25, 3.75, 11.75, 4], "texture": "#texture"},
				"east": {"uv": [7.5, 3.75, 8, 4], "texture": "#texture"},
				"south": {"uv": [4.25, 3.75, 4.75, 4], "texture": "#texture"},
				"west": {"uv": [8, 3.75, 8.5, 4], "texture": "#texture"},
				"up": {"uv": [4.25, 8, 4.75, 8.5], "texture": "#texture"}
			}
		}
	],
	"gui_light": "front",
	"display": {
		"thirdperson_righthand": {
			"rotation": [0, -90, 0],
			"translation": [0, -1, -7.75],
			"scale": [0.99, 0.99, 0.99]
		},
		"thirdperson_lefthand": {
			"rotation": [0, 90, 0],
			"translation": [0, -1, -7.75],
			"scale": [0.99, 0.99, 0.99]
		},
		"firstperson_righthand": {
			"rotation": [47.07, -79.61, 24.79],
			"translation": [0, 3.5, -7.75],
			"scale": [0.82, 0.82, 0.82]
		},
		"firstperson_lefthand": {
			"rotation": [-128.46, 77.65, 149.97],
			"translation": [1.25, 4, -9.25],
			"scale": [0.82, 0.82, 0.82]
		},
		"ground": {
			"translation": [0, -0.25, 0],
			"scale": [1.15, 1.15, 1.15]
		},
		"gui": {
			"rotation": [0, 0, -45],
			"translation": [-7.5, 6.5, 0],
			"scale": [1.19, 1.19, 1.19]
		},
		"fixed": {
			"rotation": [0, 180, -45],
			"translation": [2.5, -1.15, -0.6],
			"scale": [1.46, 1.46, 1.46]
		}
	}
}