{
	"credit": "Made by SrDarmith - YouTube: Mainclay",
	"textures": {
		"texture": "item/door_iron_lower",
		"particle": "item/anvil_1"
	},
	"elements": [
		{
			"from": [7.35, 9.7, 7.7],
			"to": [8, 9.95, 8.55],
			"rotation": {"angle": 0, "axis": "y", "origin": [5, -18.75, 0]},
			"faces": {
				"north": {"uv": [14, 14, 12, 12], "texture": "#texture"},
				"east": {"uv": [14, 14, 12, 12], "texture": "#texture"},
				"south": {"uv": [14, 14, 12, 12], "texture": "#texture"},
				"west": {"uv": [14, 14, 12, 12], "texture": "#texture", "cullface": "west"},
				"up": {"uv": [14, 14, 12, 12], "texture": "#texture"},
				"down": {"uv": [14, 14, 12, 12], "texture": "#texture"}
			}
		},
		{
			"from": [7.35, 9.95, 7.5],
			"to": [8.025, 10.7, 7.75],
			"rotation": {"angle": 0, "axis": "y", "origin": [5, -18.75, 0]},
			"faces": {
				"north": {"uv": [14, 14, 12, 12], "texture": "#texture"},
				"east": {"uv": [14, 14, 12, 12], "texture": "#texture"},
				"south": {"uv": [14, 14, 12, 12], "texture": "#texture"},
				"west": {"uv": [14, 14, 12, 12], "texture": "#texture", "cullface": "west"},
				"up": {"uv": [14, 14, 12, 12], "texture": "#texture"},
				"down": {"uv": [14, 14, 12, 12], "texture": "#texture"}
			}
		},
		{
			"from": [7.35, 9.95, 8.5],
			"to": [8.025, 10.7, 8.75],
			"rotation": {"angle": 0, "axis": "y", "origin": [5, -18.75, 0]},
			"faces": {
				"north": {"uv": [14, 14, 12, 12], "texture": "#texture"},
				"east": {"uv": [14, 14, 12, 12], "texture": "#texture"},
				"south": {"uv": [14, 14, 12, 12], "texture": "#texture"},
				"west": {"uv": [14, 14, 12, 12], "texture": "#texture", "cullface": "west"},
				"up": {"uv": [14, 14, 12, 12], "texture": "#texture"},
				"down": {"uv": [14, 14, 12, 12], "texture": "#texture"}
			}
		},
		{
			"from": [7.35, 10.7, 7.675],
			"to": [8.025, 10.95, 8.575],
			"rotation": {"angle": 0, "axis": "y", "origin": [5, -18.75, 0]},
			"faces": {
				"north": {"uv": [14, 14, 12, 12], "texture": "#texture"},
				"east": {"uv": [14, 14, 12, 12], "texture": "#texture"},
				"south": {"uv": [14, 14, 12, 12], "texture": "#texture"},
				"west": {"uv": [14, 14, 12, 12], "texture": "#texture", "cullface": "west"},
				"up": {"uv": [14, 14, 12, 12], "texture": "#texture"},
				"down": {"uv": [14, 14, 12, 12], "texture": "#texture"}
			}
		},
		{
			"from": [7.25, 10, 7.6],
			"to": [13.25, 10.65, 7.75],
			"rotation": {"angle": 0, "axis": "y", "origin": [5, -18.75, 0]},
			"faces": {
				"north": {"uv": [8, 12.25, 15, 13], "texture": "#texture"},
				"south": {"uv": [0, 12.25, 7, 13], "texture": "#texture"},
				"west": {"uv": [7.5, 12.25, 6.75, 13], "texture": "#texture", "cullface": "west"},
				"up": {"uv": [0, 13.25, 7, 13.5], "texture": "#texture"},
				"down": {"uv": [15, 13.5, 8, 13.25], "texture": "#texture"}
			}
		},
		{
			"from": [7.25, 9.8, 7.75],
			"to": [13.25, 10, 8.5],
			"rotation": {"angle": 0, "axis": "y", "origin": [5, -18.75, 0]},
			"faces": {
				"north": {"uv": [8, 13, 15, 13.25], "texture": "#texture"},
				"south": {"uv": [0, 13, 7, 13.25], "texture": "#texture"},
				"west": {"uv": [7.75, 13, 7.5, 13.25], "texture": "#texture", "cullface": "west"},
				"up": {"uv": [0, 13.5, 7, 14.25], "texture": "#texture"},
				"down": {"uv": [15, 14.25, 8, 13.5], "texture": "#texture"}
			}
		},
		{
			"from": [7.25, 10, 8.5],
			"to": [13.25, 10.65, 8.65],
			"rotation": {"angle": 0, "axis": "y", "origin": [5, -18.75, 0]},
			"faces": {
				"north": {"uv": [8, 12.25, 15, 13], "texture": "#texture"},
				"south": {"uv": [0, 12.25, 7, 13], "texture": "#texture"},
				"west": {"uv": [8.5, 12.25, 7.75, 13], "texture": "#texture", "cullface": "west"},
				"up": {"uv": [0, 14.25, 7, 14.5], "texture": "#texture"},
				"down": {"uv": [15, 14.5, 8, 14.25], "texture": "#texture"}
			}
		},
		{
			"from": [7.25, 10.65, 7.725],
			"to": [13.25, 10.85, 8.525],
			"rotation": {"angle": 0, "axis": "y", "origin": [5, -18.75, 0]},
			"faces": {
				"north": {"uv": [8, 12, 15, 12.25], "texture": "#texture"},
				"south": {"uv": [0, 12, 7, 12.25], "texture": "#texture"},
				"west": {"uv": [7.75, 12, 7.5, 12.25], "texture": "#texture", "cullface": "west"},
				"up": {"uv": [0, 13.5, 7, 14.25], "texture": "#texture"},
				"down": {"uv": [15, 14.25, 8, 13.5], "texture": "#texture"}
			}
		},
		{
			"from": [4.825, 11.875, 8],
			"to": [5.15, 12.225, 8.25],
			"rotation": {"angle": 0, "axis": "y", "origin": [5, -17.5, 0]},
			"faces": {
				"north": {"uv": [15.75, 11.25, 15, 11.5], "texture": "#texture", "cullface": "west"},
				"east": {"uv": [7.75, 11.25, 7, 11.5], "texture": "#texture", "cullface": "west"},
				"south": {"uv": [0, 11.25, 1, 11.5], "texture": "#texture", "cullface": "west"},
				"west": {"uv": [8, 11.25, 7.25, 11.5], "texture": "#texture", "cullface": "west"},
				"up": {"uv": [0, 15, 1, 15.25], "texture": "#texture", "cullface": "west"}
			}
		},
		{
			"from": [13.5, 8.975, 7.75],
			"to": [16.175, 11.725, 8.5],
			"rotation": {"angle": 0, "axis": "y", "origin": [5, -18.75, 0]},
			"faces": {
				"north": {"uv": [4.75, 9.25, 7.25, 11], "texture": "#texture"},
				"east": {"uv": [11, 6, 12, 7], "texture": "#texture"},
				"south": {"uv": [8.75, 9.25, 11.25, 11], "texture": "#texture"},
				"west": {"uv": [5.25, 4.25, 7, 6], "texture": "#texture"},
				"up": {"uv": [8.75, 11.25, 11.25, 13], "texture": "#texture"},
				"down": {"uv": [7.25, 13, 4.75, 11.25], "texture": "#texture"}
			}
		},
		{
			"from": [13.5, 9.225, 7.25],
			"to": [16.175, 11.475, 9],
			"rotation": {"angle": 0, "axis": "y", "origin": [5, -18.75, 0]},
			"faces": {
				"north": {"uv": [4.75, 9.25, 7.25, 11], "texture": "#texture"},
				"east": {"uv": [11, 6, 12, 7], "texture": "#texture"},
				"south": {"uv": [8.75, 9.25, 11.25, 11], "texture": "#texture"},
				"west": {"uv": [5.25, 1.25, 7, 3], "texture": "#texture"},
				"up": {"uv": [8.75, 11.25, 11.25, 13], "texture": "#texture"},
				"down": {"uv": [7.25, 13, 4.75, 11.25], "texture": "#texture"}
			}
		},
		{
			"from": [13.5, 9.975, 6.75],
			"to": [16.175, 10.725, 9.5],
			"rotation": {"angle": 0, "axis": "y", "origin": [5, -18.75, 0]},
			"faces": {
				"north": {"uv": [4.75, 9.75, 7.25, 10.5], "texture": "#texture"},
				"east": {"uv": [11, 6, 12, 7], "texture": "#texture"},
				"south": {"uv": [8.75, 9.75, 11.25, 10.5], "texture": "#texture"},
				"west": {"uv": [5, 1.75, 7.25, 2.5], "texture": "#texture"},
				"up": {"uv": [8.75, 11, 11.25, 13.25], "texture": "#texture"},
				"down": {"uv": [7.25, 13.25, 4.75, 11], "texture": "#texture"}
			}
		},
		{
			"from": [13.5, 9.475, 7],
			"to": [16.175, 11.225, 9.25],
			"rotation": {"angle": 0, "axis": "y", "origin": [5, -18.75, 0]},
			"faces": {
				"north": {"uv": [4.75, 9.25, 7.25, 11], "texture": "#texture"},
				"east": {"uv": [11, 6, 12, 7], "texture": "#texture"},
				"south": {"uv": [8.75, 9.25, 11.25, 11], "texture": "#texture"},
				"west": {"uv": [5.25, 1.25, 7, 3], "texture": "#texture"},
				"up": {"uv": [8.75, 11.25, 11.25, 13], "texture": "#texture"},
				"down": {"uv": [7.25, 13, 4.75, 11.25], "texture": "#texture"}
			}
		},
		{
			"from": [17.5, 7.325, 7.75],
			"to": [17.75, 7.6, 8.5],
			"rotation": {"angle": 0, "axis": "y", "origin": [5.5, -0.25, 0]},
			"faces": {
				"north": {"uv": [4.5, 8.75, 4.75, 9], "texture": "#texture"},
				"east": {"uv": [7, 4, 5, 6], "texture": "#texture"},
				"south": {"uv": [11.25, 8.75, 11.5, 9], "texture": "#texture"},
				"west": {"uv": [7.75, 8.75, 8.5, 9], "texture": "#texture"},
				"up": {"uv": [11.25, 7.75, 11.5, 8.5], "texture": "#texture"},
				"down": {"uv": [7, 4, 5, 6], "texture": "#texture"}
			}
		},
		{
			"from": [15.5, 6.675, 7.75],
			"to": [15.75, 6.925, 8.5],
			"rotation": {"angle": 0, "axis": "y", "origin": [5.5, -0.25, 0]},
			"faces": {
				"north": {"uv": [6.25, 8.75, 6.5, 9], "texture": "#texture"},
				"east": {"uv": [7.5, 8.75, 8.25, 9], "texture": "#texture"},
				"south": {"uv": [9.5, 8.75, 9.75, 9], "texture": "#texture"},
				"west": {"uv": [8, 8, 9, 9], "texture": "#texture"},
				"up": {"uv": [9.5, 7.75, 9.75, 8.5], "texture": "#texture"},
				"down": {"uv": [8, 8, 9, 9], "texture": "#texture"}
			}
		},
		{
			"from": [17, 6.425, 7.75],
			"to": [17.5, 6.675, 8.5],
			"rotation": {"angle": 0, "axis": "y", "origin": [5.5, -0.25, 0]},
			"faces": {
				"north": {"uv": [4.5, 9, 6.5, 9.25], "texture": "#texture"},
				"east": {"uv": [7.5, 9, 8.25, 9.25], "texture": "#texture"},
				"south": {"uv": [9.5, 9, 11.5, 9.25], "texture": "#texture"},
				"west": {"uv": [7.75, 9, 8.5, 9.25], "texture": "#texture"},
				"up": {"uv": [9.5, 7.75, 11.5, 8.5], "texture": "#texture"},
				"down": {"uv": [6.5, 8.5, 4.5, 7.75], "texture": "#texture"}
			}
		},
		{
			"from": [16.4, 6.6, 7.75],
			"to": [17, 6.8, 8.5],
			"rotation": {"angle": 0, "axis": "y", "origin": [5.5, -0.25, 0]},
			"faces": {
				"north": {"uv": [4.5, 9, 6.5, 9.25], "texture": "#texture"},
				"east": {"uv": [7.5, 9, 8.25, 9.25], "texture": "#texture"},
				"south": {"uv": [9.5, 9, 11.5, 9.25], "texture": "#texture"},
				"west": {"uv": [7.75, 9, 8.5, 9.25], "texture": "#texture"},
				"up": {"uv": [9.5, 7.75, 11.5, 8.5], "texture": "#texture"},
				"down": {"uv": [6.5, 8.5, 4.5, 7.75], "texture": "#texture"}
			}
		},
		{
			"from": [15.75, 6.425, 7.75],
			"to": [16.4, 6.675, 8.5],
			"rotation": {"angle": 0, "axis": "y", "origin": [5.5, -0.25, 0]},
			"faces": {
				"north": {"uv": [4.5, 9, 6.5, 9.25], "texture": "#texture"},
				"east": {"uv": [7.5, 9, 8.25, 9.25], "texture": "#texture"},
				"south": {"uv": [9.5, 9, 11.5, 9.25], "texture": "#texture"},
				"west": {"uv": [7.75, 9, 8.5, 9.25], "texture": "#texture"},
				"up": {"uv": [9.5, 7.75, 11.5, 8.5], "texture": "#texture"},
				"down": {"uv": [6.5, 8.5, 4.5, 7.75], "texture": "#texture"}
			}
		},
		{
			"from": [17.15, 7.05, 8],
			"to": [17.4, 9.05, 8.25],
			"rotation": {"angle": -22.5, "axis": "z", "origin": [16.75, 9, 8]},
			"faces": {
				"north": {"uv": [2.5, 8.75, 3, 10], "texture": "#texture"},
				"east": {"uv": [7.75, 8.75, 8, 10], "texture": "#texture"},
				"south": {"uv": [13, 8.75, 13.5, 10], "texture": "#texture"},
				"west": {"uv": [8, 8.75, 8.25, 10], "texture": "#texture"},
				"up": {"uv": [13, 14.5, 13.5, 14.75], "texture": "#texture"},
				"down": {"uv": [12, 9, 13, 10], "texture": "#texture"}
			}
		},
		{
			"from": [17.25, 6.675, 7.75],
			"to": [17.5, 7.325, 8.5],
			"rotation": {"angle": 0, "axis": "y", "origin": [5.5, -0.25, 0]},
			"faces": {
				"north": {"uv": [4.25, 7.75, 4.5, 9], "texture": "#texture"},
				"east": {"uv": [7.5, 7.75, 8.25, 9], "texture": "#texture"},
				"south": {"uv": [11.5, 7.75, 11.75, 9], "texture": "#texture"},
				"west": {"uv": [7.75, 7.75, 8.5, 9], "texture": "#texture"},
				"up": {"uv": [7, 8, 8, 9], "texture": "#texture"},
				"down": {"uv": [4.5, 8.5, 4.25, 7.75], "texture": "#texture"}
			}
		},
		{
			"from": [17.425, 5.95, 7.75],
			"to": [17.675, 6.75, 8.5],
			"rotation": {"angle": 0, "axis": "y", "origin": [5.5, -0.25, 0]},
			"faces": {
				"north": {"uv": [4.25, 7.75, 4.5, 9], "texture": "#texture"},
				"east": {"uv": [7.5, 7.75, 8.25, 9], "texture": "#texture"},
				"south": {"uv": [11.5, 7.75, 11.75, 9], "texture": "#texture"},
				"west": {"uv": [7.75, 7.75, 8.5, 9], "texture": "#texture"},
				"up": {"uv": [7, 8, 8, 9], "texture": "#texture"},
				"down": {"uv": [4.5, 8.5, 4.25, 7.75], "texture": "#texture"}
			}
		},
		{
			"from": [15.25, 6.925, 7.75],
			"to": [15.5, 7.7, 8.5],
			"rotation": {"angle": 0, "axis": "y", "origin": [5.5, -0.25, 0]},
			"faces": {
				"north": {"uv": [6.5, 8, 6.75, 9], "texture": "#texture"},
				"east": {"uv": [7.5, 8, 8.25, 9], "texture": "#texture"},
				"south": {"uv": [9.25, 8, 9.5, 9], "texture": "#texture"},
				"west": {"uv": [7.75, 8, 8.5, 9], "texture": "#texture"},
				"up": {"uv": [7, 8, 8, 9], "texture": "#texture"},
				"down": {"uv": [6.75, 8.5, 6.5, 7.75], "texture": "#texture"}
			}
		},
		{
			"from": [15.5, 7.7, 7.75],
			"to": [15.75, 7.95, 8.5],
			"rotation": {"angle": 0, "axis": "y", "origin": [5.5, -0.25, 0]},
			"faces": {
				"north": {"uv": [6.5, 8, 6.75, 9], "texture": "#texture"},
				"east": {"uv": [7.5, 8, 8.25, 9], "texture": "#texture"},
				"south": {"uv": [9.25, 8, 9.5, 9], "texture": "#texture"},
				"west": {"uv": [7.75, 8, 8.5, 9], "texture": "#texture"},
				"up": {"uv": [7, 8, 8, 9], "texture": "#texture"},
				"down": {"uv": [6.75, 8.5, 6.5, 7.75], "texture": "#texture"}
			}
		},
		{
			"from": [4.25, 11.6, 7.775],
			"to": [13.5, 11.875, 8.475],
			"rotation": {"angle": 0, "axis": "y", "origin": [10, -8.75, 0]},
			"faces": {
				"north": {"uv": [8, 12, 15, 12.25], "texture": "#texture", "cullface": "west"},
				"east": {"uv": [7, 13.75, 8, 14.75], "texture": "#texture"},
				"south": {"uv": [0, 12, 7, 12.25], "texture": "#texture", "cullface": "west"},
				"west": {"uv": [7.75, 12, 7.5, 12.25], "texture": "#texture", "cullface": "west"},
				"up": {"uv": [0, 13.5, 7, 14.25], "texture": "#texture", "cullface": "west"},
				"down": {"uv": [15, 14.25, 8, 13.5], "texture": "#texture", "cullface": "west"}
			}
		},
		{
			"from": [18.63925, 10.01508, 7.8305],
			"to": [19.86425, 10.24008, 8.4055],
			"rotation": {"angle": -22.5, "axis": "z", "origin": [18.025, 9.8, 8]},
			"faces": {
				"north": {"uv": [3, 9.75, 2.5, 11], "rotation": 270, "texture": "#texture"},
				"east": {"uv": [0.5, 8.3, 0, 8.8], "rotation": 90, "texture": "#texture"},
				"south": {"uv": [12.5, 9.75, 12, 11], "rotation": 90, "texture": "#texture"},
				"up": {"uv": [8, 9.75, 7.5, 11], "rotation": 90, "texture": "#texture"},
				"down": {"uv": [4.7, 7.35, 4.2, 8.6], "rotation": 90, "texture": "#texture"}
			}
		},
		{
			"from": [17.75, 7.6, 7.475],
			"to": [18.25, 7.75, 8.775],
			"rotation": {"angle": 0, "axis": "y", "origin": [5.3, -6.5, 0]},
			"faces": {
				"north": {"uv": [1.25, 8.25, 3.25, 8.75], "texture": "#texture"},
				"east": {"uv": [7, 8.25, 8.75, 8.75], "texture": "#texture"},
				"south": {"uv": [12.75, 8.25, 14.75, 8.75], "texture": "#texture"},
				"west": {"uv": [7.25, 8.25, 9, 8.75], "texture": "#texture"},
				"up": {"uv": [12.75, 7.25, 14.75, 9], "texture": "#texture"},
				"down": {"uv": [3.25, 9, 1.25, 7.25], "texture": "#texture"}
			}
		},
		{
			"name": "Element",
			"from": [16.75, 7.75, 7.475],
			"to": [18.6, 8.975, 8.775],
			"rotation": {"angle": 0, "axis": "z", "origin": [16.5, 9.975, 7.375]},
			"faces": {
				"north": {"uv": [4, 12, 6, 10], "texture": "#texture"},
				"east": {"uv": [7, 4, 5, 6], "texture": "#texture", "cullface": "east"},
				"south": {"uv": [6, 12, 4, 10], "texture": "#texture"},
				"west": {"uv": [6, 12, 4, 10], "texture": "#texture"},
				"up": {"uv": [6, 12, 4, 10], "texture": "#texture"},
				"down": {"uv": [7, 4, 5, 6], "texture": "#texture"}
			}
		},
		{
			"name": "Element",
			"from": [15.9, 10.7, 7.475],
			"to": [16.575, 11.625, 8.775],
			"rotation": {"angle": 0, "axis": "y", "origin": [16.25, 9.975, 7.375]},
			"faces": {
				"north": {"uv": [4, 12, 6, 10], "texture": "#texture"},
				"east": {"uv": [7, 4, 5, 6], "texture": "#texture", "cullface": "east"},
				"south": {"uv": [6, 12, 4, 10], "texture": "#texture"},
				"west": {"uv": [6, 12, 4, 10], "texture": "#texture"},
				"up": {"uv": [6, 12, 4, 10], "texture": "#texture"},
				"down": {"uv": [7, 4, 5, 6], "texture": "#texture"}
			}
		},
		{
			"name": "Element",
			"from": [17.25, 11.1, 7.75],
			"to": [17.825, 11.55, 8.5],
			"rotation": {"angle": -45, "axis": "z", "origin": [18.025, 9.8, 8]},
			"faces": {
				"north": {"uv": [4, 12, 6, 10], "texture": "#texture"},
				"east": {"uv": [7, 4, 5, 6], "texture": "#texture", "cullface": "east"},
				"south": {"uv": [6, 12, 4, 10], "texture": "#texture"},
				"west": {"uv": [6, 12, 4, 10], "texture": "#texture"},
				"up": {"uv": [6, 12, 4, 10], "texture": "#texture"},
				"down": {"uv": [7, 4, 5, 6], "texture": "#texture"}
			}
		},
		{
			"name": "Element",
			"from": [17.625, 10.75, 7.75],
			"to": [17.95, 11, 8.5],
			"rotation": {"angle": -45, "axis": "z", "origin": [18.025, 9.8, 8]},
			"faces": {
				"north": {"uv": [4, 12, 6, 10], "texture": "#texture"},
				"east": {"uv": [7, 4, 5, 6], "texture": "#texture", "cullface": "east"},
				"south": {"uv": [6, 12, 4, 10], "texture": "#texture"},
				"west": {"uv": [6, 12, 4, 10], "texture": "#texture"},
				"up": {"uv": [6, 12, 4, 10], "texture": "#texture"},
				"down": {"uv": [7, 4, 5, 6], "texture": "#texture"}
			}
		},
		{
			"name": "Element",
			"from": [18.5977, 9.81517, 7.75],
			"to": [19.1227, 11.16517, 8.5],
			"rotation": {"angle": 0, "axis": "z", "origin": [18.025, 9.8, 8]},
			"faces": {
				"north": {"uv": [5, 11, 7, 9], "rotation": 270, "texture": "#texture"},
				"east": {"uv": [7, 11, 5, 9], "rotation": 90, "texture": "#texture"},
				"south": {"uv": [7, 11, 5, 9], "rotation": 90, "texture": "#texture"},
				"west": {"uv": [7, 9, 5, 11], "rotation": 90, "texture": "#texture"},
				"up": {"uv": [7, 11, 5, 9], "rotation": 90, "texture": "#texture"},
				"down": {"uv": [7, 9, 5, 11], "rotation": 90, "texture": "#texture", "cullface": "east"}
			}
		},
		{
			"name": "Element",
			"from": [16, 8.975, 7.475],
			"to": [17, 10.7, 8.775],
			"rotation": {"angle": 0, "axis": "y", "origin": [16.25, 9.975, 7.375]},
			"faces": {
				"north": {"uv": [4, 11, 6, 9], "texture": "#texture"},
				"east": {"uv": [7, 4, 5, 6], "texture": "#texture", "cullface": "east"},
				"south": {"uv": [6, 11, 4, 9], "texture": "#texture"},
				"west": {"uv": [6, 11, 4, 9], "texture": "#texture"},
				"up": {"uv": [6, 11, 4, 9], "texture": "#texture"},
				"down": {"uv": [7, 4, 5, 6], "texture": "#texture"}
			}
		},
		{
			"name": "Element",
			"from": [17, 8.975, 7.475],
			"to": [17.7, 9.7, 8.775],
			"rotation": {"angle": 0, "axis": "y", "origin": [16.25, 9.975, 7.375]},
			"faces": {
				"north": {"uv": [4, 11, 6, 9], "texture": "#texture"},
				"east": {"uv": [7, 4, 5, 6], "texture": "#texture", "cullface": "east"},
				"south": {"uv": [6, 11, 4, 9], "texture": "#texture"},
				"west": {"uv": [6, 11, 4, 9], "texture": "#texture"},
				"up": {"uv": [6, 11, 4, 9], "texture": "#texture"},
				"down": {"uv": [7, 4, 5, 6], "texture": "#texture"}
			}
		},
		{
			"name": "Element",
			"from": [17.7, 8.975, 7.475],
			"to": [18.225, 9.325, 8.775],
			"rotation": {"angle": 0, "axis": "y", "origin": [16.5, 9.975, 7.375]},
			"faces": {
				"north": {"uv": [4, 11, 6, 9], "texture": "#texture"},
				"east": {"uv": [7, 4, 5, 6], "texture": "#texture", "cullface": "east"},
				"south": {"uv": [6, 11, 4, 9], "texture": "#texture"},
				"west": {"uv": [6, 11, 4, 9], "texture": "#texture"},
				"up": {"uv": [6, 11, 4, 9], "texture": "#texture"},
				"down": {"uv": [7, 4, 5, 6], "texture": "#texture"}
			}
		},
		{
			"name": "Element",
			"from": [18.25, 9.225, 7.75],
			"to": [18.8, 10.575, 8.5],
			"rotation": {"angle": -45, "axis": "z", "origin": [18.025, 9.8, 8]},
			"faces": {
				"north": {"uv": [5, 11, 7, 9], "texture": "#texture"},
				"east": {"uv": [7, 9, 5, 11], "texture": "#texture", "cullface": "east"},
				"south": {"uv": [7, 11, 5, 9], "texture": "#texture"},
				"west": {"uv": [7, 11, 5, 9], "texture": "#texture"},
				"up": {"uv": [7, 11, 5, 9], "texture": "#texture"},
				"down": {"uv": [7, 9, 5, 11], "texture": "#texture"}
			}
		},
		{
			"name": "Element",
			"from": [15.675, 7.95, 7.575],
			"to": [16.75, 8.975, 8.675],
			"rotation": {"angle": 0, "axis": "y", "origin": [16.5, 9.975, 7.375]},
			"faces": {
				"north": {"uv": [4, 12, 6, 10], "texture": "#texture"},
				"east": {"uv": [7, 4, 5, 6], "texture": "#texture", "cullface": "east"},
				"south": {"uv": [6, 12, 4, 10], "texture": "#texture"},
				"west": {"uv": [6, 12, 4, 10], "texture": "#texture"},
				"up": {"uv": [6, 12, 4, 10], "texture": "#texture"},
				"down": {"uv": [7, 4, 5, 6], "texture": "#texture"}
			}
		},
		{
			"name": "Element",
			"from": [14.675, 8.2, 7.575],
			"to": [15.675, 8.975, 8.675],
			"rotation": {"angle": 0, "axis": "y", "origin": [16.5, 9.975, 7.375]},
			"faces": {
				"north": {"uv": [4, 12, 6, 10], "texture": "#texture"},
				"east": {"uv": [7, 4, 5, 6], "texture": "#texture", "cullface": "east"},
				"south": {"uv": [6, 12, 4, 10], "texture": "#texture"},
				"west": {"uv": [6, 12, 4, 10], "texture": "#texture"},
				"up": {"uv": [6, 12, 4, 10], "texture": "#texture"},
				"down": {"uv": [7, 4, 5, 6], "texture": "#texture"}
			}
		},
		{
			"name": "Element",
			"from": [13.675, 8.45, 7.575],
			"to": [14.675, 8.975, 8.675],
			"rotation": {"angle": 0, "axis": "y", "origin": [16.5, 9.975, 7.375]},
			"faces": {
				"north": {"uv": [4, 12, 6, 10], "texture": "#texture"},
				"east": {"uv": [7, 4, 5, 6], "texture": "#texture", "cullface": "east"},
				"south": {"uv": [6, 12, 4, 10], "texture": "#texture"},
				"west": {"uv": [6, 12, 4, 10], "texture": "#texture"},
				"up": {"uv": [6, 12, 4, 10], "texture": "#texture"},
				"down": {"uv": [7, 4, 5, 6], "texture": "#texture"}
			}
		},
		{
			"name": "Element",
			"from": [12.75, 8.7, 7.575],
			"to": [13.675, 10.975, 8.675],
			"rotation": {"angle": 0, "axis": "y", "origin": [16.25, 9.975, 7.375]},
			"faces": {
				"north": {"uv": [4, 11, 6, 8], "texture": "#texture"},
				"east": {"uv": [7, 4, 5, 6], "texture": "#texture", "cullface": "east"},
				"south": {"uv": [6, 11, 4, 8], "texture": "#texture"},
				"west": {"uv": [6, 11, 4, 8], "texture": "#texture"},
				"up": {"uv": [6, 11, 4, 8], "texture": "#texture"},
				"down": {"uv": [7, 4, 5, 6], "texture": "#texture"}
			}
		},
		{
			"from": [19.025, 5.525, 7.45],
			"to": [20.95, 6.525, 8.8],
			"rotation": {"angle": 0, "axis": "y", "origin": [5.3, -6.5, 0]},
			"faces": {
				"north": {"uv": [0.75, 9.5, 1, 11.5], "texture": "#particle"},
				"east": {"uv": [7, 9.5, 8.75, 11.5], "texture": "#particle"},
				"south": {"uv": [15, 9.5, 15.25, 11.5], "texture": "#particle"},
				"west": {"uv": [7, 10, 8, 11], "texture": "#particle"},
				"up": {"uv": [15, 7.25, 15.25, 9], "texture": "#particle"},
				"down": {"uv": [7, 10, 8, 11], "texture": "#particle"}
			}
		},
		{
			"from": [18.425, 7.775, 7.45],
			"to": [19.925, 8.225, 8.8],
			"rotation": {"angle": 0, "axis": "y", "origin": [5.3, -6.5, 0]},
			"faces": {
				"north": {"uv": [1.25, 8.25, 3.25, 8.75], "texture": "#particle"},
				"east": {"uv": [7, 8.25, 8.75, 8.75], "texture": "#particle"},
				"south": {"uv": [12.75, 8.25, 14.75, 8.75], "texture": "#particle"},
				"west": {"uv": [7.25, 8.25, 9, 8.75], "texture": "#particle"},
				"up": {"uv": [12.75, 7.25, 14.75, 9], "texture": "#particle"},
				"down": {"uv": [3.25, 9, 1.25, 7.25], "texture": "#particle"}
			}
		},
		{
			"from": [18.25, 7.075, 7.45],
			"to": [20.25, 7.775, 8.8],
			"rotation": {"angle": 0, "axis": "y", "origin": [5.3, -6.5, 0]},
			"faces": {
				"north": {"uv": [1.25, 8.25, 3.25, 8.75], "texture": "#particle"},
				"east": {"uv": [7, 8.25, 8.75, 8.75], "texture": "#particle"},
				"south": {"uv": [12.75, 8.25, 14.75, 8.75], "texture": "#particle"},
				"west": {"uv": [7.25, 8.25, 9, 8.75], "texture": "#particle"},
				"up": {"uv": [12.75, 7.25, 14.75, 9], "texture": "#particle"},
				"down": {"uv": [3.25, 9, 1.25, 7.25], "texture": "#particle"}
			}
		},
		{
			"from": [18.6, 7.75, 7.475],
			"to": [19.05, 8.775, 8.775],
			"rotation": {"angle": 0, "axis": "y", "origin": [5.3, -2.5, 0]},
			"faces": {
				"north": {"uv": [4.5, 9.25, 6.75, 9.5], "texture": "#texture"},
				"east": {"uv": [7, 7.25, 8.75, 7.5], "texture": "#texture"},
				"south": {"uv": [4.25, 9.25, 6.5, 11.5], "texture": "#texture"},
				"west": {"uv": [7.25, 7.25, 9, 7.5], "texture": "#texture"},
				"up": {"uv": [4.25, 9.25, 6.5, 11], "texture": "#texture"}
			}
		},
		{
			"from": [18.75, 8.225, 7.45],
			"to": [19.525, 8.5, 8.8],
			"rotation": {"angle": 0, "axis": "y", "origin": [5.3, -6.5, 0]},
			"faces": {
				"north": {"uv": [1.5, 7.5, 3.75, 8.25], "texture": "#particle"},
				"east": {"uv": [7, 7.5, 8.75, 8.25], "texture": "#particle"},
				"south": {"uv": [12.25, 7.5, 14.5, 8.25], "texture": "#particle"},
				"west": {"uv": [7.25, 7.5, 9, 8.25], "texture": "#particle"},
				"up": {"uv": [2, 7, 3, 8], "texture": "#particle"},
				"down": {"uv": [3.75, 9, 1.5, 7.25], "texture": "#particle"}
			}
		},
		{
			"from": [19.35, 4.275, 7.45],
			"to": [20.425, 4.525, 8.8],
			"rotation": {"angle": 0, "axis": "y", "origin": [5.45, -6.5, 0]},
			"faces": {
				"north": {"uv": [1.25, 9.5, 1.5, 11.5], "texture": "#texture"},
				"east": {"uv": [7, 9.5, 8.75, 11.5], "texture": "#texture"},
				"south": {"uv": [15, 9.5, 15.25, 11.5], "texture": "#texture"},
				"west": {"uv": [7, 10, 8, 11], "texture": "#texture"},
				"up": {"uv": [15, 7.25, 15.25, 9], "texture": "#texture"},
				"down": {"uv": [7, 10, 8, 11], "texture": "#texture"}
			}
		},
		{
			"from": [20.425, 4.425, 7.45],
			"to": [21.2, 4.675, 8.8],
			"rotation": {"angle": 0, "axis": "y", "origin": [5.45, -6.5, 0]},
			"faces": {
				"north": {"uv": [1.25, 9.5, 1.5, 11.5], "texture": "#texture"},
				"east": {"uv": [7, 9.5, 8.75, 11.5], "texture": "#texture"},
				"south": {"uv": [15, 9.5, 15.25, 11.5], "texture": "#texture"},
				"west": {"uv": [7, 10, 8, 11], "texture": "#texture"},
				"up": {"uv": [15, 7.25, 15.25, 9], "texture": "#texture"},
				"down": {"uv": [7, 10, 8, 11], "texture": "#texture"}
			}
		},
		{
			"from": [20.2, 4.125, 7.95],
			"to": [20.525, 4.625, 8.3],
			"rotation": {"angle": 0, "axis": "y", "origin": [5.525, -6.4, 0]},
			"faces": {
				"north": {"uv": [1.25, 9.5, 1.5, 11.5], "texture": "#texture"},
				"east": {"uv": [7, 9.5, 8.75, 11.5], "texture": "#texture"},
				"south": {"uv": [15, 9.5, 15.25, 11.5], "texture": "#texture"},
				"west": {"uv": [8, 10, 9, 11], "texture": "#texture"},
				"up": {"uv": [15, 7.25, 15.25, 9], "texture": "#texture"},
				"down": {"uv": [8, 10, 9, 11], "texture": "#texture"}
			}
		},
		{
			"from": [8.45, 11.45, 7.95],
			"to": [9.225, 11.65, 8.3],
			"rotation": {"angle": -45, "axis": "z", "origin": [5.525, -6.4, 0]},
			"faces": {
				"north": {"uv": [1.25, 11.5, 1.5, 9.5], "texture": "#texture"},
				"east": {"uv": [7, 9.5, 8.75, 11.5], "texture": "#texture"},
				"south": {"uv": [15, 11.5, 15.25, 9.5], "texture": "#texture"},
				"west": {"uv": [7, 10, 8, 11], "texture": "#texture"},
				"up": {"uv": [12.9, 8.05, 12.05, 8.8], "texture": "#texture"},
				"down": {"uv": [7, 10, 8, 11], "texture": "#texture"}
			}
		},
		{
			"from": [8.45, 10.675, 7.95],
			"to": [9.425, 10.875, 8.3],
			"rotation": {"angle": -45, "axis": "z", "origin": [5.525, -6.4, 0]},
			"faces": {
				"north": {"uv": [1.25, 9.5, 1.5, 11.5], "texture": "#texture"},
				"east": {"uv": [14, 6.2, 14.85, 6.9], "texture": "#texture"},
				"south": {"uv": [15, 9.5, 15.25, 11.5], "texture": "#texture"},
				"west": {"uv": [3, 10, 4, 11], "texture": "#texture"},
				"up": {"uv": [12, 8, 13, 9], "texture": "#texture"},
				"down": {"uv": [3, 10, 4, 11], "texture": "#texture"}
			}
		},
		{
			"from": [8.45, 10.875, 7.95],
			"to": [8.65, 11.45, 8.3],
			"rotation": {"angle": -45, "axis": "z", "origin": [5.525, -6.4, 0]},
			"faces": {
				"north": {"uv": [1.25, 9.5, 1.5, 11.5], "rotation": 270, "texture": "#texture"},
				"east": {"uv": [15, 7.25, 15.25, 9], "rotation": 90, "texture": "#texture"},
				"south": {"uv": [15, 9.5, 15.25, 11.5], "rotation": 90, "texture": "#texture"},
				"west": {"uv": [8, 10, 9, 11], "rotation": 90, "texture": "#texture"},
				"up": {"uv": [8, 10, 9, 11], "rotation": 90, "texture": "#texture"},
				"down": {"uv": [7, 9.5, 8.75, 11.5], "rotation": 90, "texture": "#texture"}
			}
		},
		{
			"from": [9.225, 10.875, 7.95],
			"to": [9.425, 11.65, 8.3],
			"rotation": {"angle": -45, "axis": "z", "origin": [5.525, -6.4, 0]},
			"faces": {
				"north": {"uv": [1.25, 11.5, 1.5, 9.5], "rotation": 270, "texture": "#texture"},
				"east": {"uv": [14, 6.25, 15, 6.9], "rotation": 90, "texture": "#texture"},
				"south": {"uv": [15.25, 11.5, 15, 9.5], "rotation": 90, "texture": "#texture"},
				"west": {"uv": [12, 8, 13, 9], "rotation": 90, "texture": "#texture"},
				"up": {"uv": [12, 8, 13, 9], "rotation": 90, "texture": "#texture"},
				"down": {"uv": [7, 9.5, 8.75, 11.5], "rotation": 90, "texture": "#texture"}
			}
		},
		{
			"from": [20.425, 4.675, 7.45],
			"to": [21.275, 5.7, 8.8],
			"rotation": {"angle": 0, "axis": "y", "origin": [5.3, -6.5, 0]},
			"faces": {
				"north": {"uv": [0.75, 9.5, 1, 11.5], "texture": "#particle"},
				"east": {"uv": [7, 9.5, 8.75, 11.5], "texture": "#particle"},
				"south": {"uv": [15, 9.5, 15.25, 11.5], "texture": "#particle"},
				"west": {"uv": [7, 10, 8, 11], "texture": "#particle"},
				"up": {"uv": [15, 7.25, 15.25, 9], "texture": "#particle"},
				"down": {"uv": [7, 10, 8, 11], "texture": "#particle"}
			}
		},
		{
			"from": [19.3, 4.525, 7.45],
			"to": [20.425, 5.7, 8.8],
			"rotation": {"angle": 0, "axis": "y", "origin": [5.3, -6.5, 0]},
			"faces": {
				"north": {"uv": [0.75, 9.5, 1, 11.5], "texture": "#particle"},
				"east": {"uv": [7, 9.5, 8.75, 11.5], "texture": "#particle"},
				"south": {"uv": [15, 9.5, 15.25, 11.5], "texture": "#particle"},
				"west": {"uv": [7, 10, 8, 11], "texture": "#particle"},
				"up": {"uv": [15, 7.25, 15.25, 9], "texture": "#particle"},
				"down": {"uv": [7, 10, 8, 11], "texture": "#particle"}
			}
		},
		{
			"from": [18.675, 6.275, 7.45],
			"to": [20.625, 7.275, 8.8],
			"rotation": {"angle": 0, "axis": "y", "origin": [5.3, -6.5, 0]},
			"faces": {
				"north": {"uv": [1, 8.75, 3, 11.5], "texture": "#particle"},
				"east": {"uv": [7, 8.75, 8.75, 11.5], "texture": "#particle"},
				"south": {"uv": [13, 8.75, 15, 11.5], "texture": "#particle"},
				"west": {"uv": [7.25, 8.75, 9, 11.5], "texture": "#particle"},
				"up": {"uv": [13, 7.25, 15, 9], "texture": "#particle"},
				"down": {"uv": [3, 9, 1, 7.25], "texture": "#particle"}
			}
		},
		{
			"from": [4.25, 10.975, 7.575],
			"to": [13.5, 11.675, 7.85],
			"rotation": {"angle": 0, "axis": "y", "origin": [10, -8.75, 0]},
			"faces": {
				"north": {"uv": [8, 12.25, 15, 13], "texture": "#texture", "cullface": "west"},
				"east": {"uv": [3, 10.75, 3, 11.75], "texture": "#texture"},
				"south": {"uv": [0, 12.25, 7, 13], "texture": "#texture", "cullface": "west"},
				"west": {"uv": [7.5, 12.25, 6.75, 13], "texture": "#texture", "cullface": "west"},
				"up": {"uv": [0, 13.25, 7, 13.5], "texture": "#texture", "cullface": "west"},
				"down": {"uv": [15, 13.5, 8, 13.25], "texture": "#texture", "cullface": "west"}
			}
		},
		{
			"from": [4.25, 10.775, 7.775],
			"to": [13.5, 11.05, 8.475],
			"rotation": {"angle": 0, "axis": "y", "origin": [10, -8.75, 0]},
			"faces": {
				"north": {"uv": [8, 13, 15, 13.25], "texture": "#texture", "cullface": "west"},
				"south": {"uv": [0, 13, 7, 13.25], "texture": "#texture", "cullface": "west"},
				"west": {"uv": [7.75, 13, 7.5, 13.25], "texture": "#texture", "cullface": "west"},
				"up": {"uv": [0, 13.5, 7, 14.25], "texture": "#texture", "cullface": "west"},
				"down": {"uv": [15, 14.25, 8, 13.5], "texture": "#texture", "cullface": "west"}
			}
		},
		{
			"from": [4.25, 10.975, 8.4],
			"to": [13.5, 11.675, 8.675],
			"rotation": {"angle": 0, "axis": "y", "origin": [10, -8.75, 0]},
			"faces": {
				"north": {"uv": [8, 12.25, 15, 13], "texture": "#texture", "cullface": "west"},
				"east": {"uv": [3, 10.75, 4, 11.75], "texture": "#texture"},
				"south": {"uv": [0, 12.25, 7, 13], "texture": "#texture", "cullface": "west"},
				"west": {"uv": [8.5, 12.25, 7.75, 13], "texture": "#texture", "cullface": "west"},
				"up": {"uv": [0, 14.25, 7, 14.5], "texture": "#texture", "cullface": "west"},
				"down": {"uv": [15, 14.5, 8, 14.25], "texture": "#texture", "cullface": "west"}
			}
		},
		{
			"from": [4.75, 10.775, 7.075],
			"to": [13.25, 11.35, 7.375],
			"rotation": {"angle": 0, "axis": "y", "origin": [5, -17.5, 0]},
			"faces": {
				"north": {"uv": [8, 12.25, 15, 13], "texture": "#texture", "cullface": "west"},
				"east": {"uv": [7, 11.75, 7, 12.75], "texture": "#texture"},
				"south": {"uv": [0, 12.25, 7, 13], "texture": "#texture", "cullface": "west"},
				"west": {"uv": [7.5, 12.25, 6.75, 13], "texture": "#texture", "cullface": "west"},
				"up": {"uv": [0, 13.25, 7, 13.5], "texture": "#texture", "cullface": "west"},
				"down": {"uv": [15, 13.5, 8, 13.25], "texture": "#texture", "cullface": "west"}
			}
		},
		{
			"from": [11.75, 10.75, 6.9],
			"to": [13, 11.375, 7.575],
			"rotation": {"angle": 0, "axis": "y", "origin": [5, -17.5, 0]},
			"faces": {
				"north": {"uv": [8, 12.25, 15, 13], "texture": "#texture", "cullface": "west"},
				"east": {"uv": [7, 13, 7, 14], "texture": "#texture"},
				"south": {"uv": [0, 12.25, 7, 13], "texture": "#texture", "cullface": "west"},
				"west": {"uv": [7.5, 12.25, 6.75, 13], "texture": "#texture", "cullface": "west"},
				"up": {"uv": [0, 14.5, 7, 14.75], "texture": "#texture", "cullface": "west"},
				"down": {"uv": [15, 14.75, 8, 14.5], "texture": "#texture", "cullface": "west"}
			}
		},
		{
			"from": [12, 9.5, 7.225],
			"to": [12.75, 11, 7.7],
			"rotation": {"angle": 0, "axis": "y", "origin": [5, -17.5, 0]},
			"faces": {
				"north": {"uv": [8, 12.25, 15, 13], "texture": "#texture", "cullface": "west"},
				"east": {"uv": [7, 13, 7, 14], "texture": "#texture"},
				"south": {"uv": [0, 12.25, 7, 13], "texture": "#texture", "cullface": "west"},
				"west": {"uv": [7.5, 12.25, 6.75, 13], "texture": "#texture", "cullface": "west"},
				"up": {"uv": [0, 14.5, 7, 14.75], "texture": "#texture", "cullface": "west"},
				"down": {"uv": [15, 14.75, 8, 14.5], "texture": "#texture", "cullface": "west"}
			}
		},
		{
			"from": [12.25, 9.25, 7.225],
			"to": [13.5, 9.75, 7.7],
			"rotation": {"angle": 0, "axis": "y", "origin": [5, -17.5, 0]},
			"faces": {
				"north": {"uv": [8, 12.25, 15, 13], "texture": "#texture", "cullface": "west"},
				"east": {"uv": [7, 13, 7, 14], "texture": "#texture"},
				"south": {"uv": [0, 12.25, 7, 13], "texture": "#texture", "cullface": "west"},
				"west": {"uv": [7.5, 12.25, 6.75, 13], "texture": "#texture", "cullface": "west"},
				"up": {"uv": [0, 14.5, 7, 14.75], "texture": "#texture", "cullface": "west"},
				"down": {"uv": [15, 14.75, 8, 14.5], "texture": "#texture", "cullface": "west"}
			}
		},
		{
			"from": [4.75, 10.9, 6.95],
			"to": [13.25, 11.225, 7.5],
			"rotation": {"angle": 0, "axis": "y", "origin": [5, -17.5, 0]},
			"faces": {
				"north": {"uv": [8, 12.25, 15, 13], "texture": "#texture", "cullface": "west"},
				"east": {"uv": [7, 11.75, 7, 12.75], "texture": "#texture"},
				"south": {"uv": [0, 12.25, 7, 13], "texture": "#texture", "cullface": "west"},
				"west": {"uv": [7.5, 12.25, 6.75, 13], "texture": "#texture", "cullface": "west"},
				"up": {"uv": [0, 13.25, 7, 13.5], "texture": "#texture", "cullface": "west"},
				"down": {"uv": [15, 13.5, 8, 13.25], "texture": "#texture", "cullface": "west"}
			}
		}
	],
	"gui_light": "front",
	"display": {
		"thirdperson_righthand": {
			"rotation": [0, -90, 0],
			"translation": [0, 0, -6.75],
			"scale": [0.78, 0.77, 0.77]
		},
		"thirdperson_lefthand": {
			"rotation": [0, 90, 0],
			"translation": [0, 0, -6.75],
			"scale": [0.78, 0.77, 0.77]
		},
		"firstperson_righthand": {
			"rotation": [47.07, -79.61, 24.79],
			"translation": [0, 3.5, -7.75],
			"scale": [0.76, 0.74, 0.76]
		},
		"firstperson_lefthand": {
			"rotation": [-128.46, 77.65, 149.97],
			"translation": [1.25, 3.75, -8.75],
			"scale": [0.76, 0.74, 0.76]
		},
		"ground": {
			"translation": [0, 0.25, 0],
			"scale": [0.94, 0.92, 0.94]
		},
		"gui": {
			"rotation": [0, 0, -45],
			"translation": [-3.5, 2.5, 0],
			"scale": [0.8, 0.78, 0.9]
		},
		"fixed": {
			"rotation": [0, 180, -45],
			"translation": [1.1, -0.45, -1.1],
			"scale": [1.05, 1.03, 1.05]
		}
	}
}