{
	"credit": "Made by SrDarmith - YouTube: Mainclay",
	"textures": {
		"texture": "item/anvil_1"
	},
	"elements": [
		{
			"from": [-4.725, 10.85, 7.75],
			"to": [2.525, 11.375, 8.75],
			"rotation": {"angle": 0, "axis": "y", "origin": [0, -0.25, 0]},
			"faces": {
				"north": {"uv": [15, 10, 16, 11], "texture": "#texture"},
				"east": {"uv": [15, 10, 16, 11], "texture": "#texture"},
				"south": {"uv": [15, 10, 16, 11], "texture": "#texture"},
				"west": {"uv": [15.25, 10.5, 15.75, 10.75], "texture": "#texture"},
				"up": {"uv": [15.75, 10.3, 16, 10.8], "texture": "#texture"},
				"down": {"uv": [15.7, 10.9, 15.45, 10.4], "texture": "#texture"}
			}
		},
		{
			"from": [-4.725, 9.825, 7.75],
			"to": [2.525, 10.35, 8.75],
			"rotation": {"angle": 0, "axis": "y", "origin": [0, -0.25, 0]},
			"faces": {
				"north": {"uv": [15.2, 11, 16, 12], "texture": "#texture"},
				"east": {"uv": [15.25, 11.75, 15.75, 12], "texture": "#texture"},
				"south": {"uv": [15.2, 11.1, 16, 12], "texture": "#texture"},
				"west": {"uv": [15.25, 11.75, 15.75, 12], "texture": "#texture"},
				"up": {"uv": [15.75, 11.3, 16, 11.8], "texture": "#texture"},
				"down": {"uv": [16, 11.8, 15.75, 11.3], "texture": "#texture"}
			}
		},
		{
			"from": [-4.725, 10.1, 8.5],
			"to": [2.525, 11.1, 9.025],
			"rotation": {"angle": 0, "axis": "y", "origin": [0, -0.25, 0]},
			"faces": {
				"north": {"uv": [15, 10.5, 15.25, 11.5], "texture": "#texture"},
				"east": {"uv": [15, 11, 15.25, 12], "texture": "#texture"},
				"south": {"uv": [15.05, 10.5, 15.3, 11.5], "texture": "#texture"},
				"west": {"uv": [15.05, 10.6, 15.3, 11.6], "texture": "#texture"},
				"up": {"uv": [15.05, 10.4, 15.5, 10.95], "texture": "#texture"},
				"down": {"uv": [16, 12.05, 15.75, 11.8], "texture": "#texture"}
			}
		},
		{
			"from": [-4.725, 10.1, 7.475],
			"to": [2.525, 11.1, 8],
			"rotation": {"angle": 0, "axis": "y", "origin": [0, -0.25, 0]},
			"faces": {
				"north": {"uv": [15, 10.5, 15.25, 11.5], "texture": "#texture"},
				"east": {"uv": [15.05, 10.4, 15.3, 11.4], "texture": "#texture"},
				"south": {"uv": [15.05, 10.4, 15.3, 11.4], "texture": "#texture"},
				"west": {"uv": [15, 10.4, 15.25, 11.4], "texture": "#texture"},
				"up": {"uv": [15.75, 11.05, 16, 11.3], "texture": "#texture"},
				"down": {"uv": [16, 11.3, 15.75, 11.05], "texture": "#texture"}
			}
		},
		{
			"from": [4, 9.7, 7.375],
			"to": [12.7, 10.45, 8],
			"rotation": {"angle": 0, "axis": "y", "origin": [0, -0.25, 0]},
			"faces": {
				"north": {"uv": [3.5, 4.75, 14, 5.75], "texture": "#texture"},
				"east": {"uv": [8, 4.75, 8.75, 5.75], "texture": "#texture"},
				"south": {"uv": [2, 4.75, 12.5, 5.75], "texture": "#texture"},
				"west": {"uv": [7.25, 4.75, 8, 5.75], "texture": "#texture"},
				"up": {"uv": [2, 7.25, 12.5, 8], "texture": "#texture"},
				"down": {"uv": [14, 8, 3.5, 7.25], "texture": "#texture"}
			}
		},
		{
			"from": [3.75, 9.175, 7.55],
			"to": [12.5, 9.95, 8.95],
			"rotation": {"angle": 0, "axis": "y", "origin": [0, -0.25, 0]},
			"faces": {
				"north": {"uv": [3.25, 5.75, 12.5, 6], "texture": "#texture"},
				"east": {"uv": [6.75, 5.75, 8.75, 6], "texture": "#texture"},
				"south": {"uv": [3.5, 5.75, 12.75, 6], "texture": "#texture"},
				"west": {"uv": [7.25, 5.75, 9.25, 6], "texture": "#texture"},
				"up": {"uv": [3.5, 7.25, 12.75, 9.25], "texture": "#texture"},
				"down": {"uv": [12.5, 9.25, 3.25, 7.25], "texture": "#texture"}
			}
		},
		{
			"from": [9, 9.175, 7.425],
			"to": [13, 9.95, 9.075],
			"rotation": {"angle": 0, "axis": "y", "origin": [0, -0.25, 0]},
			"faces": {
				"north": {"uv": [3.25, 5.75, 12.5, 6], "texture": "#texture"},
				"east": {"uv": [6.75, 5.75, 8.75, 6], "texture": "#texture"},
				"south": {"uv": [3.5, 5.75, 12.75, 6], "texture": "#texture"},
				"west": {"uv": [7.25, 5.75, 9.25, 6], "texture": "#texture"},
				"up": {"uv": [3.5, 7.25, 12.75, 9.25], "texture": "#texture"},
				"down": {"uv": [12.5, 9.25, 3.25, 7.25], "texture": "#texture"}
			}
		},
		{
			"from": [3, 9.225, 7.75],
			"to": [12.5, 10.35, 8.75],
			"rotation": {"angle": 0, "axis": "y", "origin": [0, -0.25, 0]},
			"faces": {
				"north": {"uv": [4.5, 5.5, 14, 6.5], "texture": "#texture"},
				"east": {"uv": [7.25, 5.5, 8.25, 6.5], "texture": "#texture"},
				"south": {"uv": [2, 5.5, 11.5, 6.5], "texture": "#texture"},
				"west": {"uv": [7.75, 5.5, 8.75, 6.5], "texture": "#texture"},
				"up": {"uv": [2, 7.75, 11.5, 8.75], "texture": "#texture"},
				"down": {"uv": [14, 8.75, 4.5, 7.75], "texture": "#texture"}
			}
		},
		{
			"from": [3.75, 9, 7.675],
			"to": [12.3, 9.25, 8.825],
			"rotation": {"angle": 0, "axis": "y", "origin": [0, -0.25, 0]},
			"faces": {
				"north": {"uv": [3.5, 6, 12.25, 6.75], "texture": "#texture"},
				"east": {"uv": [7, 6, 8.5, 6.75], "texture": "#texture"},
				"south": {"uv": [3.75, 6, 12.5, 6.75], "texture": "#texture"},
				"west": {"uv": [7.5, 6, 9, 6.75], "texture": "#texture"},
				"down": {"uv": [12.25, 9, 3.5, 7.5], "texture": "#texture"}
			}
		},
		{
			"from": [3.75, 10.475, 7.9],
			"to": [9.25, 11.1, 8.6],
			"rotation": {"angle": 0, "axis": "y", "origin": [0, -0.25, 0]},
			"faces": {
				"north": {"uv": [9, 4.25, 14, 4.5], "texture": "#texture"},
				"east": {"uv": [7, 4.25, 8.5, 4.5], "texture": "#texture"},
				"south": {"uv": [2, 4.25, 7, 4.5], "texture": "#texture"},
				"west": {"uv": [7.5, 4.25, 9, 4.5], "texture": "#texture"},
				"up": {"uv": [2, 7.5, 7, 9], "texture": "#texture"}
			}
		},
		{
			"from": [9.25, 10.525, 7.75],
			"to": [12.25, 11.275, 8.75],
			"rotation": {"angle": 0, "axis": "y", "origin": [0, -0.25, 0]},
			"faces": {
				"north": {"uv": [3.5, 4.25, 7, 4.5], "texture": "#texture"},
				"east": {"uv": [7, 4.25, 8.5, 4.5], "texture": "#texture"},
				"south": {"uv": [9, 4.25, 12.5, 4.5], "texture": "#texture"},
				"west": {"uv": [7.5, 4.25, 9, 4.5], "texture": "#texture"},
				"up": {"uv": [9, 7.5, 12.5, 9], "texture": "#texture"}
			}
		},
		{
			"from": [3, 10.45, 7.5],
			"to": [4, 10.95, 9],
			"rotation": {"angle": 0, "axis": "y", "origin": [0, -0.25, 0]},
			"faces": {
				"north": {"uv": [3.5, 4.5, 7, 5.75], "texture": "#texture"},
				"east": {"uv": [7, 4.5, 8.5, 5.75], "texture": "#texture"},
				"south": {"uv": [9, 4.5, 12.5, 5.75], "texture": "#texture"},
				"west": {"uv": [7.5, 4.5, 9, 5.75], "texture": "#texture"},
				"up": {"uv": [10, 8, 11, 9], "texture": "#texture"},
				"down": {"uv": [0, 0, 1, 1], "texture": "#texture"}
			}
		},
		{
			"from": [3, 10.95, 7.75],
			"to": [3.75, 11.275, 8.75],
			"rotation": {"angle": 0, "axis": "y", "origin": [0, -0.25, 0]},
			"faces": {
				"north": {"uv": [3.5, 4.25, 7, 4.5], "texture": "#texture"},
				"east": {"uv": [7, 4.25, 8.5, 4.5], "texture": "#texture"},
				"south": {"uv": [9, 4.25, 12.5, 4.5], "texture": "#texture"},
				"west": {"uv": [7.5, 4.25, 9, 4.5], "texture": "#texture"},
				"up": {"uv": [9, 7.5, 12.5, 9], "texture": "#texture"}
			}
		},
		{
			"from": [7.2, 8.975, 8.125],
			"to": [7.675, 9.275, 8.375],
			"rotation": {"angle": 22.5, "axis": "z", "origin": [0, -0.25, 0]},
			"faces": {
				"north": {"uv": [13, 4, 13.75, 4.25], "texture": "#texture"},
				"east": {"uv": [7.5, 4, 8, 4.25], "texture": "#texture"},
				"south": {"uv": [2.25, 4, 3, 4.25], "texture": "#texture"},
				"west": {"uv": [8, 4, 8.5, 4.25], "texture": "#texture"},
				"up": {"uv": [2.25, 8, 3, 8.5], "texture": "#texture"}
			}
		},
		{
			"from": [9.25, 10.275, 7.5],
			"to": [12.5, 10.95, 9],
			"rotation": {"angle": 0, "axis": "y", "origin": [0, -0.25, 0]},
			"faces": {
				"north": {"uv": [3.5, 4.5, 7, 5.75], "texture": "#texture"},
				"east": {"uv": [7, 4.5, 8.5, 5.75], "texture": "#texture"},
				"south": {"uv": [9, 4.5, 12.5, 5.75], "texture": "#texture"},
				"west": {"uv": [7.5, 4.5, 9, 5.75], "texture": "#texture"},
				"up": {"uv": [10, 8, 11, 9], "texture": "#texture"},
				"down": {"uv": [0, 0, 1, 1], "texture": "#texture"}
			}
		},
		{
			"from": [4, 10.45, 7.5],
			"to": [9.25, 10.7, 9],
			"rotation": {"angle": 0, "axis": "y", "origin": [0, -0.25, 0]},
			"faces": {
				"north": {"uv": [3.5, 4.5, 7, 5.75], "texture": "#texture"},
				"east": {"uv": [7, 4.5, 8.5, 5.75], "texture": "#texture"},
				"south": {"uv": [9, 4.5, 12.5, 5.75], "texture": "#texture"},
				"west": {"uv": [7.5, 4.5, 9, 5.75], "texture": "#texture"},
				"up": {"uv": [10, 8, 11, 9], "texture": "#texture"},
				"down": {"uv": [0, 0, 1, 1], "texture": "#texture"}
			}
		},
		{
			"from": [3.75, 10.425, 7.65],
			"to": [9.25, 10.9, 8.85],
			"rotation": {"angle": 0, "axis": "y", "origin": [0, -0.25, 0]},
			"faces": {
				"north": {"uv": [9, 4.5, 14, 4.75], "texture": "#texture"},
				"east": {"uv": [7, 4.5, 8.5, 4.75], "texture": "#texture"},
				"south": {"uv": [2, 4.5, 7, 4.75], "texture": "#texture"},
				"west": {"uv": [7.5, 4.5, 9, 4.75], "texture": "#texture"},
				"up": {"uv": [10, 8, 11, 9], "texture": "#texture"},
				"down": {"uv": [14, 9, 9, 7.5], "texture": "#texture"}
			}
		},
		{
			"from": [2.525, 10.35, 7.75],
			"to": [3, 10.85, 8],
			"rotation": {"angle": 0, "axis": "y", "origin": [0, -0.25, 0]},
			"faces": {
				"north": {"uv": [8, 4.5, 8.25, 5.5], "texture": "#texture"},
				"east": {"uv": [8, 4.5, 8.25, 5.5], "texture": "#texture"},
				"south": {"uv": [7.75, 4.5, 8, 5.5], "texture": "#texture"},
				"west": {"uv": [7.75, 4.5, 8, 5.5], "texture": "#texture"},
				"up": {"uv": [7.75, 4.75, 8, 5], "texture": "#texture"},
				"down": {"uv": [8.25, 5, 8, 4.75], "texture": "#texture"}
			}
		},
		{
			"from": [2.525, 10.35, 8.5],
			"to": [3, 10.85, 8.75],
			"rotation": {"angle": 0, "axis": "y", "origin": [0, -0.25, 0]},
			"faces": {
				"north": {"uv": [8, 4.5, 8.25, 5.5], "texture": "#texture"},
				"east": {"uv": [7.25, 4.5, 7.5, 5.5], "texture": "#texture"},
				"south": {"uv": [7.75, 4.5, 8, 5.5], "texture": "#texture"},
				"west": {"uv": [8.5, 4.5, 8.75, 5.5], "texture": "#texture"},
				"up": {"uv": [7.75, 5.5, 8, 5.75], "texture": "#texture"},
				"down": {"uv": [8.25, 5.75, 8, 5.5], "texture": "#texture"}
			}
		},
		{
			"from": [11.75, 9.25, 7.75],
			"to": [13.65, 9.5, 8.75],
			"faces": {
				"north": {"uv": [2.5, 7, 8.5, 7.25], "texture": "#texture"},
				"east": {"uv": [7.25, 7, 8.25, 7.25], "texture": "#texture"},
				"south": {"uv": [7.5, 7, 13.5, 7.25], "texture": "#texture"},
				"west": {"uv": [7.75, 7, 8.75, 7.25], "texture": "#texture"},
				"up": {"uv": [7.5, 7.75, 13.5, 8.75], "texture": "#texture"},
				"down": {"uv": [8.5, 8.75, 2.5, 7.75], "texture": "#texture"}
			}
		},
		{
			"from": [2.525, 10.1, 8],
			"to": [3, 10.35, 8.5],
			"rotation": {"angle": 0, "axis": "y", "origin": [0, -0.25, 0]},
			"faces": {
				"north": {"uv": [0, 0, 1, 1], "texture": "#texture"},
				"east": {"uv": [7.5, 5.25, 8, 5.5], "texture": "#texture"},
				"south": {"uv": [6, 0, 7, 1], "texture": "#texture"},
				"west": {"uv": [8, 5.25, 8.5, 5.5], "texture": "#texture"},
				"up": {"uv": [7.75, 5, 8, 5.5], "texture": "#texture"},
				"down": {"uv": [8.25, 5.5, 8, 5], "texture": "#texture"}
			}
		},
		{
			"from": [4, 9.7, 8.5],
			"to": [12.7, 10.45, 9.125],
			"rotation": {"angle": 0, "axis": "y", "origin": [0, -0.25, 0]},
			"faces": {
				"north": {"uv": [3.5, 4.75, 14, 5.75], "texture": "#texture"},
				"east": {"uv": [6.75, 4.75, 7.5, 5.75], "texture": "#texture"},
				"south": {"uv": [2, 4.75, 12.5, 5.75], "texture": "#texture"},
				"west": {"uv": [8.5, 4.75, 9.25, 5.75], "texture": "#texture"},
				"up": {"uv": [2, 8.5, 12.5, 9.25], "texture": "#texture"},
				"down": {"uv": [14, 9.25, 3.5, 8.5], "texture": "#texture"}
			}
		},
		{
			"from": [3, 9.7, 7.5],
			"to": [4.05, 10.45, 8],
			"rotation": {"angle": 0, "axis": "y", "origin": [0, -0.25, 0]},
			"faces": {
				"north": {"uv": [3.5, 4.75, 11, 5.75], "texture": "#texture"},
				"east": {"uv": [8, 4.75, 8.75, 5.75], "texture": "#texture"},
				"south": {"uv": [4, 4.75, 11.5, 5.75], "texture": "#texture"},
				"west": {"uv": [7.25, 4.75, 8, 5.75], "texture": "#texture"},
				"up": {"uv": [2, 7.25, 12.5, 8], "texture": "#texture"},
				"down": {"uv": [14, 8, 3.5, 7.25], "texture": "#texture"}
			}
		},
		{
			"from": [3, 9.7, 8.5],
			"to": [4.05, 10.45, 9],
			"rotation": {"angle": 0, "axis": "y", "origin": [0, -0.25, 0]},
			"faces": {
				"north": {"uv": [3.5, 4.75, 11, 5.75], "texture": "#texture"},
				"east": {"uv": [6.75, 4.75, 7.5, 5.75], "texture": "#texture"},
				"south": {"uv": [4, 4.75, 11.5, 5.75], "texture": "#texture"},
				"west": {"uv": [8.5, 4.75, 9.25, 5.75], "texture": "#texture"},
				"up": {"uv": [2, 8.5, 12.5, 9.25], "texture": "#texture"},
				"down": {"uv": [14, 9.25, 3.5, 8.5], "texture": "#texture"}
			}
		},
		{
			"from": [2.525, 10.85, 8],
			"to": [3, 11.1, 8.5],
			"rotation": {"angle": 0, "axis": "y", "origin": [0, -0.25, 0]},
			"faces": {
				"north": {"uv": [8, 5, 9, 6], "texture": "#texture"},
				"east": {"uv": [0, 0, 1, 1], "texture": "#texture"},
				"south": {"uv": [6, 0, 7, 1], "texture": "#texture"},
				"west": {"uv": [8, 4.5, 8.5, 4.75], "texture": "#texture"},
				"up": {"uv": [7.75, 5, 8, 5.5], "texture": "#texture"},
				"down": {"uv": [8.25, 5.5, 8, 5], "texture": "#texture"}
			}
		},
		{
			"from": [7.65, 7.5, 7.95],
			"to": [7.9, 8.75, 8.55],
			"rotation": {"angle": 0, "axis": "y", "origin": [-0.1, 0, 0]},
			"faces": {
				"north": {"uv": [7.75, 7.25, 8, 8.5], "texture": "#texture"},
				"east": {"uv": [7.5, 7.25, 8, 8.5], "texture": "#texture"},
				"south": {"uv": [8, 7.25, 8.25, 8.5], "texture": "#texture"},
				"west": {"uv": [8, 7.25, 8.5, 8.5], "texture": "#texture"},
				"down": {"uv": [8, 8.5, 7.75, 8], "texture": "#texture"}
			}
		},
		{
			"from": [9.775, 7.25, 7.95],
			"to": [10.4, 7.5, 8.55],
			"rotation": {"angle": 0, "axis": "y", "origin": [-0.1, 0, 0]},
			"faces": {
				"north": {"uv": [5.75, 8.5, 7.75, 8.75], "texture": "#texture"},
				"south": {"uv": [8.25, 8.5, 10.25, 8.75], "texture": "#texture"},
				"west": {"uv": [8, 8.5, 8.5, 8.75], "texture": "#texture"},
				"up": {"uv": [8.25, 8, 10.25, 8.5], "texture": "#texture"},
				"down": {"uv": [7.75, 8.5, 5.75, 8], "texture": "#texture"}
			}
		},
		{
			"from": [7.65, 7.25, 7.95],
			"to": [8.225, 7.5, 8.55],
			"rotation": {"angle": 0, "axis": "y", "origin": [-0.1, 0, 0]},
			"faces": {
				"north": {"uv": [5.75, 8.5, 7.75, 8.75], "texture": "#texture"},
				"east": {"uv": [0, 0, 1, 1], "texture": "#texture"},
				"south": {"uv": [8.25, 8.5, 10.25, 8.75], "texture": "#texture"},
				"west": {"uv": [8, 8.5, 8.5, 8.75], "texture": "#texture"},
				"up": {"uv": [8.25, 8, 10.25, 8.5], "texture": "#texture"},
				"down": {"uv": [7.75, 8.5, 5.75, 8], "texture": "#texture"}
			}
		},
		{
			"from": [8.15, 7, 7.95],
			"to": [9.85, 7.25, 8.55],
			"rotation": {"angle": 0, "axis": "y", "origin": [-0.1, 0, 0]},
			"faces": {
				"north": {"uv": [5.75, 8.5, 7.75, 8.75], "texture": "#texture"},
				"east": {"uv": [0, 0, 1, 1], "texture": "#texture"},
				"south": {"uv": [8.25, 8.5, 10.25, 8.75], "texture": "#texture"},
				"west": {"uv": [8, 8.5, 8.5, 8.75], "texture": "#texture"},
				"up": {"uv": [8.25, 8, 10.25, 8.5], "texture": "#texture"},
				"down": {"uv": [7.75, 8.5, 5.75, 8], "texture": "#texture"}
			}
		},
		{
			"from": [10.5, 8.5, 7.75],
			"to": [13.25, 8.75, 8.75],
			"rotation": {"angle": 0, "axis": "y", "origin": [0, -0.25, 0]},
			"faces": {
				"north": {"uv": [2.75, 7.25, 5.5, 7.5], "texture": "#texture"},
				"east": {"uv": [7.25, 7.25, 8.25, 7.5], "texture": "#texture"},
				"south": {"uv": [10.5, 7.25, 13.25, 7.5], "texture": "#texture"},
				"down": {"uv": [5.5, 8.75, 2.75, 7.75], "texture": "#texture"}
			}
		},
		{
			"from": [12.6, 10.4, 8],
			"to": [13.475, 10.8, 8.5],
			"rotation": {"angle": 22.5, "axis": "z", "origin": [12.75, 10.25, 8]},
			"faces": {
				"north": {"uv": [7.5, 10.75, 8.75, 11.25], "texture": "#texture"},
				"east": {"uv": [7.25, 10.75, 8.25, 11.25], "texture": "#texture"},
				"south": {"uv": [14.25, 10.75, 15.5, 11.25], "texture": "#texture"},
				"up": {"uv": [14.25, 7.75, 15.5, 8.75], "texture": "#texture"},
				"down": {"uv": [1.75, 8.75, 0.5, 7.75], "texture": "#texture"}
			}
		},
		{
			"from": [15.6875, 3.6125, 7.775],
			"to": [15.9625, 5.1125, 8.725],
			"rotation": {"angle": 22.5, "axis": "z", "origin": [0, -0.25, 0]},
			"faces": {
				"north": {"uv": [2.25, 11.75, 4.75, 12.5], "texture": "#texture"},
				"east": {"uv": [7.25, 11.75, 8.25, 12.5], "texture": "#texture"},
				"south": {"uv": [11.25, 11.75, 13.75, 12.5], "texture": "#texture"},
				"west": {"uv": [7.75, 11.75, 8.75, 12.5], "texture": "#texture"},
				"up": {"uv": [11.25, 7.75, 13.75, 8.75], "texture": "#texture"},
				"down": {"uv": [4.75, 8.75, 2.25, 7.75], "texture": "#texture"}
			}
		},
		{
			"from": [16.5375, -1.2625, 7.775],
			"to": [16.8125, -0.7625, 8.725],
			"rotation": {"angle": 45, "axis": "z", "origin": [0, -0.25, 0]},
			"faces": {
				"north": {"uv": [2.25, 11.75, 4.75, 12.5], "texture": "#texture"},
				"east": {"uv": [7.25, 11.75, 8.25, 12.5], "texture": "#texture"},
				"south": {"uv": [11.25, 11.75, 13.75, 12.5], "texture": "#texture"},
				"west": {"uv": [7.75, 11.75, 8.75, 12.5], "texture": "#texture"},
				"up": {"uv": [11.25, 7.75, 13.75, 8.75], "texture": "#texture"},
				"down": {"uv": [4.75, 8.75, 2.25, 7.75], "texture": "#texture"}
			}
		},
		{
			"from": [10.25, 8.75, 7.55],
			"to": [13.275, 9.65, 8.95],
			"rotation": {"angle": 0, "axis": "y", "origin": [0, -0.25, 0]},
			"faces": {
				"north": {"uv": [3.25, 4.75, 3.5, 6.75], "texture": "#texture"},
				"east": {"uv": [7.25, 4.75, 8.25, 6.75], "texture": "#texture"},
				"south": {"uv": [12.5, 4.75, 12.75, 6.75], "texture": "#texture"},
				"west": {"uv": [7.75, 4.75, 8.75, 6.75], "texture": "#texture"},
				"up": {"uv": [12.5, 7.75, 12.75, 8.75], "texture": "#texture"},
				"down": {"uv": [0, 0, 1, 1], "texture": "#texture"}
			}
		},
		{
			"from": [12.3, 9.55, 7.55],
			"to": [13.05, 10.1, 8.95],
			"rotation": {"angle": 0, "axis": "y", "origin": [0, -0.25, 0]},
			"faces": {
				"north": {"uv": [3.25, 4.75, 3.5, 6.75], "texture": "#texture"},
				"east": {"uv": [7.25, 4.75, 8.25, 6.75], "texture": "#texture"},
				"south": {"uv": [12.5, 4.75, 12.75, 6.75], "texture": "#texture"},
				"west": {"uv": [7.75, 4.75, 8.75, 6.75], "texture": "#texture"},
				"up": {"uv": [12.5, 7.75, 12.75, 8.75], "texture": "#texture"}
			}
		},
		{
			"from": [12.3, 10.1, 7.525],
			"to": [12.85, 10.55, 8.975],
			"rotation": {"angle": 0, "axis": "y", "origin": [0, -0.25, 0]},
			"faces": {
				"north": {"uv": [3.25, 4.75, 3.5, 6.75], "texture": "#texture"},
				"east": {"uv": [7.25, 4.75, 8.25, 6.75], "texture": "#texture"},
				"south": {"uv": [12.5, 4.75, 12.75, 6.75], "texture": "#texture"},
				"west": {"uv": [7.75, 4.75, 8.75, 6.75], "texture": "#texture"},
				"up": {"uv": [12.5, 7.75, 12.75, 8.75], "texture": "#texture"}
			}
		},
		{
			"from": [12.5, 10.55, 7.525],
			"to": [12.7, 10.925, 8.975],
			"rotation": {"angle": 0, "axis": "y", "origin": [0, -0.25, 0]},
			"faces": {
				"north": {"uv": [3.25, 4.75, 3.5, 6.75], "texture": "#texture"},
				"east": {"uv": [7.25, 4.75, 8.25, 6.75], "texture": "#texture"},
				"south": {"uv": [12.5, 4.75, 12.75, 6.75], "texture": "#texture"},
				"west": {"uv": [7.75, 4.75, 8.75, 6.75], "texture": "#texture"},
				"up": {"uv": [12.5, 7.75, 12.75, 8.75], "texture": "#texture"}
			}
		},
		{
			"from": [9.45, 7.35, 8.025],
			"to": [9.7, 8.85, 8.475],
			"rotation": {"angle": -22.5, "axis": "z", "origin": [9.9, 9, 8]},
			"faces": {
				"north": {"uv": [7.75, 1.25, 8.25, 2.75], "texture": "#texture"},
				"east": {"uv": [7.25, 1.25, 8.25, 2.75], "texture": "#texture"},
				"south": {"uv": [7.75, 1.25, 8.25, 2.75], "texture": "#texture"},
				"west": {"uv": [7.75, 1.25, 8.75, 2.75], "texture": "#texture"},
				"down": {"uv": [8.25, 8.75, 7.75, 7.75], "texture": "#texture"}
			}
		},
		{
			"from": [11.65, 11.275, 7.875],
			"to": [11.95, 11.5, 8.125],
			"rotation": {"angle": 0, "axis": "y", "origin": [0, -0.25, 0]},
			"faces": {
				"north": {"uv": [15, 10, 14, 9], "rotation": 90, "texture": "#texture"},
				"east": {"uv": [14, 10, 15, 9], "rotation": 90, "texture": "#texture"},
				"south": {"uv": [14, 10, 15, 9], "rotation": 90, "texture": "#texture"},
				"west": {"uv": [14, 10, 15, 9], "rotation": 90, "texture": "#texture"},
				"up": {"uv": [14, 10, 15, 9], "rotation": 90, "texture": "#texture"}
			}
		},
		{
			"from": [11.65, 11.275, 8.375],
			"to": [11.95, 11.5, 8.625],
			"rotation": {"angle": 0, "axis": "y", "origin": [0, -0.25, 0]},
			"faces": {
				"north": {"uv": [15, 10, 14, 9], "rotation": 90, "texture": "#texture"},
				"east": {"uv": [14, 10, 15, 9], "rotation": 90, "texture": "#texture"},
				"south": {"uv": [14, 10, 15, 9], "rotation": 90, "texture": "#texture"},
				"west": {"uv": [14, 10, 15, 9], "rotation": 90, "texture": "#texture"},
				"up": {"uv": [14, 10, 15, 9], "rotation": 90, "texture": "#texture"}
			}
		},
		{
			"from": [11.65, 11.275, 8.125],
			"to": [11.95, 11.325, 8.375],
			"rotation": {"angle": 0, "axis": "y", "origin": [0, -0.25, 0]},
			"faces": {
				"north": {"uv": [15, 10, 14, 9], "rotation": 90, "texture": "#texture"},
				"east": {"uv": [14, 10, 15, 9], "rotation": 90, "texture": "#texture"},
				"south": {"uv": [14, 10, 15, 9], "rotation": 90, "texture": "#texture"},
				"west": {"uv": [14, 10, 15, 9], "rotation": 90, "texture": "#texture"},
				"up": {"uv": [14, 10, 15, 9], "rotation": 90, "texture": "#texture"}
			}
		},
		{
			"from": [12.5, 9, 7.65],
			"to": [14.075, 9.25, 8.85],
			"rotation": {"angle": 0, "axis": "y", "origin": [0, -0.25, 0]},
			"faces": {
				"north": {"uv": [2, 6.75, 3.5, 7], "texture": "#texture"},
				"east": {"uv": [7.25, 6.75, 8.25, 7], "texture": "#texture"},
				"south": {"uv": [12.5, 6.75, 14, 7], "texture": "#texture"},
				"up": {"uv": [12.5, 7.75, 14, 8.75], "texture": "#texture"},
				"down": {"uv": [3.5, 8.75, 2, 7.75], "texture": "#texture"}
			}
		},
		{
			"from": [7.275, 8.75, 7.75],
			"to": [12.4, 9, 8.75],
			"rotation": {"angle": 0, "axis": "y", "origin": [-0.1, 0, 0]},
			"faces": {
				"north": {"uv": [2.5, 7, 8.5, 7.25], "texture": "#texture"},
				"east": {"uv": [7.25, 7, 8.25, 7.25], "texture": "#texture"},
				"south": {"uv": [7.5, 7, 13.5, 7.25], "texture": "#texture"},
				"west": {"uv": [7.75, 7, 8.75, 7.25], "texture": "#texture"},
				"up": {"uv": [7.5, 7.75, 13.5, 8.75], "texture": "#texture"},
				"down": {"uv": [8.5, 8.75, 2.5, 7.75], "texture": "#texture"}
			}
		},
		{
			"from": [11.75, 8.75, 7.75],
			"to": [13.625, 9, 8.75],
			"faces": {
				"north": {"uv": [2.5, 7, 8.5, 7.25], "texture": "#texture"},
				"east": {"uv": [7.25, 7, 8.25, 7.25], "texture": "#texture"},
				"south": {"uv": [7.5, 7, 13.5, 7.25], "texture": "#texture"},
				"west": {"uv": [7.75, 7, 8.75, 7.25], "texture": "#texture"},
				"up": {"uv": [7.5, 7.75, 13.5, 8.75], "texture": "#texture"},
				"down": {"uv": [8.5, 8.75, 2.5, 7.75], "texture": "#texture"}
			}
		},
		{
			"from": [10.5, 8.725, 7.5],
			"to": [13.2, 9.125, 9],
			"rotation": {"angle": 0, "axis": "y", "origin": [0, -0.25, 0]},
			"faces": {
				"north": {"uv": [15, 12, 16, 11], "texture": "#texture"},
				"east": {"uv": [15, 12, 16, 11], "texture": "#texture"},
				"south": {"uv": [15, 12, 16, 11], "texture": "#texture"},
				"west": {"uv": [15, 12, 16, 11], "texture": "#texture"},
				"up": {"uv": [15, 12, 16, 11], "texture": "#texture"},
				"down": {"uv": [16, 12, 15, 11], "texture": "#texture"}
			}
		},
		{
			"from": [7.575, 8.5, 7.95],
			"to": [7.65, 8.75, 8.55],
			"rotation": {"angle": 0, "axis": "y", "origin": [-0.1, 0, 0]},
			"faces": {
				"north": {"uv": [5.75, 8.5, 7.75, 8.75], "texture": "#texture"},
				"east": {"uv": [0, 0, 1, 1], "texture": "#texture"},
				"south": {"uv": [8.25, 8.5, 10.25, 8.75], "texture": "#texture"},
				"west": {"uv": [8, 8.5, 8.5, 8.75], "texture": "#texture"},
				"up": {"uv": [8.25, 8, 10.25, 8.5], "texture": "#texture"},
				"down": {"uv": [7.75, 8.5, 5.75, 8], "texture": "#texture"}
			}
		},
		{
			"from": [10.25, 6.75, 7.75],
			"to": [10.75, 8.75, 8.75],
			"rotation": {"angle": 0, "axis": "y", "origin": [6, 0, 0]},
			"faces": {
				"north": {"uv": [5.5, 7.25, 5.75, 9.25], "texture": "#texture"},
				"east": {"uv": [7.25, 7.25, 8.25, 9.25], "texture": "#texture"},
				"south": {"uv": [10.25, 7.25, 10.5, 9.25], "texture": "#texture"},
				"west": {"uv": [7.75, 7.25, 8.75, 9.25], "texture": "#texture"},
				"down": {"uv": [5.75, 8.75, 5.5, 7.75], "texture": "#texture"}
			}
		},
		{
			"from": [10.75, 7, 7.75],
			"to": [13.25, 7.25, 8.75],
			"rotation": {"angle": 0, "axis": "y", "origin": [6, 0, 0]},
			"faces": {
				"north": {"uv": [3, 8.5, 5.5, 9.25], "texture": "#texture"},
				"east": {"uv": [7.25, 8.5, 8.25, 9.25], "texture": "#texture"},
				"south": {"uv": [10.5, 8.5, 13, 9.25], "texture": "#texture"},
				"west": {"uv": [0, 0, 1, 1], "texture": "#texture"},
				"up": {"uv": [0, 0, 1, 1], "texture": "#texture"},
				"down": {"uv": [0, 0, 1, 1], "texture": "#texture"}
			}
		},
		{
			"from": [10.5, 5.25, 7.75],
			"to": [13, 7, 8.75],
			"rotation": {"angle": 0, "axis": "y", "origin": [6, 0, 0]},
			"faces": {
				"north": {"uv": [2.75, 9.25, 5.5, 9.75], "texture": "#texture"},
				"east": {"uv": [7.25, 9.25, 8.25, 9.75], "texture": "#texture"},
				"south": {"uv": [10.5, 9.25, 13.25, 9.75], "texture": "#texture"},
				"west": {"uv": [7.75, 9.25, 8.75, 9.75], "texture": "#texture"},
				"up": {"uv": [10.5, 7.75, 13.25, 8.75], "texture": "#texture"},
				"down": {"uv": [5.5, 8.75, 2.75, 7.75], "texture": "#texture"}
			}
		},
		{
			"from": [10.75, 5.5, 7.5],
			"to": [13, 8.725, 9],
			"rotation": {"angle": 0, "axis": "y", "origin": [6, 0, 0]},
			"faces": {
				"north": {"uv": [15, 12, 16, 11], "texture": "#texture"},
				"east": {"uv": [15, 12, 16, 11], "texture": "#texture"},
				"south": {"uv": [15, 12, 16, 11], "texture": "#texture"},
				"west": {"uv": [15, 12, 16, 11], "texture": "#texture"},
				"up": {"uv": [15, 12, 16, 11], "texture": "#texture"},
				"down": {"uv": [15, 12, 16, 11], "texture": "#texture"}
			}
		},
		{
			"from": [11, 4.25, 7.5],
			"to": [13.25, 6.25, 9],
			"rotation": {"angle": 0, "axis": "y", "origin": [6, 0, 0]},
			"faces": {
				"north": {"uv": [15, 12, 16, 11], "texture": "#texture"},
				"east": {"uv": [15, 12, 16, 11], "texture": "#texture"},
				"south": {"uv": [15, 12, 16, 11], "texture": "#texture"},
				"west": {"uv": [15, 12, 16, 11], "texture": "#texture"},
				"up": {"uv": [15, 12, 16, 11], "texture": "#texture"},
				"down": {"uv": [16, 12, 15, 11], "texture": "#texture"}
			}
		},
		{
			"from": [13.25, 5.25, 7.75],
			"to": [13.5, 6.25, 8.75],
			"rotation": {"angle": 0, "axis": "y", "origin": [6, 0, 0]},
			"faces": {
				"north": {"uv": [4, 8.5, 5.5, 9.25], "texture": "#texture"},
				"east": {"uv": [7.25, 8.5, 8.25, 9.25], "texture": "#texture"},
				"south": {"uv": [10.5, 8.5, 13, 9.25], "texture": "#texture"},
				"west": {"uv": [0, 0, 1, 1], "texture": "#texture"},
				"up": {"uv": [0, 0, 1, 1], "texture": "#texture"},
				"down": {"uv": [0, 0, 1, 1], "texture": "#texture"}
			}
		},
		{
			"from": [12.5, 4, 7.75],
			"to": [13.5, 5.25, 8.75],
			"rotation": {"angle": 0, "axis": "y", "origin": [6, 0, 0]},
			"faces": {
				"north": {"uv": [2.75, 9.75, 5.25, 12], "texture": "#texture"},
				"east": {"uv": [7.25, 9.75, 8.25, 12], "texture": "#texture"},
				"south": {"uv": [10.75, 9.75, 13.25, 12], "texture": "#texture"},
				"west": {"uv": [7.75, 9.75, 8.75, 12], "texture": "#texture"},
				"up": {"uv": [0, 0, 1, 1], "texture": "#texture"},
				"down": {"uv": [5.25, 8.75, 2.75, 7.75], "texture": "#texture"}
			}
		},
		{
			"from": [13.25, 4.25, 7.5],
			"to": [13.5, 5, 9],
			"rotation": {"angle": 0, "axis": "y", "origin": [6, 0, 0]},
			"faces": {
				"north": {"uv": [3, 9.5, 4.75, 11.75], "texture": "#texture"},
				"east": {"uv": [7, 10, 8.5, 11.75], "texture": "#texture"},
				"south": {"uv": [11.25, 9.5, 13, 11.75], "texture": "#texture"},
				"west": {"uv": [7.5, 10, 9, 11.75], "texture": "#texture"},
				"up": {"uv": [11.25, 7.5, 13, 9], "texture": "#texture"},
				"down": {"uv": [4.75, 9, 3, 7.5], "texture": "#texture"}
			}
		},
		{
			"from": [11, 4.025, 7.5],
			"to": [13, 4.25, 9],
			"rotation": {"angle": 0, "axis": "y", "origin": [6, 0, 0]},
			"faces": {
				"north": {"uv": [15, 12, 16, 11], "texture": "#texture"},
				"east": {"uv": [15, 12, 16, 11], "texture": "#texture"},
				"south": {"uv": [15, 12, 16, 11], "texture": "#texture"},
				"west": {"uv": [15, 12, 16, 11], "texture": "#texture"},
				"up": {"uv": [15, 12, 16, 11], "texture": "#texture"},
				"down": {"uv": [16, 12, 15, 11], "texture": "#texture"}
			}
		},
		{
			"from": [11, 5, 7.75],
			"to": [13.25, 7, 8.75],
			"rotation": {"angle": 0, "axis": "y", "origin": [6, 0, 0]},
			"faces": {
				"north": {"uv": [2.75, 9.25, 5.5, 9.75], "texture": "#texture"},
				"east": {"uv": [7.25, 9.25, 8.25, 9.75], "texture": "#texture"},
				"south": {"uv": [10.5, 9.25, 13.25, 9.75], "texture": "#texture"},
				"west": {"uv": [7.75, 9.25, 8.75, 9.75], "texture": "#texture"},
				"up": {"uv": [10.5, 7.75, 13.25, 8.75], "texture": "#texture"},
				"down": {"uv": [5.5, 8.75, 2.75, 7.75], "texture": "#texture"}
			}
		},
		{
			"from": [10.75, 7, 7.75],
			"to": [13, 7.25, 8.75],
			"rotation": {"angle": 0, "axis": "y", "origin": [6, 0, 0]},
			"faces": {
				"north": {"uv": [3, 8.5, 5.5, 9.25], "texture": "#texture"},
				"east": {"uv": [7.25, 8.5, 8.25, 9.25], "texture": "#texture"},
				"south": {"uv": [10.5, 8.5, 13, 9.25], "texture": "#texture"},
				"west": {"uv": [0, 0, 0, 0], "texture": "#texture"},
				"up": {"uv": [0, 0, 0, 0], "texture": "#texture"},
				"down": {"uv": [0, 0, 0, 0], "texture": "#texture"}
			}
		},
		{
			"from": [10.75, 3.75, 7.75],
			"to": [12.75, 5.25, 8.75],
			"rotation": {"angle": 0, "axis": "y", "origin": [6, 0, 0]},
			"faces": {
				"north": {"uv": [2.75, 9.75, 5.25, 12], "texture": "#texture"},
				"east": {"uv": [7.25, 9.75, 8.25, 12], "texture": "#texture"},
				"south": {"uv": [10.75, 9.75, 13.25, 12], "texture": "#texture"},
				"west": {"uv": [7.75, 9.75, 8.75, 12], "texture": "#texture"},
				"down": {"uv": [5.25, 8.75, 2.75, 7.75], "texture": "#texture"}
			}
		},
		{
			"from": [11.975, 4.6, 7.45],
			"to": [12.4, 5.025, 9.05],
			"rotation": {"angle": 0, "axis": "y", "origin": [6, 0, 0]},
			"faces": {
				"north": {"uv": [3, 9.5, 4.75, 11.75], "texture": "#texture"},
				"east": {"uv": [7, 9.5, 8.5, 11.75], "texture": "#texture"},
				"south": {"uv": [11.25, 9.5, 13, 11.75], "texture": "#texture"},
				"west": {"uv": [7.5, 9.5, 9, 11.75], "texture": "#texture"},
				"up": {"uv": [11.25, 7.5, 13, 9], "texture": "#texture"},
				"down": {"uv": [4.75, 9, 3, 7.5], "texture": "#texture"}
			}
		},
		{
			"from": [11.375, 8.075, 7.45],
			"to": [11.8, 8.5, 9.05],
			"rotation": {"angle": 0, "axis": "y", "origin": [6, 0, 0]},
			"faces": {
				"north": {"uv": [3, 9.5, 4.75, 11.75], "texture": "#texture"},
				"east": {"uv": [7, 9.5, 8.5, 11.75], "texture": "#texture"},
				"south": {"uv": [11.25, 9.5, 13, 11.75], "texture": "#texture"},
				"west": {"uv": [7.5, 9.5, 9, 11.75], "texture": "#texture"},
				"up": {"uv": [11.25, 7.5, 13, 9], "texture": "#texture"},
				"down": {"uv": [4.75, 9, 3, 7.5], "texture": "#texture"}
			}
		},
		{
			"from": [10.5, 7, 7.5],
			"to": [10.75, 9, 9],
			"rotation": {"angle": 0, "axis": "y", "origin": [6, 0, 0]},
			"faces": {
				"north": {"uv": [15, 12, 16, 11], "texture": "#texture"},
				"east": {"uv": [15, 12, 16, 11], "texture": "#texture"},
				"south": {"uv": [15, 12, 16, 11], "texture": "#texture"},
				"west": {"uv": [15, 12, 16, 11], "texture": "#texture"},
				"up": {"uv": [15, 12, 16, 11], "texture": "#texture"},
				"down": {"uv": [16, 12, 15, 11], "texture": "#texture"}
			}
		},
		{
			"from": [7.575, 7.25, 7.95],
			"to": [7.65, 7.5, 8.55],
			"rotation": {"angle": 0, "axis": "y", "origin": [-0.1, 0, 0]},
			"faces": {
				"north": {"uv": [5.75, 8.5, 7.75, 8.75], "texture": "#texture"},
				"east": {"uv": [0, 0, 1, 1], "texture": "#texture"},
				"south": {"uv": [8.25, 8.5, 10.25, 8.75], "texture": "#texture"},
				"west": {"uv": [8, 8.5, 8.5, 8.75], "texture": "#texture"},
				"up": {"uv": [8.25, 8, 10.25, 8.5], "texture": "#texture"},
				"down": {"uv": [7.75, 8.5, 5.75, 8], "texture": "#texture"}
			}
		},
		{
			"from": [10.1, 9.725, 7.35],
			"to": [10.475, 10.425, 9.15],
			"rotation": {"angle": 0, "axis": "y", "origin": [0, -0.25, 0]},
			"faces": {
				"north": {"uv": [3, 8, 5, 9], "texture": "#texture"},
				"east": {"uv": [6.75, 4.75, 7.5, 5.75], "texture": "#texture"},
				"south": {"uv": [3, 8, 5, 9], "texture": "#texture"},
				"west": {"uv": [8.5, 4.75, 9.25, 5.75], "texture": "#texture"},
				"up": {"uv": [2, 8.5, 12.5, 9.25], "texture": "#texture"},
				"down": {"uv": [14, 9.25, 3.5, 8.5], "texture": "#texture"}
			}
		},
		{
			"from": [9.35, 9.725, 7.35],
			"to": [9.725, 10.425, 9.15],
			"rotation": {"angle": 0, "axis": "y", "origin": [0, -0.25, 0]},
			"faces": {
				"north": {"uv": [3, 8, 5, 9], "texture": "#texture"},
				"east": {"uv": [6.75, 4.75, 7.5, 5.75], "texture": "#texture"},
				"south": {"uv": [3, 8, 5, 9], "texture": "#texture"},
				"west": {"uv": [8.5, 4.75, 9.25, 5.75], "texture": "#texture"},
				"up": {"uv": [2, 8.5, 12.5, 9.25], "texture": "#texture"},
				"down": {"uv": [14, 9.25, 3.5, 8.5], "texture": "#texture"}
			}
		},
		{
			"from": [9.725, 9.725, 7.35],
			"to": [10.1, 10.425, 9.15],
			"rotation": {"angle": 0, "axis": "y", "origin": [0, -0.25, 0]},
			"faces": {
				"north": {"uv": [3, 8, 5, 9], "texture": "#texture"},
				"east": {"uv": [6.75, 4.75, 7.5, 5.75], "texture": "#texture"},
				"south": {"uv": [3, 8, 5, 9], "texture": "#texture"},
				"west": {"uv": [8.5, 4.75, 9.25, 5.75], "texture": "#texture"},
				"up": {"uv": [2, 8.5, 12.5, 9.25], "texture": "#texture"},
				"down": {"uv": [14, 9.25, 3.5, 8.5], "texture": "#texture"}
			}
		},
		{
			"from": [10.475, 9.725, 7.35],
			"to": [10.85, 10.425, 9.15],
			"rotation": {"angle": 0, "axis": "y", "origin": [0, -0.25, 0]},
			"faces": {
				"north": {"uv": [3, 8, 5, 9], "texture": "#texture"},
				"east": {"uv": [6.75, 4.75, 7.5, 5.75], "texture": "#texture"},
				"south": {"uv": [3, 8, 5, 9], "texture": "#texture"},
				"west": {"uv": [8.5, 4.75, 9.25, 5.75], "texture": "#texture"},
				"up": {"uv": [2, 8.5, 12.5, 9.25], "texture": "#texture"},
				"down": {"uv": [14, 9.25, 3.5, 8.5], "texture": "#texture"}
			}
		},
		{
			"from": [11.225, 9.725, 7.35],
			"to": [11.6, 10.425, 9.15],
			"rotation": {"angle": 0, "axis": "y", "origin": [0, -0.25, 0]},
			"faces": {
				"north": {"uv": [3, 8, 5, 9], "texture": "#texture"},
				"east": {"uv": [6.75, 4.75, 7.5, 5.75], "texture": "#texture"},
				"south": {"uv": [3, 8, 5, 9], "texture": "#texture"},
				"west": {"uv": [8.5, 4.75, 9.25, 5.75], "texture": "#texture"},
				"up": {"uv": [2, 8.5, 12.5, 9.25], "texture": "#texture"},
				"down": {"uv": [14, 9.25, 3.5, 8.5], "texture": "#texture"}
			}
		},
		{
			"from": [10.85, 9.725, 7.35],
			"to": [11.225, 10.425, 9.15],
			"rotation": {"angle": 0, "axis": "y", "origin": [0, -0.25, 0]},
			"faces": {
				"north": {"uv": [3, 8, 5, 9], "texture": "#texture"},
				"east": {"uv": [6.75, 4.75, 7.5, 5.75], "texture": "#texture"},
				"south": {"uv": [3, 8, 5, 9], "texture": "#texture"},
				"west": {"uv": [8.5, 4.75, 9.25, 5.75], "texture": "#texture"},
				"up": {"uv": [2, 8.5, 12.5, 9.25], "texture": "#texture"},
				"down": {"uv": [14, 9.25, 3.5, 8.5], "texture": "#texture"}
			}
		}
	],
	"gui_light": "front",
	"display": {
		"thirdperson_righthand": {
			"rotation": [0, -90, 0],
			"translation": [0, -0.5, -0.75],
			"scale": [0.8, 0.8, 0.72]
		},
		"thirdperson_lefthand": {
			"rotation": [0, 90, 0],
			"translation": [0, -0.5, -0.75],
			"scale": [0.8, 0.8, 0.73]
		},
		"firstperson_righthand": {
			"rotation": [0, -90, 0],
			"translation": [0, 2, -1.75],
			"scale": [0.78, 0.78, 0.69]
		},
		"firstperson_lefthand": {
			"rotation": [0, 90, 0],
			"translation": [0, 2, -1.75],
			"scale": [0.78, 0.78, 0.69]
		},
		"ground": {
			"translation": [2, 0, 0],
			"scale": [1, 1, 0.9]
		},
		"gui": {
			"rotation": [0, 0, -45],
			"translation": [0.5, -1.75, 0],
			"scale": [0.78, 0.78, 1]
		},
		"fixed": {
			"rotation": [0, 180, -45],
			"translation": [-0.5, -2.5, 0],
			"scale": [1.12, 1.12, 0.99]
		}
	}
}