{
	"credit": "Made by SrDarmith - YouTube: Mainclay",
	"textures": {
		"2": "item/door_iron_lower",
		"particle": "item/anvil_1",
		"texture": "item/anvil_1",
		"dark wood blade": "item/darkwood1"
	},
	"elements": [
		{
			"from": [10.1, 9.7, 8.025],
			"to": [10.575, 10.075, 8.225],
			"rotation": {"angle": 0, "axis": "y", "origin": [4.75, 0.25, 0]},
			"faces": {
				"north": {"uv": [5, 16, 4, 15], "texture": "#texture", "cullface": "west"},
				"east": {"uv": [5, 16, 4, 15], "texture": "#texture", "cullface": "west"},
				"south": {"uv": [5, 16, 4, 15], "texture": "#texture", "cullface": "west"},
				"west": {"uv": [5, 16, 4, 15], "texture": "#texture", "cullface": "west"},
				"up": {"uv": [5, 16, 4, 15], "texture": "#texture", "cullface": "west"}
			}
		},
		{
			"from": [14.775, 6.825, 7.75],
			"to": [15.025, 7.075, 8.5],
			"rotation": {"angle": 0, "axis": "z", "origin": [4.75, -0.025, 0]},
			"faces": {
				"north": {"uv": [1.5, 15.5, 3.75, 15.75], "texture": "#texture"},
				"east": {"uv": [7.5, 10.75, 11.25, 14], "texture": "#texture"},
				"south": {"uv": [8.75, 13.75, 13, 14], "texture": "#texture"},
				"west": {"uv": [8, 11, 9, 12], "texture": "#texture"},
				"up": {"uv": [9.75, 11.75, 13, 13.5], "texture": "#texture"},
				"down": {"uv": [8, 11, 9, 12], "texture": "#texture"}
			}
		},
		{
			"from": [14.15, 7.925, 7.7],
			"to": [15.025, 8.175, 8.55],
			"rotation": {"angle": 0, "axis": "y", "origin": [4.75, -0.1, 0]},
			"faces": {
				"north": {"uv": [1.5, 15.5, 2.75, 15.75], "texture": "#texture"},
				"east": {"uv": [7.5, 10.75, 11.25, 14], "texture": "#texture"},
				"south": {"uv": [8.75, 13.75, 10, 14], "texture": "#texture"},
				"west": {"uv": [0, 2, 3, 5], "texture": "#texture"},
				"up": {"uv": [9.75, 11.75, 13, 13.5], "texture": "#texture"},
				"down": {"uv": [0, 2, 3, 5], "texture": "#texture"}
			}
		},
		{
			"from": [16.025, 7.925, 7.7],
			"to": [16.275, 8.175, 8.55],
			"rotation": {"angle": 0, "axis": "y", "origin": [4.75, -0.1, 0]},
			"faces": {
				"north": {"uv": [2.4, 15.75, 3.65, 16], "texture": "#texture"},
				"east": {"uv": [7.5, 10.75, 11.25, 14], "texture": "#texture"},
				"south": {"uv": [2, 15.75, 3.25, 16], "texture": "#texture"},
				"west": {"uv": [0, 2, 3, 5], "texture": "#texture"},
				"up": {"uv": [9.75, 11.75, 13, 13.5], "texture": "#texture"},
				"down": {"uv": [0, 2, 3, 5], "texture": "#texture"}
			}
		},
		{
			"from": [15.025, 6.575, 7.75],
			"to": [16.025, 6.825, 8.5],
			"rotation": {"angle": 0, "axis": "z", "origin": [4.75, -0.025, 0]},
			"faces": {
				"north": {"uv": [0, 15.75, 3.75, 16], "texture": "#texture"},
				"east": {"uv": [7.5, 11, 11.25, 14.25], "texture": "#texture"},
				"south": {"uv": [8.75, 14, 14.5, 14.25], "texture": "#texture"},
				"west": {"uv": [7.75, 11, 11.5, 14.25], "texture": "#texture"},
				"up": {"uv": [9.75, 11.75, 14.5, 13.5], "texture": "#texture"},
				"down": {"uv": [9.25, 13.5, 4.5, 9.75], "texture": "#texture"}
			}
		},
		{
			"from": [16.275, 6.975, 7.75],
			"to": [16.925, 8.25, 8.5],
			"rotation": {"angle": 0, "axis": "z", "origin": [4.75, -0.025, 0]},
			"faces": {
				"north": {"uv": [0, 14.75, 3.25, 16], "texture": "#texture"},
				"east": {"uv": [7.5, 9.75, 11.25, 14], "texture": "#texture"},
				"south": {"uv": [10.5, 12.75, 14.75, 14], "texture": "#texture"},
				"west": {"uv": [7.75, 9.75, 11.5, 14], "texture": "#texture"},
				"up": {"uv": [0, 4, 3, 5], "texture": "#texture"},
				"down": {"uv": [7.5, 13.5, 4.25, 9.75], "texture": "#texture"}
			}
		},
		{
			"from": [14.525, 7.075, 7.75],
			"to": [14.775, 8, 8.5],
			"rotation": {"angle": 0, "axis": "y", "origin": [4.75, -0.025, 0]},
			"faces": {
				"north": {"uv": [0, 14.75, 3.25, 16], "texture": "#texture"},
				"east": {"uv": [7.5, 9.75, 11.25, 14], "texture": "#texture"},
				"south": {"uv": [10.5, 12.75, 14.75, 14], "texture": "#texture"},
				"west": {"uv": [7.75, 9.75, 11.5, 14], "texture": "#texture"},
				"up": {"uv": [0, 4, 3, 5], "texture": "#texture"},
				"down": {"uv": [7.5, 13.5, 4.25, 9.75], "texture": "#texture"}
			}
		},
		{
			"from": [16.175, 7.25, 8],
			"to": [16.425, 8.5, 8.25],
			"rotation": {"angle": -22.5, "axis": "z", "origin": [15.75, 8.725, 8]},
			"faces": {
				"north": {"uv": [12, 7.25, 16, 8.5], "texture": "#texture"},
				"east": {"uv": [7.75, 4.25, 11, 8.5], "texture": "#texture"},
				"south": {"uv": [12, 7.25, 16, 8.5], "texture": "#texture"},
				"west": {"uv": [8, 4.25, 11.25, 8.5], "texture": "#texture"},
				"down": {"uv": [0, 2, 3, 5], "texture": "#texture"}
			}
		},
		{
			"from": [16.55, 7.225, 7.4],
			"to": [19, 7.95, 8.85],
			"rotation": {"angle": 0, "axis": "y", "origin": [4.75, -6.85, 0]},
			"faces": {
				"north": {"uv": [8, 3, 13, 1], "texture": "#dark wood blade"},
				"east": {"uv": [8, 3, 13, 1], "texture": "#dark wood blade"},
				"south": {"uv": [13, 3, 8, 1], "texture": "#dark wood blade"},
				"west": {"uv": [8, 3, 13, 1], "texture": "#dark wood blade"},
				"up": {"uv": [0, 0, 1, 1], "texture": "#dark wood blade"},
				"down": {"uv": [8, 3, 13, 1], "texture": "#dark wood blade"}
			}
		},
		{
			"from": [16.875, 6.5, 7.4],
			"to": [19.275, 7.225, 8.85],
			"rotation": {"angle": 0, "axis": "y", "origin": [4.75, -6.85, 0]},
			"faces": {
				"north": {"uv": [4, 5, 9, 3], "texture": "#dark wood blade"},
				"east": {"uv": [4, 5, 9, 3], "texture": "#dark wood blade"},
				"south": {"uv": [9, 5, 4, 3], "texture": "#dark wood blade"},
				"west": {"uv": [4, 5, 9, 3], "texture": "#dark wood blade"},
				"up": {"uv": [0, 0, 1, 1], "texture": "#dark wood blade"},
				"down": {"uv": [4, 5, 9, 3], "texture": "#dark wood blade"}
			}
		},
		{
			"from": [17.175, 5.775, 7.4],
			"to": [19.525, 6.5, 8.85],
			"rotation": {"angle": 0, "axis": "y", "origin": [4.75, -6.85, 0]},
			"faces": {
				"north": {"uv": [5, 7, 10, 5], "texture": "#dark wood blade"},
				"east": {"uv": [5, 7, 10, 5], "texture": "#dark wood blade"},
				"south": {"uv": [10, 7, 5, 5], "texture": "#dark wood blade"},
				"west": {"uv": [5, 7, 10, 5], "texture": "#dark wood blade"},
				"up": {"uv": [0, 0, 1, 1], "texture": "#dark wood blade"},
				"down": {"uv": [5, 7, 10, 5], "texture": "#dark wood blade"}
			}
		},
		{
			"from": [17.475, 5.05, 7.4],
			"to": [19.85, 5.775, 8.85],
			"rotation": {"angle": 0, "axis": "y", "origin": [4.75, -6.85, 0]},
			"faces": {
				"north": {"uv": [6, 9, 11, 7], "texture": "#dark wood blade"},
				"east": {"uv": [6, 9, 11, 7], "texture": "#dark wood blade"},
				"south": {"uv": [11, 9, 6, 7], "texture": "#dark wood blade"},
				"west": {"uv": [6, 9, 11, 7], "texture": "#dark wood blade"},
				"up": {"uv": [0, 0, 1, 1], "texture": "#dark wood blade"},
				"down": {"uv": [6, 9, 11, 7], "texture": "#dark wood blade"}
			}
		},
		{
			"from": [17.8, 4.325, 7.4],
			"to": [19.85, 5.05, 8.85],
			"rotation": {"angle": 0, "axis": "y", "origin": [4.75, -6.85, 0]},
			"faces": {
				"north": {"uv": [8, 15, 13, 13], "texture": "#dark wood blade"},
				"east": {"uv": [8, 15, 13, 13], "texture": "#dark wood blade"},
				"south": {"uv": [13, 15, 8, 13], "texture": "#dark wood blade"},
				"west": {"uv": [8, 15, 13, 13], "texture": "#dark wood blade"},
				"up": {"uv": [0, 0, 1, 1], "texture": "#dark wood blade"},
				"down": {"uv": [8, 15, 13, 13], "texture": "#dark wood blade"}
			}
		},
		{
			"from": [17.925, 4.075, 7.4],
			"to": [19.625, 4.325, 8.85],
			"rotation": {"angle": 0, "axis": "y", "origin": [4.75, -6.85, 0]},
			"faces": {
				"north": {"uv": [1.5, 9.5, 4.75, 11.15], "texture": "#texture"},
				"east": {"uv": [13.2, 4.2, 15.4, 6.85], "texture": "#texture"},
				"south": {"uv": [12.25, 9.5, 15.5, 11.15], "texture": "#texture"},
				"west": {"uv": [7.75, 4.4, 8.5, 6.85], "texture": "#texture"},
				"up": {"uv": [0, 0, 1, 1], "texture": "#texture"},
				"down": {"uv": [4.75, 11.9, 1.5, 9.25], "texture": "#texture"}
			}
		},
		{
			"from": [18.15, 3.825, 7.4],
			"to": [19.375, 4.075, 8.85],
			"rotation": {"angle": 0, "axis": "y", "origin": [4.75, -6.85, 0]},
			"faces": {
				"north": {"uv": [1.5, 9.5, 4.75, 11.15], "texture": "#texture"},
				"east": {"uv": [13.2, 4.2, 15.4, 6.85], "texture": "#texture"},
				"south": {"uv": [12.25, 9.5, 15.5, 11.15], "texture": "#texture"},
				"west": {"uv": [7.75, 4.4, 8.5, 6.85], "texture": "#texture"},
				"up": {"uv": [0, 0, 1, 1], "texture": "#texture"},
				"down": {"uv": [4.75, 11.9, 1.5, 9.25], "texture": "#texture"}
			}
		},
		{
			"from": [16.3, 7.95, 7.4],
			"to": [19.25, 8.275, 8.85],
			"rotation": {"angle": 0, "axis": "y", "origin": [4.75, -6.85, 0]},
			"faces": {
				"north": {"uv": [6, 6, 11, 5], "texture": "#dark wood blade"},
				"east": {"uv": [6, 6, 11, 5], "texture": "#dark wood blade"},
				"south": {"uv": [11, 6, 6, 5], "texture": "#dark wood blade"},
				"west": {"uv": [6, 6, 11, 5], "texture": "#dark wood blade"},
				"up": {"uv": [6, 5, 7, 6], "texture": "#dark wood blade"},
				"down": {"uv": [6, 6, 11, 5], "texture": "#dark wood blade"}
			}
		},
		{
			"from": [18.725, 4.45, 7.375],
			"to": [18.95, 4.875, 8.875],
			"rotation": {"angle": 0, "axis": "y", "origin": [4.75, -6.85, 0]},
			"faces": {
				"north": {"uv": [5.2, 4, 8.45, 6.9], "texture": "#texture"},
				"east": {"uv": [13.2, 4.2, 15.4, 6.85], "texture": "#texture"},
				"south": {"uv": [5.25, 4, 8.5, 6.9], "texture": "#texture"},
				"west": {"uv": [7.75, 4.4, 8.5, 6.85], "texture": "#texture"},
				"up": {"uv": [6, 4, 7, 5], "texture": "#texture"},
				"down": {"uv": [10.75, 13.9, 7.5, 9.25], "texture": "#texture"}
			}
		},
		{
			"from": [18.625, 4.55, 7.375],
			"to": [19.05, 4.775, 8.875],
			"rotation": {"angle": 0, "axis": "y", "origin": [4.75, -6.85, 0]},
			"faces": {
				"north": {"uv": [5.2, 4, 8.45, 6.9], "texture": "#texture"},
				"east": {"uv": [13.2, 4.2, 15.4, 6.85], "texture": "#texture"},
				"south": {"uv": [5.25, 4, 8.5, 6.9], "texture": "#texture"},
				"west": {"uv": [7.75, 4.4, 8.5, 6.85], "texture": "#texture"},
				"up": {"uv": [6, 4, 7, 5], "texture": "#texture"},
				"down": {"uv": [10.75, 13.9, 7.5, 9.25], "texture": "#texture"}
			}
		},
		{
			"from": [18.325, 9.375, 8.325],
			"to": [18.8, 10.075, 8.925],
			"rotation": {"angle": 0, "axis": "y", "origin": [4.75, -6.85, 0]},
			"faces": {
				"north": {"uv": [9, 9, 7, 7], "texture": "#texture"},
				"east": {"uv": [9, 9, 7, 7], "texture": "#texture"},
				"south": {"uv": [9, 9, 7, 7], "texture": "#texture"},
				"west": {"uv": [9, 9, 7, 7], "texture": "#texture"},
				"up": {"uv": [9, 9, 7, 7], "texture": "#texture"},
				"down": {"uv": [9, 9, 7, 7], "texture": "#texture"}
			}
		},
		{
			"from": [18.225, 9.475, 7.325],
			"to": [18.9, 9.975, 7.925],
			"rotation": {"angle": 0, "axis": "y", "origin": [4.75, -6.85, 0]},
			"faces": {
				"north": {"uv": [9, 9, 7, 7], "texture": "#texture"},
				"east": {"uv": [9, 9, 7, 7], "texture": "#texture"},
				"south": {"uv": [9, 9, 7, 7], "texture": "#texture"},
				"west": {"uv": [9, 9, 7, 7], "texture": "#texture"},
				"up": {"uv": [9, 9, 7, 7], "texture": "#texture"},
				"down": {"uv": [9, 9, 7, 7], "texture": "#texture"}
			}
		},
		{
			"from": [18.325, 9.375, 7.325],
			"to": [18.8, 10.075, 7.925],
			"rotation": {"angle": 0, "axis": "y", "origin": [4.75, -6.85, 0]},
			"faces": {
				"north": {"uv": [9, 9, 7, 7], "texture": "#texture"},
				"east": {"uv": [9, 9, 7, 7], "texture": "#texture"},
				"south": {"uv": [9, 9, 7, 7], "texture": "#texture"},
				"west": {"uv": [9, 9, 7, 7], "texture": "#texture"},
				"up": {"uv": [9, 9, 7, 7], "texture": "#texture"},
				"down": {"uv": [9, 9, 7, 7], "texture": "#texture"}
			}
		},
		{
			"from": [18.225, 9.475, 8.325],
			"to": [18.9, 9.975, 8.925],
			"rotation": {"angle": 0, "axis": "y", "origin": [4.75, -6.85, 0]},
			"faces": {
				"north": {"uv": [9, 9, 7, 7], "texture": "#texture"},
				"east": {"uv": [9, 9, 7, 7], "texture": "#texture"},
				"south": {"uv": [9, 9, 7, 7], "texture": "#texture"},
				"west": {"uv": [9, 9, 7, 7], "texture": "#texture"},
				"up": {"uv": [9, 9, 7, 7], "texture": "#texture"},
				"down": {"uv": [9, 9, 7, 7], "texture": "#texture"}
			}
		},
		{
			"from": [16.025, 6.825, 7.75],
			"to": [16.275, 7.075, 8.5],
			"rotation": {"angle": 0, "axis": "z", "origin": [4.75, -0.025, 0]},
			"faces": {
				"north": {"uv": [0, 15.5, 2.25, 15.75], "texture": "#texture"},
				"east": {"uv": [9, 12, 10, 13], "texture": "#texture"},
				"south": {"uv": [10.25, 13.75, 14.5, 14], "texture": "#texture"},
				"west": {"uv": [7.75, 10.75, 11.5, 14], "texture": "#texture"},
				"up": {"uv": [11.25, 11.75, 14.5, 13.5], "texture": "#texture"},
				"down": {"uv": [9, 12, 10, 13], "texture": "#texture"}
			}
		},
		{
			"from": [14.15, 8.275, 7.35],
			"to": [19.225, 8.75, 8.9],
			"rotation": {"angle": 0, "axis": "y", "origin": [4.75, 0.25, 0]},
			"faces": {
				"north": {"uv": [0, 16, 1.75, 15.75], "texture": "#texture"},
				"east": {"uv": [0, 15.75, 1.75, 16], "texture": "#texture"},
				"south": {"uv": [0, 15.75, 1.75, 16], "texture": "#texture"},
				"west": {"uv": [13, 15, 14, 16], "texture": "#texture"},
				"up": {"uv": [0, 16, 1.75, 15.75], "texture": "#texture"},
				"down": {"uv": [1.75, 16, 0, 15.75], "texture": "#texture"}
			}
		},
		{
			"from": [14.15, 8.175, 7.475],
			"to": [19.65, 8.425, 8.775],
			"rotation": {"angle": 0, "axis": "y", "origin": [4.75, 0.15, 0]},
			"faces": {
				"north": {"uv": [2, 16, 4, 14], "texture": "#texture"},
				"east": {"uv": [7, 7, 11.75, 11.25], "texture": "#texture"},
				"south": {"uv": [2, 14.05, 4.05, 16], "texture": "#texture"},
				"west": {"uv": [14, 16, 13, 15], "texture": "#texture"},
				"up": {"uv": [8, 11.25, 11.75, 14], "texture": "#texture"},
				"down": {"uv": [11, 14, 7.25, 9.25], "texture": "#texture"}
			}
		},
		{
			"from": [14.125, 8.4, 7.475],
			"to": [20.025, 9.75, 8.775],
			"rotation": {"angle": 0, "axis": "y", "origin": [4.75, 0.25, 0]},
			"faces": {
				"north": {"uv": [4, 16, 0, 14], "texture": "#texture"},
				"east": {"uv": [4, 16, 0, 14], "texture": "#texture"},
				"south": {"uv": [0, 16, 4, 14], "texture": "#texture"},
				"west": {"uv": [13, 15, 14, 16], "texture": "#texture"},
				"up": {"uv": [4, 16, 0, 14], "texture": "#texture"},
				"down": {"uv": [4, 16, 0, 14], "texture": "#texture"}
			}
		},
		{
			"from": [16.35, 9.55, 7.6],
			"to": [18.775, 9.9, 8.625],
			"rotation": {"angle": 0, "axis": "y", "origin": [4.75, 0.25, 0]},
			"faces": {
				"north": {"uv": [4, 16, 0, 14], "texture": "#texture"},
				"east": {"uv": [4, 16, 0, 14], "texture": "#texture"},
				"south": {"uv": [4, 16, 0, 14], "texture": "#texture"},
				"west": {"uv": [4, 16, 0, 14], "texture": "#texture"},
				"up": {"uv": [4, 16, 0, 14], "texture": "#texture"},
				"down": {"uv": [4, 16, 0, 14], "texture": "#texture"}
			}
		},
		{
			"from": [14.15, 9.55, 7.7],
			"to": [14.9, 9.85, 8.55],
			"rotation": {"angle": 0, "axis": "y", "origin": [4.75, 0.25, 0]},
			"faces": {
				"north": {"uv": [4, 16, 0, 14], "texture": "#texture"},
				"east": {"uv": [4, 16, 0, 14], "texture": "#texture"},
				"south": {"uv": [4, 16, 0, 14], "texture": "#texture"},
				"west": {"uv": [4, 16, 0, 14], "texture": "#texture"},
				"up": {"uv": [4, 16, 0, 14], "texture": "#texture"},
				"down": {"uv": [4, 16, 0, 14], "texture": "#texture"}
			}
		},
		{
			"from": [18.9, 9.6, 7.6],
			"to": [19.95, 9.95, 8.65],
			"rotation": {"angle": 0, "axis": "y", "origin": [4.75, 0.25, 0]},
			"faces": {
				"north": {"uv": [4, 16, 0, 14], "texture": "#texture"},
				"east": {"uv": [4, 16, 0, 14], "texture": "#texture"},
				"south": {"uv": [4, 16, 0, 14], "texture": "#texture"},
				"west": {"uv": [4, 16, 0, 14], "texture": "#texture"},
				"up": {"uv": [4, 16, 0, 14], "texture": "#texture"},
				"down": {"uv": [4, 16, 0, 14], "texture": "#texture"}
			}
		},
		{
			"from": [14.825, 9.525, 7.7],
			"to": [16.35, 9.8, 8.55],
			"rotation": {"angle": 0, "axis": "y", "origin": [4.75, 0.25, 0]},
			"faces": {
				"north": {"uv": [4, 16, 0, 14], "texture": "#2"},
				"east": {"uv": [4, 16, 0, 14], "texture": "#2"},
				"south": {"uv": [4, 16, 0, 14], "texture": "#2"},
				"west": {"uv": [4, 16, 0, 14], "texture": "#2"},
				"up": {"uv": [4, 16, 0, 14], "texture": "#2"},
				"down": {"uv": [4, 16, 0, 14], "texture": "#2"}
			}
		},
		{
			"from": [19.525, 9.85, 8.25],
			"to": [19.725, 10.125, 8.65],
			"rotation": {"angle": 0, "axis": "y", "origin": [4.75, 0.25, 0]},
			"faces": {
				"north": {"uv": [4, 16, 0, 14], "texture": "#texture"},
				"east": {"uv": [4, 16, 0, 14], "texture": "#texture"},
				"south": {"uv": [4, 16, 0, 14], "texture": "#texture"},
				"west": {"uv": [4, 16, 0, 14], "texture": "#texture"},
				"up": {"uv": [4, 16, 0, 14], "texture": "#texture"},
				"down": {"uv": [4, 16, 0, 14], "texture": "#texture"}
			}
		},
		{
			"from": [19.5, 9.65, 7.6],
			"to": [19.725, 10.125, 8],
			"rotation": {"angle": 0, "axis": "y", "origin": [4.75, 0.25, 0]},
			"faces": {
				"north": {"uv": [4, 16, 0, 14], "texture": "#texture"},
				"east": {"uv": [4, 16, 0, 14], "texture": "#texture"},
				"south": {"uv": [4, 16, 0, 14], "texture": "#texture"},
				"west": {"uv": [4, 16, 0, 14], "texture": "#texture"},
				"up": {"uv": [4, 16, 0, 14], "texture": "#texture"},
				"down": {"uv": [4, 16, 0, 14], "texture": "#texture"}
			}
		},
		{
			"from": [10.425, 9.45, 7.875],
			"to": [17.05, 9.65, 8.375],
			"rotation": {"angle": 0, "axis": "y", "origin": [9.75, -1, 0]},
			"faces": {
				"north": {"uv": [0, 14.75, 5, 15], "texture": "#texture", "cullface": "west"},
				"east": {"uv": [0, 0, 0, 0], "texture": "#texture"},
				"south": {"uv": [0, 14.75, 5, 15], "texture": "#texture", "cullface": "west"},
				"west": {"uv": [3, 14.75, 0.75, 15], "texture": "#texture", "cullface": "west"},
				"up": {"uv": [0, 15, 5, 15.75], "texture": "#texture", "cullface": "west"},
				"down": {"uv": [5, 15.75, 0, 15], "texture": "#texture", "cullface": "west"}
			}
		},
		{
			"from": [9.925, 8.725, 7.8],
			"to": [10.8, 9, 8.45],
			"rotation": {"angle": 0, "axis": "y", "origin": [9.75, -1, 0]},
			"faces": {
				"north": {"uv": [0, 15.75, 3, 16], "texture": "#texture", "cullface": "west"},
				"east": {"uv": [0, 15, 1, 16], "texture": "#texture"},
				"south": {"uv": [0, 15.75, 3, 16], "texture": "#texture", "cullface": "west"},
				"west": {"uv": [1, 15.75, 0.75, 16], "texture": "#texture", "cullface": "west"},
				"up": {"uv": [0, 15, 3, 15.75], "texture": "#texture", "cullface": "west"},
				"down": {"uv": [3, 15.75, 0, 15], "texture": "#texture", "cullface": "west"}
			}
		},
		{
			"from": [9.925, 8.9, 8.35],
			"to": [10.8, 9.55, 8.625],
			"rotation": {"angle": 0, "axis": "y", "origin": [9.75, -1, 0]},
			"faces": {
				"north": {"uv": [0, 15, 3, 15.75], "texture": "#texture", "cullface": "west"},
				"east": {"uv": [0, 15, 1, 16], "texture": "#texture"},
				"south": {"uv": [0, 15, 3, 15.75], "texture": "#texture", "cullface": "west"},
				"west": {"uv": [1.75, 15, 1, 15.75], "texture": "#texture", "cullface": "west"},
				"up": {"uv": [0, 15.75, 3, 16], "texture": "#texture", "cullface": "west"},
				"down": {"uv": [3, 16, 0, 15.75], "texture": "#texture", "cullface": "west"}
			}
		},
		{
			"from": [9.925, 8.9, 7.625],
			"to": [10.8, 9.55, 7.9],
			"rotation": {"angle": 0, "axis": "y", "origin": [9.75, -1, 0]},
			"faces": {
				"north": {"uv": [0, 15, 3, 15.75], "texture": "#texture", "cullface": "west"},
				"east": {"uv": [0, 15, 1, 16], "texture": "#texture"},
				"south": {"uv": [0, 15, 3, 15.75], "texture": "#texture", "cullface": "west"},
				"west": {"uv": [0.75, 15, 0, 15.75], "texture": "#texture", "cullface": "west"},
				"up": {"uv": [0, 14.75, 3, 15], "texture": "#texture", "cullface": "west"},
				"down": {"uv": [3, 15, 0, 14.75], "texture": "#texture", "cullface": "west"}
			}
		},
		{
			"from": [9.925, 9.45, 7.8],
			"to": [10.8, 9.725, 8.45],
			"rotation": {"angle": 0, "axis": "y", "origin": [9.75, -1, 0]},
			"faces": {
				"north": {"uv": [0, 14.75, 3, 15], "texture": "#texture", "cullface": "west"},
				"east": {"uv": [0, 15, 1, 16], "texture": "#texture"},
				"south": {"uv": [0, 14.75, 3, 15], "texture": "#texture", "cullface": "west"},
				"west": {"uv": [1, 14.75, 0.75, 15], "texture": "#texture", "cullface": "west"},
				"up": {"uv": [0, 15, 3, 15.75], "texture": "#texture", "cullface": "west"},
				"down": {"uv": [3, 15.75, 0, 15], "texture": "#texture", "cullface": "west"}
			}
		},
		{
			"from": [10.425, 8.975, 7.7],
			"to": [17.05, 9.475, 7.9],
			"rotation": {"angle": 0, "axis": "y", "origin": [9.75, -1, 0]},
			"faces": {
				"north": {"uv": [0, 15, 5, 15.75], "texture": "#texture", "cullface": "west"},
				"south": {"uv": [0, 15, 5, 15.75], "texture": "#texture", "cullface": "west"},
				"west": {"uv": [2.75, 15, 0, 15.75], "texture": "#texture", "cullface": "west"},
				"up": {"uv": [0, 14.75, 5, 15], "texture": "#texture", "cullface": "west"},
				"down": {"uv": [5, 15, 0, 14.75], "texture": "#texture", "cullface": "west"}
			}
		},
		{
			"from": [10.425, 8.8, 7.875],
			"to": [17.05, 9, 8.375],
			"rotation": {"angle": 0, "axis": "y", "origin": [9.75, -1, 0]},
			"faces": {
				"north": {"uv": [0, 15.75, 5, 16], "texture": "#texture", "cullface": "west"},
				"south": {"uv": [0, 15.75, 5, 16], "texture": "#texture", "cullface": "west"},
				"west": {"uv": [3, 15.75, 0.75, 16], "texture": "#texture", "cullface": "west"},
				"up": {"uv": [0, 15, 5, 15.75], "texture": "#texture", "cullface": "west"},
				"down": {"uv": [5, 15.75, 0, 15], "texture": "#texture", "cullface": "west"}
			}
		},
		{
			"from": [10.425, 8.975, 8.35],
			"to": [17.05, 9.475, 8.55],
			"rotation": {"angle": 0, "axis": "y", "origin": [9.75, -1, 0]},
			"faces": {
				"north": {"uv": [0, 15, 5, 15.75], "texture": "#texture", "cullface": "west"},
				"south": {"uv": [0, 15, 5, 15.75], "texture": "#texture", "cullface": "west"},
				"west": {"uv": [3.75, 15, 1, 15.75], "texture": "#texture", "cullface": "west"},
				"up": {"uv": [0, 15.75, 5, 16], "texture": "#texture", "cullface": "west"},
				"down": {"uv": [5, 16, 0, 15.75], "texture": "#texture", "cullface": "west"}
			}
		}
	],
	"gui_light": "front",
	"display": {
		"thirdperson_righthand": {
			"rotation": [0, -90, 0],
			"translation": [0, 0, -7],
			"scale": [0.89, 0.89, 0.89]
		},
		"thirdperson_lefthand": {
			"rotation": [0, 90, 0],
			"translation": [0, 0, -7],
			"scale": [0.89, 0.89, 0.89]
		},
		"firstperson_righthand": {
			"rotation": [47.07, -79.61, 24.79],
			"translation": [0, 3.5, -7.75],
			"scale": [0.73, 0.73, 0.73]
		},
		"firstperson_lefthand": {
			"rotation": [-128.46, 77.65, 149.97],
			"translation": [1.25, 3.75, -8.75],
			"scale": [0.73, 0.73, 0.73]
		},
		"ground": {
			"translation": [-3, -1, 0],
			"scale": [0.94, 0.94, 0.94]
		},
		"gui": {
			"rotation": [0, 0, -45],
			"translation": [-5.5, 5.5, 0],
			"scale": [0.99, 0.99, 0.9]
		},
		"fixed": {
			"rotation": [0, 180, -45],
			"translation": [3.6, 2.05, -1.1],
			"scale": [1.25, 1.25, 1.25]
		}
	}
}