{
	"credit": "Made by SrDarmith - YouTube: Mainclay",
	"textures": {
		"texture": "item/door_iron_lower",
		"dark wood blade": "item/hardened_clay_stained_gray",
		"particle": "item/anvil_1"
	},
	"elements": [
		{
			"from": [6.5, 10.5, 7.7],
			"to": [13, 10.75, 8.55],
			"rotation": {"angle": 0, "axis": "y", "origin": [5, 0, 0]},
			"faces": {
				"north": {"uv": [9, 10, 16, 10.25], "texture": "#texture"},
				"south": {"uv": [1, 10, 8, 10.25], "texture": "#texture"},
				"west": {"uv": [8.75, 10, 8.5, 10.25], "texture": "#texture", "cullface": "west"},
				"up": {"uv": [1, 12.75, 8, 13.5], "texture": "#texture"},
				"down": {"uv": [16, 13.5, 9, 12.75], "texture": "#texture"}
			}
		},
		{
			"from": [6.5, 9.75, 7.5],
			"to": [13, 10.5, 7.75],
			"rotation": {"angle": 0, "axis": "y", "origin": [5, 0, 0]},
			"faces": {
				"north": {"uv": [9, 10.25, 16, 11], "texture": "#texture"},
				"south": {"uv": [1, 10.25, 8, 11], "texture": "#texture"},
				"west": {"uv": [8.5, 10.25, 7.75, 11], "texture": "#texture", "cullface": "west"},
				"up": {"uv": [1, 12.5, 8, 12.75], "texture": "#texture"},
				"down": {"uv": [16, 12.75, 9, 12.5], "texture": "#texture"}
			}
		},
		{
			"from": [6.5, 8.5, 7.725],
			"to": [13, 8.75, 8.525],
			"rotation": {"angle": 0, "axis": "y", "origin": [5, 0, 0]},
			"faces": {
				"north": {"uv": [9, 11, 16, 11.25], "texture": "#texture"},
				"south": {"uv": [1, 11, 8, 11.25], "texture": "#texture"},
				"west": {"uv": [8.75, 11, 8.5, 11.25], "texture": "#texture", "cullface": "west"},
				"up": {"uv": [1, 12.75, 8, 13.5], "texture": "#texture"},
				"down": {"uv": [16, 13.5, 9, 12.75], "texture": "#texture"}
			}
		},
		{
			"from": [6.5, 8.75, 8.5],
			"to": [13, 9.5, 8.75],
			"rotation": {"angle": 0, "axis": "y", "origin": [5, 0, 0]},
			"faces": {
				"north": {"uv": [9, 10.25, 16, 11], "texture": "#texture"},
				"south": {"uv": [1, 10.25, 8, 11], "texture": "#texture"},
				"west": {"uv": [9.5, 10.25, 8.75, 11], "texture": "#texture", "cullface": "west"},
				"up": {"uv": [1, 13.5, 8, 13.75], "texture": "#texture"},
				"down": {"uv": [16, 13.75, 9, 13.5], "texture": "#texture"}
			}
		},
		{
			"from": [6.5, 8.75, 7.5],
			"to": [13, 9.5, 7.75],
			"rotation": {"angle": 0, "axis": "y", "origin": [5, 0, 0]},
			"faces": {
				"north": {"uv": [9, 10.25, 16, 11], "texture": "#texture"},
				"south": {"uv": [1, 10.25, 8, 11], "texture": "#texture"},
				"west": {"uv": [8.5, 10.25, 7.75, 11], "texture": "#texture", "cullface": "west"},
				"up": {"uv": [1, 12.5, 8, 12.75], "texture": "#texture"},
				"down": {"uv": [16, 12.75, 9, 12.5], "texture": "#texture"}
			}
		},
		{
			"from": [6.5, 9.75, 8.5],
			"to": [13, 10.5, 8.75],
			"rotation": {"angle": 0, "axis": "y", "origin": [5, 0, 0]},
			"faces": {
				"north": {"uv": [9, 10.25, 16, 11], "texture": "#texture"},
				"south": {"uv": [1, 10.25, 8, 11], "texture": "#texture"},
				"west": {"uv": [9.5, 10.25, 8.75, 11], "texture": "#texture", "cullface": "west"},
				"up": {"uv": [1, 13.5, 8, 13.75], "texture": "#texture"},
				"down": {"uv": [16, 13.75, 9, 13.5], "texture": "#texture"}
			}
		},
		{
			"from": [6.5, 9.5, 7.725],
			"to": [13, 9.75, 8.525],
			"rotation": {"angle": 0, "axis": "y", "origin": [5, 0, 0]},
			"faces": {
				"north": {"uv": [9, 12, 16, 12.25], "texture": "#texture"},
				"south": {"uv": [1, 12, 8, 12.25], "texture": "#texture"},
				"west": {"uv": [8.75, 11, 8.5, 11.25], "texture": "#texture", "cullface": "west"},
				"up": {"uv": [1, 12.75, 8, 13.5], "texture": "#texture"},
				"down": {"uv": [16, 13.5, 9, 12.75], "texture": "#texture"}
			}
		},
		{
			"from": [6.5, 10.75, 7.875],
			"to": [13, 11, 8.375],
			"rotation": {"angle": 0, "axis": "y", "origin": [5, 0, 0]},
			"faces": {
				"north": {"uv": [9, 8.5, 16, 8.75], "texture": "#texture"},
				"south": {"uv": [1, 8.5, 8, 8.75], "texture": "#texture"},
				"west": {"uv": [8.875, 8.5, 8.375, 8.75], "texture": "#texture", "cullface": "west"},
				"up": {"uv": [1, 12.875, 8, 13.375], "texture": "#texture"},
				"down": {"uv": [16, 13.375, 9, 12.875], "texture": "#texture"}
			}
		},
		{
			"from": [6.5, 11, 8.05],
			"to": [7.75, 11.25, 8.2],
			"rotation": {"angle": 0, "axis": "y", "origin": [5, 0, 0]},
			"faces": {
				"north": {"uv": [15, 9.25, 16, 9.5], "texture": "#texture"},
				"east": {"uv": [7.75, 9.25, 8, 9.5], "texture": "#texture"},
				"south": {"uv": [0, 9.25, 1, 9.5], "texture": "#texture"},
				"west": {"uv": [8, 9.25, 8.25, 9.5], "texture": "#texture", "cullface": "west"},
				"up": {"uv": [0, 13, 1, 13.25], "texture": "#texture"}
			}
		},
		{
			"from": [14.5, 11, 7.8],
			"to": [16, 11.225, 8.45],
			"rotation": {"angle": 0, "axis": "y", "origin": [5, 0, 0]},
			"faces": {
				"north": {"uv": [15, 8.25, 16, 8.5], "texture": "#texture"},
				"east": {"uv": [7.75, 8.25, 8, 8.5], "texture": "#texture"},
				"south": {"uv": [0, 8.25, 1, 8.5], "texture": "#texture"},
				"west": {"uv": [8, 8.25, 8.25, 8.5], "texture": "#texture", "cullface": "west"},
				"up": {"uv": [0, 12, 1, 12.25], "texture": "#texture"}
			}
		},
		{
			"from": [6.5, 11.25, 8.05],
			"to": [7.25, 11.5, 8.2],
			"rotation": {"angle": 0, "axis": "y", "origin": [5, 0, 0]},
			"faces": {
				"north": {"uv": [15, 9.25, 16, 9.5], "texture": "#texture"},
				"east": {"uv": [7.75, 9.25, 8, 9.5], "texture": "#texture"},
				"south": {"uv": [0, 9.25, 1, 9.5], "texture": "#texture"},
				"west": {"uv": [8, 9.25, 8.25, 9.5], "texture": "#texture", "cullface": "west"},
				"up": {"uv": [0, 13, 1, 13.25], "texture": "#texture"}
			}
		},
		{
			"from": [13, 10.75, 7.5],
			"to": [16.25, 11, 8.75],
			"rotation": {"angle": 0, "axis": "y", "origin": [5, 0, 0]},
			"faces": {
				"north": {"uv": [4.75, 8.5, 8, 9], "texture": "#texture"},
				"south": {"uv": [8, 8.5, 11.25, 9], "texture": "#texture"},
				"west": {"uv": [7.5, 8.5, 8.75, 9], "texture": "#texture"},
				"up": {"uv": [8, 11.5, 11.25, 12.75], "texture": "#texture"},
				"down": {"uv": [8, 12.75, 4.75, 11.5], "texture": "#texture"}
			}
		},
		{
			"from": [16.25, 8, 7.5],
			"to": [16.5, 11, 8.75],
			"rotation": {"angle": 0, "axis": "y", "origin": [5, 0, 0]},
			"faces": {
				"north": {"uv": [4.5, 8.5, 4.75, 11.75], "texture": "#texture"},
				"east": {"uv": [7.25, 8.5, 8.5, 11.75], "texture": "#texture"},
				"south": {"uv": [11.25, 8.5, 11.5, 11.75], "texture": "#texture"},
				"west": {"uv": [7.5, 8.5, 8.75, 11.75], "texture": "#texture"},
				"up": {"uv": [11.25, 11.5, 11.5, 12.75], "texture": "#texture"},
				"down": {"uv": [4.75, 12.75, 4.5, 11.5], "texture": "#texture"}
			}
		},
		{
			"from": [16.5, 8, 7.5],
			"to": [16.75, 11, 8.75],
			"rotation": {"angle": 0, "axis": "y", "origin": [5, 0, 0]},
			"faces": {
				"north": {"uv": [4.25, 8.75, 4.5, 11.75], "texture": "#texture"},
				"south": {"uv": [11.5, 8.75, 11.75, 11.75], "texture": "#texture"},
				"up": {"uv": [11.5, 11.5, 11.75, 12.75], "texture": "#texture"},
				"down": {"uv": [4.5, 12.75, 4.25, 11.5], "texture": "#texture"}
			}
		},
		{
			"from": [16.75, 8, 7.5],
			"to": [17, 11, 8.75],
			"rotation": {"angle": 0, "axis": "y", "origin": [5, 0, 0]},
			"faces": {
				"north": {"uv": [4, 8.75, 4.25, 11.75], "texture": "#texture"},
				"east": {"uv": [7.25, 8.75, 8.5, 11.75], "texture": "#texture"},
				"south": {"uv": [11.75, 8.75, 12, 11.75], "texture": "#texture"},
				"up": {"uv": [11.75, 11.5, 12, 12.75], "texture": "#texture"},
				"down": {"uv": [4.25, 12.75, 4, 11.5], "texture": "#texture"}
			}
		},
		{
			"from": [17, 10.5, 7.5],
			"to": [17.25, 10.75, 8.75],
			"rotation": {"angle": 0, "axis": "y", "origin": [5, 0, 0]},
			"faces": {
				"north": {"uv": [3.75, 9.25, 4, 9.5], "texture": "#texture"},
				"east": {"uv": [7.25, 9.25, 8.5, 9.5], "texture": "#texture"},
				"south": {"uv": [12, 9.25, 12.25, 9.5], "texture": "#texture"},
				"up": {"uv": [12, 11.5, 12.25, 12.75], "texture": "#texture"}
			}
		},
		{
			"from": [17.25, 10.5, 7.5],
			"to": [17.75, 10.75, 8.75],
			"rotation": {"angle": 0, "axis": "y", "origin": [5, 0, 0]},
			"faces": {
				"north": {"uv": [3.75, 9.25, 4, 9.5], "texture": "#texture"},
				"east": {"uv": [7.25, 9.25, 8.5, 9.5], "texture": "#texture"},
				"south": {"uv": [12, 9.25, 12.25, 9.5], "texture": "#texture"},
				"up": {"uv": [12, 11.5, 12.25, 12.75], "texture": "#texture"}
			}
		},
		{
			"from": [17, 10.25, 7.5],
			"to": [18.25, 10.5, 8.75],
			"rotation": {"angle": 0, "axis": "y", "origin": [5, 0, 0]},
			"faces": {
				"north": {"uv": [3.25, 9.5, 4, 9.75], "texture": "#texture"},
				"east": {"uv": [7.25, 9.5, 8.5, 9.75], "texture": "#texture"},
				"south": {"uv": [12, 9.5, 12.75, 9.75], "texture": "#texture"},
				"up": {"uv": [12, 11.5, 12.75, 12.75], "texture": "#texture"}
			}
		},
		{
			"from": [13, 8.25, 7.5],
			"to": [13.5, 10.75, 8.75],
			"rotation": {"angle": 0, "axis": "y", "origin": [5, 0, 0]},
			"faces": {
				"north": {"uv": [7.25, 10.25, 8, 11.75], "texture": "#texture"},
				"east": {"uv": [7.25, 10.25, 8.5, 11.75], "texture": "#texture"},
				"south": {"uv": [8, 10.25, 8.75, 11.75], "texture": "#texture"},
				"west": {"uv": [7.5, 10.25, 8.75, 11.75], "texture": "#texture"},
				"down": {"uv": [8, 12.75, 7.25, 11.5], "texture": "#texture"}
			}
		},
		{
			"from": [13.5, 8, 7.5],
			"to": [16.25, 8.75, 8.75],
			"rotation": {"angle": 0, "axis": "y", "origin": [5, 0, 0]},
			"faces": {
				"north": {"uv": [7.25, 10.25, 8, 11.75], "texture": "#texture"},
				"east": {"uv": [7.25, 10.25, 8.5, 11.75], "texture": "#texture"},
				"south": {"uv": [8, 10.25, 8.75, 11.75], "texture": "#texture"},
				"west": {"uv": [7.5, 10.25, 8.75, 11.75], "texture": "#texture"},
				"down": {"uv": [8, 12.75, 7.25, 11.5], "texture": "#texture"}
			}
		},
		{
			"from": [13.5, 8.75, 7.5],
			"to": [16.25, 10.75, 8.75],
			"rotation": {"angle": 0, "axis": "y", "origin": [5, 0, 0]},
			"faces": {
				"north": {"uv": [4.75, 9, 7.25, 11], "texture": "#texture"},
				"south": {"uv": [8.75, 9, 11.25, 11], "texture": "#texture"},
				"west": {"uv": [7.5, 9, 8.75, 11.25], "texture": "#texture"}
			}
		},
		{
			"from": [17, 10, 7.5],
			"to": [18.5, 10.25, 8.75],
			"rotation": {"angle": 0, "axis": "y", "origin": [5, 0, 0]},
			"faces": {
				"north": {"uv": [2.75, 9.75, 4, 10], "texture": "#texture"},
				"east": {"uv": [7.25, 9.75, 8.5, 10], "texture": "#texture"},
				"south": {"uv": [12, 9.75, 13.25, 10], "texture": "#texture"},
				"up": {"uv": [12, 11.5, 13.25, 12.75], "texture": "#texture"}
			}
		},
		{
			"from": [17, 8, 7.5],
			"to": [17.25, 9.75, 8.75],
			"rotation": {"angle": 0, "axis": "y", "origin": [5, 0, 0]},
			"faces": {
				"north": {"uv": [3.75, 10.25, 4, 12], "texture": "#texture"},
				"south": {"uv": [12, 10.25, 12.25, 12], "texture": "#texture"},
				"west": {"uv": [7.5, 10.25, 8.75, 12], "texture": "#texture"},
				"down": {"uv": [4, 12.75, 3.75, 11.5], "texture": "#texture"}
			}
		},
		{
			"from": [16.5, 7, 7.75],
			"to": [16.75, 8, 8.5],
			"rotation": {"angle": 0, "axis": "y", "origin": [4.75, -0.25, 0]},
			"faces": {
				"north": {"uv": [4.25, 11.75, 4.5, 13], "texture": "#texture"},
				"east": {"uv": [7.5, 11.75, 8.25, 13], "texture": "#texture"},
				"south": {"uv": [11.5, 11.75, 11.75, 13], "texture": "#texture"},
				"west": {"uv": [7.75, 11.75, 8.5, 13], "texture": "#texture"},
				"down": {"uv": [4.5, 12.5, 4.25, 11.75], "texture": "#texture"}
			}
		},
		{
			"from": [14.75, 7, 7.75],
			"to": [15, 8, 8.5],
			"rotation": {"angle": 0, "axis": "y", "origin": [4.75, -0.25, 0]},
			"faces": {
				"north": {"uv": [4.25, 11.75, 4.5, 13], "texture": "#texture"},
				"east": {"uv": [7.5, 11.75, 8.25, 13], "texture": "#texture"},
				"south": {"uv": [11.5, 11.75, 11.75, 13], "texture": "#texture"},
				"west": {"uv": [7.75, 11.75, 8.5, 13], "texture": "#texture"},
				"down": {"uv": [4.5, 12.5, 4.25, 11.75], "texture": "#texture"}
			}
		},
		{
			"from": [16.45, 7.175, 8],
			"to": [16.7, 9.175, 8.25],
			"rotation": {"angle": -22.5, "axis": "z", "origin": [16, 9, 8]},
			"faces": {
				"north": {"uv": [2.5, 6.25, 3, 7.5], "texture": "#texture"},
				"east": {"uv": [7.75, 6.25, 8, 7.5], "texture": "#texture"},
				"south": {"uv": [13, 6.25, 13.5, 7.5], "texture": "#texture"},
				"west": {"uv": [8, 6.25, 8.25, 7.5], "texture": "#texture"},
				"up": {"uv": [13, 12, 13.5, 12.25], "texture": "#texture"},
				"down": {"uv": [13, 7, 14, 8], "texture": "#texture"}
			}
		},
		{
			"from": [17.75, 4.5, 7.425],
			"to": [20, 7.5, 8.825],
			"rotation": {"angle": 0, "axis": "y", "origin": [5, 0, 0]},
			"faces": {
				"north": {"uv": [1, 8.75, 3, 11.75], "texture": "#dark wood blade"},
				"east": {"uv": [7, 8.75, 8.75, 11.75], "texture": "#dark wood blade"},
				"south": {"uv": [13, 8.75, 15, 11.75], "texture": "#dark wood blade"},
				"west": {"uv": [7.25, 8.75, 9, 11.75], "texture": "#dark wood blade"},
				"up": {"uv": [13, 7.25, 15, 9], "texture": "#dark wood blade"},
				"down": {"uv": [3, 9, 1, 7.25], "texture": "#dark wood blade"}
			}
		},
		{
			"from": [8.75, 8.425, 8.55],
			"to": [12.75, 9.425, 8.825],
			"rotation": {"angle": 0, "axis": "y", "origin": [5, 0, 0]},
			"faces": {
				"north": {"uv": [1, 8.75, 3, 11.75], "texture": "#dark wood blade"},
				"east": {"uv": [7, 8.75, 8.75, 11.75], "texture": "#dark wood blade"},
				"south": {"uv": [13, 8.75, 15, 11.75], "texture": "#dark wood blade"},
				"west": {"uv": [7.25, 8.75, 9, 11.75], "texture": "#dark wood blade"},
				"up": {"uv": [13, 7.25, 15, 9], "texture": "#dark wood blade"},
				"down": {"uv": [3, 9, 1, 7.25], "texture": "#dark wood blade"}
			}
		},
		{
			"from": [9, 8.425, 7.425],
			"to": [12.75, 9.425, 7.675],
			"rotation": {"angle": 0, "axis": "y", "origin": [5, 0, 0]},
			"faces": {
				"north": {"uv": [1, 8.75, 3, 11.75], "texture": "#dark wood blade"},
				"east": {"uv": [7, 8.75, 8.75, 11.75], "texture": "#dark wood blade"},
				"south": {"uv": [13, 8.75, 15, 11.75], "texture": "#dark wood blade"},
				"west": {"uv": [7.25, 8.75, 9, 11.75], "texture": "#dark wood blade"},
				"up": {"uv": [13, 7.25, 15, 9], "texture": "#dark wood blade"},
				"down": {"uv": [3, 9, 1, 7.25], "texture": "#dark wood blade"}
			}
		},
		{
			"from": [9, 8.175, 7.575],
			"to": [12.75, 8.675, 8.675],
			"rotation": {"angle": 0, "axis": "y", "origin": [5, 0, 0]},
			"faces": {
				"north": {"uv": [1, 8.75, 3, 11.75], "texture": "#dark wood blade"},
				"east": {"uv": [7, 8.75, 8.75, 11.75], "texture": "#dark wood blade"},
				"south": {"uv": [13, 8.75, 15, 11.75], "texture": "#dark wood blade"},
				"west": {"uv": [7.25, 8.75, 9, 11.75], "texture": "#dark wood blade"},
				"up": {"uv": [13, 7.25, 15, 9], "texture": "#dark wood blade"},
				"down": {"uv": [3, 9, 1, 7.25], "texture": "#dark wood blade"}
			}
		},
		{
			"from": [17.5, 4.25, 7.425],
			"to": [20.25, 4.5, 8.825],
			"rotation": {"angle": 0, "axis": "y", "origin": [5, 0, 0]},
			"faces": {
				"north": {"uv": [1, 12.75, 3, 15.75], "texture": "#texture"},
				"east": {"uv": [7, 12.75, 8.75, 15.75], "texture": "#texture"},
				"south": {"uv": [13, 12.75, 15, 15.75], "texture": "#texture"},
				"west": {"uv": [7.25, 12.75, 9, 15.75], "texture": "#texture"},
				"up": {"uv": [13, 11.25, 15, 13], "texture": "#texture"},
				"down": {"uv": [3, 13, 1, 11.25], "texture": "#texture"}
			}
		},
		{
			"from": [17.5, 7.25, 7.425],
			"to": [17.75, 7.5, 8.825],
			"rotation": {"angle": 0, "axis": "y", "origin": [5, 0, 0]},
			"faces": {
				"north": {"uv": [1, 8.75, 3, 11.75], "texture": "#dark wood blade"},
				"east": {"uv": [7, 8.75, 8.75, 11.75], "texture": "#dark wood blade"},
				"south": {"uv": [13, 8.75, 15, 11.75], "texture": "#dark wood blade"},
				"west": {"uv": [7.25, 8.75, 9, 11.75], "texture": "#dark wood blade"},
				"up": {"uv": [13, 7.25, 15, 9], "texture": "#dark wood blade"},
				"down": {"uv": [3, 9, 1, 7.25], "texture": "#dark wood blade"}
			}
		},
		{
			"from": [17.6, 4.5, 7.425],
			"to": [17.75, 4.75, 8.825],
			"rotation": {"angle": 0, "axis": "y", "origin": [5, 0, 0]},
			"faces": {
				"north": {"uv": [1, 8.75, 3, 11.75], "texture": "#dark wood blade"},
				"east": {"uv": [7, 8.75, 8.75, 11.75], "texture": "#dark wood blade"},
				"south": {"uv": [13, 8.75, 15, 11.75], "texture": "#dark wood blade"},
				"west": {"uv": [7.25, 8.75, 9, 11.75], "texture": "#dark wood blade"},
				"up": {"uv": [13, 7.25, 15, 9], "texture": "#dark wood blade"},
				"down": {"uv": [3, 9, 1, 7.25], "texture": "#dark wood blade"}
			}
		},
		{
			"from": [17, 9.75, 7.5],
			"to": [18.75, 10, 8.75],
			"rotation": {"angle": 0, "axis": "y", "origin": [5, 0, 0]},
			"faces": {
				"north": {"uv": [2, 10, 4, 10.25], "texture": "#texture"},
				"east": {"uv": [7.25, 10, 8.5, 10.25], "texture": "#texture"},
				"south": {"uv": [12, 10, 14, 10.25], "texture": "#texture"},
				"up": {"uv": [12, 11.5, 14, 12.75], "texture": "#texture"},
				"down": {"uv": [4, 12.75, 2, 11.5], "texture": "#texture"}
			}
		},
		{
			"from": [17.25, 8, 7.5],
			"to": [18.75, 9.75, 8.75],
			"rotation": {"angle": 0, "axis": "y", "origin": [5, 0, 0]},
			"faces": {
				"north": {"uv": [2.25, 10.25, 3.75, 12], "texture": "#texture"},
				"east": {"uv": [7.25, 10.25, 8.5, 12], "texture": "#texture"},
				"south": {"uv": [12.25, 10.25, 13.75, 12], "texture": "#texture"},
				"down": {"uv": [3.75, 12.75, 2.25, 11.5], "texture": "#texture"}
			}
		},
		{
			"from": [17.25, 7.5, 7.425],
			"to": [20, 8, 8.825],
			"rotation": {"angle": 0, "axis": "y", "origin": [5, 0, 0]},
			"faces": {
				"north": {"uv": [1.25, 8.25, 3.25, 8.75], "texture": "#dark wood blade"},
				"east": {"uv": [7, 8.25, 8.75, 8.75], "texture": "#dark wood blade"},
				"south": {"uv": [12.75, 8.25, 14.75, 8.75], "texture": "#dark wood blade"},
				"west": {"uv": [7.25, 8.25, 9, 8.75], "texture": "#dark wood blade"},
				"up": {"uv": [12.75, 7.25, 14.75, 9], "texture": "#dark wood blade"},
				"down": {"uv": [3.25, 9, 1.25, 7.25], "texture": "#dark wood blade"}
			}
		},
		{
			"from": [20, 4.5, 7.425],
			"to": [20.25, 7.25, 8.825],
			"rotation": {"angle": 0, "axis": "y", "origin": [5, 0, 0]},
			"faces": {
				"north": {"uv": [0.75, 9.5, 1, 11.75], "texture": "#dark wood blade"},
				"east": {"uv": [7, 9.5, 8.75, 11.75], "texture": "#dark wood blade"},
				"south": {"uv": [15, 9.5, 15.25, 11.75], "texture": "#dark wood blade"},
				"up": {"uv": [15, 7.25, 15.25, 9], "texture": "#dark wood blade"},
				"down": {"uv": [1, 9, 0.75, 7.25], "texture": "#dark wood blade"}
			}
		},
		{
			"from": [17.25, 7.75, 7.425],
			"to": [19.75, 8.5, 8.825],
			"rotation": {"angle": 0, "axis": "y", "origin": [5, 0, 0]},
			"faces": {
				"north": {"uv": [1.5, 7.5, 3.75, 8.25], "texture": "#dark wood blade"},
				"east": {"uv": [7, 7.5, 8.75, 8.25], "texture": "#dark wood blade"},
				"south": {"uv": [12.25, 7.5, 14.5, 8.25], "texture": "#dark wood blade"},
				"west": {"uv": [7.25, 7.5, 9, 8.25], "texture": "#dark wood blade"},
				"up": {"uv": [2, 7, 3, 8], "texture": "#dark wood blade"},
				"down": {"uv": [3.75, 9, 1.5, 7.25], "texture": "#dark wood blade"}
			}
		},
		{
			"from": [17.75, 8.5, 7.425],
			"to": [19.5, 8.75, 8.825],
			"rotation": {"angle": 0, "axis": "y", "origin": [5, 0, 0]},
			"faces": {
				"north": {"uv": [1.5, 7.25, 3.75, 7.5], "texture": "#dark wood blade"},
				"east": {"uv": [7, 7.25, 8.75, 7.5], "texture": "#dark wood blade"},
				"south": {"uv": [12.25, 7.25, 14.5, 7.5], "texture": "#dark wood blade"},
				"west": {"uv": [7.25, 7.25, 9, 7.5], "texture": "#dark wood blade"},
				"up": {"uv": [12.25, 7.25, 14.5, 9], "texture": "#dark wood blade"}
			}
		},
		{
			"from": [18, 8.75, 7.425],
			"to": [19.5, 9, 8.825],
			"rotation": {"angle": 0, "axis": "y", "origin": [5, 0, 0]},
			"faces": {
				"north": {"uv": [1.5, 7, 3.5, 7.25], "texture": "#dark wood blade"},
				"east": {"uv": [7, 7, 8.75, 7.25], "texture": "#dark wood blade"},
				"south": {"uv": [12.5, 7, 14.5, 7.25], "texture": "#dark wood blade"},
				"west": {"uv": [7.25, 7, 9, 7.25], "texture": "#dark wood blade"},
				"up": {"uv": [12.5, 7.25, 14.5, 9], "texture": "#dark wood blade"}
			}
		},
		{
			"from": [18, 9, 7.425],
			"to": [19.25, 9.25, 8.825],
			"rotation": {"angle": 0, "axis": "y", "origin": [5, 0, 0]},
			"faces": {
				"north": {"uv": [1.75, 6.75, 3.5, 7], "texture": "#dark wood blade"},
				"east": {"uv": [7, 6.75, 8.75, 7], "texture": "#dark wood blade"},
				"south": {"uv": [12.5, 6.75, 14.25, 7], "texture": "#dark wood blade"},
				"west": {"uv": [7.25, 6.75, 9, 7], "texture": "#dark wood blade"},
				"up": {"uv": [12.5, 7.25, 14.25, 9], "texture": "#dark wood blade"}
			}
		},
		{
			"from": [18.25, 9.25, 7.425],
			"to": [19.25, 9.5, 8.825],
			"rotation": {"angle": 0, "axis": "y", "origin": [5, 0, 0]},
			"faces": {
				"north": {"uv": [1.75, 6.5, 3.25, 6.75], "texture": "#dark wood blade"},
				"east": {"uv": [7, 6.5, 8.75, 6.75], "texture": "#dark wood blade"},
				"south": {"uv": [12.75, 6.5, 14.25, 6.75], "texture": "#dark wood blade"},
				"west": {"uv": [7.25, 6.5, 9, 6.75], "texture": "#dark wood blade"},
				"up": {"uv": [12.75, 7.25, 14.25, 9], "texture": "#dark wood blade"}
			}
		},
		{
			"from": [18.25, 9.5, 7.425],
			"to": [19, 9.75, 8.825],
			"rotation": {"angle": 0, "axis": "y", "origin": [5, 0, 0]},
			"faces": {
				"north": {"uv": [2, 6.25, 2.75, 6.5], "texture": "#dark wood blade"},
				"east": {"uv": [7, 6.25, 8.75, 6.5], "texture": "#dark wood blade"},
				"south": {"uv": [13.25, 6.25, 14, 6.5], "texture": "#dark wood blade"},
				"west": {"uv": [7.25, 6.25, 9, 6.5], "texture": "#dark wood blade"},
				"up": {"uv": [13.25, 7.25, 14, 9], "texture": "#dark wood blade"}
			}
		},
		{
			"from": [17.4714, 10.3, 7.875],
			"to": [18.6214, 10.65, 8.375],
			"rotation": {"angle": 0, "axis": "z", "origin": [17.6964, 11.5, 7.875]},
			"faces": {
				"north": {"uv": [3, 6.75, 3.5, 8], "rotation": 270, "texture": "#texture"},
				"east": {"uv": [12.5, 12, 13, 12.5], "rotation": 90, "texture": "#texture"},
				"south": {"uv": [12.5, 6.75, 13, 8], "rotation": 90, "texture": "#texture"},
				"up": {"uv": [8, 6.75, 8.5, 8], "rotation": 90, "texture": "#texture"},
				"down": {"uv": [7.5, 6.75, 8, 8], "rotation": 90, "texture": "#texture"}
			}
		},
		{
			"from": [15.25, 6.5, 7.75],
			"to": [16.25, 6.75, 8.5],
			"rotation": {"angle": 0, "axis": "y", "origin": [4.75, -0.25, 0]},
			"faces": {
				"north": {"uv": [4.5, 13, 6.5, 13.25], "texture": "#texture"},
				"east": {"uv": [7.5, 13, 8.25, 13.25], "texture": "#texture"},
				"south": {"uv": [9.5, 13, 11.5, 13.25], "texture": "#texture"},
				"west": {"uv": [7.75, 13, 8.5, 13.25], "texture": "#texture"},
				"up": {"uv": [9.5, 11.75, 11.5, 12.5], "texture": "#texture"},
				"down": {"uv": [6.5, 12.5, 4.5, 11.75], "texture": "#texture"}
			}
		},
		{
			"from": [15, 6.75, 7.75],
			"to": [15.25, 7, 8.5],
			"rotation": {"angle": 0, "axis": "y", "origin": [4.75, -0.25, 0]},
			"faces": {
				"north": {"uv": [6.25, 12.75, 6.5, 13], "texture": "#texture"},
				"east": {"uv": [7.5, 12.75, 8.25, 13], "texture": "#texture"},
				"south": {"uv": [9.5, 12.75, 9.75, 13], "texture": "#texture"},
				"west": {"uv": [8, 12, 9, 13], "texture": "#texture"},
				"up": {"uv": [9.5, 11.75, 9.75, 12.5], "texture": "#texture"},
				"down": {"uv": [8, 12, 9, 13], "texture": "#texture"}
			}
		},
		{
			"from": [16.25, 6.75, 7.75],
			"to": [16.5, 7, 8.5],
			"rotation": {"angle": 0, "axis": "y", "origin": [4.75, -0.25, 0]},
			"faces": {
				"north": {"uv": [4.5, 12.75, 4.75, 13], "texture": "#texture"},
				"east": {"uv": [8, 12, 9, 13], "texture": "#texture"},
				"south": {"uv": [11.25, 12.75, 11.5, 13], "texture": "#texture"},
				"west": {"uv": [7.75, 12.75, 8.5, 13], "texture": "#texture"},
				"up": {"uv": [11.25, 11.75, 11.5, 12.5], "texture": "#texture"},
				"down": {"uv": [8, 12, 9, 13], "texture": "#texture"}
			}
		}
	],
	"gui_light": "front",
	"display": {
		"thirdperson_righthand": {
			"rotation": [0, -90, 0],
			"translation": [0, 0, -6.75],
			"scale": [0.8, 0.8, 0.81]
		},
		"thirdperson_lefthand": {
			"rotation": [0, 90, 0],
			"translation": [0, 0, -6.75],
			"scale": [0.8, 0.8, 0.81]
		},
		"firstperson_righthand": {
			"rotation": [47.07, -79.61, 24.79],
			"translation": [0, 3.5, -7.75],
			"scale": [0.76, 0.76, 0.78]
		},
		"firstperson_lefthand": {
			"rotation": [-128.46, 77.65, 149.97],
			"translation": [1.25, 3.75, -8.75],
			"scale": [0.76, 0.76, 0.78]
		},
		"ground": {
			"translation": [-0.25, 0, 0],
			"scale": [0.95, 0.95, 0.96]
		},
		"gui": {
			"rotation": [0, 0, -45],
			"translation": [-4, 3.25, 0],
			"scale": [0.87, 0.87, 0.9]
		},
		"fixed": {
			"rotation": [0, 180, -45],
			"translation": [1.1, 0.55, -1.1],
			"scale": [1.15, 1.15, 1.17]
		}
	}
}