{
	"credit": "Made by SrDarmith - YouTube: Mainclay",
	"textures": {
		"particle": "item/door_iron_lower",
		"texture": "item/door_iron_lower",
		"dark wood blade": "item/darkwood1"
	},
	"elements": [
		{
			"from": [6.425, 11.25, 8],
			"to": [7, 11.6, 8.25],
			"rotation": {"angle": 0, "axis": "y", "origin": [5, 0.25, 0]},
			"faces": {
				"north": {"uv": [15.75, 4.25, 16, 4.5], "texture": "#texture", "cullface": "west"},
				"east": {"uv": [7.75, 4.25, 8, 4.5], "texture": "#texture", "cullface": "west"},
				"south": {"uv": [0, 4.25, 0.25, 4.5], "texture": "#texture", "cullface": "west"},
				"west": {"uv": [8, 4.25, 8.25, 4.5], "texture": "#texture", "cullface": "west"},
				"up": {"uv": [0, 8, 0.25, 8.25], "texture": "#texture", "cullface": "west"}
			}
		},
		{
			"from": [13, 9.925, 7.625],
			"to": [16.55, 11.35, 8.625],
			"rotation": {"angle": 0, "axis": "y", "origin": [5, 0.25, 0]},
			"faces": {
				"north": {"uv": [7.25, 5, 8, 6.25], "texture": "#texture"},
				"east": {"uv": [7, 5, 8.75, 6.25], "texture": "#texture"},
				"south": {"uv": [8, 5, 8.75, 6.25], "texture": "#texture"},
				"west": {"uv": [7.25, 5, 9, 6.25], "texture": "#texture"},
				"up": {"uv": [8, 7.25, 8.75, 9], "texture": "#texture"},
				"down": {"uv": [8, 9, 7.25, 7.25], "texture": "#texture"}
			}
		},
		{
			"from": [13.35, 11.25, 7.875],
			"to": [16.35, 11.475, 8.375],
			"rotation": {"angle": 0, "axis": "y", "origin": [5, 0.25, 0]},
			"faces": {
				"north": {"uv": [4.75, 4.5, 8, 5], "texture": "#texture"},
				"east": {"uv": [8, 8, 9, 9], "texture": "#texture"},
				"south": {"uv": [8, 4.5, 11.25, 5], "texture": "#texture"},
				"west": {"uv": [7.5, 4.5, 8.75, 5], "texture": "#texture"},
				"up": {"uv": [8, 7.5, 11.25, 8.75], "texture": "#texture"},
				"down": {"uv": [8, 8.75, 4.75, 7.5], "texture": "#texture"}
			}
		},
		{
			"from": [13.4, 8.675, 7.625],
			"to": [14.25, 9, 8.625],
			"rotation": {"angle": 0, "axis": "y", "origin": [5, 0.25, 0]},
			"faces": {
				"north": {"uv": [7.25, 7, 8, 7.75], "texture": "#texture"},
				"east": {"uv": [7.25, 7, 8.5, 7.75], "texture": "#texture"},
				"south": {"uv": [8, 7, 8.75, 7.75], "texture": "#texture"},
				"west": {"uv": [7.5, 7, 8.75, 7.75], "texture": "#texture"},
				"down": {"uv": [8, 8.75, 7.25, 7.5], "texture": "#texture"}
			}
		},
		{
			"from": [13.75, 9.375, 7],
			"to": [16.25, 10.875, 9.25],
			"rotation": {"angle": 0, "axis": "y", "origin": [5, 0.25, 0]},
			"faces": {
				"north": {"uv": [4.75, 5.25, 7.25, 7], "texture": "#texture"},
				"east": {"uv": [8, 6, 9, 7], "texture": "#texture"},
				"south": {"uv": [8.75, 5.25, 11.25, 7], "texture": "#texture"},
				"west": {"uv": [7.25, 5.25, 9, 7], "texture": "#texture"},
				"up": {"uv": [8.75, 7.25, 11.25, 9], "texture": "#texture"},
				"down": {"uv": [7.25, 9, 4.75, 7.25], "texture": "#texture"}
			}
		},
		{
			"from": [13.75, 9, 7.5],
			"to": [16.25, 11.25, 8.75],
			"rotation": {"angle": 0, "axis": "y", "origin": [5, 0.25, 0]},
			"faces": {
				"north": {"uv": [4.75, 5, 7.25, 7.25], "texture": "#texture"},
				"south": {"uv": [8.75, 5, 11.25, 7.25], "texture": "#texture"},
				"west": {"uv": [7.5, 5, 8.75, 7.25], "texture": "#texture"}
			}
		},
		{
			"from": [13.75, 9.875, 6.825],
			"to": [16.25, 10.375, 9.425],
			"rotation": {"angle": 0, "axis": "y", "origin": [5, 0.25, 0]},
			"faces": {
				"north": {"uv": [4.75, 5.75, 7.25, 6.5], "texture": "#texture"},
				"east": {"uv": [8, 6, 9, 7], "texture": "#texture"},
				"south": {"uv": [8.75, 5.75, 11.25, 6.5], "texture": "#texture"},
				"west": {"uv": [7, 5.75, 9.25, 6.5], "texture": "#texture"},
				"up": {"uv": [8.75, 7, 11.25, 9.25], "texture": "#texture"},
				"down": {"uv": [7.25, 9.25, 4.75, 7], "texture": "#texture"}
			}
		},
		{
			"from": [16.25, 9.375, 7.25],
			"to": [16.5, 10.875, 9],
			"rotation": {"angle": 0, "axis": "y", "origin": [5, 0.25, 0]},
			"faces": {
				"north": {"uv": [4.5, 5.25, 4.75, 7], "texture": "#texture"},
				"east": {"uv": [7, 5.25, 8.75, 7], "texture": "#texture"},
				"south": {"uv": [11.25, 5.25, 11.5, 7], "texture": "#texture"},
				"up": {"uv": [11.25, 7.25, 11.5, 9], "texture": "#texture"},
				"down": {"uv": [4.75, 9, 4.5, 7.25], "texture": "#texture"}
			}
		},
		{
			"from": [16.25, 9.875, 7],
			"to": [16.5, 10.375, 9.25],
			"rotation": {"angle": 0, "axis": "y", "origin": [5, 0.25, 0]},
			"faces": {
				"north": {"uv": [4.5, 5.75, 4.75, 6.5], "texture": "#texture"},
				"east": {"uv": [6.75, 5.75, 9, 6.5], "texture": "#texture"},
				"south": {"uv": [11.25, 5.75, 11.5, 6.5], "texture": "#texture"},
				"up": {"uv": [11.25, 7, 11.5, 9.25], "texture": "#texture"},
				"down": {"uv": [4.75, 9.25, 4.5, 7], "texture": "#texture"}
			}
		},
		{
			"from": [16.5, 9.875, 7.25],
			"to": [16.75, 10.375, 9],
			"rotation": {"angle": 0, "axis": "y", "origin": [5, 0.25, 0]},
			"faces": {
				"north": {"uv": [4.25, 5.75, 4.5, 6.5], "texture": "#texture"},
				"east": {"uv": [7, 5.75, 8.75, 6.5], "texture": "#texture"},
				"south": {"uv": [11.5, 5.75, 11.75, 6.5], "texture": "#texture"},
				"up": {"uv": [11.5, 7.25, 11.75, 9], "texture": "#texture"},
				"down": {"uv": [4.5, 9, 4.25, 7.25], "texture": "#texture"}
			}
		},
		{
			"from": [13.9, 8.925, 7.5],
			"to": [17, 9, 8.75],
			"rotation": {"angle": 0, "axis": "y", "origin": [5, 0.25, 0]},
			"faces": {
				"north": {"uv": [4.75, 7.25, 7.25, 7.75], "texture": "#texture"},
				"east": {"uv": [8, 7, 9, 8], "texture": "#texture"},
				"south": {"uv": [8.75, 7.25, 11.25, 7.75], "texture": "#texture"},
				"west": {"uv": [8, 7, 9, 8], "texture": "#texture"},
				"up": {"uv": [8, 7, 9, 8], "texture": "#texture"},
				"down": {"uv": [7.25, 8.75, 4.75, 7.5], "texture": "#texture"}
			}
		},
		{
			"from": [15, 7, 7.75],
			"to": [15.25, 7.25, 8.5],
			"rotation": {"angle": 0, "axis": "z", "origin": [5, 0, 0]},
			"faces": {
				"north": {"uv": [6, 8.75, 6.25, 9], "texture": "#texture"},
				"east": {"uv": [7.5, 8.75, 8.25, 9], "texture": "#texture"},
				"south": {"uv": [9.75, 8.75, 10, 9], "texture": "#texture"},
				"up": {"uv": [9.75, 7.75, 10, 8.5], "texture": "#texture"}
			}
		},
		{
			"from": [14.75, 7, 7.75],
			"to": [15, 8.5, 8.5],
			"rotation": {"angle": 0, "axis": "z", "origin": [5, 0, 0]},
			"faces": {
				"north": {"uv": [6.25, 8, 6.5, 9], "texture": "#texture"},
				"east": {"uv": [7.5, 8, 8.25, 9], "texture": "#texture"},
				"south": {"uv": [9.5, 8, 9.75, 9], "texture": "#texture"},
				"west": {"uv": [7.75, 8, 8.5, 9], "texture": "#texture"},
				"down": {"uv": [6.5, 8.5, 6.25, 7.75], "texture": "#texture"}
			}
		},
		{
			"from": [15, 6.75, 7.75],
			"to": [16.5, 7, 8.5],
			"rotation": {"angle": 0, "axis": "z", "origin": [5, 0, 0]},
			"faces": {
				"north": {"uv": [4.5, 9, 6.25, 9.25], "texture": "#texture"},
				"east": {"uv": [7.5, 9, 8.25, 9.25], "texture": "#texture"},
				"south": {"uv": [9.75, 9, 11.5, 9.25], "texture": "#texture"},
				"west": {"uv": [7.75, 9, 8.5, 9.25], "texture": "#texture"},
				"up": {"uv": [9.75, 7.75, 11.5, 8.5], "texture": "#texture"},
				"down": {"uv": [6.25, 8.5, 4.5, 7.75], "texture": "#texture"}
			}
		},
		{
			"from": [16.5, 7, 7.75],
			"to": [16.75, 8.25, 8.5],
			"rotation": {"angle": 0, "axis": "z", "origin": [5, 0, 0]},
			"faces": {
				"north": {"uv": [4.25, 7.75, 4.5, 9], "texture": "#texture"},
				"east": {"uv": [7.5, 7.75, 8.25, 9], "texture": "#texture"},
				"south": {"uv": [11.5, 7.75, 11.75, 9], "texture": "#texture"},
				"west": {"uv": [7.75, 7.75, 8.5, 9], "texture": "#texture"},
				"down": {"uv": [4.5, 8.5, 4.25, 7.75], "texture": "#texture"}
			}
		},
		{
			"from": [16.375, 7.325, 8],
			"to": [16.625, 8.825, 8.25],
			"rotation": {"angle": -22.5, "axis": "z", "origin": [16, 8.75, 8]},
			"faces": {
				"north": {"uv": [2.5, 2.25, 3, 3.5], "texture": "#texture"},
				"east": {"uv": [7.75, 2.25, 8, 3.5], "texture": "#texture"},
				"south": {"uv": [13, 2.25, 13.5, 3.5], "texture": "#texture"},
				"west": {"uv": [8, 2.25, 8.25, 3.5], "texture": "#texture"},
				"down": {"uv": [8, 3, 9, 4], "texture": "#texture"}
			}
		},
		{
			"from": [18.075, 4.25, 7.45],
			"to": [19.9, 7, 8.8],
			"rotation": {"angle": 0, "axis": "y", "origin": [5, -6.75, 0]},
			"faces": {
				"north": {"uv": [1, 8.75, 3, 11.5], "texture": "#dark wood blade"},
				"east": {"uv": [7, 8.75, 8.75, 11.5], "texture": "#dark wood blade"},
				"south": {"uv": [13, 8.75, 15, 11.5], "texture": "#dark wood blade"},
				"west": {"uv": [7.25, 8.75, 9, 11.5], "texture": "#dark wood blade"},
				"up": {"uv": [13, 7.25, 15, 9], "texture": "#dark wood blade"},
				"down": {"uv": [3, 9, 1, 7.25], "texture": "#dark wood blade"}
			}
		},
		{
			"from": [20.4, 4.25, 7.45],
			"to": [20.5, 4.5, 8.8],
			"rotation": {"angle": 0, "axis": "y", "origin": [5, -6.75, 0]},
			"faces": {
				"north": {"uv": [1.25, 8.25, 3.25, 8.75], "texture": "#dark wood blade"},
				"east": {"uv": [7, 8.25, 8.75, 8.75], "texture": "#dark wood blade"},
				"south": {"uv": [12.75, 8.25, 14.75, 8.75], "texture": "#dark wood blade"},
				"west": {"uv": [7.25, 8.25, 9, 8.75], "texture": "#dark wood blade"},
				"up": {"uv": [12.75, 7.25, 14.75, 9], "texture": "#dark wood blade"},
				"down": {"uv": [3.25, 9, 1.25, 7.25], "texture": "#dark wood blade"}
			}
		},
		{
			"from": [20.15, 4.25, 7.45],
			"to": [20.4, 5.25, 8.8],
			"rotation": {"angle": 0, "axis": "y", "origin": [5, -6.75, 0]},
			"faces": {
				"north": {"uv": [0.75, 9.5, 1, 11.5], "texture": "#dark wood blade"},
				"east": {"uv": [7, 9.5, 8.75, 11.5], "texture": "#dark wood blade"},
				"south": {"uv": [15, 9.5, 15.25, 11.5], "texture": "#dark wood blade"},
				"west": {"uv": [1, 8, 2, 9], "texture": "#dark wood blade"},
				"up": {"uv": [15, 7.25, 15.25, 9], "texture": "#dark wood blade"},
				"down": {"uv": [1, 8, 2, 9], "texture": "#dark wood blade"}
			}
		},
		{
			"from": [17.25, 7.5, 7.45],
			"to": [19.25, 8.225, 8.8],
			"rotation": {"angle": 0, "axis": "y", "origin": [5, -6.75, 0]},
			"faces": {
				"north": {"uv": [1.5, 7.5, 3.75, 8.25], "texture": "#dark wood blade"},
				"east": {"uv": [7, 7.5, 8.75, 8.25], "texture": "#dark wood blade"},
				"south": {"uv": [12.25, 7.5, 14.5, 8.25], "texture": "#dark wood blade"},
				"west": {"uv": [7.25, 7.5, 9, 8.25], "texture": "#dark wood blade"},
				"up": {"uv": [3, 7, 4, 8], "texture": "#dark wood blade"},
				"down": {"uv": [3.75, 9, 1.5, 7.25], "texture": "#dark wood blade"}
			}
		},
		{
			"from": [17.25, 8.225, 7.45],
			"to": [19, 8.5, 8.8],
			"rotation": {"angle": 0, "axis": "y", "origin": [5, -2.75, 0]},
			"faces": {
				"north": {"uv": [1.5, 7.25, 3.75, 7.5], "texture": "#dark wood blade"},
				"east": {"uv": [7, 7.25, 8.75, 7.5], "texture": "#dark wood blade"},
				"south": {"uv": [12.25, 7.25, 14.5, 7.5], "texture": "#dark wood blade"},
				"west": {"uv": [7.25, 7.25, 9, 7.5], "texture": "#dark wood blade"},
				"up": {"uv": [12.25, 7.25, 14.5, 9], "texture": "#dark wood blade"}
			}
		},
		{
			"from": [17.25, 8.5, 7.45],
			"to": [18.5, 8.75, 8.8],
			"rotation": {"angle": 0, "axis": "y", "origin": [5, -2.75, 0]},
			"faces": {
				"north": {"uv": [1.5, 7, 3.5, 7.25], "texture": "#dark wood blade"},
				"east": {"uv": [7, 7, 8.75, 7.25], "texture": "#dark wood blade"},
				"south": {"uv": [12.5, 7, 14.5, 7.25], "texture": "#dark wood blade"},
				"west": {"uv": [7.25, 7, 9, 7.25], "texture": "#dark wood blade"},
				"up": {"uv": [12.5, 7.25, 14.5, 9], "texture": "#dark wood blade"}
			}
		},
		{
			"from": [17.35395, 10.29172, 7.8555],
			"to": [17.90395, 10.41672, 8.3555],
			"rotation": {"angle": -45, "axis": "z", "origin": [17.3, 9.425, 8]},
			"faces": {
				"north": {"uv": [3, 2.75, 3.5, 4], "rotation": 270, "texture": "#texture"},
				"east": {"uv": [12.5, 8, 13, 8.5], "rotation": 90, "texture": "#texture"},
				"south": {"uv": [12.5, 2.75, 13, 4], "rotation": 90, "texture": "#texture"},
				"west": {"uv": [7, 7, 8, 8], "texture": "#texture"},
				"up": {"uv": [8, 2.75, 8.5, 4], "rotation": 90, "texture": "#texture"},
				"down": {"uv": [7.5, 2.75, 8, 4], "rotation": 90, "texture": "#texture"}
			}
		},
		{
			"from": [17.30395, 10.61672, 7.8555],
			"to": [17.85395, 10.81672, 8.3555],
			"rotation": {"angle": -45, "axis": "z", "origin": [17.3, 9.425, 8]},
			"faces": {
				"north": {"uv": [3, 2.75, 3.5, 4], "rotation": 270, "texture": "#texture"},
				"east": {"uv": [12.5, 8, 13, 8.5], "rotation": 90, "texture": "#texture"},
				"south": {"uv": [12.5, 2.75, 13, 4], "rotation": 90, "texture": "#texture"},
				"west": {"uv": [7, 7, 8, 8], "texture": "#texture"},
				"up": {"uv": [8, 2.75, 8.5, 4], "rotation": 90, "texture": "#texture"},
				"down": {"uv": [7.5, 2.75, 8, 4], "rotation": 90, "texture": "#texture"}
			}
		},
		{
			"from": [17.22895, 10.81672, 7.8555],
			"to": [17.52895, 11.01672, 8.3555],
			"rotation": {"angle": -45, "axis": "z", "origin": [17.3, 9.425, 8]},
			"faces": {
				"north": {"uv": [3, 2.75, 3.5, 4], "rotation": 270, "texture": "#texture"},
				"east": {"uv": [12.5, 8, 13, 8.5], "rotation": 90, "texture": "#texture"},
				"south": {"uv": [12.5, 2.75, 13, 4], "rotation": 90, "texture": "#texture"},
				"west": {"uv": [7, 7, 8, 8], "texture": "#texture"},
				"up": {"uv": [8, 2.75, 8.5, 4], "rotation": 90, "texture": "#texture"},
				"down": {"uv": [7.5, 2.75, 8, 4], "rotation": 90, "texture": "#texture"}
			}
		},
		{
			"from": [17.55, 9.2, 7.85],
			"to": [18.55, 9.675, 8.35],
			"rotation": {"angle": 22.5, "axis": "z", "origin": [17.3, 9.425, 0]},
			"faces": {
				"north": {"uv": [4, 4.75, 4.25, 7.75], "rotation": 270, "texture": "#texture"},
				"east": {"uv": [11.75, 7.5, 12, 8.75], "rotation": 90, "texture": "#texture"},
				"south": {"uv": [11.75, 4.75, 12, 7.75], "rotation": 90, "texture": "#texture"},
				"west": {"uv": [4.25, 8.75, 4, 7.5], "rotation": 90, "texture": "#texture"},
				"up": {"uv": [7, 7, 8, 8], "rotation": 90, "texture": "#texture"},
				"down": {"uv": [7.25, 4.75, 8.5, 7.75], "rotation": 90, "texture": "#texture"}
			}
		},
		{
			"from": [17.75, 9.1, 7.85],
			"to": [18.1, 9.2, 8.35],
			"rotation": {"angle": 22.5, "axis": "z", "origin": [17.3, 9.425, 0]},
			"faces": {
				"north": {"uv": [4, 4.75, 4.25, 7.75], "rotation": 270, "texture": "#texture"},
				"east": {"uv": [11.75, 7.5, 12, 8.75], "rotation": 90, "texture": "#texture"},
				"south": {"uv": [11.75, 4.75, 12, 7.75], "rotation": 90, "texture": "#texture"},
				"west": {"uv": [4.25, 8.75, 4, 7.5], "rotation": 90, "texture": "#texture"},
				"down": {"uv": [7.25, 4.75, 8.5, 7.75], "rotation": 90, "texture": "#texture"}
			}
		},
		{
			"from": [17.35395, 10.41672, 7.8555],
			"to": [18.57895, 10.64172, 8.3555],
			"rotation": {"angle": -45, "axis": "z", "origin": [17.3, 9.425, 8]},
			"faces": {
				"north": {"uv": [3, 2.75, 3.5, 4], "rotation": 270, "texture": "#texture"},
				"east": {"uv": [12.5, 8, 13, 8.5], "rotation": 90, "texture": "#texture"},
				"south": {"uv": [12.5, 2.75, 13, 4], "rotation": 90, "texture": "#texture"},
				"west": {"uv": [7, 7, 8, 8], "texture": "#texture"},
				"up": {"uv": [8, 2.75, 8.5, 4], "rotation": 90, "texture": "#texture"},
				"down": {"uv": [7.5, 2.75, 8, 4], "rotation": 90, "texture": "#texture"}
			}
		},
		{
			"from": [16.25, 7, 7.75],
			"to": [16.5, 7.25, 8.5],
			"rotation": {"angle": 0, "axis": "z", "origin": [5, 0, 0]},
			"faces": {
				"north": {"uv": [4.5, 8.75, 4.75, 9], "texture": "#texture"},
				"south": {"uv": [11.25, 8.75, 11.5, 9], "texture": "#texture"},
				"west": {"uv": [7.75, 8.75, 8.5, 9], "texture": "#texture"},
				"up": {"uv": [11.25, 7.75, 11.5, 8.5], "texture": "#texture"}
			}
		},
		{
			"from": [17.65, 7.25, 7.45],
			"to": [17.9, 7.5, 8.8],
			"rotation": {"angle": 0, "axis": "y", "origin": [5, -6.75, 0]},
			"faces": {
				"north": {"uv": [1.25, 8.25, 3.25, 8.75], "texture": "#dark wood blade"},
				"east": {"uv": [7, 8.25, 8.75, 8.75], "texture": "#dark wood blade"},
				"south": {"uv": [12.75, 8.25, 14.75, 8.75], "texture": "#dark wood blade"},
				"west": {"uv": [7.25, 8.25, 9, 8.75], "texture": "#dark wood blade"},
				"up": {"uv": [12.75, 7.25, 14.75, 9], "texture": "#dark wood blade"},
				"down": {"uv": [3.25, 9, 1.25, 7.25], "texture": "#dark wood blade"}
			}
		},
		{
			"from": [17.975, 4.25, 7.45],
			"to": [18.075, 4.5, 8.8],
			"rotation": {"angle": 0, "axis": "y", "origin": [5, -6.75, 0]},
			"faces": {
				"north": {"uv": [1.25, 8.25, 3.25, 8.75], "texture": "#dark wood blade"},
				"east": {"uv": [7, 8.25, 8.75, 8.75], "texture": "#dark wood blade"},
				"south": {"uv": [12.75, 8.25, 14.75, 8.75], "texture": "#dark wood blade"},
				"west": {"uv": [7.25, 8.25, 9, 8.75], "texture": "#dark wood blade"},
				"up": {"uv": [12.75, 7.25, 14.75, 9], "texture": "#dark wood blade"},
				"down": {"uv": [3.25, 9, 1.25, 7.25], "texture": "#dark wood blade"}
			}
		},
		{
			"from": [17.9, 6.75, 7.45],
			"to": [19.7, 7.5, 8.8],
			"rotation": {"angle": 0, "axis": "y", "origin": [5, -6.75, 0]},
			"faces": {
				"north": {"uv": [1.25, 8.25, 3.25, 8.75], "texture": "#dark wood blade"},
				"east": {"uv": [7, 8.25, 8.75, 8.75], "texture": "#dark wood blade"},
				"south": {"uv": [12.75, 8.25, 14.75, 8.75], "texture": "#dark wood blade"},
				"west": {"uv": [7.25, 8.25, 9, 8.75], "texture": "#dark wood blade"},
				"up": {"uv": [12.75, 7.25, 14.75, 9], "texture": "#dark wood blade"},
				"down": {"uv": [3.25, 9, 1.25, 7.25], "texture": "#dark wood blade"}
			}
		},
		{
			"from": [13.75, 9.125, 7.25],
			"to": [16.25, 11.125, 9],
			"rotation": {"angle": 0, "axis": "y", "origin": [5, 0.25, 0]},
			"faces": {
				"north": {"uv": [4.75, 5.25, 7.25, 7], "texture": "#texture"},
				"east": {"uv": [8, 6, 9, 7], "texture": "#texture"},
				"south": {"uv": [8.75, 5.25, 11.25, 7], "texture": "#texture"},
				"west": {"uv": [7.25, 5.25, 9, 7], "texture": "#texture"},
				"up": {"uv": [8.75, 7.25, 11.25, 9], "texture": "#texture"},
				"down": {"uv": [7.25, 9, 4.75, 7.25], "texture": "#texture"}
			}
		},
		{
			"from": [13, 10.175, 7.4],
			"to": [13.75, 11.075, 8.85],
			"rotation": {"angle": 0, "axis": "y", "origin": [5, 0.25, 0]},
			"faces": {
				"north": {"uv": [7.25, 5, 8, 6.25], "texture": "#texture"},
				"east": {"uv": [7, 5, 8.75, 6.25], "texture": "#texture"},
				"south": {"uv": [8, 5, 8.75, 6.25], "texture": "#texture"},
				"west": {"uv": [7.25, 5, 9, 6.25], "texture": "#texture"},
				"up": {"uv": [8, 7.25, 8.75, 9], "texture": "#texture"},
				"down": {"uv": [8, 9, 7.25, 7.25], "texture": "#texture"}
			}
		},
		{
			"from": [7.25, 9.775, 7.15],
			"to": [14.25, 10.175, 7.775],
			"rotation": {"angle": 0, "axis": "y", "origin": [5, 0.25, 0]},
			"faces": {
				"north": {"uv": [8, 5.25, 16, 6], "texture": "#texture", "cullface": "west"},
				"south": {"uv": [0, 5.25, 8, 6], "texture": "#texture", "cullface": "west"},
				"west": {"uv": [7.5, 5.25, 7.75, 6], "texture": "#texture", "cullface": "west"},
				"up": {"uv": [0, 7.5, 8, 7.75], "texture": "#texture", "cullface": "west"},
				"down": {"uv": [16, 7.75, 8, 7.5], "texture": "#texture", "cullface": "west"}
			}
		},
		{
			"from": [7.25, 9.65, 7.275],
			"to": [14.25, 10.3, 7.65],
			"rotation": {"angle": 0, "axis": "y", "origin": [5, 0.25, 0]},
			"faces": {
				"north": {"uv": [8, 5.25, 16, 6], "texture": "#texture", "cullface": "west"},
				"south": {"uv": [0, 5.25, 8, 6], "texture": "#texture", "cullface": "west"},
				"west": {"uv": [7.5, 5.25, 7.75, 6], "texture": "#texture", "cullface": "west"},
				"up": {"uv": [0, 7.5, 8, 7.75], "texture": "#texture", "cullface": "west"},
				"down": {"uv": [16, 7.75, 8, 7.5], "texture": "#texture", "cullface": "west"}
			}
		},
		{
			"from": [16.25, 9, 7.5],
			"to": [16.575, 11.25, 8.75],
			"rotation": {"angle": 0, "axis": "y", "origin": [5, 0.25, 0]},
			"faces": {
				"north": {"uv": [4, 4.75, 4.25, 7.75], "texture": "#texture"},
				"east": {"uv": [7.25, 4.75, 8.5, 7.75], "texture": "#texture"},
				"south": {"uv": [11.75, 4.75, 12, 7.75], "texture": "#texture"},
				"up": {"uv": [11.75, 7.5, 12, 8.75], "texture": "#texture"},
				"down": {"uv": [4.25, 8.75, 4, 7.5], "texture": "#texture"}
			}
		},
		{
			"from": [16.5, 9, 7.5],
			"to": [16.75, 11, 8.75],
			"rotation": {"angle": 0, "axis": "y", "origin": [5, 0.25, 0]},
			"faces": {
				"north": {"uv": [4, 4.75, 4.25, 7.75], "texture": "#texture"},
				"east": {"uv": [7.25, 4.75, 8.5, 7.75], "texture": "#texture"},
				"south": {"uv": [11.75, 4.75, 12, 7.75], "texture": "#texture"},
				"up": {"uv": [11.75, 7.5, 12, 8.75], "texture": "#texture"},
				"down": {"uv": [4.25, 8.75, 4, 7.5], "texture": "#texture"}
			}
		},
		{
			"from": [14.75, 8.25, 7.5],
			"to": [17.5, 8.5, 8.75],
			"rotation": {"angle": 0, "axis": "y", "origin": [5, 0.25, 0]},
			"faces": {
				"north": {"uv": [4.75, 7.25, 7.25, 7.75], "texture": "#texture"},
				"east": {"uv": [8, 7, 9, 8], "texture": "#texture"},
				"south": {"uv": [8.75, 7.25, 11.25, 7.75], "texture": "#texture"},
				"west": {"uv": [8, 7, 9, 8], "texture": "#texture"},
				"down": {"uv": [7.25, 8.75, 4.75, 7.5], "texture": "#texture"}
			}
		},
		{
			"from": [15.75, 8, 7.5],
			"to": [17.5, 8.25, 8.75],
			"rotation": {"angle": 0, "axis": "y", "origin": [5, 0.25, 0]},
			"faces": {
				"north": {"uv": [4.75, 7.25, 7.25, 7.75], "texture": "#texture"},
				"east": {"uv": [8, 7, 9, 8], "texture": "#texture"},
				"south": {"uv": [8.75, 7.25, 11.25, 7.75], "texture": "#texture"},
				"west": {"uv": [8, 7, 9, 8], "texture": "#texture"},
				"down": {"uv": [7.25, 8.75, 4.75, 7.5], "texture": "#texture"}
			}
		},
		{
			"from": [16.5, 7.75, 7.5],
			"to": [17.5, 8, 8.75],
			"rotation": {"angle": 0, "axis": "y", "origin": [5, 0.25, 0]},
			"faces": {
				"north": {"uv": [4.75, 7.25, 7.25, 7.75], "texture": "#texture"},
				"east": {"uv": [8, 7, 9, 8], "texture": "#texture"},
				"south": {"uv": [8.75, 7.25, 11.25, 7.75], "texture": "#texture"},
				"west": {"uv": [8, 7, 9, 8], "texture": "#texture"},
				"down": {"uv": [7.25, 8.75, 4.75, 7.5], "texture": "#texture"}
			}
		},
		{
			"from": [17, 9.35, 7.5],
			"to": [17.15, 9.525, 8.75],
			"rotation": {"angle": 0, "axis": "y", "origin": [5, 0.25, 0]},
			"faces": {
				"north": {"uv": [4, 7.5, 4.25, 7.75], "texture": "#texture"},
				"east": {"uv": [7.25, 4.75, 8.5, 7.75], "texture": "#texture"},
				"south": {"uv": [11.75, 7.25, 12, 7.75], "texture": "#texture"},
				"up": {"uv": [11.75, 7.5, 12, 8.75], "texture": "#texture"},
				"down": {"uv": [4.25, 8.75, 4, 7.5], "texture": "#texture"}
			}
		},
		{
			"from": [17, 9.15, 7.5],
			"to": [17.375, 9.35, 8.75],
			"rotation": {"angle": 0, "axis": "y", "origin": [5, 0.25, 0]},
			"faces": {
				"north": {"uv": [4, 7.5, 4.25, 7.75], "texture": "#texture"},
				"east": {"uv": [7.25, 4.75, 8.5, 7.75], "texture": "#texture"},
				"south": {"uv": [11.75, 7.25, 12, 7.75], "texture": "#texture"},
				"up": {"uv": [11.75, 7.5, 12, 8.75], "texture": "#texture"},
				"down": {"uv": [4.25, 8.75, 4, 7.5], "texture": "#texture"}
			}
		},
		{
			"from": [13.25, 9, 7.625],
			"to": [14.25, 9.925, 8.625],
			"rotation": {"angle": 0, "axis": "y", "origin": [5, 0.25, 0]},
			"faces": {
				"north": {"uv": [7.25, 6.25, 8, 7.75], "texture": "#texture"},
				"east": {"uv": [7.25, 6.25, 8.5, 7.75], "texture": "#texture"},
				"south": {"uv": [8, 6.25, 8.75, 7.75], "texture": "#texture"},
				"west": {"uv": [7.5, 6.25, 8.75, 7.75], "texture": "#texture"},
				"down": {"uv": [8, 8.75, 7.25, 7.5], "texture": "#texture"}
			}
		},
		{
			"from": [16.75, 9, 7.5],
			"to": [17, 10.5, 8.75],
			"rotation": {"angle": 0, "axis": "y", "origin": [5, 0.25, 0]},
			"faces": {
				"north": {"uv": [4, 4.75, 4.25, 7.75], "texture": "#texture"},
				"east": {"uv": [7.25, 4.75, 8.5, 7.75], "texture": "#texture"},
				"south": {"uv": [11.75, 4.75, 12, 7.75], "texture": "#texture"},
				"up": {"uv": [11.75, 7.5, 12, 8.75], "texture": "#texture"},
				"down": {"uv": [4.25, 8.75, 4, 7.5], "texture": "#texture"}
			}
		},
		{
			"from": [17.05, 9.4, 7.85],
			"to": [17.55, 9.75, 8.35],
			"rotation": {"angle": 22.5, "axis": "z", "origin": [17.3, 9.45, 0]},
			"faces": {
				"north": {"uv": [4, 4.75, 4.25, 7.75], "rotation": 270, "texture": "#texture"},
				"east": {"uv": [11.75, 7.5, 12, 8.75], "rotation": 90, "texture": "#texture"},
				"south": {"uv": [11.75, 4.75, 12, 7.75], "rotation": 90, "texture": "#texture"},
				"west": {"uv": [4.25, 8.75, 4, 7.5], "rotation": 90, "texture": "#texture"},
				"up": {"uv": [7, 7, 8, 8], "rotation": 90, "texture": "#texture"},
				"down": {"uv": [7.25, 4.75, 8.5, 7.75], "rotation": 90, "texture": "#texture"}
			}
		},
		{
			"from": [16.425, 10.4, 7.85],
			"to": [16.875, 11.225, 8.35],
			"rotation": {"angle": 0, "axis": "y", "origin": [5, 0.25, 0]},
			"faces": {
				"north": {"uv": [4, 4.75, 4.25, 7.75], "texture": "#texture"},
				"east": {"uv": [7.25, 4.75, 8.5, 7.75], "texture": "#texture"},
				"south": {"uv": [11.75, 4.75, 12, 7.75], "texture": "#texture"},
				"up": {"uv": [11.75, 7.5, 12, 8.75], "texture": "#texture"},
				"down": {"uv": [4.25, 8.75, 4, 7.5], "texture": "#texture"}
			}
		},
		{
			"from": [19.25, 7.5, 7.45],
			"to": [19.5, 8, 8.8],
			"rotation": {"angle": 0, "axis": "y", "origin": [5, -6.75, 0]},
			"faces": {
				"north": {"uv": [1.25, 8.25, 3.25, 8.75], "texture": "#dark wood blade"},
				"east": {"uv": [7, 8.25, 8.75, 8.75], "texture": "#dark wood blade"},
				"south": {"uv": [12.75, 8.25, 14.75, 8.75], "texture": "#dark wood blade"},
				"west": {"uv": [7.25, 8.25, 9, 8.75], "texture": "#dark wood blade"},
				"up": {"uv": [12.75, 7.25, 14.75, 9], "texture": "#dark wood blade"},
				"down": {"uv": [3.25, 9, 1.25, 7.25], "texture": "#dark wood blade"}
			}
		},
		{
			"from": [19.9, 4.25, 7.45],
			"to": [20.15, 6.25, 8.8],
			"rotation": {"angle": 0, "axis": "y", "origin": [5, -6.75, 0]},
			"faces": {
				"north": {"uv": [0.75, 9.5, 1, 11.5], "texture": "#dark wood blade"},
				"east": {"uv": [7, 9.5, 8.75, 11.5], "texture": "#dark wood blade"},
				"south": {"uv": [15, 9.5, 15.25, 11.5], "texture": "#dark wood blade"},
				"west": {"uv": [1, 8, 2, 9], "texture": "#dark wood blade"},
				"up": {"uv": [15, 7.25, 15.25, 9], "texture": "#dark wood blade"},
				"down": {"uv": [1, 8, 2, 9], "texture": "#dark wood blade"}
			}
		},
		{
			"from": [13.9, 8.5, 7.5],
			"to": [17.8, 8.925, 8.75],
			"rotation": {"angle": 0, "axis": "y", "origin": [5, 0.25, 0]},
			"faces": {
				"north": {"uv": [4.75, 7.25, 7.25, 7.75], "texture": "#texture"},
				"east": {"uv": [8, 7, 9, 8], "texture": "#texture"},
				"south": {"uv": [8.75, 7.25, 11.25, 7.75], "texture": "#texture"},
				"west": {"uv": [8, 7, 9, 8], "texture": "#texture"},
				"up": {"uv": [8, 7, 9, 8], "texture": "#texture"},
				"down": {"uv": [7.25, 8.75, 4.75, 7.5], "texture": "#texture"}
			}
		},
		{
			"from": [17, 8.925, 7.5],
			"to": [17.625, 9.15, 8.75],
			"rotation": {"angle": 0, "axis": "y", "origin": [5, 0.25, 0]},
			"faces": {
				"north": {"uv": [4, 7.5, 4.25, 7.75], "texture": "#texture"},
				"east": {"uv": [7.25, 4.75, 8.5, 7.75], "texture": "#texture"},
				"south": {"uv": [11.75, 7.25, 12, 7.75], "texture": "#texture"},
				"up": {"uv": [11.75, 7.5, 12, 8.75], "texture": "#texture"},
				"down": {"uv": [4.25, 8.75, 4, 7.5], "texture": "#texture"}
			}
		},
		{
			"from": [6, 10.975, 7.775],
			"to": [14.5, 11.25, 8.475],
			"rotation": {"angle": 0, "axis": "y", "origin": [10, -1, 0]},
			"faces": {
				"north": {"uv": [8, 5, 16, 5.25], "texture": "#texture", "cullface": "west"},
				"south": {"uv": [0, 5, 8, 5.25], "texture": "#texture", "cullface": "west"},
				"west": {"uv": [7.75, 5, 8.5, 5.25], "texture": "#texture", "cullface": "west"},
				"up": {"uv": [0, 7.75, 8, 8.5], "texture": "#texture", "cullface": "west"},
				"down": {"uv": [16, 8.5, 8, 7.75], "texture": "#texture", "cullface": "west"}
			}
		},
		{
			"from": [6, 10.325, 7.55],
			"to": [14.5, 11.025, 7.825],
			"rotation": {"angle": 0, "axis": "y", "origin": [10, -1, 0]},
			"faces": {
				"north": {"uv": [8, 5.25, 16, 6], "texture": "#texture", "cullface": "west"},
				"south": {"uv": [0, 5.25, 8, 6], "texture": "#texture", "cullface": "west"},
				"west": {"uv": [7.5, 5.25, 7.75, 6], "texture": "#texture", "cullface": "west"},
				"up": {"uv": [0, 7.5, 8, 7.75], "texture": "#texture", "cullface": "west"},
				"down": {"uv": [16, 7.75, 8, 7.5], "texture": "#texture", "cullface": "west"}
			}
		},
		{
			"from": [6, 10.1, 7.775],
			"to": [14.5, 10.375, 8.475],
			"rotation": {"angle": 0, "axis": "y", "origin": [10, -1, 0]},
			"faces": {
				"north": {"uv": [8, 6, 16, 6.25], "texture": "#texture", "cullface": "west"},
				"south": {"uv": [0, 6, 8, 6.25], "texture": "#texture", "cullface": "west"},
				"west": {"uv": [7.75, 6, 8.5, 6.25], "texture": "#texture", "cullface": "west"},
				"up": {"uv": [0, 7.75, 8, 8.5], "texture": "#texture", "cullface": "west"},
				"down": {"uv": [16, 8.5, 8, 7.75], "texture": "#texture", "cullface": "west"}
			}
		},
		{
			"from": [6, 10.325, 8.425],
			"to": [14.5, 11.025, 8.7],
			"rotation": {"angle": 0, "axis": "y", "origin": [10, -1, 0]},
			"faces": {
				"north": {"uv": [8, 5.25, 16, 6], "texture": "#texture", "cullface": "west"},
				"south": {"uv": [0, 5.25, 8, 6], "texture": "#texture", "cullface": "west"},
				"west": {"uv": [8.5, 5.25, 8.75, 6], "texture": "#texture", "cullface": "west"},
				"up": {"uv": [0, 8.5, 8, 8.75], "texture": "#texture", "cullface": "west"},
				"down": {"uv": [16, 8.75, 8, 8.5], "texture": "#texture", "cullface": "west"}
			}
		}
	],
	"gui_light": "front",
	"display": {
		"thirdperson_righthand": {
			"rotation": [0, -90, 0],
			"translation": [0, 0, -6.5],
			"scale": [0.82, 0.81, 0.79]
		},
		"thirdperson_lefthand": {
			"rotation": [0, 90, 0],
			"translation": [0, 0, -6.5],
			"scale": [0.82, 0.81, 0.79]
		},
		"firstperson_righthand": {
			"rotation": [47.07, -79.61, 24.79],
			"translation": [0, 3.5, -7.75],
			"scale": [0.73, 0.71, 0.69]
		},
		"firstperson_lefthand": {
			"rotation": [-128.46, 77.65, 149.97],
			"translation": [1.25, 3.75, -8.75],
			"scale": [0.73, 0.71, 0.69]
		},
		"ground": {
			"translation": [-0.25, 0, 0],
			"scale": [0.94, 0.93, 0.91]
		},
		"gui": {
			"rotation": [0, 0, -45],
			"translation": [-3.5, 3.25, 0],
			"scale": [0.83, 0.82, 0.9]
		},
		"fixed": {
			"rotation": [0, 180, -45],
			"translation": [1.85, -0.45, -1.1],
			"scale": [1.15, 1.14, 1.12]
		}
	}
}