{
	"credit": "Made by SrDarmith - YouTube: Mainclay",
	"textures": {
		"2": "item/hardened_clay_stained_white",
		"particle": "item/anvil_1",
		"texture": "item/anvil_1",
		"dark wood blade": "item/darkwood"
	},
	"elements": [
		{
			"from": [7.2, 11.35, 8],
			"to": [7.525, 11.7, 8.25],
			"rotation": {"angle": 0, "axis": "y", "origin": [5.25, 1.75, 0]},
			"faces": {
				"north": {"uv": [15.75, 4.25, 16, 4.5], "texture": "#texture", "cullface": "west"},
				"east": {"uv": [7.75, 4.25, 8, 4.5], "texture": "#texture", "cullface": "west"},
				"south": {"uv": [0, 4.25, 0.25, 4.5], "texture": "#texture", "cullface": "west"},
				"west": {"uv": [8, 4.25, 8.25, 4.5], "texture": "#texture", "cullface": "west"},
				"up": {"uv": [0, 8, 0.25, 8.25], "texture": "#texture", "cullface": "west"}
			}
		},
		{
			"from": [16.025, 11.325, 8],
			"to": [16.275, 11.675, 8.25],
			"rotation": {"angle": 0, "axis": "y", "origin": [5.25, 1.75, 0]},
			"faces": {
				"north": {"uv": [15.75, 4.25, 16, 4.5], "texture": "#texture", "cullface": "west"},
				"east": {"uv": [7.75, 4.25, 8, 4.5], "texture": "#texture", "cullface": "west"},
				"south": {"uv": [0, 4.25, 0.25, 4.5], "texture": "#texture", "cullface": "west"},
				"west": {"uv": [8, 4.25, 8.25, 4.5], "texture": "#texture", "cullface": "west"},
				"up": {"uv": [0, 8, 0.25, 8.25], "texture": "#texture", "cullface": "west"}
			}
		},
		{
			"from": [13.9, 10.175, 7.65],
			"to": [14.25, 10.5, 8.6],
			"rotation": {"angle": 0, "axis": "y", "origin": [5.25, 1.75, 0]},
			"faces": {
				"north": {"uv": [7.25, 7, 8, 7.75], "texture": "#texture"},
				"east": {"uv": [7.25, 7, 8.5, 7.75], "texture": "#texture"},
				"south": {"uv": [8, 7, 8.75, 7.75], "texture": "#texture"},
				"west": {"uv": [7.5, 7, 8.75, 7.75], "texture": "#texture"},
				"down": {"uv": [8, 8.75, 7.25, 7.5], "texture": "#texture"}
			}
		},
		{
			"from": [15, 8, 7.75],
			"to": [15.25, 8.25, 8.5],
			"rotation": {"angle": 0, "axis": "z", "origin": [4.75, 1, 0]},
			"faces": {
				"north": {"uv": [6, 8.75, 6.25, 9], "texture": "#texture"},
				"east": {"uv": [7.5, 8.75, 8.25, 9], "texture": "#texture"},
				"south": {"uv": [9.75, 8.75, 10, 9], "texture": "#texture"},
				"up": {"uv": [9.75, 7.75, 10, 8.5], "texture": "#texture"}
			}
		},
		{
			"from": [16.5, 6.75, 7.75],
			"to": [17.75, 7, 8.5],
			"rotation": {"angle": 0, "axis": "y", "origin": [4.75, 1, 0]},
			"faces": {
				"north": {"uv": [4.5, 9, 6.25, 9.25], "texture": "#texture"},
				"east": {"uv": [7.5, 9, 8.25, 9.25], "texture": "#texture"},
				"south": {"uv": [9.75, 9, 11.5, 9.25], "texture": "#texture"},
				"west": {"uv": [7.75, 9, 8.5, 9.25], "texture": "#texture"},
				"up": {"uv": [9.75, 7.75, 11.5, 8.5], "texture": "#texture"},
				"down": {"uv": [6.25, 8.5, 4.5, 7.75], "texture": "#texture"}
			}
		},
		{
			"from": [16.5, 8.25, 7.75],
			"to": [17.75, 8.5, 8.5],
			"rotation": {"angle": 0, "axis": "y", "origin": [4.75, 1, 0]},
			"faces": {
				"north": {"uv": [4.5, 9, 6.25, 9.25], "texture": "#texture"},
				"east": {"uv": [7.5, 9, 8.25, 9.25], "texture": "#texture"},
				"south": {"uv": [9.75, 9, 11.5, 9.25], "texture": "#texture"},
				"west": {"uv": [7.75, 9, 8.5, 9.25], "texture": "#texture"},
				"up": {"uv": [9.75, 7.75, 11.5, 8.5], "texture": "#texture"},
				"down": {"uv": [6.25, 8.5, 4.5, 7.75], "texture": "#texture"}
			}
		},
		{
			"from": [16.25, 7, 7.75],
			"to": [16.5, 8.25, 8.5],
			"rotation": {"angle": 0, "axis": "y", "origin": [4.75, 1, 0]},
			"faces": {
				"north": {"uv": [6.25, 8, 6.5, 9], "texture": "#texture"},
				"east": {"uv": [7.5, 8, 8.25, 9], "texture": "#texture"},
				"south": {"uv": [9.5, 8, 9.75, 9], "texture": "#texture"},
				"west": {"uv": [7.75, 8, 8.5, 9], "texture": "#texture"},
				"up": {"uv": [7, 7, 8, 8], "texture": "#texture"},
				"down": {"uv": [6.5, 8.5, 6.25, 7.75], "texture": "#texture"}
			}
		},
		{
			"from": [17.75, 7, 7.75],
			"to": [18, 8.25, 8.5],
			"rotation": {"angle": 0, "axis": "y", "origin": [4.75, 1, 0]},
			"faces": {
				"north": {"uv": [6.25, 8, 6.5, 9], "texture": "#texture"},
				"east": {"uv": [7.5, 8, 8.25, 9], "texture": "#texture"},
				"south": {"uv": [9.5, 8, 9.75, 9], "texture": "#texture"},
				"west": {"uv": [7.75, 8, 8.5, 9], "texture": "#texture"},
				"up": {"uv": [8, 7, 9, 8], "texture": "#texture"},
				"down": {"uv": [6.5, 8.5, 6.25, 7.75], "texture": "#texture"}
			}
		},
		{
			"from": [16.5, 7, 7.75],
			"to": [16.75, 7.25, 8.5],
			"rotation": {"angle": 0, "axis": "y", "origin": [4.75, 1, 0]},
			"faces": {
				"north": {"uv": [6, 8.75, 6.25, 9], "texture": "#texture"},
				"east": {"uv": [7.5, 8.75, 8.25, 9], "texture": "#texture"},
				"south": {"uv": [9.75, 8.75, 10, 9], "texture": "#texture"},
				"up": {"uv": [9.75, 7.75, 10, 8.5], "texture": "#texture"}
			}
		},
		{
			"from": [16.5, 8, 7.75],
			"to": [16.75, 8.25, 8.5],
			"rotation": {"angle": 0, "axis": "y", "origin": [4.75, 1, 0]},
			"faces": {
				"north": {"uv": [6, 8.75, 6.25, 9], "texture": "#texture"},
				"east": {"uv": [7.5, 8.75, 8.25, 9], "texture": "#texture"},
				"south": {"uv": [9.75, 8.75, 10, 9], "texture": "#texture"},
				"west": {"uv": [8, 7, 9, 8], "texture": "#texture"},
				"up": {"uv": [9.75, 7.75, 10, 8.5], "texture": "#texture"},
				"down": {"uv": [8, 7, 9, 8], "texture": "#texture"}
			}
		},
		{
			"from": [17.5, 8, 7.75],
			"to": [17.75, 8.25, 8.5],
			"rotation": {"angle": 0, "axis": "y", "origin": [4.75, 1, 0]},
			"faces": {
				"north": {"uv": [6, 8.75, 6.25, 9], "texture": "#texture"},
				"east": {"uv": [7.5, 8.75, 8.25, 9], "texture": "#texture"},
				"south": {"uv": [9.75, 8.75, 10, 9], "texture": "#texture"},
				"west": {"uv": [8, 7, 9, 8], "texture": "#texture"},
				"up": {"uv": [9.75, 7.75, 10, 8.5], "texture": "#texture"},
				"down": {"uv": [8, 7, 9, 8], "texture": "#texture"}
			}
		},
		{
			"from": [17.5, 7, 7.75],
			"to": [17.75, 7.25, 8.5],
			"rotation": {"angle": 0, "axis": "y", "origin": [4.75, 1, 0]},
			"faces": {
				"north": {"uv": [6, 8.75, 6.25, 9], "texture": "#texture"},
				"east": {"uv": [7.5, 8.75, 8.25, 9], "texture": "#texture"},
				"south": {"uv": [9.75, 8.75, 10, 9], "texture": "#texture"},
				"west": {"uv": [8, 7, 9, 8], "texture": "#texture"},
				"up": {"uv": [9.75, 7.75, 10, 8.5], "texture": "#texture"}
			}
		},
		{
			"from": [14.625, 8.75, 7.75],
			"to": [14.75, 9.5, 8.5],
			"rotation": {"angle": 0, "axis": "z", "origin": [4.75, 1, 0]},
			"faces": {
				"north": {"uv": [6.25, 8, 6.5, 9], "texture": "#texture"},
				"east": {"uv": [7.5, 8, 8.25, 9], "texture": "#texture"},
				"south": {"uv": [9.5, 8, 9.75, 9], "texture": "#texture"},
				"west": {"uv": [7.75, 8, 8.5, 9], "texture": "#texture"},
				"down": {"uv": [6.5, 8.5, 6.25, 7.75], "texture": "#texture"}
			}
		},
		{
			"from": [14.75, 8, 7.75],
			"to": [15, 9.5, 8.5],
			"rotation": {"angle": 0, "axis": "y", "origin": [4.75, 1, 0]},
			"faces": {
				"north": {"uv": [6.25, 8, 6.5, 9], "texture": "#texture"},
				"east": {"uv": [7.5, 8, 8.25, 9], "texture": "#texture"},
				"south": {"uv": [9.5, 8, 9.75, 9], "texture": "#texture"},
				"west": {"uv": [7.75, 8, 8.5, 9], "texture": "#texture"},
				"down": {"uv": [6.5, 8.5, 6.25, 7.75], "texture": "#texture"}
			}
		},
		{
			"from": [15, 7.75, 7.75],
			"to": [16.25, 8, 8.5],
			"rotation": {"angle": 0, "axis": "z", "origin": [4.75, 1, 0]},
			"faces": {
				"north": {"uv": [4.5, 9, 6.25, 9.25], "texture": "#texture"},
				"east": {"uv": [7.5, 9, 8.25, 9.25], "texture": "#texture"},
				"south": {"uv": [9.75, 9, 11.5, 9.25], "texture": "#texture"},
				"west": {"uv": [7.75, 9, 8.5, 9.25], "texture": "#texture"},
				"up": {"uv": [9.75, 7.75, 11.5, 8.5], "texture": "#texture"},
				"down": {"uv": [6.25, 8.5, 4.5, 7.75], "texture": "#texture"}
			}
		},
		{
			"from": [16.45, 8.525, 7.925],
			"to": [16.7, 10.025, 8.3],
			"rotation": {"angle": -22.5, "axis": "z", "origin": [15.75, 9.75, 8]},
			"faces": {
				"north": {"uv": [2.5, 2.25, 3, 3.5], "texture": "#texture"},
				"east": {"uv": [7.75, 2.25, 8, 3.5], "texture": "#texture"},
				"south": {"uv": [13, 2.25, 13.5, 3.5], "texture": "#texture"},
				"west": {"uv": [8, 2.25, 8.25, 3.5], "texture": "#texture"},
				"up": {"uv": [7, 2, 8, 3], "texture": "#texture"},
				"down": {"uv": [7, 2, 8, 3], "texture": "#texture"}
			}
		},
		{
			"from": [18.225, 5.85, 7.45],
			"to": [19.95, 8.6, 8.8],
			"rotation": {"angle": 0, "axis": "y", "origin": [5.25, -5.15, 0]},
			"faces": {
				"north": {"uv": [1, 8.75, 3, 11.5], "texture": "#dark wood blade"},
				"east": {"uv": [7, 8.75, 8.75, 11.5], "texture": "#dark wood blade"},
				"south": {"uv": [13, 8.75, 15, 11.5], "texture": "#dark wood blade"},
				"west": {"uv": [7.25, 8.75, 9, 11.5], "texture": "#dark wood blade"},
				"up": {"uv": [13, 7.25, 15, 9], "texture": "#dark wood blade"},
				"down": {"uv": [3, 9, 1, 7.25], "texture": "#dark wood blade"}
			}
		},
		{
			"from": [20.325, 5.85, 7.45],
			"to": [20.425, 6.15, 8.8],
			"rotation": {"angle": 0, "axis": "y", "origin": [5.25, -5.15, 0]},
			"faces": {
				"north": {"uv": [1.25, 8.25, 3.25, 8.75], "texture": "#dark wood blade"},
				"east": {"uv": [7, 8.25, 8.75, 8.75], "texture": "#dark wood blade"},
				"south": {"uv": [12.75, 8.25, 14.75, 8.75], "texture": "#dark wood blade"},
				"west": {"uv": [7.25, 8.25, 9, 8.75], "texture": "#dark wood blade"},
				"up": {"uv": [12.75, 7.25, 14.75, 9], "texture": "#dark wood blade"},
				"down": {"uv": [3.25, 9, 1.25, 7.25], "texture": "#dark wood blade"}
			}
		},
		{
			"from": [20.15, 5.85, 7.45],
			"to": [20.325, 6.925, 8.8],
			"rotation": {"angle": 0, "axis": "y", "origin": [5.25, -5.15, 0]},
			"faces": {
				"north": {"uv": [0.75, 9.5, 1, 11.5], "texture": "#dark wood blade"},
				"east": {"uv": [7, 9.5, 8.75, 11.5], "texture": "#dark wood blade"},
				"south": {"uv": [15, 9.5, 15.25, 11.5], "texture": "#dark wood blade"},
				"west": {"uv": [9, 10, 10, 11], "texture": "#dark wood blade"},
				"up": {"uv": [15, 7.25, 15.25, 9], "texture": "#dark wood blade"},
				"down": {"uv": [9, 10, 10, 11], "texture": "#dark wood blade"}
			}
		},
		{
			"from": [17.875, 9.1, 7.45],
			"to": [19.2, 9.825, 8.8],
			"rotation": {"angle": 0, "axis": "y", "origin": [5.25, -5.15, 0]},
			"faces": {
				"north": {"uv": [1.5, 7.5, 3.75, 8.25], "texture": "#dark wood blade"},
				"east": {"uv": [7, 7.5, 8.75, 8.25], "texture": "#dark wood blade"},
				"south": {"uv": [12.25, 7.5, 14.5, 8.25], "texture": "#dark wood blade"},
				"west": {"uv": [7.25, 7.5, 9, 8.25], "texture": "#dark wood blade"},
				"up": {"uv": [4, 7, 5, 8], "texture": "#dark wood blade"},
				"down": {"uv": [3.75, 9, 1.5, 7.25], "texture": "#dark wood blade"}
			}
		},
		{
			"from": [18.3, 9.825, 7.45],
			"to": [18.825, 10.15, 8.8],
			"rotation": {"angle": 0, "axis": "y", "origin": [5.25, -1.15, 0]},
			"faces": {
				"north": {"uv": [1.5, 7.25, 3.75, 7.5], "texture": "#dark wood blade"},
				"east": {"uv": [7, 7.25, 8.75, 7.5], "texture": "#dark wood blade"},
				"south": {"uv": [12.25, 7.25, 14.5, 7.5], "texture": "#dark wood blade"},
				"west": {"uv": [7.25, 7.25, 9, 7.5], "texture": "#dark wood blade"},
				"up": {"uv": [12.25, 7.25, 14.5, 9], "texture": "#dark wood blade"}
			}
		},
		{
			"from": [15.425, 11, 7.8555],
			"to": [15.9, 12.3, 8.3555],
			"rotation": {"angle": 45, "axis": "z", "origin": [18.2, 13.575, 8]},
			"faces": {
				"north": {"uv": [3, 2.75, 3.5, 4], "rotation": 270, "texture": "#texture"},
				"east": {"uv": [12.5, 8, 13, 8.5], "rotation": 90, "texture": "#texture"},
				"south": {"uv": [12.5, 3.25, 13, 4], "rotation": 90, "texture": "#texture"},
				"up": {"uv": [8, 2.75, 8.5, 4], "rotation": 90, "texture": "#texture"},
				"down": {"uv": [7.5, 2.75, 8, 4], "rotation": 90, "texture": "#texture"}
			}
		},
		{
			"from": [17.625, 10.4, 7.8555],
			"to": [18.5, 10.95, 8.3555],
			"rotation": {"angle": -22.5, "axis": "z", "origin": [18.2, 13.575, 8]},
			"faces": {
				"north": {"uv": [3, 2.75, 3.5, 4], "texture": "#texture"},
				"east": {"uv": [7.5, 2.75, 8, 4], "texture": "#texture"},
				"south": {"uv": [12.5, 3.25, 13, 4], "texture": "#texture"},
				"west": {"uv": [8, 2.75, 8.5, 4], "texture": "#texture"},
				"up": {"uv": [12.5, 8, 13, 8.5], "texture": "#texture"}
			}
		},
		{
			"from": [15.15, 12.55, 7.8555],
			"to": [16.375, 12.775, 8.3555],
			"rotation": {"angle": 45, "axis": "z", "origin": [18.2, 13.575, 8]},
			"faces": {
				"north": {"uv": [3, 2.75, 3.5, 4], "rotation": 270, "texture": "#texture"},
				"east": {"uv": [12.5, 8, 13, 8.5], "rotation": 90, "texture": "#texture"},
				"south": {"uv": [12.5, 2.75, 13, 4], "rotation": 90, "texture": "#texture"},
				"up": {"uv": [8, 2.75, 8.5, 4], "rotation": 90, "texture": "#texture"},
				"down": {"uv": [7.5, 2.75, 8, 4], "rotation": 90, "texture": "#texture"}
			}
		},
		{
			"from": [17.65, 8.75, 7.45],
			"to": [17.95, 9.325, 8.8],
			"rotation": {"angle": 0, "axis": "y", "origin": [5.25, -5.15, 0]},
			"faces": {
				"north": {"uv": [1.25, 8.25, 3.25, 8.75], "texture": "#dark wood blade"},
				"east": {"uv": [7, 8.25, 8.75, 8.75], "texture": "#dark wood blade"},
				"south": {"uv": [12.75, 8.25, 14.75, 8.75], "texture": "#dark wood blade"},
				"west": {"uv": [7.25, 8.25, 9, 8.75], "texture": "#dark wood blade"},
				"up": {"uv": [12.75, 7.25, 14.75, 9], "texture": "#dark wood blade"},
				"down": {"uv": [3.25, 9, 1.25, 7.25], "texture": "#dark wood blade"}
			}
		},
		{
			"from": [18.125, 5.85, 7.45],
			"to": [18.225, 6.1, 8.8],
			"rotation": {"angle": 0, "axis": "y", "origin": [5.25, -5.15, 0]},
			"faces": {
				"north": {"uv": [1.25, 8.25, 3.25, 8.75], "texture": "#dark wood blade"},
				"east": {"uv": [7, 8.25, 8.75, 8.75], "texture": "#dark wood blade"},
				"south": {"uv": [12.75, 8.25, 14.75, 8.75], "texture": "#dark wood blade"},
				"west": {"uv": [7.25, 8.25, 9, 8.75], "texture": "#dark wood blade"},
				"up": {"uv": [12.75, 7.25, 14.75, 9], "texture": "#dark wood blade"},
				"down": {"uv": [3.25, 9, 1.25, 7.25], "texture": "#dark wood blade"}
			}
		},
		{
			"from": [17.925, 8.35, 7.45],
			"to": [19.7, 9.1, 8.8],
			"rotation": {"angle": 0, "axis": "y", "origin": [5.25, -5.15, 0]},
			"faces": {
				"north": {"uv": [1.25, 8.25, 3.25, 8.75], "texture": "#dark wood blade"},
				"east": {"uv": [7, 8.25, 8.75, 8.75], "texture": "#dark wood blade"},
				"south": {"uv": [12.75, 8.25, 14.75, 8.75], "texture": "#dark wood blade"},
				"west": {"uv": [7.25, 8.25, 9, 8.75], "texture": "#dark wood blade"},
				"up": {"uv": [12.75, 7.25, 14.75, 9], "texture": "#dark wood blade"},
				"down": {"uv": [3.25, 9, 1.25, 7.25], "texture": "#dark wood blade"}
			}
		},
		{
			"from": [19.2, 9.1, 7.45],
			"to": [19.475, 9.6, 8.8],
			"rotation": {"angle": 0, "axis": "y", "origin": [5.25, -5.15, 0]},
			"faces": {
				"north": {"uv": [1.25, 8.25, 3.25, 8.75], "texture": "#dark wood blade"},
				"east": {"uv": [7, 8.25, 8.75, 8.75], "texture": "#dark wood blade"},
				"south": {"uv": [12.75, 8.25, 14.75, 8.75], "texture": "#dark wood blade"},
				"west": {"uv": [7.25, 8.25, 9, 8.75], "texture": "#dark wood blade"},
				"up": {"uv": [12.75, 7.25, 14.75, 9], "texture": "#dark wood blade"},
				"down": {"uv": [3.25, 9, 1.25, 7.25], "texture": "#dark wood blade"}
			}
		},
		{
			"from": [19.95, 5.85, 7.45],
			"to": [20.15, 7.85, 8.8],
			"rotation": {"angle": 0, "axis": "y", "origin": [5.25, -5.15, 0]},
			"faces": {
				"north": {"uv": [0.75, 9.5, 1, 11.5], "texture": "#dark wood blade"},
				"east": {"uv": [7, 9.5, 8.75, 11.5], "texture": "#dark wood blade"},
				"south": {"uv": [15, 9.5, 15.25, 11.5], "texture": "#dark wood blade"},
				"west": {"uv": [8, 10, 9, 11], "texture": "#dark wood blade"},
				"up": {"uv": [15, 7.25, 15.25, 9], "texture": "#dark wood blade"},
				"down": {"uv": [8, 10, 9, 11], "texture": "#dark wood blade"}
			}
		},
		{
			"name": "Element",
			"from": [16.75, 9.525, 7.475],
			"to": [19, 11.075, 8.775],
			"rotation": {"angle": -22.5, "axis": "z", "origin": [16.5, 11.325, 7.375]},
			"faces": {
				"north": {"uv": [7.7, 5, 9.7, 3], "texture": "#2"},
				"east": {"uv": [9.7, 5, 7.7, 3], "texture": "#2", "cullface": "east"},
				"south": {"uv": [9.7, 5, 7.7, 3], "texture": "#2"},
				"west": {"uv": [9.7, 5, 7.7, 3], "texture": "#2"},
				"up": {"uv": [9.7, 5, 7.7, 3], "texture": "#2"},
				"down": {"uv": [9.7, 5, 7.7, 3], "texture": "#2"}
			}
		},
		{
			"from": [14.5, 9.075, 7.475],
			"to": [15.15, 9.275, 8.775],
			"rotation": {"angle": 0, "axis": "y", "origin": [0.75, 2.025, 0.125]},
			"faces": {
				"north": {"uv": [5.75, 8.5, 6.5, 8.75], "texture": "#2"},
				"east": {"uv": [6, 7, 7, 8], "texture": "#2"},
				"south": {"uv": [8.5, 8.5, 9.25, 8.75], "texture": "#2"},
				"west": {"uv": [7.25, 8.5, 8.75, 8.75], "texture": "#2"},
				"down": {"uv": [7.5, 8.75, 6.75, 7.25], "texture": "#2"}
			}
		},
		{
			"from": [12, 11.3, 7.6],
			"to": [12.9, 11.55, 8.65],
			"rotation": {"angle": 0, "axis": "y", "origin": [0.75, 2.025, 0.125]},
			"faces": {
				"north": {"uv": [5.75, 8.5, 6.5, 8.75], "texture": "#2"},
				"east": {"uv": [6, 7, 7, 8], "texture": "#2"},
				"south": {"uv": [8.5, 8.5, 9.25, 8.75], "texture": "#2"},
				"west": {"uv": [7.25, 8.5, 8.75, 8.75], "texture": "#2"},
				"up": {"uv": [7, 7, 8, 8], "texture": "#2"},
				"down": {"uv": [7.5, 8.75, 6.75, 7.25], "texture": "#2"}
			}
		},
		{
			"from": [12, 11.15, 7.475],
			"to": [12.9, 11.3, 8.775],
			"rotation": {"angle": 0, "axis": "y", "origin": [0.75, 2.025, 0.125]},
			"faces": {
				"north": {"uv": [5.75, 8.5, 6.5, 8.75], "texture": "#2"},
				"east": {"uv": [6, 7, 7, 8], "texture": "#2"},
				"south": {"uv": [8.5, 8.5, 9.25, 8.75], "texture": "#2"},
				"west": {"uv": [7.25, 8.5, 8.75, 8.75], "texture": "#2"},
				"up": {"uv": [7, 7, 8, 8], "texture": "#2"},
				"down": {"uv": [7.5, 8.75, 6.75, 7.25], "texture": "#2"}
			}
		},
		{
			"from": [18.925, 7.225, 7.425],
			"to": [19.425, 7.725, 8.825],
			"rotation": {"angle": 0, "axis": "y", "origin": [1, 2, 0.125]},
			"faces": {
				"north": {"uv": [8, 3, 10, 5], "texture": "#2"},
				"east": {"uv": [8, 3, 10, 5], "texture": "#2"},
				"south": {"uv": [8, 3, 10, 5], "texture": "#2"},
				"west": {"uv": [8, 3, 10, 5], "texture": "#2"},
				"up": {"uv": [8, 3, 10, 5], "texture": "#2"},
				"down": {"uv": [8, 3, 10, 5], "texture": "#2"}
			}
		},
		{
			"from": [12.275, 9.525, 7.475],
			"to": [16.75, 9.875, 8.775],
			"rotation": {"angle": 0, "axis": "y", "origin": [1, 1.9, 0.125]},
			"faces": {
				"north": {"uv": [10, 3, 7, 5], "texture": "#2"},
				"east": {"uv": [7, 3, 10, 5], "texture": "#2"},
				"south": {"uv": [7, 3, 10, 5], "texture": "#2"},
				"west": {"uv": [7, 3, 10, 5], "texture": "#2"},
				"up": {"uv": [7, 3, 10, 5], "texture": "#2"},
				"down": {"uv": [7, 3, 10, 5], "texture": "#2"}
			}
		},
		{
			"from": [12, 9.875, 7.475],
			"to": [16.75, 10.9, 8.775],
			"rotation": {"angle": 0, "axis": "y", "origin": [1, 1.9, 0.125]},
			"faces": {
				"north": {"uv": [10, 3, 7, 5], "texture": "#2"},
				"east": {"uv": [7, 3, 10, 5], "texture": "#2"},
				"south": {"uv": [7, 3, 10, 5], "texture": "#2"},
				"west": {"uv": [7, 3, 10, 5], "texture": "#2"},
				"up": {"uv": [7, 3, 10, 5], "texture": "#2"},
				"down": {"uv": [7, 3, 10, 5], "texture": "#2"}
			}
		},
		{
			"from": [12.5, 9.275, 7.475],
			"to": [16.75, 9.525, 8.775],
			"rotation": {"angle": 0, "axis": "y", "origin": [1, 2.025, 0.125]},
			"faces": {
				"north": {"uv": [10, 3, 7, 5], "texture": "#2"},
				"east": {"uv": [1, 0, 2, 1], "texture": "#2"},
				"south": {"uv": [7, 3, 10, 5], "texture": "#2"},
				"west": {"uv": [7, 3, 10, 5], "texture": "#2"},
				"down": {"uv": [7, 3, 10, 5], "texture": "#2"}
			}
		},
		{
			"from": [12, 11.15, 7.725],
			"to": [16.575, 11.4, 8.525],
			"rotation": {"angle": 0, "axis": "y", "origin": [1, 1.9, 0.125]},
			"faces": {
				"north": {"uv": [10, 3, 8.5, 4], "texture": "#2"},
				"east": {"uv": [8.5, 3, 10, 4], "texture": "#2"},
				"south": {"uv": [8.5, 3, 10, 4], "texture": "#2"},
				"west": {"uv": [8.5, 3, 10, 4], "texture": "#2"},
				"up": {"uv": [8.5, 3, 10, 4], "texture": "#2"}
			}
		},
		{
			"from": [12, 10.9, 7.475],
			"to": [16.75, 11.15, 8.775],
			"rotation": {"angle": 0, "axis": "y", "origin": [1, 1.9, 0.125]},
			"faces": {
				"north": {"uv": [10, 3, 8, 4], "texture": "#2"},
				"east": {"uv": [8, 3, 10, 4], "texture": "#2"},
				"south": {"uv": [8, 3, 10, 4], "texture": "#2"},
				"west": {"uv": [8, 3, 10, 4], "texture": "#2"},
				"up": {"uv": [8, 3, 10, 4], "texture": "#2"}
			}
		},
		{
			"from": [7, 10.525, 7.8],
			"to": [12.75, 10.8, 8.45],
			"rotation": {"angle": 0, "axis": "y", "origin": [5.25, -13.1, -0.375]},
			"faces": {
				"north": {"uv": [5, 16, 4, 15], "texture": "#texture"},
				"east": {"uv": [5, 8, 2, 6], "texture": "#texture"},
				"south": {"uv": [5, 16, 4, 15], "texture": "#texture"},
				"west": {"uv": [9, 4, 6, 2], "texture": "#texture"},
				"up": {"uv": [5, 8, 2, 6], "texture": "#texture"},
				"down": {"uv": [5, 8, 2, 6], "texture": "#texture"}
			}
		},
		{
			"from": [7, 11.275, 7.8],
			"to": [12.5, 11.5, 8.45],
			"rotation": {"angle": 0, "axis": "y", "origin": [5.25, -13.1, -0.375]},
			"faces": {
				"north": {"uv": [5, 8, 2, 6], "texture": "#texture", "cullface": "west"},
				"east": {"uv": [5, 8, 2, 6], "texture": "#texture"},
				"south": {"uv": [5, 8, 2, 6], "texture": "#texture", "cullface": "west"},
				"west": {"uv": [9, 4, 6, 2], "texture": "#texture", "cullface": "west"},
				"up": {"uv": [5, 8, 2, 6], "texture": "#texture", "cullface": "west"},
				"down": {"uv": [5, 8, 2, 6], "texture": "#texture", "cullface": "west"}
			}
		},
		{
			"from": [7, 10.675, 8.375],
			"to": [12.5, 11.35, 8.625],
			"rotation": {"angle": 0, "axis": "y", "origin": [5.25, -13.1, -0.375]},
			"faces": {
				"north": {"uv": [5, 8, 2, 6], "texture": "#texture", "cullface": "west"},
				"east": {"uv": [5, 8, 2, 6], "texture": "#texture", "cullface": "west"},
				"south": {"uv": [5, 8, 2, 6], "texture": "#texture", "cullface": "west"},
				"west": {"uv": [9, 4, 6, 2], "texture": "#texture", "cullface": "west"},
				"up": {"uv": [5, 8, 2, 6], "texture": "#texture", "cullface": "west"},
				"down": {"uv": [5, 8, 2, 6], "texture": "#texture", "cullface": "west"}
			}
		},
		{
			"from": [7, 10.05, 7.725],
			"to": [12.5, 10.525, 8.525],
			"rotation": {"angle": 0, "axis": "y", "origin": [5.25, -13.1, -0.375]},
			"faces": {
				"north": {"uv": [5, 8, 2, 6], "texture": "#texture", "cullface": "west"},
				"east": {"uv": [5, 8, 2, 6], "texture": "#texture", "cullface": "west"},
				"south": {"uv": [5, 8, 2, 6], "texture": "#texture", "cullface": "west"},
				"west": {"uv": [9, 4, 6, 2], "texture": "#texture", "cullface": "west"},
				"up": {"uv": [5, 8, 2, 6], "texture": "#texture", "cullface": "west"},
				"down": {"uv": [5, 8, 2, 6], "texture": "#texture", "cullface": "west"}
			}
		},
		{
			"from": [7, 9.9, 7.875],
			"to": [12.5, 10.525, 8.375],
			"rotation": {"angle": 0, "axis": "y", "origin": [5.25, -13.1, -0.375]},
			"faces": {
				"north": {"uv": [5, 8, 2, 6], "texture": "#texture"},
				"east": {"uv": [5, 8, 2, 6], "texture": "#texture"},
				"south": {"uv": [5, 8, 2, 6], "texture": "#texture"},
				"west": {"uv": [9, 4, 6, 2], "texture": "#texture"},
				"up": {"uv": [5, 8, 2, 6], "texture": "#texture"},
				"down": {"uv": [5, 8, 2, 6], "texture": "#texture"}
			}
		},
		{
			"from": [7, 10.675, 7.625],
			"to": [12.5, 11.35, 7.875],
			"rotation": {"angle": 0, "axis": "y", "origin": [5.25, -13.1, -0.375]},
			"faces": {
				"north": {"uv": [5, 8, 2, 6], "texture": "#texture", "cullface": "west"},
				"east": {"uv": [5, 8, 2, 6], "texture": "#texture", "cullface": "west"},
				"south": {"uv": [5, 8, 2, 6], "texture": "#texture", "cullface": "west"},
				"west": {"uv": [9, 4, 6, 2], "texture": "#texture", "cullface": "west"},
				"up": {"uv": [5, 8, 2, 6], "texture": "#texture", "cullface": "west"},
				"down": {"uv": [5, 8, 2, 6], "texture": "#texture", "cullface": "west"}
			}
		}
	],
	"gui_light": "front",
	"display": {
		"thirdperson_righthand": {
			"rotation": [0, -90, 0],
			"translation": [0, -1, -7.25],
			"scale": [0.87, 0.88, 0.87]
		},
		"thirdperson_lefthand": {
			"rotation": [0, 90, 0],
			"translation": [-0.25, -1, -7.25],
			"scale": [0.87, 0.88, 0.87]
		},
		"firstperson_righthand": {
			"rotation": [47.07, -79.61, 24.79],
			"translation": [0, 3.5, -7.75],
			"scale": [0.77, 0.78, 0.77]
		},
		"firstperson_lefthand": {
			"rotation": [-128.46, 77.65, 149.97],
			"translation": [1.25, 3.75, -8.75],
			"scale": [0.77, 0.78, 0.77]
		},
		"ground": {
			"translation": [-0.5, 0, 0],
			"scale": [0.97, 0.98, 0.97]
		},
		"gui": {
			"rotation": [0, 0, -45],
			"translation": [-5.25, 3.75, 0],
			"scale": [1, 1.01, 0.9]
		},
		"fixed": {
			"rotation": [0, 180, -45],
			"translation": [1.85, 0.3, -1.1],
			"scale": [1.23, 1.24, 1.23]
		}
	}
}