{
	"credit": "Made by SrDarmith - YouTube: Mainclay",
	"textures": {
		"1": "item/gray_stained_glass",
		"2": "item/hardened_clay_stained_white",
		"particle": "item/anvil_1",
		"texture": "item/anvil_1"
	},
	"elements": [
		{
			"from": [1.875, 9, 7.125],
			"to": [18.65, 10.5, 8.875],
			"faces": {
				"north": {"uv": [6, 5, 11.5, 7.25], "texture": "#texture", "cullface": "east"},
				"east": {"uv": [7, 5, 9, 7.25], "texture": "#texture", "cullface": "east"},
				"south": {"uv": [5.5, 5, 11, 7.25], "texture": "#texture", "cullface": "east"},
				"west": {"uv": [7, 5, 9, 7.25], "texture": "#texture", "cullface": "east"},
				"up": {"uv": [5.5, 7, 11, 9], "texture": "#texture", "cullface": "east"},
				"down": {"uv": [11.5, 9, 6, 7], "texture": "#texture", "cullface": "east"}
			}
		},
		{
			"from": [11.1, 7, 7.3],
			"to": [12.55, 9, 8.7],
			"rotation": {"angle": 0, "axis": "y", "origin": [0.25, 0, 0]},
			"faces": {
				"north": {"uv": [3.75, 7.25, 5.25, 9], "texture": "#texture"},
				"south": {"uv": [10.75, 7.25, 12.25, 9], "texture": "#texture"},
				"west": {"uv": [7, 7.25, 9, 9], "texture": "#texture"},
				"down": {"uv": [5.25, 9, 3.75, 7], "texture": "#texture"}
			}
		},
		{
			"from": [12.55, 6.75, 7.3],
			"to": [14, 9, 8.7],
			"rotation": {"angle": 0, "axis": "y", "origin": [0.25, 0, 0]},
			"faces": {
				"north": {"uv": [2.25, 7.25, 3.75, 9.25], "texture": "#texture"},
				"east": {"uv": [7, 7.25, 9, 9.25], "texture": "#texture"},
				"south": {"uv": [12.25, 7.25, 13.75, 9.25], "texture": "#texture"},
				"west": {"uv": [7, 7.25, 9, 9.25], "texture": "#texture"},
				"down": {"uv": [3.75, 9, 2.25, 7], "texture": "#texture"}
			}
		},
		{
			"from": [13.65, 11.25, 7.525],
			"to": [18.35, 11.4, 8.475],
			"rotation": {"angle": 0, "axis": "y", "origin": [0, -0.25, 0]},
			"faces": {
				"north": {"uv": [15, 12, 16, 11], "texture": "#texture"},
				"east": {"uv": [15, 12, 16, 11], "texture": "#texture"},
				"south": {"uv": [15, 12, 16, 11], "texture": "#texture"},
				"west": {"uv": [15, 12, 16, 11], "texture": "#texture"},
				"up": {"uv": [15, 12, 16, 11], "texture": "#texture"},
				"down": {"uv": [15, 12, 16, 11], "texture": "#texture"}
			}
		},
		{
			"from": [2, 11.4, 7.525],
			"to": [2.15, 11.55, 8.475],
			"rotation": {"angle": 0, "axis": "y", "origin": [0, -0.25, 0]},
			"faces": {
				"north": {"uv": [15, 12, 16, 11], "texture": "#texture"},
				"east": {"uv": [15, 12, 16, 11], "texture": "#texture"},
				"south": {"uv": [15, 12, 16, 11], "texture": "#texture"},
				"west": {"uv": [15, 12, 16, 11], "texture": "#texture"},
				"up": {"uv": [15, 12, 16, 11], "texture": "#texture"},
				"down": {"uv": [15, 12, 16, 11], "texture": "#texture"}
			}
		},
		{
			"from": [2.35, 11.4, 7.525],
			"to": [2.5, 11.55, 8.475],
			"rotation": {"angle": 0, "axis": "y", "origin": [0, -0.25, 0]},
			"faces": {
				"north": {"uv": [15, 12, 16, 11], "texture": "#texture"},
				"east": {"uv": [15, 12, 16, 11], "texture": "#texture"},
				"south": {"uv": [15, 12, 16, 11], "texture": "#texture"},
				"west": {"uv": [15, 12, 16, 11], "texture": "#texture"},
				"up": {"uv": [15, 12, 16, 11], "texture": "#texture"},
				"down": {"uv": [15, 12, 16, 11], "texture": "#texture"}
			}
		},
		{
			"from": [2.7, 11.4, 7.525],
			"to": [2.85, 11.55, 8.475],
			"rotation": {"angle": 0, "axis": "y", "origin": [0, -0.25, 0]},
			"faces": {
				"north": {"uv": [15, 12, 16, 11], "texture": "#texture"},
				"east": {"uv": [15, 12, 16, 11], "texture": "#texture"},
				"south": {"uv": [15, 12, 16, 11], "texture": "#texture"},
				"west": {"uv": [15, 12, 16, 11], "texture": "#texture"},
				"up": {"uv": [15, 12, 16, 11], "texture": "#texture"},
				"down": {"uv": [15, 12, 16, 11], "texture": "#texture"}
			}
		},
		{
			"from": [3.05, 11.4, 7.525],
			"to": [3.2, 11.55, 8.475],
			"rotation": {"angle": 0, "axis": "y", "origin": [0, -0.25, 0]},
			"faces": {
				"north": {"uv": [15, 12, 16, 11], "texture": "#texture"},
				"east": {"uv": [15, 12, 16, 11], "texture": "#texture"},
				"south": {"uv": [15, 12, 16, 11], "texture": "#texture"},
				"west": {"uv": [15, 12, 16, 11], "texture": "#texture"},
				"up": {"uv": [15, 12, 16, 11], "texture": "#texture"},
				"down": {"uv": [15, 12, 16, 11], "texture": "#texture"}
			}
		},
		{
			"from": [2, 11.25, 7.525],
			"to": [3.2, 11.4, 8.475],
			"rotation": {"angle": 0, "axis": "y", "origin": [0, -0.25, 0]},
			"faces": {
				"north": {"uv": [15, 12, 16, 11], "texture": "#texture"},
				"east": {"uv": [15, 12, 16, 11], "texture": "#texture"},
				"south": {"uv": [15, 12, 16, 11], "texture": "#texture"},
				"west": {"uv": [15, 12, 16, 11], "texture": "#texture"},
				"up": {"uv": [15, 12, 16, 11], "texture": "#texture"},
				"down": {"uv": [15, 12, 16, 11], "texture": "#texture"}
			}
		},
		{
			"from": [2.1, 9.275, 6.825],
			"to": [2.25, 10.225, 9.175],
			"rotation": {"angle": 0, "axis": "x", "origin": [0, -0.25, 0]},
			"faces": {
				"north": {"uv": [15, 11, 16, 12], "rotation": 180, "texture": "#texture"},
				"east": {"uv": [15, 11, 16, 12], "rotation": 270, "texture": "#texture"},
				"south": {"uv": [15, 11, 16, 12], "texture": "#texture"},
				"west": {"uv": [15, 11, 16, 12], "rotation": 90, "texture": "#texture"},
				"up": {"uv": [15, 11, 16, 12], "rotation": 180, "texture": "#texture"},
				"down": {"uv": [15, 11, 16, 12], "texture": "#texture"}
			}
		},
		{
			"from": [2.1, 8.75, 7.525],
			"to": [11.2, 9.05, 8.45],
			"rotation": {"angle": 0, "axis": "x", "origin": [0, -0.25, 0]},
			"faces": {
				"north": {"uv": [15, 11, 16, 12], "rotation": 180, "texture": "#texture"},
				"east": {"uv": [15, 11, 16, 12], "rotation": 180, "texture": "#texture"},
				"south": {"uv": [15, 11, 16, 12], "rotation": 180, "texture": "#texture"},
				"west": {"uv": [15, 11, 16, 12], "rotation": 180, "texture": "#texture"},
				"up": {"uv": [15, 11, 16, 12], "texture": "#texture"},
				"down": {"uv": [15, 11, 16, 12], "texture": "#texture"}
			}
		},
		{
			"from": [8.75, 8.6, 7.525],
			"to": [8.9, 8.75, 8.45],
			"rotation": {"angle": 0, "axis": "x", "origin": [0, -0.25, 0]},
			"faces": {
				"north": {"uv": [15, 11, 16, 12], "rotation": 180, "texture": "#texture"},
				"east": {"uv": [15, 11, 16, 12], "rotation": 180, "texture": "#texture"},
				"south": {"uv": [15, 11, 16, 12], "rotation": 180, "texture": "#texture"},
				"west": {"uv": [15, 11, 16, 12], "rotation": 180, "texture": "#texture"},
				"up": {"uv": [15, 11, 16, 12], "texture": "#texture"},
				"down": {"uv": [15, 11, 16, 12], "texture": "#texture"}
			}
		},
		{
			"from": [8.4, 8.6, 7.525],
			"to": [8.55, 8.75, 8.45],
			"rotation": {"angle": 0, "axis": "x", "origin": [0, -0.25, 0]},
			"faces": {
				"north": {"uv": [15, 11, 16, 12], "rotation": 180, "texture": "#texture"},
				"east": {"uv": [15, 11, 16, 12], "rotation": 180, "texture": "#texture"},
				"south": {"uv": [15, 11, 16, 12], "rotation": 180, "texture": "#texture"},
				"west": {"uv": [15, 11, 16, 12], "rotation": 180, "texture": "#texture"},
				"up": {"uv": [15, 11, 16, 12], "texture": "#texture"},
				"down": {"uv": [15, 11, 16, 12], "texture": "#texture"}
			}
		},
		{
			"from": [9.45, 8.6, 7.525],
			"to": [10.2, 8.75, 8.45],
			"rotation": {"angle": 0, "axis": "x", "origin": [0, -0.25, 0]},
			"faces": {
				"north": {"uv": [15, 11, 16, 12], "rotation": 180, "texture": "#texture"},
				"east": {"uv": [15, 11, 16, 12], "rotation": 180, "texture": "#texture"},
				"south": {"uv": [15, 11, 16, 12], "rotation": 180, "texture": "#texture"},
				"west": {"uv": [15, 11, 16, 12], "rotation": 180, "texture": "#texture"},
				"up": {"uv": [15, 11, 16, 12], "texture": "#texture"},
				"down": {"uv": [15, 11, 16, 12], "texture": "#texture"}
			}
		},
		{
			"from": [9.1, 8.6, 7.525],
			"to": [9.25, 8.75, 8.45],
			"rotation": {"angle": 0, "axis": "x", "origin": [0, -0.25, 0]},
			"faces": {
				"north": {"uv": [15, 11, 16, 12], "rotation": 180, "texture": "#texture"},
				"east": {"uv": [15, 11, 16, 12], "rotation": 180, "texture": "#texture"},
				"south": {"uv": [15, 11, 16, 12], "rotation": 180, "texture": "#texture"},
				"west": {"uv": [15, 11, 16, 12], "rotation": 180, "texture": "#texture"},
				"up": {"uv": [15, 11, 16, 12], "texture": "#texture"},
				"down": {"uv": [15, 11, 16, 12], "texture": "#texture"}
			}
		},
		{
			"from": [6.65, 8.6, 7.525],
			"to": [6.8, 8.75, 8.45],
			"rotation": {"angle": 0, "axis": "x", "origin": [0, -0.25, 0]},
			"faces": {
				"north": {"uv": [15, 11, 16, 12], "rotation": 180, "texture": "#texture"},
				"east": {"uv": [15, 11, 16, 12], "rotation": 180, "texture": "#texture"},
				"south": {"uv": [15, 11, 16, 12], "rotation": 180, "texture": "#texture"},
				"west": {"uv": [15, 11, 16, 12], "rotation": 180, "texture": "#texture"},
				"up": {"uv": [15, 11, 16, 12], "texture": "#texture"},
				"down": {"uv": [15, 11, 16, 12], "texture": "#texture"}
			}
		},
		{
			"from": [6.3, 8.6, 7.525],
			"to": [6.45, 8.75, 8.45],
			"rotation": {"angle": 0, "axis": "x", "origin": [0, -0.25, 0]},
			"faces": {
				"north": {"uv": [15, 11, 16, 12], "rotation": 180, "texture": "#texture"},
				"east": {"uv": [15, 11, 16, 12], "rotation": 180, "texture": "#texture"},
				"south": {"uv": [15, 11, 16, 12], "rotation": 180, "texture": "#texture"},
				"west": {"uv": [15, 11, 16, 12], "rotation": 180, "texture": "#texture"},
				"up": {"uv": [15, 11, 16, 12], "texture": "#texture"},
				"down": {"uv": [15, 11, 16, 12], "texture": "#texture"}
			}
		},
		{
			"from": [5.95, 8.6, 7.525],
			"to": [6.1, 8.75, 8.45],
			"rotation": {"angle": 0, "axis": "x", "origin": [0, -0.25, 0]},
			"faces": {
				"north": {"uv": [15, 11, 16, 12], "rotation": 180, "texture": "#texture"},
				"east": {"uv": [15, 11, 16, 12], "rotation": 180, "texture": "#texture"},
				"south": {"uv": [15, 11, 16, 12], "rotation": 180, "texture": "#texture"},
				"west": {"uv": [15, 11, 16, 12], "rotation": 180, "texture": "#texture"},
				"up": {"uv": [15, 11, 16, 12], "texture": "#texture"},
				"down": {"uv": [15, 11, 16, 12], "texture": "#texture"}
			}
		},
		{
			"from": [5.6, 8.6, 7.525],
			"to": [5.75, 8.75, 8.45],
			"rotation": {"angle": 0, "axis": "x", "origin": [0, -0.25, 0]},
			"faces": {
				"north": {"uv": [15, 11, 16, 12], "rotation": 180, "texture": "#texture"},
				"east": {"uv": [15, 11, 16, 12], "rotation": 180, "texture": "#texture"},
				"south": {"uv": [15, 11, 16, 12], "rotation": 180, "texture": "#texture"},
				"west": {"uv": [15, 11, 16, 12], "rotation": 180, "texture": "#texture"},
				"up": {"uv": [15, 11, 16, 12], "texture": "#texture"},
				"down": {"uv": [15, 11, 16, 12], "texture": "#texture"}
			}
		},
		{
			"from": [7.7, 8.6, 7.525],
			"to": [7.85, 8.75, 8.45],
			"rotation": {"angle": 0, "axis": "x", "origin": [0, -0.25, 0]},
			"faces": {
				"north": {"uv": [15, 11, 16, 12], "rotation": 180, "texture": "#texture"},
				"east": {"uv": [15, 11, 16, 12], "rotation": 180, "texture": "#texture"},
				"south": {"uv": [15, 11, 16, 12], "rotation": 180, "texture": "#texture"},
				"west": {"uv": [15, 11, 16, 12], "rotation": 180, "texture": "#texture"},
				"up": {"uv": [15, 11, 16, 12], "texture": "#texture"},
				"down": {"uv": [15, 11, 16, 12], "texture": "#texture"}
			}
		},
		{
			"from": [8.05, 8.6, 7.525],
			"to": [8.2, 8.75, 8.45],
			"rotation": {"angle": 0, "axis": "x", "origin": [0, -0.25, 0]},
			"faces": {
				"north": {"uv": [15, 11, 16, 12], "rotation": 180, "texture": "#texture"},
				"east": {"uv": [15, 11, 16, 12], "rotation": 180, "texture": "#texture"},
				"south": {"uv": [15, 11, 16, 12], "rotation": 180, "texture": "#texture"},
				"west": {"uv": [15, 11, 16, 12], "rotation": 180, "texture": "#texture"},
				"up": {"uv": [15, 11, 16, 12], "texture": "#texture"},
				"down": {"uv": [15, 11, 16, 12], "texture": "#texture"}
			}
		},
		{
			"from": [7.35, 8.6, 7.525],
			"to": [7.5, 8.75, 8.45],
			"rotation": {"angle": 0, "axis": "x", "origin": [0, -0.25, 0]},
			"faces": {
				"north": {"uv": [15, 11, 16, 12], "rotation": 180, "texture": "#texture"},
				"east": {"uv": [15, 11, 16, 12], "rotation": 180, "texture": "#texture"},
				"south": {"uv": [15, 11, 16, 12], "rotation": 180, "texture": "#texture"},
				"west": {"uv": [15, 11, 16, 12], "rotation": 180, "texture": "#texture"},
				"up": {"uv": [15, 11, 16, 12], "texture": "#texture"},
				"down": {"uv": [15, 11, 16, 12], "texture": "#texture"}
			}
		},
		{
			"from": [7, 8.6, 7.525],
			"to": [7.15, 8.75, 8.45],
			"rotation": {"angle": 0, "axis": "x", "origin": [0, -0.25, 0]},
			"faces": {
				"north": {"uv": [15, 11, 16, 12], "rotation": 180, "texture": "#texture"},
				"east": {"uv": [15, 11, 16, 12], "rotation": 180, "texture": "#texture"},
				"south": {"uv": [15, 11, 16, 12], "rotation": 180, "texture": "#texture"},
				"west": {"uv": [15, 11, 16, 12], "rotation": 180, "texture": "#texture"},
				"up": {"uv": [15, 11, 16, 12], "texture": "#texture"},
				"down": {"uv": [15, 11, 16, 12], "texture": "#texture"}
			}
		},
		{
			"from": [5.25, 8.6, 7.525],
			"to": [5.4, 8.75, 8.45],
			"rotation": {"angle": 0, "axis": "x", "origin": [0, -0.25, 0]},
			"faces": {
				"north": {"uv": [15, 11, 16, 12], "rotation": 180, "texture": "#texture"},
				"east": {"uv": [15, 11, 16, 12], "rotation": 180, "texture": "#texture"},
				"south": {"uv": [15, 11, 16, 12], "rotation": 180, "texture": "#texture"},
				"west": {"uv": [15, 11, 16, 12], "rotation": 180, "texture": "#texture"},
				"up": {"uv": [15, 11, 16, 12], "texture": "#texture"},
				"down": {"uv": [15, 11, 16, 12], "texture": "#texture"}
			}
		},
		{
			"from": [4.9, 8.6, 7.525],
			"to": [5.05, 8.75, 8.45],
			"rotation": {"angle": 0, "axis": "x", "origin": [0, -0.25, 0]},
			"faces": {
				"north": {"uv": [15, 11, 16, 12], "rotation": 180, "texture": "#texture"},
				"east": {"uv": [15, 11, 16, 12], "rotation": 180, "texture": "#texture"},
				"south": {"uv": [15, 11, 16, 12], "rotation": 180, "texture": "#texture"},
				"west": {"uv": [15, 11, 16, 12], "rotation": 180, "texture": "#texture"},
				"up": {"uv": [15, 11, 16, 12], "texture": "#texture"},
				"down": {"uv": [15, 11, 16, 12], "texture": "#texture"}
			}
		},
		{
			"from": [4.55, 8.6, 7.525],
			"to": [4.7, 8.75, 8.45],
			"rotation": {"angle": 0, "axis": "x", "origin": [0, -0.25, 0]},
			"faces": {
				"north": {"uv": [15, 11, 16, 12], "rotation": 180, "texture": "#texture"},
				"east": {"uv": [15, 11, 16, 12], "rotation": 180, "texture": "#texture"},
				"south": {"uv": [15, 11, 16, 12], "rotation": 180, "texture": "#texture"},
				"west": {"uv": [15, 11, 16, 12], "rotation": 180, "texture": "#texture"},
				"up": {"uv": [15, 11, 16, 12], "texture": "#texture"},
				"down": {"uv": [15, 11, 16, 12], "texture": "#texture"}
			}
		},
		{
			"from": [4.2, 8.6, 7.525],
			"to": [4.35, 8.75, 8.45],
			"rotation": {"angle": 0, "axis": "x", "origin": [0, -0.25, 0]},
			"faces": {
				"north": {"uv": [15, 11, 16, 12], "rotation": 180, "texture": "#texture"},
				"east": {"uv": [15, 11, 16, 12], "rotation": 180, "texture": "#texture"},
				"south": {"uv": [15, 11, 16, 12], "rotation": 180, "texture": "#texture"},
				"west": {"uv": [15, 11, 16, 12], "rotation": 180, "texture": "#texture"},
				"up": {"uv": [15, 11, 16, 12], "texture": "#texture"},
				"down": {"uv": [15, 11, 16, 12], "texture": "#texture"}
			}
		},
		{
			"from": [3.85, 8.6, 7.525],
			"to": [4, 8.75, 8.45],
			"rotation": {"angle": 0, "axis": "x", "origin": [0, -0.25, 0]},
			"faces": {
				"north": {"uv": [15, 11, 16, 12], "rotation": 180, "texture": "#texture"},
				"east": {"uv": [15, 11, 16, 12], "rotation": 180, "texture": "#texture"},
				"south": {"uv": [15, 11, 16, 12], "rotation": 180, "texture": "#texture"},
				"west": {"uv": [15, 11, 16, 12], "rotation": 180, "texture": "#texture"},
				"up": {"uv": [15, 11, 16, 12], "texture": "#texture"},
				"down": {"uv": [15, 11, 16, 12], "texture": "#texture"}
			}
		},
		{
			"from": [3.5, 8.6, 7.525],
			"to": [3.65, 8.75, 8.45],
			"rotation": {"angle": 0, "axis": "x", "origin": [0, -0.25, 0]},
			"faces": {
				"north": {"uv": [15, 11, 16, 12], "rotation": 180, "texture": "#texture"},
				"east": {"uv": [15, 11, 16, 12], "rotation": 180, "texture": "#texture"},
				"south": {"uv": [15, 11, 16, 12], "rotation": 180, "texture": "#texture"},
				"west": {"uv": [15, 11, 16, 12], "rotation": 180, "texture": "#texture"},
				"up": {"uv": [15, 11, 16, 12], "texture": "#texture"},
				"down": {"uv": [15, 11, 16, 12], "texture": "#texture"}
			}
		},
		{
			"from": [3.15, 8.6, 7.525],
			"to": [3.3, 8.75, 8.45],
			"rotation": {"angle": 0, "axis": "x", "origin": [0, -0.25, 0]},
			"faces": {
				"north": {"uv": [15, 11, 16, 12], "rotation": 180, "texture": "#texture"},
				"east": {"uv": [15, 11, 16, 12], "rotation": 180, "texture": "#texture"},
				"south": {"uv": [15, 11, 16, 12], "rotation": 180, "texture": "#texture"},
				"west": {"uv": [15, 11, 16, 12], "rotation": 180, "texture": "#texture"},
				"up": {"uv": [15, 11, 16, 12], "texture": "#texture"},
				"down": {"uv": [15, 11, 16, 12], "texture": "#texture"}
			}
		},
		{
			"from": [2.8, 8.6, 7.525],
			"to": [2.95, 8.75, 8.45],
			"rotation": {"angle": 0, "axis": "x", "origin": [0, -0.25, 0]},
			"faces": {
				"north": {"uv": [15, 11, 16, 12], "rotation": 180, "texture": "#texture"},
				"east": {"uv": [15, 11, 16, 12], "rotation": 180, "texture": "#texture"},
				"south": {"uv": [15, 11, 16, 12], "rotation": 180, "texture": "#texture"},
				"west": {"uv": [15, 11, 16, 12], "rotation": 180, "texture": "#texture"},
				"up": {"uv": [15, 11, 16, 12], "texture": "#texture"},
				"down": {"uv": [15, 11, 16, 12], "texture": "#texture"}
			}
		},
		{
			"from": [2.45, 8.6, 7.525],
			"to": [2.6, 8.75, 8.45],
			"rotation": {"angle": 0, "axis": "x", "origin": [0, -0.25, 0]},
			"faces": {
				"north": {"uv": [15, 11, 16, 12], "rotation": 180, "texture": "#texture"},
				"east": {"uv": [15, 11, 16, 12], "rotation": 180, "texture": "#texture"},
				"south": {"uv": [15, 11, 16, 12], "rotation": 180, "texture": "#texture"},
				"west": {"uv": [15, 11, 16, 12], "rotation": 180, "texture": "#texture"},
				"up": {"uv": [15, 11, 16, 12], "texture": "#texture"},
				"down": {"uv": [15, 11, 16, 12], "texture": "#texture"}
			}
		},
		{
			"from": [2.1, 8.6, 7.525],
			"to": [2.25, 8.75, 8.45],
			"rotation": {"angle": 0, "axis": "x", "origin": [0, -0.25, 0]},
			"faces": {
				"north": {"uv": [15, 11, 16, 12], "rotation": 180, "texture": "#texture"},
				"east": {"uv": [15, 11, 16, 12], "rotation": 180, "texture": "#texture"},
				"south": {"uv": [15, 11, 16, 12], "rotation": 180, "texture": "#texture"},
				"west": {"uv": [15, 11, 16, 12], "rotation": 180, "texture": "#texture"},
				"up": {"uv": [15, 11, 16, 12], "texture": "#texture"},
				"down": {"uv": [15, 11, 16, 12], "texture": "#texture"}
			}
		},
		{
			"from": [2.45, 9.275, 6.825],
			"to": [2.6, 10.225, 9.175],
			"rotation": {"angle": 0, "axis": "x", "origin": [0, -0.25, 0]},
			"faces": {
				"north": {"uv": [15, 11, 16, 12], "rotation": 180, "texture": "#texture"},
				"east": {"uv": [15, 11, 16, 12], "rotation": 270, "texture": "#texture"},
				"south": {"uv": [15, 11, 16, 12], "texture": "#texture"},
				"west": {"uv": [15, 11, 16, 12], "rotation": 90, "texture": "#texture"},
				"up": {"uv": [15, 11, 16, 12], "rotation": 180, "texture": "#texture"},
				"down": {"uv": [15, 11, 16, 12], "texture": "#texture"}
			}
		},
		{
			"from": [2.8, 9.275, 6.825],
			"to": [2.95, 10.225, 9.175],
			"rotation": {"angle": 0, "axis": "x", "origin": [0, -0.25, 0]},
			"faces": {
				"north": {"uv": [15, 11, 16, 12], "rotation": 180, "texture": "#texture"},
				"east": {"uv": [15, 11, 16, 12], "rotation": 270, "texture": "#texture"},
				"south": {"uv": [15, 11, 16, 12], "texture": "#texture"},
				"west": {"uv": [15, 11, 16, 12], "rotation": 90, "texture": "#texture"},
				"up": {"uv": [15, 11, 16, 12], "rotation": 180, "texture": "#texture"},
				"down": {"uv": [15, 11, 16, 12], "texture": "#texture"}
			}
		},
		{
			"from": [3.15, 9.275, 6.825],
			"to": [3.3, 10.225, 9.175],
			"rotation": {"angle": 0, "axis": "x", "origin": [0, -0.25, 0]},
			"faces": {
				"north": {"uv": [15, 11, 16, 12], "rotation": 180, "texture": "#texture"},
				"east": {"uv": [15, 11, 16, 12], "rotation": 270, "texture": "#texture"},
				"south": {"uv": [15, 11, 16, 12], "texture": "#texture"},
				"west": {"uv": [15, 11, 16, 12], "rotation": 90, "texture": "#texture"},
				"up": {"uv": [15, 11, 16, 12], "rotation": 180, "texture": "#texture"},
				"down": {"uv": [15, 11, 16, 12], "texture": "#texture"}
			}
		},
		{
			"from": [3.5, 9.275, 6.825],
			"to": [3.65, 10.225, 9.175],
			"rotation": {"angle": 0, "axis": "x", "origin": [0, -0.25, 0]},
			"faces": {
				"north": {"uv": [15, 11, 16, 12], "rotation": 180, "texture": "#texture"},
				"east": {"uv": [15, 11, 16, 12], "rotation": 270, "texture": "#texture"},
				"south": {"uv": [15, 11, 16, 12], "texture": "#texture"},
				"west": {"uv": [15, 11, 16, 12], "rotation": 90, "texture": "#texture"},
				"up": {"uv": [15, 11, 16, 12], "rotation": 180, "texture": "#texture"},
				"down": {"uv": [15, 11, 16, 12], "texture": "#texture"}
			}
		},
		{
			"from": [3.85, 9.275, 6.825],
			"to": [4, 10.225, 9.175],
			"rotation": {"angle": 0, "axis": "x", "origin": [0, -0.25, 0]},
			"faces": {
				"north": {"uv": [15, 11, 16, 12], "rotation": 180, "texture": "#texture"},
				"east": {"uv": [15, 11, 16, 12], "rotation": 270, "texture": "#texture"},
				"south": {"uv": [15, 11, 16, 12], "texture": "#texture"},
				"west": {"uv": [15, 11, 16, 12], "rotation": 90, "texture": "#texture"},
				"up": {"uv": [15, 11, 16, 12], "rotation": 180, "texture": "#texture"},
				"down": {"uv": [15, 11, 16, 12], "texture": "#texture"}
			}
		},
		{
			"from": [4.2, 9.275, 6.825],
			"to": [4.35, 10.225, 9.175],
			"rotation": {"angle": 0, "axis": "x", "origin": [0, -0.25, 0]},
			"faces": {
				"north": {"uv": [15, 11, 16, 12], "rotation": 180, "texture": "#texture"},
				"east": {"uv": [15, 11, 16, 12], "rotation": 270, "texture": "#texture"},
				"south": {"uv": [15, 11, 16, 12], "texture": "#texture"},
				"west": {"uv": [15, 11, 16, 12], "rotation": 90, "texture": "#texture"},
				"up": {"uv": [15, 11, 16, 12], "rotation": 180, "texture": "#texture"},
				"down": {"uv": [15, 11, 16, 12], "texture": "#texture"}
			}
		},
		{
			"from": [4.55, 9.275, 6.825],
			"to": [4.7, 10.225, 9.175],
			"rotation": {"angle": 0, "axis": "x", "origin": [0, -0.25, 0]},
			"faces": {
				"north": {"uv": [15, 11, 16, 12], "rotation": 180, "texture": "#texture"},
				"east": {"uv": [15, 11, 16, 12], "rotation": 270, "texture": "#texture"},
				"south": {"uv": [15, 11, 16, 12], "texture": "#texture"},
				"west": {"uv": [15, 11, 16, 12], "rotation": 90, "texture": "#texture"},
				"up": {"uv": [15, 11, 16, 12], "rotation": 180, "texture": "#texture"},
				"down": {"uv": [15, 11, 16, 12], "texture": "#texture"}
			}
		},
		{
			"from": [4.9, 9.275, 6.825],
			"to": [5.05, 10.225, 9.175],
			"rotation": {"angle": 0, "axis": "x", "origin": [0, -0.25, 0]},
			"faces": {
				"north": {"uv": [15, 11, 16, 12], "rotation": 180, "texture": "#texture"},
				"east": {"uv": [15, 11, 16, 12], "rotation": 270, "texture": "#texture"},
				"south": {"uv": [15, 11, 16, 12], "texture": "#texture"},
				"west": {"uv": [15, 11, 16, 12], "rotation": 90, "texture": "#texture"},
				"up": {"uv": [15, 11, 16, 12], "rotation": 180, "texture": "#texture"},
				"down": {"uv": [15, 11, 16, 12], "texture": "#texture"}
			}
		},
		{
			"from": [5.25, 9.275, 6.825],
			"to": [5.4, 10.225, 9.175],
			"rotation": {"angle": 0, "axis": "x", "origin": [0, -0.25, 0]},
			"faces": {
				"north": {"uv": [15, 11, 16, 12], "rotation": 180, "texture": "#texture"},
				"east": {"uv": [15, 11, 16, 12], "rotation": 270, "texture": "#texture"},
				"south": {"uv": [15, 11, 16, 12], "texture": "#texture"},
				"west": {"uv": [15, 11, 16, 12], "rotation": 90, "texture": "#texture"},
				"up": {"uv": [15, 11, 16, 12], "rotation": 180, "texture": "#texture"},
				"down": {"uv": [15, 11, 16, 12], "texture": "#texture"}
			}
		},
		{
			"from": [7, 9.275, 6.825],
			"to": [7.15, 10.225, 9.175],
			"rotation": {"angle": 0, "axis": "x", "origin": [0, -0.25, 0]},
			"faces": {
				"north": {"uv": [15, 11, 16, 12], "rotation": 180, "texture": "#texture"},
				"east": {"uv": [15, 11, 16, 12], "rotation": 270, "texture": "#texture"},
				"south": {"uv": [15, 11, 16, 12], "texture": "#texture"},
				"west": {"uv": [15, 11, 16, 12], "rotation": 90, "texture": "#texture"},
				"up": {"uv": [15, 11, 16, 12], "rotation": 180, "texture": "#texture"},
				"down": {"uv": [15, 11, 16, 12], "texture": "#texture"}
			}
		},
		{
			"from": [7.35, 9.275, 6.825],
			"to": [7.5, 10.225, 9.175],
			"rotation": {"angle": 0, "axis": "x", "origin": [0, -0.25, 0]},
			"faces": {
				"north": {"uv": [15, 11, 16, 12], "rotation": 180, "texture": "#texture"},
				"east": {"uv": [15, 11, 16, 12], "rotation": 270, "texture": "#texture"},
				"south": {"uv": [15, 11, 16, 12], "texture": "#texture"},
				"west": {"uv": [15, 11, 16, 12], "rotation": 90, "texture": "#texture"},
				"up": {"uv": [15, 11, 16, 12], "rotation": 180, "texture": "#texture"},
				"down": {"uv": [15, 11, 16, 12], "texture": "#texture"}
			}
		},
		{
			"from": [8.05, 9.275, 6.825],
			"to": [8.2, 10.225, 9.175],
			"rotation": {"angle": 0, "axis": "x", "origin": [0, -0.25, 0]},
			"faces": {
				"north": {"uv": [15, 11, 16, 12], "rotation": 180, "texture": "#texture"},
				"east": {"uv": [15, 11, 16, 12], "rotation": 270, "texture": "#texture"},
				"south": {"uv": [15, 11, 16, 12], "texture": "#texture"},
				"west": {"uv": [15, 11, 16, 12], "rotation": 90, "texture": "#texture"},
				"up": {"uv": [15, 11, 16, 12], "rotation": 180, "texture": "#texture"},
				"down": {"uv": [15, 11, 16, 12], "texture": "#texture"}
			}
		},
		{
			"from": [7.7, 9.275, 6.825],
			"to": [7.85, 10.225, 9.175],
			"rotation": {"angle": 0, "axis": "x", "origin": [0, -0.25, 0]},
			"faces": {
				"north": {"uv": [15, 11, 16, 12], "rotation": 180, "texture": "#texture"},
				"east": {"uv": [15, 11, 16, 12], "rotation": 270, "texture": "#texture"},
				"south": {"uv": [15, 11, 16, 12], "texture": "#texture"},
				"west": {"uv": [15, 11, 16, 12], "rotation": 90, "texture": "#texture"},
				"up": {"uv": [15, 11, 16, 12], "rotation": 180, "texture": "#texture"},
				"down": {"uv": [15, 11, 16, 12], "texture": "#texture"}
			}
		},
		{
			"from": [5.6, 9.275, 6.825],
			"to": [5.75, 10.225, 9.175],
			"rotation": {"angle": 0, "axis": "x", "origin": [0, -0.25, 0]},
			"faces": {
				"north": {"uv": [15, 11, 16, 12], "rotation": 180, "texture": "#texture"},
				"east": {"uv": [15, 11, 16, 12], "rotation": 270, "texture": "#texture"},
				"south": {"uv": [15, 11, 16, 12], "texture": "#texture"},
				"west": {"uv": [15, 11, 16, 12], "rotation": 90, "texture": "#texture"},
				"up": {"uv": [15, 11, 16, 12], "rotation": 180, "texture": "#texture"},
				"down": {"uv": [15, 11, 16, 12], "texture": "#texture"}
			}
		},
		{
			"from": [5.95, 9.275, 6.825],
			"to": [6.1, 10.225, 9.175],
			"rotation": {"angle": 0, "axis": "x", "origin": [0, -0.25, 0]},
			"faces": {
				"north": {"uv": [15, 11, 16, 12], "rotation": 180, "texture": "#texture"},
				"east": {"uv": [15, 11, 16, 12], "rotation": 270, "texture": "#texture"},
				"south": {"uv": [15, 11, 16, 12], "texture": "#texture"},
				"west": {"uv": [15, 11, 16, 12], "rotation": 90, "texture": "#texture"},
				"up": {"uv": [15, 11, 16, 12], "rotation": 180, "texture": "#texture"},
				"down": {"uv": [15, 11, 16, 12], "texture": "#texture"}
			}
		},
		{
			"from": [6.3, 9.275, 6.825],
			"to": [6.45, 10.225, 9.175],
			"rotation": {"angle": 0, "axis": "x", "origin": [0, -0.25, 0]},
			"faces": {
				"north": {"uv": [15, 11, 16, 12], "rotation": 180, "texture": "#texture"},
				"east": {"uv": [15, 11, 16, 12], "rotation": 270, "texture": "#texture"},
				"south": {"uv": [15, 11, 16, 12], "texture": "#texture"},
				"west": {"uv": [15, 11, 16, 12], "rotation": 90, "texture": "#texture"},
				"up": {"uv": [15, 11, 16, 12], "rotation": 180, "texture": "#texture"},
				"down": {"uv": [15, 11, 16, 12], "texture": "#texture"}
			}
		},
		{
			"from": [6.65, 9.275, 6.825],
			"to": [6.8, 10.225, 9.175],
			"rotation": {"angle": 0, "axis": "x", "origin": [0, -0.25, 0]},
			"faces": {
				"north": {"uv": [15, 11, 16, 12], "rotation": 180, "texture": "#texture"},
				"east": {"uv": [15, 11, 16, 12], "rotation": 270, "texture": "#texture"},
				"south": {"uv": [15, 11, 16, 12], "texture": "#texture"},
				"west": {"uv": [15, 11, 16, 12], "rotation": 90, "texture": "#texture"},
				"up": {"uv": [15, 11, 16, 12], "rotation": 180, "texture": "#texture"},
				"down": {"uv": [15, 11, 16, 12], "texture": "#texture"}
			}
		},
		{
			"from": [9.1, 9.275, 6.825],
			"to": [9.25, 10.225, 9.175],
			"rotation": {"angle": 0, "axis": "y", "origin": [0, -0.25, 0]},
			"faces": {
				"north": {"uv": [15, 11, 16, 12], "rotation": 180, "texture": "#texture"},
				"east": {"uv": [15, 11, 16, 12], "rotation": 270, "texture": "#texture"},
				"south": {"uv": [15, 11, 16, 12], "texture": "#texture"},
				"west": {"uv": [15, 11, 16, 12], "rotation": 90, "texture": "#texture"},
				"up": {"uv": [15, 11, 16, 12], "rotation": 180, "texture": "#texture"},
				"down": {"uv": [15, 11, 16, 12], "texture": "#texture"}
			}
		},
		{
			"from": [9.45, 9.275, 6.825],
			"to": [10.2, 10.225, 9.175],
			"rotation": {"angle": 0, "axis": "y", "origin": [0, -0.25, 0]},
			"faces": {
				"north": {"uv": [15, 11, 16, 12], "rotation": 180, "texture": "#texture"},
				"east": {"uv": [15, 11, 16, 12], "rotation": 270, "texture": "#texture"},
				"south": {"uv": [15, 11, 16, 12], "texture": "#texture"},
				"west": {"uv": [15, 11, 16, 12], "rotation": 90, "texture": "#texture"},
				"up": {"uv": [15, 11, 16, 12], "rotation": 180, "texture": "#texture"},
				"down": {"uv": [15, 11, 16, 12], "texture": "#texture"}
			}
		},
		{
			"from": [8.4, 9.275, 6.825],
			"to": [8.55, 10.225, 9.175],
			"rotation": {"angle": 0, "axis": "y", "origin": [0, -0.25, 0]},
			"faces": {
				"north": {"uv": [15, 11, 16, 12], "rotation": 180, "texture": "#texture"},
				"east": {"uv": [15, 11, 16, 12], "rotation": 270, "texture": "#texture"},
				"south": {"uv": [15, 11, 16, 12], "texture": "#texture"},
				"west": {"uv": [15, 11, 16, 12], "rotation": 90, "texture": "#texture"},
				"up": {"uv": [15, 11, 16, 12], "rotation": 180, "texture": "#texture"},
				"down": {"uv": [15, 11, 16, 12], "texture": "#texture"}
			}
		},
		{
			"from": [8.75, 9.275, 6.825],
			"to": [8.9, 10.225, 9.175],
			"rotation": {"angle": 0, "axis": "y", "origin": [0, -0.25, 0]},
			"faces": {
				"north": {"uv": [15, 11, 16, 12], "rotation": 180, "texture": "#texture"},
				"east": {"uv": [15, 11, 16, 12], "rotation": 270, "texture": "#texture"},
				"south": {"uv": [15, 11, 16, 12], "texture": "#texture"},
				"west": {"uv": [15, 11, 16, 12], "rotation": 90, "texture": "#texture"},
				"up": {"uv": [15, 11, 16, 12], "rotation": 180, "texture": "#texture"},
				"down": {"uv": [15, 11, 16, 12], "texture": "#texture"}
			}
		},
		{
			"from": [2.1, 9.275, 6.975],
			"to": [10.2, 10.225, 9.025],
			"rotation": {"angle": 0, "axis": "x", "origin": [0, -0.25, 0]},
			"faces": {
				"north": {"uv": [15, 11, 16, 12], "rotation": 180, "texture": "#texture"},
				"east": {"uv": [15, 11, 16, 12], "rotation": 270, "texture": "#texture"},
				"south": {"uv": [15, 11, 16, 12], "texture": "#texture"},
				"west": {"uv": [15, 11, 16, 12], "rotation": 90, "texture": "#texture"},
				"up": {"uv": [15, 11, 16, 12], "rotation": 180, "texture": "#texture"},
				"down": {"uv": [15, 11, 16, 12], "texture": "#texture"}
			}
		},
		{
			"from": [16.8, 11.4, 7.525],
			"to": [16.95, 11.55, 8.475],
			"rotation": {"angle": 0, "axis": "y", "origin": [0, -0.25, 0]},
			"faces": {
				"north": {"uv": [15, 12, 16, 11], "texture": "#texture"},
				"east": {"uv": [15, 12, 16, 11], "texture": "#texture"},
				"south": {"uv": [15, 12, 16, 11], "texture": "#texture"},
				"west": {"uv": [15, 12, 16, 11], "texture": "#texture"},
				"up": {"uv": [15, 12, 16, 11], "texture": "#texture"},
				"down": {"uv": [15, 12, 16, 11], "texture": "#texture"}
			}
		},
		{
			"from": [16.45, 11.4, 7.525],
			"to": [16.6, 11.55, 8.475],
			"rotation": {"angle": 0, "axis": "y", "origin": [0, -0.25, 0]},
			"faces": {
				"north": {"uv": [15, 12, 16, 11], "texture": "#texture"},
				"east": {"uv": [15, 12, 16, 11], "texture": "#texture"},
				"south": {"uv": [15, 12, 16, 11], "texture": "#texture"},
				"west": {"uv": [15, 12, 16, 11], "texture": "#texture"},
				"up": {"uv": [15, 12, 16, 11], "texture": "#texture"},
				"down": {"uv": [15, 12, 16, 11], "texture": "#texture"}
			}
		},
		{
			"from": [16.1, 11.4, 7.525],
			"to": [16.25, 11.55, 8.475],
			"rotation": {"angle": 0, "axis": "y", "origin": [0, -0.25, 0]},
			"faces": {
				"north": {"uv": [15, 12, 16, 11], "texture": "#texture"},
				"east": {"uv": [15, 12, 16, 11], "texture": "#texture"},
				"south": {"uv": [15, 12, 16, 11], "texture": "#texture"},
				"west": {"uv": [15, 12, 16, 11], "texture": "#texture"},
				"up": {"uv": [15, 12, 16, 11], "texture": "#texture"},
				"down": {"uv": [15, 12, 16, 11], "texture": "#texture"}
			}
		},
		{
			"from": [15.75, 11.4, 7.525],
			"to": [15.9, 11.55, 8.475],
			"rotation": {"angle": 0, "axis": "y", "origin": [0, -0.25, 0]},
			"faces": {
				"north": {"uv": [15, 12, 16, 11], "texture": "#texture"},
				"east": {"uv": [15, 12, 16, 11], "texture": "#texture"},
				"south": {"uv": [15, 12, 16, 11], "texture": "#texture"},
				"west": {"uv": [15, 12, 16, 11], "texture": "#texture"},
				"up": {"uv": [15, 12, 16, 11], "texture": "#texture"},
				"down": {"uv": [15, 12, 16, 11], "texture": "#texture"}
			}
		},
		{
			"from": [17.85, 11.4, 7.525],
			"to": [18, 11.55, 8.475],
			"rotation": {"angle": 0, "axis": "y", "origin": [0, -0.25, 0]},
			"faces": {
				"north": {"uv": [15, 12, 16, 11], "texture": "#texture"},
				"east": {"uv": [15, 12, 16, 11], "texture": "#texture"},
				"south": {"uv": [15, 12, 16, 11], "texture": "#texture"},
				"west": {"uv": [15, 12, 16, 11], "texture": "#texture"},
				"up": {"uv": [15, 12, 16, 11], "texture": "#texture"},
				"down": {"uv": [15, 12, 16, 11], "texture": "#texture"}
			}
		},
		{
			"from": [18.2, 11.4, 7.525],
			"to": [18.35, 11.55, 8.475],
			"rotation": {"angle": 0, "axis": "y", "origin": [0, -0.25, 0]},
			"faces": {
				"north": {"uv": [15, 12, 16, 11], "texture": "#texture"},
				"east": {"uv": [15, 12, 16, 11], "texture": "#texture"},
				"south": {"uv": [15, 12, 16, 11], "texture": "#texture"},
				"west": {"uv": [15, 12, 16, 11], "texture": "#texture"},
				"up": {"uv": [15, 12, 16, 11], "texture": "#texture"},
				"down": {"uv": [15, 12, 16, 11], "texture": "#texture"}
			}
		},
		{
			"from": [17.5, 11.4, 7.525],
			"to": [17.65, 11.55, 8.475],
			"rotation": {"angle": 0, "axis": "y", "origin": [0, -0.25, 0]},
			"faces": {
				"north": {"uv": [15, 12, 16, 11], "texture": "#texture"},
				"east": {"uv": [15, 12, 16, 11], "texture": "#texture"},
				"south": {"uv": [15, 12, 16, 11], "texture": "#texture"},
				"west": {"uv": [15, 12, 16, 11], "texture": "#texture"},
				"up": {"uv": [15, 12, 16, 11], "texture": "#texture"},
				"down": {"uv": [15, 12, 16, 11], "texture": "#texture"}
			}
		},
		{
			"from": [17.15, 11.4, 7.525],
			"to": [17.3, 11.55, 8.475],
			"rotation": {"angle": 0, "axis": "y", "origin": [0, -0.25, 0]},
			"faces": {
				"north": {"uv": [15, 12, 16, 11], "texture": "#texture"},
				"east": {"uv": [15, 12, 16, 11], "texture": "#texture"},
				"south": {"uv": [15, 12, 16, 11], "texture": "#texture"},
				"west": {"uv": [15, 12, 16, 11], "texture": "#texture"},
				"up": {"uv": [15, 12, 16, 11], "texture": "#texture"},
				"down": {"uv": [15, 12, 16, 11], "texture": "#texture"}
			}
		},
		{
			"from": [15.4, 11.4, 7.525],
			"to": [15.55, 11.55, 8.475],
			"rotation": {"angle": 0, "axis": "y", "origin": [0, -0.25, 0]},
			"faces": {
				"north": {"uv": [15, 12, 16, 11], "texture": "#texture"},
				"east": {"uv": [15, 12, 16, 11], "texture": "#texture"},
				"south": {"uv": [15, 12, 16, 11], "texture": "#texture"},
				"west": {"uv": [15, 12, 16, 11], "texture": "#texture"},
				"up": {"uv": [15, 12, 16, 11], "texture": "#texture"},
				"down": {"uv": [15, 12, 16, 11], "texture": "#texture"}
			}
		},
		{
			"from": [15.05, 11.4, 7.525],
			"to": [15.2, 11.55, 8.475],
			"rotation": {"angle": 0, "axis": "y", "origin": [0, -0.25, 0]},
			"faces": {
				"north": {"uv": [15, 12, 16, 11], "texture": "#texture"},
				"east": {"uv": [15, 12, 16, 11], "texture": "#texture"},
				"south": {"uv": [15, 12, 16, 11], "texture": "#texture"},
				"west": {"uv": [15, 12, 16, 11], "texture": "#texture"},
				"up": {"uv": [15, 12, 16, 11], "texture": "#texture"},
				"down": {"uv": [15, 12, 16, 11], "texture": "#texture"}
			}
		},
		{
			"from": [14.7, 11.4, 7.525],
			"to": [14.85, 11.55, 8.475],
			"rotation": {"angle": 0, "axis": "y", "origin": [0, -0.25, 0]},
			"faces": {
				"north": {"uv": [15, 12, 16, 11], "texture": "#texture"},
				"east": {"uv": [15, 12, 16, 11], "texture": "#texture"},
				"south": {"uv": [15, 12, 16, 11], "texture": "#texture"},
				"west": {"uv": [15, 12, 16, 11], "texture": "#texture"},
				"up": {"uv": [15, 12, 16, 11], "texture": "#texture"},
				"down": {"uv": [15, 12, 16, 11], "texture": "#texture"}
			}
		},
		{
			"from": [14.35, 11.4, 7.525],
			"to": [14.5, 11.55, 8.475],
			"rotation": {"angle": 0, "axis": "y", "origin": [0, -0.25, 0]},
			"faces": {
				"north": {"uv": [15, 12, 16, 11], "texture": "#texture"},
				"east": {"uv": [15, 12, 16, 11], "texture": "#texture"},
				"south": {"uv": [15, 12, 16, 11], "texture": "#texture"},
				"west": {"uv": [15, 12, 16, 11], "texture": "#texture"},
				"up": {"uv": [15, 12, 16, 11], "texture": "#texture"},
				"down": {"uv": [15, 12, 16, 11], "texture": "#texture"}
			}
		},
		{
			"from": [14, 11.4, 7.525],
			"to": [14.15, 11.55, 8.475],
			"rotation": {"angle": 0, "axis": "y", "origin": [0, -0.25, 0]},
			"faces": {
				"north": {"uv": [15, 12, 16, 11], "texture": "#texture"},
				"east": {"uv": [15, 12, 16, 11], "texture": "#texture"},
				"south": {"uv": [15, 12, 16, 11], "texture": "#texture"},
				"west": {"uv": [15, 12, 16, 11], "texture": "#texture"},
				"up": {"uv": [15, 12, 16, 11], "texture": "#texture"},
				"down": {"uv": [15, 12, 16, 11], "texture": "#texture"}
			}
		},
		{
			"from": [13.65, 11.4, 7.525],
			"to": [13.8, 11.55, 8.475],
			"rotation": {"angle": 0, "axis": "y", "origin": [0, -0.25, 0]},
			"faces": {
				"north": {"uv": [15, 12, 16, 11], "texture": "#texture"},
				"east": {"uv": [15, 12, 16, 11], "texture": "#texture"},
				"south": {"uv": [15, 12, 16, 11], "texture": "#texture"},
				"west": {"uv": [15, 12, 16, 11], "texture": "#texture"},
				"up": {"uv": [15, 12, 16, 11], "texture": "#texture"},
				"down": {"uv": [15, 12, 16, 11], "texture": "#texture"}
			}
		},
		{
			"from": [14, 8.25, 7.3],
			"to": [18.1, 9, 8.7],
			"faces": {
				"north": {"uv": [0, 7.25, 2.25, 7.75], "texture": "#texture", "cullface": "east"},
				"east": {"uv": [7, 7.25, 9, 7.75], "texture": "#texture", "cullface": "east"},
				"south": {"uv": [13.75, 7.25, 16, 7.75], "texture": "#texture", "cullface": "east"},
				"down": {"uv": [2.25, 9, 0, 7], "texture": "#texture", "cullface": "east"}
			}
		},
		{
			"from": [18.1, 8.6, 7.3],
			"to": [18.65, 9, 8.7],
			"faces": {
				"north": {"uv": [0, 7.25, 2.25, 7.75], "texture": "#texture", "cullface": "east"},
				"east": {"uv": [7, 7.25, 9, 7.75], "texture": "#texture", "cullface": "east"},
				"south": {"uv": [13.75, 7.25, 16, 7.75], "texture": "#texture", "cullface": "east"},
				"down": {"uv": [2.25, 9, 0, 7], "texture": "#texture", "cullface": "east"}
			}
		},
		{
			"from": [14, 6.75, 7.55],
			"to": [14.25, 7.25, 8.45],
			"faces": {
				"north": {"uv": [1.75, 8.75, 2.25, 9.25], "texture": "#texture"},
				"east": {"uv": [7.5, 8.75, 8.5, 9.25], "texture": "#texture"},
				"south": {"uv": [13.75, 8.75, 14.25, 9.25], "texture": "#texture"},
				"up": {"uv": [13.75, 7.5, 14.25, 8.5], "texture": "#texture"},
				"down": {"uv": [2.25, 8.5, 1.75, 7.5], "texture": "#texture"}
			}
		},
		{
			"from": [14.25, 6.75, 7.6],
			"to": [16, 7, 8.4],
			"faces": {
				"north": {"uv": [0, 9, 1.75, 9.25], "texture": "#texture"},
				"south": {"uv": [14.25, 9, 16, 9.25], "texture": "#texture"},
				"up": {"uv": [14.25, 7.75, 16, 8.25], "texture": "#texture"},
				"down": {"uv": [1.75, 8.25, 0, 7.75], "texture": "#texture"}
			}
		},
		{
			"from": [14, 8, 7.55],
			"to": [14.25, 8.25, 8.45],
			"faces": {
				"north": {"uv": [1.75, 7.75, 2.25, 8.25], "texture": "#texture"},
				"east": {"uv": [7.5, 7.75, 8.5, 8.25], "texture": "#texture"},
				"south": {"uv": [13.75, 7.75, 14.25, 8.25], "texture": "#texture"},
				"down": {"uv": [2.25, 8.5, 1.75, 7.5], "texture": "#texture"}
			}
		},
		{
			"from": [16, 6.75, 7.55],
			"to": [16.5, 7.25, 8.45],
			"faces": {
				"north": {"uv": [0, 8.75, 1, 9.25], "texture": "#texture", "cullface": "east"},
				"south": {"uv": [16, 8.75, 15, 9.25], "texture": "#texture", "cullface": "east"},
				"west": {"uv": [7.5, 8.75, 8.5, 9.25], "texture": "#texture", "cullface": "east"},
				"up": {"uv": [16, 7.5, 15, 8.5], "texture": "#texture", "cullface": "east"},
				"down": {"uv": [0, 8.5, 1, 7.5], "texture": "#texture", "cullface": "east"}
			}
		},
		{
			"from": [16, 8, 7.55],
			"to": [16.5, 8.25, 8.45],
			"faces": {
				"north": {"uv": [0, 7.75, 1, 8.25], "texture": "#texture", "cullface": "east"},
				"south": {"uv": [16, 7.75, 15, 8.25], "texture": "#texture", "cullface": "east"},
				"west": {"uv": [7.5, 7.75, 8.5, 8.25], "texture": "#texture", "cullface": "east"},
				"down": {"uv": [0, 8.5, 1, 7.5], "texture": "#texture", "cullface": "east"}
			}
		},
		{
			"from": [16.25, 7.25, 7.55],
			"to": [16.5, 8, 8.45],
			"faces": {
				"north": {"uv": [0, 8.25, 1, 8.75], "texture": "#texture", "cullface": "east"},
				"south": {"uv": [16, 8.25, 15, 8.75], "texture": "#texture", "cullface": "east"},
				"west": {"uv": [7.5, 8.25, 8.5, 8.75], "texture": "#texture", "cullface": "east"}
			}
		},
		{
			"from": [15.6, 7.35, 7.8],
			"to": [15.85, 8.6, 8.2],
			"rotation": {"angle": -22.5, "axis": "z", "origin": [15.5, 8.5, 7.75]},
			"faces": {
				"north": {"uv": [8.25, 0, 8.5, 1.25], "texture": "#texture"},
				"east": {"uv": [7.75, 0, 8.25, 1.25], "texture": "#texture"},
				"south": {"uv": [7.5, 0, 7.75, 1.25], "texture": "#texture"},
				"west": {"uv": [7.75, 0, 8.25, 1.25], "texture": "#texture"},
				"up": {"uv": [7.5, 7.75, 7.75, 8.25], "texture": "#texture"},
				"down": {"uv": [8.5, 8.25, 8.25, 7.75], "texture": "#texture"}
			}
		},
		{
			"from": [16.5, 6.75, 7.3],
			"to": [17.75, 8.25, 8.7],
			"faces": {
				"north": {"uv": [0, 7.75, 1, 9.25], "texture": "#texture", "cullface": "east"},
				"east": {"uv": [7.25, 7.75, 8.75, 9.25], "texture": "#texture", "cullface": "east"},
				"south": {"uv": [16, 7.75, 15, 9.25], "texture": "#texture", "cullface": "east"},
				"west": {"uv": [7.25, 7.75, 8.75, 9.25], "texture": "#texture", "cullface": "east"},
				"down": {"uv": [0, 8.75, 1, 7.25], "texture": "#texture", "cullface": "east"}
			}
		},
		{
			"from": [16.5, 3.5, 7.3],
			"to": [17.85, 7.25, 8.7],
			"rotation": {"angle": 22.5, "axis": "z", "origin": [16.5, 7.25, 7.25]},
			"faces": {
				"north": {"uv": [1, 9.25, 0, 13], "texture": "#texture", "cullface": "east"},
				"east": {"uv": [7.25, 9.25, 8.75, 13], "texture": "#texture", "cullface": "east"},
				"south": {"uv": [15, 9.25, 16, 13], "texture": "#texture", "cullface": "east"},
				"west": {"uv": [7.25, 9.25, 8.75, 13], "texture": "#texture", "cullface": "east"},
				"up": {"uv": [15, 7.25, 16, 8.75], "texture": "#texture", "cullface": "east"},
				"down": {"uv": [1, 8.75, 0, 7.25], "texture": "#texture", "cullface": "east"}
			}
		},
		{
			"from": [-1.25, 9.25, 7.75],
			"to": [12.75, 9.5, 8.25],
			"rotation": {"angle": 0, "axis": "y", "origin": [1.5, 9, 0]},
			"faces": {
				"north": {"uv": [14.5, 7.5, 16, 7.75], "texture": "#texture", "cullface": "west"},
				"south": {"uv": [0, 7.5, 1.5, 7.75], "texture": "#texture", "cullface": "west"},
				"west": {"uv": [7.75, 7.5, 8.25, 7.75], "texture": "#texture", "cullface": "west"},
				"up": {"uv": [0, 7.75, 1.5, 8.25], "texture": "#texture", "cullface": "west"},
				"down": {"uv": [16, 8.25, 14.5, 7.75], "texture": "#texture", "cullface": "west"}
			}
		},
		{
			"from": [-1.25, 9.5, 8.25],
			"to": [12.75, 10, 8.5],
			"rotation": {"angle": 0, "axis": "y", "origin": [1.5, 9, 0]},
			"faces": {
				"north": {"uv": [14.5, 7, 16, 7.5], "texture": "#texture", "cullface": "west"},
				"south": {"uv": [0, 7, 1.5, 7.5], "texture": "#texture", "cullface": "west"},
				"west": {"uv": [8.25, 7, 8.5, 7.5], "texture": "#texture", "cullface": "west"},
				"up": {"uv": [0, 8.25, 1.5, 8.5], "texture": "#texture", "cullface": "west"},
				"down": {"uv": [16, 8.5, 14.5, 8.25], "texture": "#texture", "cullface": "west"}
			}
		},
		{
			"from": [-1.25, 9.5, 7.5],
			"to": [12.75, 10, 7.75],
			"rotation": {"angle": 0, "axis": "y", "origin": [1.5, 9, 0]},
			"faces": {
				"north": {"uv": [14.5, 7, 16, 7.5], "texture": "#texture", "cullface": "west"},
				"south": {"uv": [0, 7, 1.5, 7.5], "texture": "#texture", "cullface": "west"},
				"west": {"uv": [7.5, 7, 7.75, 7.5], "texture": "#texture", "cullface": "west"},
				"up": {"uv": [0, 7.5, 1.5, 7.75], "texture": "#texture", "cullface": "west"},
				"down": {"uv": [16, 7.75, 14.5, 7.5], "texture": "#texture", "cullface": "west"}
			}
		},
		{
			"from": [-1.25, 10, 7.75],
			"to": [12.75, 10.25, 8.25],
			"rotation": {"angle": 0, "axis": "y", "origin": [1.5, 9, 0]},
			"faces": {
				"north": {"uv": [14.5, 6.75, 16, 7], "texture": "#texture", "cullface": "west"},
				"south": {"uv": [0, 6.75, 1.5, 7], "texture": "#texture", "cullface": "west"},
				"west": {"uv": [7.75, 6.75, 8.25, 7], "texture": "#texture", "cullface": "west"},
				"up": {"uv": [0, 7.75, 1.5, 8.25], "texture": "#texture", "cullface": "west"},
				"down": {"uv": [16, 8.25, 14.5, 7.75], "texture": "#texture", "cullface": "west"}
			}
		},
		{
			"from": [17.75, 3.5, 7.55],
			"to": [18, 6, 8.45],
			"rotation": {"angle": 22.5, "axis": "z", "origin": [16.5, 7.25, 7.25]},
			"faces": {
				"north": {"uv": [1, 9.25, 0, 13], "texture": "#texture", "cullface": "east"},
				"east": {"uv": [7.25, 9.25, 8.75, 13], "texture": "#texture", "cullface": "east"},
				"south": {"uv": [15, 9.25, 16, 13], "texture": "#texture", "cullface": "east"},
				"west": {"uv": [7.25, 9.25, 8.75, 13], "texture": "#texture", "cullface": "east"},
				"up": {"uv": [15, 7.25, 16, 8.75], "texture": "#texture", "cullface": "east"},
				"down": {"uv": [1, 8.75, 0, 7.25], "texture": "#texture", "cullface": "east"}
			}
		},
		{
			"from": [16.25, 3.475, 7.55],
			"to": [16.75, 6.875, 8.45],
			"rotation": {"angle": 22.5, "axis": "z", "origin": [16.5, 6.75, 7.25]},
			"faces": {
				"north": {"uv": [1, 9.25, 0, 12.5], "texture": "#texture", "cullface": "east"},
				"east": {"uv": [7.25, 9.25, 8.75, 12.5], "texture": "#texture", "cullface": "east"},
				"south": {"uv": [15, 9.25, 16, 12.5], "texture": "#texture", "cullface": "east"},
				"west": {"uv": [7.25, 9.25, 8.75, 12.5], "texture": "#texture", "cullface": "east"},
				"down": {"uv": [1, 8.75, 0, 7.25], "texture": "#texture", "cullface": "east"}
			}
		},
		{
			"from": [17.35, -2.975, 7.75],
			"to": [17.5, -2.55, 8.25],
			"rotation": {"angle": 22.5, "axis": "z", "origin": [0.825, 0.4, 0]},
			"faces": {
				"north": {"uv": [0, 8.75, 1, 9], "rotation": 270, "texture": "#texture", "cullface": "east"},
				"south": {"uv": [16, 8.75, 15, 9], "rotation": 90, "texture": "#texture", "cullface": "east"},
				"west": {"uv": [0, 8.5, 1, 7.5], "rotation": 90, "texture": "#texture", "cullface": "east"},
				"up": {"uv": [7.5, 8.75, 8.5, 9], "rotation": 90, "texture": "#texture", "cullface": "east"},
				"down": {"uv": [7.5, 8.75, 8.5, 9], "rotation": 90, "texture": "#texture", "cullface": "east"}
			}
		},
		{
			"from": [13.65, 8.75, 7.525],
			"to": [18.5, 11.25, 8.475],
			"rotation": {"angle": 0, "axis": "y", "origin": [0, -0.25, 0]},
			"faces": {
				"north": {"uv": [4, 16, 5, 15], "texture": "#texture", "cullface": "east"},
				"east": {"uv": [4, 16, 5, 15], "texture": "#texture", "cullface": "east"},
				"south": {"uv": [4, 16, 5, 15], "texture": "#texture", "cullface": "east"},
				"west": {"uv": [4, 16, 5, 15], "texture": "#texture", "cullface": "east"},
				"up": {"uv": [4, 16, 5, 15], "texture": "#texture", "cullface": "east"},
				"down": {"uv": [4, 15, 5, 16], "texture": "#texture"}
			}
		},
		{
			"from": [2, 9, 7.525],
			"to": [3.2, 11.25, 8.475],
			"rotation": {"angle": 0, "axis": "y", "origin": [0, -0.25, 0]},
			"faces": {
				"north": {"uv": [4, 16, 5, 15], "texture": "#texture", "cullface": "east"},
				"east": {"uv": [4, 16, 5, 15], "texture": "#texture", "cullface": "east"},
				"south": {"uv": [4, 16, 5, 15], "texture": "#texture", "cullface": "east"},
				"west": {"uv": [4, 16, 5, 15], "texture": "#texture", "cullface": "east"},
				"up": {"uv": [4, 16, 5, 15], "texture": "#texture", "cullface": "east"},
				"down": {"uv": [4, 15, 5, 16], "texture": "#texture"}
			}
		},
		{
			"from": [1.95, 8.825, 7.525],
			"to": [14.25, 9.5, 8.475],
			"rotation": {"angle": 0, "axis": "y", "origin": [0, -0.25, 0]},
			"faces": {
				"north": {"uv": [4, 16, 5, 15], "texture": "#texture", "cullface": "east"},
				"east": {"uv": [4, 16, 5, 15], "texture": "#texture", "cullface": "east"},
				"south": {"uv": [4, 16, 5, 15], "texture": "#texture", "cullface": "east"},
				"west": {"uv": [4, 16, 5, 15], "texture": "#texture", "cullface": "east"},
				"up": {"uv": [4, 16, 5, 15], "texture": "#texture", "cullface": "east"},
				"down": {"uv": [4, 15, 5, 16], "texture": "#texture"}
			}
		},
		{
			"from": [19.425, 9.175, 7.25],
			"to": [25.275, 10.425, 8.75],
			"rotation": {"angle": 0, "axis": "y", "origin": [0.875, -0.075, 0]},
			"faces": {
				"north": {"uv": [15, 12, 16, 11], "texture": "#texture", "cullface": "east"},
				"south": {"uv": [15, 12, 16, 11], "texture": "#texture", "cullface": "east"},
				"west": {"uv": [15, 11, 16, 12], "texture": "#texture"},
				"up": {"uv": [15, 12, 16, 11], "texture": "#texture", "cullface": "east"},
				"down": {"uv": [15, 11, 16, 12], "texture": "#texture", "cullface": "east"}
			}
		},
		{
			"from": [17.475, 11.3, 7.425],
			"to": [18.125, 11.8, 8.575],
			"faces": {
				"north": {"uv": [1, 6, 1.5, 6.25], "texture": "#texture"},
				"east": {"uv": [7.75, 6, 8.25, 6.25], "texture": "#texture"},
				"south": {"uv": [14.5, 6, 15, 6.25], "texture": "#texture"},
				"west": {"uv": [7.75, 6, 8.25, 6.25], "texture": "#texture"},
				"up": {"uv": [14.5, 7.75, 15, 8.25], "texture": "#texture"},
				"down": {"uv": [2, 7, 3, 8], "texture": "#texture"}
			}
		},
		{
			"from": [17.725, 11.8, 7.625],
			"to": [18.125, 12.025, 8.375],
			"faces": {
				"north": {"uv": [1, 6, 1.5, 6.25], "texture": "#texture"},
				"east": {"uv": [7.75, 6, 8.25, 6.25], "texture": "#texture"},
				"south": {"uv": [14.5, 6, 15, 6.25], "texture": "#texture"},
				"west": {"uv": [7.75, 6, 8.25, 6.25], "texture": "#texture"},
				"up": {"uv": [14.5, 7.75, 15, 8.25], "texture": "#texture"}
			}
		},
		{
			"from": [17.775, 11.875, 7.875],
			"to": [18, 12.125, 8.125],
			"faces": {
				"north": {"uv": [1, 6, 1.5, 6.25], "texture": "#texture"},
				"east": {"uv": [7.75, 6, 8.25, 6.25], "texture": "#texture"},
				"south": {"uv": [14.5, 6, 15, 6.25], "texture": "#texture"},
				"west": {"uv": [7.75, 6, 8.25, 6.25], "texture": "#texture"},
				"up": {"uv": [14.5, 7.75, 15, 8.25], "texture": "#texture"}
			}
		},
		{
			"from": [17.775, 12.4, 7.875],
			"to": [18, 12.5, 8.125],
			"faces": {
				"north": {"uv": [1, 6, 1.5, 6.25], "texture": "#texture"},
				"east": {"uv": [7.75, 6, 8.25, 6.25], "texture": "#texture"},
				"south": {"uv": [14.5, 6, 15, 6.25], "texture": "#texture"},
				"west": {"uv": [7.75, 6, 8.25, 6.25], "texture": "#texture"},
				"up": {"uv": [14.5, 7.75, 15, 8.25], "texture": "#texture"},
				"down": {"uv": [8, 6, 9, 7], "texture": "#texture"}
			}
		},
		{
			"from": [17.775, 12.125, 8.125],
			"to": [18, 12.4, 8.225],
			"faces": {
				"north": {"uv": [1, 6, 1.5, 6.25], "texture": "#texture"},
				"east": {"uv": [7.75, 6, 8.25, 6.25], "texture": "#texture"},
				"south": {"uv": [14.5, 6, 15, 6.25], "texture": "#texture"},
				"west": {"uv": [7.75, 6, 8.25, 6.25], "texture": "#texture"},
				"up": {"uv": [14.5, 7.75, 15, 8.25], "texture": "#texture"},
				"down": {"uv": [8, 6, 9, 7], "texture": "#texture"}
			}
		},
		{
			"from": [17.775, 12.125, 7.775],
			"to": [18, 12.4, 7.875],
			"faces": {
				"north": {"uv": [1, 6, 1.5, 6.25], "texture": "#texture"},
				"east": {"uv": [7.75, 6, 8.25, 6.25], "texture": "#texture"},
				"south": {"uv": [14.5, 6, 15, 6.25], "texture": "#texture"},
				"west": {"uv": [7.75, 6, 8.25, 6.25], "texture": "#texture"},
				"up": {"uv": [14.5, 7.75, 15, 8.25], "texture": "#texture"},
				"down": {"uv": [8, 6, 9, 7], "texture": "#texture"}
			}
		},
		{
			"from": [17.725, 11.925, 8.3],
			"to": [18.125, 12.6, 8.5],
			"faces": {
				"north": {"uv": [1, 6, 1.5, 6.25], "texture": "#texture"},
				"east": {"uv": [7.75, 6, 8.25, 6.25], "texture": "#texture"},
				"south": {"uv": [14.5, 6, 15, 6.25], "texture": "#texture"},
				"west": {"uv": [7.75, 6, 8.25, 6.25], "texture": "#texture"},
				"up": {"uv": [14.5, 7.75, 15, 8.25], "texture": "#texture"},
				"down": {"uv": [8, 5, 9, 6], "texture": "#texture"}
			}
		},
		{
			"from": [17.725, 11.925, 7.5],
			"to": [18.125, 12.6, 7.7],
			"faces": {
				"north": {"uv": [1, 6, 1.5, 6.25], "texture": "#texture"},
				"east": {"uv": [7.75, 6, 8.25, 6.25], "texture": "#texture"},
				"south": {"uv": [14.5, 6, 15, 6.25], "texture": "#texture"},
				"west": {"uv": [7.75, 6, 8.25, 6.25], "texture": "#texture"},
				"up": {"uv": [14.5, 7.75, 15, 8.25], "texture": "#texture"},
				"down": {"uv": [8, 5, 9, 6], "texture": "#texture"}
			}
		},
		{
			"from": [17.225, 11.3, 7.425],
			"to": [17.475, 11.65, 8.575],
			"faces": {
				"north": {"uv": [13, 5.25, 14, 5.75], "texture": "#texture"},
				"east": {"uv": [7.5, 5.25, 8.5, 5.75], "texture": "#texture"},
				"south": {"uv": [2, 5.25, 3, 5.75], "texture": "#texture"},
				"west": {"uv": [7.5, 5.25, 8.5, 5.75], "texture": "#texture"},
				"up": {"uv": [2, 7.5, 3, 8.5], "texture": "#texture"},
				"down": {"uv": [2, 7, 3, 8], "texture": "#texture"}
			}
		},
		{
			"from": [2.65, 11.7, 7.625],
			"to": [3.025, 12.175, 8.375],
			"faces": {
				"north": {"uv": [1, 6, 1.5, 6.25], "texture": "#texture"},
				"east": {"uv": [7.75, 6, 8.25, 6.25], "texture": "#texture"},
				"south": {"uv": [14.5, 6, 15, 6.25], "texture": "#texture"},
				"west": {"uv": [7.75, 6, 8.25, 6.25], "texture": "#texture"},
				"up": {"uv": [14.5, 7.75, 15, 8.25], "texture": "#texture"}
			}
		},
		{
			"from": [2.65, 12.175, 7.95],
			"to": [3.025, 12.475, 8.05],
			"faces": {
				"north": {"uv": [1, 6, 1.5, 6.25], "texture": "#texture"},
				"east": {"uv": [7.75, 6, 8.25, 6.25], "texture": "#texture"},
				"south": {"uv": [14.5, 6, 15, 6.25], "texture": "#texture"},
				"west": {"uv": [7.75, 6, 8.25, 6.25], "texture": "#texture"},
				"up": {"uv": [14.5, 7.75, 15, 8.25], "texture": "#texture"}
			}
		},
		{
			"from": [2.65, 12.075, 7.525],
			"to": [3.025, 12.675, 7.725],
			"faces": {
				"north": {"uv": [1, 6, 1.5, 6.25], "texture": "#texture"},
				"east": {"uv": [7.75, 6, 8.25, 6.25], "texture": "#texture"},
				"south": {"uv": [14.5, 6, 15, 6.25], "texture": "#texture"},
				"west": {"uv": [7.75, 6, 8.25, 6.25], "texture": "#texture"},
				"up": {"uv": [14.5, 7.75, 15, 8.25], "texture": "#texture"},
				"down": {"uv": [14, 7, 15, 8], "texture": "#texture"}
			}
		},
		{
			"from": [2.65, 12.075, 8.275],
			"to": [3.025, 12.675, 8.475],
			"faces": {
				"north": {"uv": [1, 6, 1.5, 6.25], "texture": "#texture"},
				"east": {"uv": [7.75, 6, 8.25, 6.25], "texture": "#texture"},
				"south": {"uv": [14.5, 6, 15, 6.25], "texture": "#texture"},
				"west": {"uv": [7.75, 6, 8.25, 6.25], "texture": "#texture"},
				"up": {"uv": [14.5, 7.75, 15, 8.25], "texture": "#texture"},
				"down": {"uv": [14, 7, 15, 8], "texture": "#texture"}
			}
		},
		{
			"from": [2.4, 11.3, 7.425],
			"to": [3.025, 11.8, 8.575],
			"faces": {
				"north": {"uv": [1, 6, 1.5, 6.25], "texture": "#texture"},
				"east": {"uv": [7.75, 6, 8.25, 6.25], "texture": "#texture"},
				"south": {"uv": [14.5, 6, 15, 6.25], "texture": "#texture"},
				"west": {"uv": [7.75, 6, 8.25, 6.25], "texture": "#texture"},
				"up": {"uv": [14.5, 7.75, 15, 8.25], "texture": "#texture"},
				"down": {"uv": [2, 7, 3, 8], "texture": "#texture"}
			}
		},
		{
			"from": [2.15, 11.3, 7.425],
			"to": [2.4, 11.65, 8.575],
			"faces": {
				"north": {"uv": [13, 5.25, 14, 5.75], "texture": "#texture"},
				"east": {"uv": [7.5, 5.25, 8.5, 5.75], "texture": "#texture"},
				"south": {"uv": [2, 5.25, 3, 5.75], "texture": "#texture"},
				"west": {"uv": [7.5, 5.25, 8.5, 5.75], "texture": "#texture"},
				"up": {"uv": [2, 7.5, 3, 8.5], "texture": "#texture"},
				"down": {"uv": [2, 7, 3, 8], "texture": "#texture"}
			}
		},
		{
			"from": [3.25, 10.525, 6.975],
			"to": [13.6, 11.5, 9],
			"rotation": {"angle": 0, "axis": "y", "origin": [3, 0, 0]},
			"faces": {
				"north": {"uv": [16, 11, 15, 12], "texture": "#1"},
				"east": {"uv": [16, 12, 15, 11], "texture": "#1"},
				"south": {"uv": [16, 11, 15, 12], "texture": "#1"},
				"west": {"uv": [16, 11, 15, 12], "texture": "#1"},
				"up": {"uv": [16, 11, 15, 12], "texture": "#1"},
				"down": {"uv": [16, 12, 15, 11], "texture": "#1"}
			}
		},
		{
			"from": [3.5, 10.7, 7.225],
			"to": [13.35, 11.325, 8.75],
			"rotation": {"angle": 0, "axis": "y", "origin": [3, 0, 0]},
			"faces": {
				"north": {"uv": [16, 4, 0, 5], "texture": "#2"},
				"east": {"uv": [1, 5, 0, 4], "texture": "#2"},
				"south": {"uv": [16, 4, 0, 5], "texture": "#2"},
				"west": {"uv": [1, 4, 0, 5], "texture": "#2"},
				"up": {"uv": [16, 4, 0, 5], "texture": "#2"},
				"down": {"uv": [16, 5, 0, 4], "texture": "#2"}
			}
		},
		{
			"from": [19.675, 8.925, 7.5],
			"to": [25.275, 9.175, 8.5],
			"rotation": {"angle": 0, "axis": "y", "origin": [0.875, -0.075, 0]},
			"faces": {
				"north": {"uv": [15, 12, 16, 11], "texture": "#texture", "cullface": "east"},
				"east": {"uv": [15, 12, 16, 11], "texture": "#texture", "cullface": "east"},
				"south": {"uv": [15, 12, 16, 11], "texture": "#texture", "cullface": "east"},
				"west": {"uv": [15, 12, 16, 11], "texture": "#texture", "cullface": "east"},
				"down": {"uv": [15, 11, 16, 12], "texture": "#texture", "cullface": "east"}
			}
		},
		{
			"from": [19.675, 8.25, 7.7],
			"to": [21.275, 8.925, 8.3],
			"rotation": {"angle": 0, "axis": "y", "origin": [0.875, -0.075, 0]},
			"faces": {
				"north": {"uv": [15, 12, 16, 11], "texture": "#texture", "cullface": "east"},
				"east": {"uv": [15, 12, 16, 11], "texture": "#texture", "cullface": "east"},
				"south": {"uv": [15, 12, 16, 11], "texture": "#texture", "cullface": "east"},
				"west": {"uv": [15, 12, 16, 11], "texture": "#texture", "cullface": "east"},
				"down": {"uv": [15, 11, 16, 12], "texture": "#texture", "cullface": "east"}
			}
		},
		{
			"from": [18.15, 9.225, 7.45],
			"to": [19.4, 10.35, 8.55],
			"rotation": {"angle": 0, "axis": "y", "origin": [0.5, -0.075, 0]},
			"faces": {
				"north": {"uv": [12, 6, 10, 4], "texture": "#texture", "cullface": "east"},
				"east": {"uv": [12, 6, 10, 4], "texture": "#texture", "cullface": "east"},
				"south": {"uv": [10, 6, 12, 4], "texture": "#texture", "cullface": "east"},
				"west": {"uv": [12, 6, 10, 4], "texture": "#texture", "cullface": "east"},
				"up": {"uv": [10, 6, 12, 4], "texture": "#texture", "cullface": "east"},
				"down": {"uv": [10, 4, 12, 6], "texture": "#texture", "cullface": "east"}
			}
		},
		{
			"from": [25.275, 5.925, 7.25],
			"to": [26.025, 10.425, 8.75],
			"rotation": {"angle": 0, "axis": "y", "origin": [0.875, -0.075, 0]},
			"faces": {
				"north": {"uv": [15, 12, 16, 11], "texture": "#texture", "cullface": "east"},
				"east": {"uv": [15, 12, 16, 11], "texture": "#texture", "cullface": "east"},
				"south": {"uv": [15, 12, 16, 11], "texture": "#texture", "cullface": "east"},
				"west": {"uv": [15, 12, 16, 11], "texture": "#texture", "cullface": "east"},
				"up": {"uv": [15, 12, 16, 11], "texture": "#texture", "cullface": "east"},
				"down": {"uv": [15, 11, 16, 12], "texture": "#texture", "cullface": "east"}
			}
		},
		{
			"from": [19.975, 7.475, 7.7],
			"to": [26.025, 8.225, 8.3],
			"rotation": {"angle": -22.5, "axis": "z", "origin": [21.75, 8.575, 7.5]},
			"faces": {
				"north": {"uv": [15, 12, 16, 11], "texture": "#texture", "cullface": "east"},
				"east": {"uv": [15, 12, 16, 11], "texture": "#texture", "cullface": "east"},
				"south": {"uv": [15, 12, 16, 11], "texture": "#texture", "cullface": "east"},
				"west": {"uv": [15, 12, 16, 11], "texture": "#texture", "cullface": "east"},
				"up": {"uv": [15, 12, 16, 11], "texture": "#texture", "cullface": "east"},
				"down": {"uv": [15, 11, 16, 12], "texture": "#texture", "cullface": "east"}
			}
		},
		{
			"from": [24.675, 6.7, 7.7],
			"to": [25.275, 9.175, 8.3],
			"rotation": {"angle": 0, "axis": "y", "origin": [0.875, -0.075, 0]},
			"faces": {
				"north": {"uv": [15, 12, 16, 11], "texture": "#texture", "cullface": "east"},
				"east": {"uv": [15, 12, 16, 11], "texture": "#texture", "cullface": "east"},
				"south": {"uv": [15, 12, 16, 11], "texture": "#texture", "cullface": "east"},
				"west": {"uv": [15, 12, 16, 11], "texture": "#texture", "cullface": "east"},
				"down": {"uv": [15, 11, 16, 12], "texture": "#texture", "cullface": "east"}
			}
		}
	],
	"gui_light": "front",
	"display": {
		"thirdperson_righthand": {
			"rotation": [0, -90, 0],
			"translation": [0, -0.25, -5.25],
			"scale": [0.78, 0.78, 0.78]
		},
		"thirdperson_lefthand": {
			"rotation": [0, 90, 0],
			"translation": [0, -0.25, -5.25],
			"scale": [0.78, 0.78, 0.78]
		},
		"firstperson_righthand": {
			"rotation": [0, -90, 0],
			"translation": [0, 1.5, -7.25],
			"scale": [0.97, 0.97, 0.94]
		},
		"firstperson_lefthand": {
			"rotation": [0, 90, 0],
			"translation": [0, 1.5, -7.25],
			"scale": [0.97, 0.97, 0.94]
		},
		"ground": {
			"translation": [-4.5, 0.25, 0],
			"scale": [0.97, 0.97, 0.97]
		},
		"gui": {
			"rotation": [0, 0, -45],
			"translation": [-2.75, 2, 0],
			"scale": [0.69, 0.69, 1]
		},
		"fixed": {
			"rotation": [0, 180, -45],
			"translation": [4, 2.85, -1.1],
			"scale": [0.97, 0.97, 0.97]
		}
	}
}