{
	"credit": "Made by SrDarmith - YouTube: Mainclay",
	"textures": {
		"1": "item/hardened_clay_stained_gray",
		"particle": "item/hardened_clay_stained_gray",
		"texture": "item/anvil_1"
	},
	"elements": [
		{
			"from": [7.4, 9.125, 7],
			"to": [16, 10.375, 9],
			"rotation": {"angle": 0, "axis": "y", "origin": [5.75, 3, 0]},
			"faces": {
				"north": {"uv": [9.25, 6, 12.75, 7.25], "texture": "#1"},
				"east": {"uv": [7, 6, 9, 7.25], "texture": "#1"},
				"south": {"uv": [3.25, 6, 6.75, 7.25], "texture": "#1"},
				"west": {"uv": [7, 6, 9, 7.25], "texture": "#1"},
				"up": {"uv": [3.25, 7, 6.75, 9], "texture": "#1"},
				"down": {"uv": [12.75, 9, 9.25, 7], "texture": "#1"}
			}
		},
		{
			"from": [7.4, 7.85, 7.25],
			"to": [16, 9.5, 8.75],
			"rotation": {"angle": 0, "axis": "y", "origin": [5.75, 2.75, 0]},
			"faces": {
				"north": {"uv": [4.25, 5.25, 12.75, 7.25], "texture": "#1"},
				"east": {"uv": [7.25, 5.25, 8.75, 7.25], "texture": "#1"},
				"south": {"uv": [3.25, 5.25, 11.75, 7.25], "texture": "#1"},
				"west": {"uv": [7.25, 5.25, 8.75, 7.25], "texture": "#1"},
				"up": {"uv": [3.25, 7.25, 11.75, 8.75], "texture": "#1"},
				"down": {"uv": [12.75, 8.75, 4.25, 7.25], "texture": "#1"}
			}
		},
		{
			"from": [16.85, 0.075, 7.525],
			"to": [17, 0.4, 8.45],
			"rotation": {"angle": 22.5, "axis": "z", "origin": [5.75, -0.675, 0]},
			"faces": {
				"north": {"uv": [15.75, 12, 16, 11.25], "texture": "#texture"},
				"east": {"uv": [15.75, 12, 16, 11.25], "texture": "#texture"},
				"south": {"uv": [15.75, 12, 16, 11.25], "texture": "#texture"},
				"west": {"uv": [15.75, 12, 16, 11.25], "texture": "#texture"},
				"up": {"uv": [16, 12, 15.5, 11.25], "texture": "#texture"},
				"down": {"uv": [15.75, 12, 16, 11.25], "texture": "#texture"}
			}
		},
		{
			"from": [17, 0.075, 7.525],
			"to": [18.5, 3.825, 8.45],
			"rotation": {"angle": 22.5, "axis": "z", "origin": [5.75, -0.675, 0]},
			"faces": {
				"north": {"uv": [15.75, 12, 16, 11.25], "texture": "#texture"},
				"east": {"uv": [15.75, 12, 16, 11.25], "texture": "#texture"},
				"south": {"uv": [15.75, 12, 16, 11.25], "texture": "#texture"},
				"west": {"uv": [15.75, 12, 16, 11.25], "texture": "#texture"},
				"down": {"uv": [15.75, 12, 16, 11.25], "texture": "#texture"}
			}
		},
		{
			"from": [17.25, 0.075, 7.275],
			"to": [18.75, 3.8, 8.725],
			"rotation": {"angle": 22.5, "axis": "z", "origin": [5.75, -0.675, 0]},
			"faces": {
				"north": {"uv": [15.75, 12, 16, 11.25], "texture": "#texture"},
				"east": {"uv": [15.75, 12, 16, 11.25], "texture": "#texture"},
				"south": {"uv": [15.75, 12, 16, 11.25], "texture": "#texture"},
				"west": {"uv": [15.75, 12, 16, 11.25], "texture": "#texture"},
				"up": {"uv": [15.75, 12, 16, 11.25], "texture": "#texture"},
				"down": {"uv": [15.75, 12, 16, 11.25], "texture": "#texture"}
			}
		},
		{
			"from": [14.2, 7.5, 7.5],
			"to": [14.45, 7.75, 8.5],
			"rotation": {"angle": 0, "axis": "y", "origin": [-1.3, 0, 0]},
			"faces": {
				"north": {"uv": [0.25, 9.5, 0.5, 9.75], "texture": "#texture"},
				"east": {"uv": [8, 9, 9, 10], "texture": "#texture"},
				"south": {"uv": [15.5, 9.5, 15.75, 9.75], "texture": "#texture"},
				"west": {"uv": [7.5, 9.5, 8.5, 9.75], "texture": "#texture"},
				"up": {"uv": [15.5, 7.5, 15.75, 8.5], "texture": "#texture"},
				"down": {"uv": [8, 9, 9, 10], "texture": "#texture"}
			}
		},
		{
			"from": [14.2, 6.625, 7.5],
			"to": [14.45, 6.875, 8.5],
			"rotation": {"angle": 0, "axis": "y", "origin": [-1.3, 0, 0]},
			"faces": {
				"north": {"uv": [0.25, 9.5, 0.5, 9.75], "texture": "#texture"},
				"south": {"uv": [15.5, 9.5, 15.75, 9.75], "texture": "#texture"},
				"west": {"uv": [7.5, 9.5, 8.5, 9.75], "texture": "#texture"},
				"up": {"uv": [15.5, 7.5, 15.75, 8.5], "texture": "#texture"}
			}
		},
		{
			"from": [13.925, 6.8, 7.75],
			"to": [14.175, 8.3, 8.25],
			"rotation": {"angle": -22.5, "axis": "z", "origin": [13.95, 8, 7.75]},
			"faces": {
				"north": {"uv": [0, 2, 0.25, 3.5], "texture": "#texture"},
				"east": {"uv": [7.5, 2, 8.5, 3.5], "texture": "#texture"},
				"south": {"uv": [15.75, 2, 16, 3.5], "texture": "#texture"},
				"west": {"uv": [7.5, 2, 8.5, 3.5], "texture": "#texture"},
				"up": {"uv": [15.75, 7.5, 16, 8.5], "texture": "#texture"},
				"down": {"uv": [0.25, 8.5, 0, 7.5], "texture": "#texture"}
			}
		},
		{
			"from": [12.45, 6.625, 7.5],
			"to": [12.7, 7.75, 8.5],
			"rotation": {"angle": 0, "axis": "y", "origin": [-1.3, 0, 0]},
			"faces": {
				"north": {"uv": [0, 8.5, 0.25, 9.75], "texture": "#texture"},
				"east": {"uv": [7.5, 8.5, 8.5, 9.75], "texture": "#texture", "cullface": "east"},
				"south": {"uv": [15.75, 8.5, 16, 9.75], "texture": "#texture"},
				"west": {"uv": [7.5, 8.5, 8.5, 9.75], "texture": "#texture"},
				"down": {"uv": [0.25, 8.5, 0, 7.5], "texture": "#texture"}
			}
		},
		{
			"from": [14.45, 6.625, 7.5],
			"to": [14.7, 7.75, 8.5],
			"rotation": {"angle": 0, "axis": "y", "origin": [-1.3, 0, 0]},
			"faces": {
				"north": {"uv": [0, 8.5, 0.25, 9.75], "texture": "#texture"},
				"east": {"uv": [7.5, 8.5, 8.5, 9.75], "texture": "#texture", "cullface": "east"},
				"south": {"uv": [15.75, 8.5, 16, 9.75], "texture": "#texture"},
				"west": {"uv": [7.5, 8.5, 8.5, 9.75], "texture": "#texture"},
				"down": {"uv": [0.25, 8.5, 0, 7.5], "texture": "#texture"}
			}
		},
		{
			"from": [12.7, 6.4, 7.5],
			"to": [14.45, 6.625, 8.5],
			"rotation": {"angle": 0, "axis": "y", "origin": [-1.3, 0, 0]},
			"faces": {
				"north": {"uv": [0.25, 9.75, 2, 10], "texture": "#texture"},
				"east": {"uv": [7.5, 9.75, 8.5, 10], "texture": "#texture"},
				"south": {"uv": [14, 9.75, 15.75, 10], "texture": "#texture"},
				"west": {"uv": [7.5, 9.75, 8.5, 10], "texture": "#texture"},
				"up": {"uv": [14, 7.5, 15.75, 8.5], "texture": "#texture"},
				"down": {"uv": [2, 8.5, 0.25, 7.5], "texture": "#texture"}
			}
		},
		{
			"from": [12.2, 7.75, 7.5],
			"to": [14.7, 7.975, 8.5],
			"rotation": {"angle": 0, "axis": "y", "origin": [-1.3, 0.1, 0]},
			"faces": {
				"north": {"uv": [0.25, 9.75, 2, 10], "texture": "#texture"},
				"east": {"uv": [7.5, 9.75, 8.5, 10], "texture": "#texture"},
				"south": {"uv": [14, 9.75, 15.75, 10], "texture": "#texture"},
				"west": {"uv": [7.5, 9.75, 8.5, 10], "texture": "#texture"},
				"up": {"uv": [14, 7.5, 15.75, 8.5], "texture": "#texture"},
				"down": {"uv": [2, 8.5, 0.25, 7.5], "texture": "#texture"}
			}
		},
		{
			"from": [12.7, 7.5, 7.5],
			"to": [12.95, 7.75, 8.5],
			"rotation": {"angle": 0, "axis": "y", "origin": [-1.3, 0, 0]},
			"faces": {
				"north": {"uv": [1.75, 9.5, 2.25, 9.75], "texture": "#texture"},
				"east": {"uv": [7.5, 9.5, 8.5, 9.75], "texture": "#texture"},
				"south": {"uv": [13.75, 9.5, 14.25, 9.75], "texture": "#texture"},
				"up": {"uv": [13.75, 7.5, 14.25, 8.5], "texture": "#texture"},
				"down": {"uv": [2.25, 8.5, 1.75, 7.5], "texture": "#texture"}
			}
		},
		{
			"from": [12.7, 6.625, 7.5],
			"to": [12.95, 6.875, 8.5],
			"rotation": {"angle": 0, "axis": "y", "origin": [-1.3, 0, 0]},
			"faces": {
				"north": {"uv": [1.75, 9.5, 2.25, 9.75], "texture": "#texture"},
				"east": {"uv": [7.5, 9.5, 8.5, 9.75], "texture": "#texture"},
				"south": {"uv": [13.75, 9.5, 14.25, 9.75], "texture": "#texture"},
				"up": {"uv": [13.75, 7.5, 14.25, 8.5], "texture": "#texture"},
				"down": {"uv": [2.25, 8.5, 1.75, 7.5], "texture": "#texture"}
			}
		},
		{
			"from": [16, 8.075, 7.65],
			"to": [16.5, 11.05, 8.35],
			"rotation": {"angle": 0, "axis": "y", "origin": [-0.25, 1, 0]},
			"faces": {
				"north": {"uv": [11.25, 4.75, 12.5, 5.25], "texture": "#texture"},
				"east": {"uv": [7.5, 4.75, 8.5, 5.25], "texture": "#texture"},
				"south": {"uv": [3.5, 4.75, 4.75, 5.25], "texture": "#texture"},
				"west": {"uv": [7.5, 4.75, 8.5, 5.25], "texture": "#texture"},
				"up": {"uv": [3.5, 7.5, 4.75, 8.5], "texture": "#texture"},
				"down": {"uv": [4, 7, 5, 8], "texture": "#texture"}
			}
		},
		{
			"from": [16.375, 8.975, 7.5],
			"to": [16.875, 9.35, 8.5],
			"rotation": {"angle": 0, "axis": "y", "origin": [-0.25, 1, 0]},
			"faces": {
				"north": {"uv": [15.35, 11.25, 16, 11.75], "texture": "#texture"},
				"east": {"uv": [15.3, 11.25, 16, 11.75], "texture": "#texture"},
				"south": {"uv": [15.25, 11.25, 16, 11.65], "rotation": 180, "texture": "#texture"},
				"west": {"uv": [15.3, 11.25, 16, 11.75], "texture": "#texture"},
				"up": {"uv": [15.35, 11.2, 16, 11.8], "texture": "#texture"},
				"down": {"uv": [15, 11, 16, 12], "texture": "#texture"}
			}
		},
		{
			"from": [16.45, 8.9, 7.5],
			"to": [16.8, 9.425, 8.5],
			"rotation": {"angle": 0, "axis": "y", "origin": [-0.25, 1, 0]},
			"faces": {
				"north": {"uv": [15.35, 11.25, 16, 11.75], "texture": "#texture"},
				"east": {"uv": [15.3, 11.25, 16, 11.75], "texture": "#texture"},
				"south": {"uv": [15.25, 11.25, 16, 11.65], "rotation": 180, "texture": "#texture"},
				"west": {"uv": [15.3, 11.25, 16, 11.75], "texture": "#texture"},
				"up": {"uv": [15.35, 11.2, 16, 11.8], "texture": "#texture"},
				"down": {"uv": [15, 11, 16, 12], "texture": "#texture"}
			}
		},
		{
			"from": [16.5, 8.275, 7.65],
			"to": [17, 10.8, 8.35],
			"rotation": {"angle": 0, "axis": "y", "origin": [-0.25, 1, 0]},
			"faces": {
				"north": {"uv": [11.25, 4.75, 12.5, 5.25], "texture": "#texture"},
				"east": {"uv": [7.5, 4.75, 8.5, 5.25], "texture": "#texture"},
				"south": {"uv": [3.5, 4.75, 4.75, 5.25], "texture": "#texture"},
				"west": {"uv": [7.5, 4.75, 8.5, 5.25], "texture": "#texture"},
				"up": {"uv": [3.5, 7.5, 4.75, 8.5], "texture": "#texture"},
				"down": {"uv": [4, 7, 5, 8], "texture": "#texture"}
			}
		},
		{
			"from": [17, 8.5, 7.65],
			"to": [17.25, 10.5, 8.35],
			"rotation": {"angle": 0, "axis": "y", "origin": [-0.25, 1, 0]},
			"faces": {
				"north": {"uv": [11.25, 4.75, 12.5, 5.25], "texture": "#texture"},
				"east": {"uv": [7.5, 4.75, 8.5, 5.25], "texture": "#texture"},
				"south": {"uv": [3.5, 4.75, 4.75, 5.25], "texture": "#texture"},
				"west": {"uv": [7.5, 4.75, 8.5, 5.25], "texture": "#texture"},
				"up": {"uv": [3.5, 7.5, 4.75, 8.5], "texture": "#texture"},
				"down": {"uv": [4, 7, 5, 8], "texture": "#texture"}
			}
		},
		{
			"from": [17.25, 8.825, 7.65],
			"to": [17.5, 10, 8.35],
			"rotation": {"angle": 0, "axis": "y", "origin": [-0.25, 1, 0]},
			"faces": {
				"north": {"uv": [11.25, 4.75, 12.5, 5.25], "texture": "#texture"},
				"east": {"uv": [7.5, 4.75, 8.5, 5.25], "texture": "#texture"},
				"south": {"uv": [3.5, 4.75, 4.75, 5.25], "texture": "#texture"},
				"west": {"uv": [7.5, 4.75, 8.5, 5.25], "texture": "#texture"},
				"up": {"uv": [3.5, 7.5, 4.75, 8.5], "texture": "#texture"},
				"down": {"uv": [4, 7, 5, 8], "texture": "#texture"}
			}
		},
		{
			"from": [-4.25, 10.125, 7.5],
			"to": [2.75, 10.625, 7.75],
			"rotation": {"angle": 0, "axis": "y", "origin": [5.75, 3, 0]},
			"faces": {
				"north": {"uv": [12.5, 6.25, 14.5, 6.75], "texture": "#texture"},
				"south": {"uv": [0.5, 6.25, 2.5, 6.75], "texture": "#texture"},
				"west": {"uv": [7.5, 6.25, 7.75, 6.75], "texture": "#texture"},
				"up": {"uv": [0.5, 7.5, 2.5, 7.75], "texture": "#texture"},
				"down": {"uv": [15.5, 7.75, 13.5, 7.5], "texture": "#texture"}
			}
		},
		{
			"from": [10.35, 11.325, 7.85],
			"to": [10.85, 11.4, 8.15],
			"rotation": {"angle": 0, "axis": "y", "origin": [8.75, 3, 0]},
			"faces": {
				"north": {"uv": [9.25, 6, 12.75, 7.25], "texture": "#texture"},
				"east": {"uv": [7, 6, 9, 7.25], "texture": "#texture"},
				"south": {"uv": [3.25, 6, 6.75, 7.25], "texture": "#texture"},
				"west": {"uv": [7, 6, 9, 7.25], "texture": "#texture"},
				"up": {"uv": [3.25, 7, 6.75, 9], "texture": "#texture"},
				"down": {"uv": [12.75, 9, 9.25, 7], "texture": "#texture"}
			}
		},
		{
			"from": [10.35, 11.425, 7.575],
			"to": [10.5, 11.5, 7.85],
			"rotation": {"angle": 0, "axis": "y", "origin": [8.75, 3, 0]},
			"faces": {
				"north": {"uv": [9.25, 6, 12.75, 7.25], "texture": "#texture"},
				"east": {"uv": [7, 6, 9, 7.25], "texture": "#texture"},
				"south": {"uv": [3.25, 6, 6.75, 7.25], "texture": "#texture"},
				"west": {"uv": [7, 6, 9, 7.25], "texture": "#texture"},
				"up": {"uv": [3.25, 7, 6.75, 9], "texture": "#texture"},
				"down": {"uv": [12.75, 9, 9.25, 7], "texture": "#texture"}
			}
		},
		{
			"from": [10.35, 11.425, 8.15],
			"to": [10.5, 11.5, 8.425],
			"rotation": {"angle": 0, "axis": "y", "origin": [8.75, 3, 0]},
			"faces": {
				"north": {"uv": [9.25, 6, 12.75, 7.25], "texture": "#texture"},
				"east": {"uv": [7, 6, 9, 7.25], "texture": "#texture"},
				"south": {"uv": [3.25, 6, 6.75, 7.25], "texture": "#texture"},
				"west": {"uv": [7, 6, 9, 7.25], "texture": "#texture"},
				"up": {"uv": [3.25, 7, 6.75, 9], "texture": "#texture"},
				"down": {"uv": [12.75, 9, 9.25, 7], "texture": "#texture"}
			}
		},
		{
			"from": [10.1, 11.25, 7.5],
			"to": [11.1, 11.35, 8.5],
			"rotation": {"angle": 0, "axis": "y", "origin": [8.75, 3, 0]},
			"faces": {
				"north": {"uv": [9.25, 6, 12.75, 7.25], "texture": "#texture"},
				"east": {"uv": [7, 6, 9, 7.25], "texture": "#texture"},
				"south": {"uv": [3.25, 6, 6.75, 7.25], "texture": "#texture"},
				"west": {"uv": [7, 6, 9, 7.25], "texture": "#texture"},
				"up": {"uv": [3.25, 7, 6.75, 9], "texture": "#texture"},
				"down": {"uv": [12.75, 9, 9.25, 7], "texture": "#texture"}
			}
		},
		{
			"from": [10.35, 11.125, 7.575],
			"to": [10.85, 11.45, 7.85],
			"rotation": {"angle": 0, "axis": "y", "origin": [8.75, 3, 0]},
			"faces": {
				"north": {"uv": [9.25, 6, 12.75, 7.25], "texture": "#texture"},
				"east": {"uv": [7, 6, 9, 7.25], "texture": "#texture"},
				"south": {"uv": [3.25, 6, 6.75, 7.25], "texture": "#texture"},
				"west": {"uv": [7, 6, 9, 7.25], "texture": "#texture"},
				"up": {"uv": [3.25, 7, 6.75, 9], "texture": "#texture"},
				"down": {"uv": [12.75, 9, 9.25, 7], "texture": "#texture"}
			}
		},
		{
			"from": [10.35, 11.125, 8.15],
			"to": [10.85, 11.45, 8.425],
			"rotation": {"angle": 0, "axis": "y", "origin": [8.75, 3, 0]},
			"faces": {
				"north": {"uv": [9.25, 6, 12.75, 7.25], "texture": "#texture"},
				"east": {"uv": [7, 6, 9, 7.25], "texture": "#texture"},
				"south": {"uv": [3.25, 6, 6.75, 7.25], "texture": "#texture"},
				"west": {"uv": [7, 6, 9, 7.25], "texture": "#texture"},
				"up": {"uv": [3.25, 7, 6.75, 9], "texture": "#texture"},
				"down": {"uv": [12.75, 9, 9.25, 7], "texture": "#texture"}
			}
		},
		{
			"from": [-4.25, 10.625, 7.75],
			"to": [2.75, 10.875, 8.25],
			"rotation": {"angle": 0, "axis": "y", "origin": [5.75, 3, 0]},
			"faces": {
				"north": {"uv": [12.5, 6, 14.5, 6.25], "texture": "#texture"},
				"south": {"uv": [0.5, 6, 2.5, 6.25], "texture": "#texture"},
				"west": {"uv": [7.75, 6, 8.25, 6.25], "texture": "#texture"},
				"up": {"uv": [0.5, 7.75, 2.5, 8.25], "texture": "#texture"},
				"down": {"uv": [15.5, 8.25, 13.5, 7.75], "texture": "#texture"}
			}
		},
		{
			"from": [-4.25, 9.875, 7.75],
			"to": [2.75, 10.125, 8.25],
			"rotation": {"angle": 0, "axis": "y", "origin": [5.75, 3, 0]},
			"faces": {
				"north": {"uv": [12.5, 6.75, 14.5, 7], "texture": "#texture"},
				"south": {"uv": [0.5, 6.75, 2.5, 7], "texture": "#texture"},
				"west": {"uv": [7.75, 6.75, 8.25, 7], "texture": "#texture"},
				"up": {"uv": [0.5, 7.75, 2.5, 8.25], "texture": "#texture"},
				"down": {"uv": [15.5, 8.25, 13.5, 7.75], "texture": "#texture"}
			}
		},
		{
			"from": [-2.675, 10.125, 7.75],
			"to": [-2, 10.625, 8.25],
			"rotation": {"angle": 0, "axis": "y", "origin": [5.75, 3, 0]},
			"faces": {
				"north": {"uv": [13.5, 6.75, 15.5, 7], "texture": "#texture"},
				"south": {"uv": [0.5, 6.75, 2.5, 7], "texture": "#texture"},
				"west": {"uv": [7.75, 6.75, 8.25, 7], "texture": "#texture"},
				"up": {"uv": [0.5, 7.75, 2.5, 8.25], "texture": "#texture"},
				"down": {"uv": [15.5, 8.25, 13.5, 7.75], "texture": "#texture"}
			}
		},
		{
			"from": [-4.25, 10.125, 8.25],
			"to": [2.75, 10.625, 8.5],
			"rotation": {"angle": 0, "axis": "y", "origin": [5.75, 3, 0]},
			"faces": {
				"north": {"uv": [12.5, 6.25, 14.5, 6.75], "texture": "#texture"},
				"south": {"uv": [0.5, 6.25, 2.5, 6.75], "texture": "#texture"},
				"west": {"uv": [8.25, 6.25, 8.5, 6.75], "texture": "#texture"},
				"up": {"uv": [0.5, 8.25, 2.5, 8.5], "texture": "#texture"},
				"down": {"uv": [15.5, 8.5, 13.5, 8.25], "texture": "#texture"}
			}
		},
		{
			"from": [3.25, 9.5, 7.5],
			"to": [15.125, 11.25, 8.5],
			"rotation": {"angle": 0, "axis": "y", "origin": [5.75, 3, 0]},
			"faces": {
				"north": {"uv": [9.25, 6, 12.75, 7.25], "texture": "#texture"},
				"east": {"uv": [7, 6, 9, 7.25], "texture": "#texture"},
				"south": {"uv": [3.25, 6, 6.75, 7.25], "texture": "#texture"},
				"west": {"uv": [7, 6, 9, 7.25], "texture": "#texture"},
				"up": {"uv": [3.25, 7, 6.75, 9], "texture": "#texture"},
				"down": {"uv": [12.75, 9, 9.25, 7], "texture": "#texture"}
			}
		},
		{
			"from": [14.75, 9.75, 7.2],
			"to": [16.125, 11.05, 8.8],
			"rotation": {"angle": 0, "axis": "y", "origin": [5.75, 3, 0]},
			"faces": {
				"north": {"uv": [9.25, 6, 12.75, 7.25], "texture": "#texture"},
				"east": {"uv": [7, 6, 9, 7.25], "texture": "#texture"},
				"south": {"uv": [3.25, 6, 6.75, 7.25], "texture": "#texture"},
				"west": {"uv": [7, 6, 9, 7.25], "texture": "#texture"},
				"up": {"uv": [3.25, 7, 6.75, 9], "texture": "#texture"},
				"down": {"uv": [12.75, 9, 9.25, 7], "texture": "#texture"}
			}
		},
		{
			"from": [14.75, 9.5, 7.45],
			"to": [16.125, 11.3, 8.55],
			"rotation": {"angle": 0, "axis": "y", "origin": [5.75, 3, 0]},
			"faces": {
				"north": {"uv": [9.25, 6, 12.75, 7.25], "texture": "#texture"},
				"east": {"uv": [7, 6, 9, 7.25], "texture": "#texture"},
				"south": {"uv": [3.25, 6, 6.75, 7.25], "texture": "#texture"},
				"west": {"uv": [7, 6, 9, 7.25], "texture": "#texture"},
				"up": {"uv": [3.25, 7, 6.75, 9], "texture": "#texture"},
				"down": {"uv": [12.75, 9, 9.25, 7], "texture": "#texture"}
			}
		},
		{
			"from": [-3.65, 11.375, 8.25],
			"to": [-3.1, 11.875, 8.5],
			"rotation": {"angle": 0, "axis": "y", "origin": [5.75, 2.75, 0]},
			"faces": {
				"north": {"uv": [9.25, 6, 12.75, 7.25], "texture": "#texture"},
				"east": {"uv": [7, 6, 9, 7.25], "texture": "#texture"},
				"south": {"uv": [3.25, 6, 6.75, 7.25], "texture": "#texture"},
				"west": {"uv": [7, 6, 9, 7.25], "texture": "#texture"},
				"up": {"uv": [3.25, 7, 6.75, 9], "texture": "#texture"},
				"down": {"uv": [12.75, 9, 9.25, 7], "texture": "#texture"}
			}
		},
		{
			"from": [-3.65, 11.375, 7.5],
			"to": [-3.1, 11.875, 7.75],
			"rotation": {"angle": 0, "axis": "y", "origin": [5.75, 2.75, 0]},
			"faces": {
				"north": {"uv": [9.25, 6, 12.75, 7.25], "texture": "#texture"},
				"east": {"uv": [7, 6, 9, 7.25], "texture": "#texture"},
				"south": {"uv": [3.25, 6, 6.75, 7.25], "texture": "#texture"},
				"west": {"uv": [7, 6, 9, 7.25], "texture": "#texture"},
				"up": {"uv": [3.25, 7, 6.75, 9], "texture": "#texture"},
				"down": {"uv": [12.75, 9, 9.25, 7], "texture": "#texture"}
			}
		},
		{
			"from": [-3.65, 11.875, 7.75],
			"to": [-3.1, 12.125, 8.25],
			"rotation": {"angle": 0, "axis": "y", "origin": [5.75, 2.75, 0]},
			"faces": {
				"north": {"uv": [9.25, 6, 12.75, 7.25], "texture": "#texture"},
				"east": {"uv": [7, 6, 9, 7.25], "texture": "#texture"},
				"south": {"uv": [3.25, 6, 6.75, 7.25], "texture": "#texture"},
				"west": {"uv": [7, 6, 9, 7.25], "texture": "#texture"},
				"up": {"uv": [3.25, 7, 6.75, 9], "texture": "#texture"},
				"down": {"uv": [12.75, 9, 9.25, 7], "texture": "#texture"}
			}
		},
		{
			"from": [-3.65, 11.125, 7.75],
			"to": [-3.1, 11.375, 8.25],
			"rotation": {"angle": 0, "axis": "y", "origin": [5.75, 2.75, 0]},
			"faces": {
				"north": {"uv": [9.25, 6, 12.75, 7.25], "texture": "#texture"},
				"east": {"uv": [7, 6, 9, 7.25], "texture": "#texture"},
				"south": {"uv": [3.25, 6, 6.75, 7.25], "texture": "#texture"},
				"west": {"uv": [7, 6, 9, 7.25], "texture": "#texture"},
				"up": {"uv": [3.25, 7, 6.75, 9], "texture": "#texture"},
				"down": {"uv": [12.75, 9, 9.25, 7], "texture": "#texture"}
			}
		},
		{
			"from": [3.25, 9.75, 7.25],
			"to": [15.125, 11, 8.75],
			"rotation": {"angle": 0, "axis": "y", "origin": [5.75, 3, 0]},
			"faces": {
				"north": {"uv": [9.25, 6, 12.75, 7.25], "texture": "#texture"},
				"east": {"uv": [7, 6, 9, 7.25], "texture": "#texture"},
				"south": {"uv": [3.25, 6, 6.75, 7.25], "texture": "#texture"},
				"west": {"uv": [7, 6, 9, 7.25], "texture": "#texture"},
				"up": {"uv": [3.25, 7, 6.75, 9], "texture": "#texture"},
				"down": {"uv": [12.75, 9, 9.25, 7], "texture": "#texture"}
			}
		},
		{
			"from": [2.75, 10, 7.375],
			"to": [3.75, 10.75, 8.625],
			"rotation": {"angle": 0, "axis": "y", "origin": [5.75, 3, 0]},
			"faces": {
				"north": {"uv": [9.25, 6, 12.75, 7.25], "texture": "#texture"},
				"east": {"uv": [7, 6, 9, 7.25], "texture": "#texture"},
				"south": {"uv": [3.25, 6, 6.75, 7.25], "texture": "#texture"},
				"west": {"uv": [7, 6, 9, 7.25], "texture": "#texture"},
				"up": {"uv": [3.25, 7, 6.75, 9], "texture": "#texture"},
				"down": {"uv": [12.75, 9, 9.25, 7], "texture": "#texture"}
			}
		},
		{
			"from": [2.75, 9.75, 7.625],
			"to": [3.75, 11, 8.375],
			"rotation": {"angle": 0, "axis": "y", "origin": [5.75, 3, 0]},
			"faces": {
				"north": {"uv": [9.25, 6, 12.75, 7.25], "texture": "#texture"},
				"east": {"uv": [7, 6, 9, 7.25], "texture": "#texture"},
				"south": {"uv": [3.25, 6, 6.75, 7.25], "texture": "#texture"},
				"west": {"uv": [7, 6, 9, 7.25], "texture": "#texture"},
				"up": {"uv": [3.25, 7, 6.75, 9], "texture": "#texture"},
				"down": {"uv": [12.75, 9, 9.25, 7], "texture": "#texture"}
			}
		},
		{
			"from": [-4.8, 6.075, 7.85],
			"to": [-3.625, 6.6, 8.15],
			"rotation": {"angle": -22.5, "axis": "z", "origin": [5.75, 2.75, 0]},
			"faces": {
				"north": {"uv": [9.25, 6, 12.75, 7.25], "texture": "#texture"},
				"east": {"uv": [7, 6, 9, 7.25], "texture": "#texture"},
				"south": {"uv": [3.25, 6, 6.75, 7.25], "texture": "#texture"},
				"west": {"uv": [7, 6, 9, 7.25], "texture": "#texture"},
				"up": {"uv": [3.25, 7, 6.75, 9], "texture": "#texture"},
				"down": {"uv": [12.75, 9, 9.25, 7], "texture": "#texture"}
			}
		},
		{
			"from": [-3.65, 10.875, 7.825],
			"to": [-2.85, 11.125, 8.175],
			"rotation": {"angle": 0, "axis": "y", "origin": [5.75, 2.75, 0]},
			"faces": {
				"north": {"uv": [9.25, 6, 12.75, 7.25], "texture": "#texture"},
				"east": {"uv": [7, 6, 9, 7.25], "texture": "#texture"},
				"south": {"uv": [3.25, 6, 6.75, 7.25], "texture": "#texture"},
				"west": {"uv": [7, 6, 9, 7.25], "texture": "#texture"},
				"up": {"uv": [3.25, 7, 6.75, 9], "texture": "#texture"},
				"down": {"uv": [12.75, 9, 9.25, 7], "texture": "#texture"}
			}
		},
		{
			"from": [4.75, 1.575, 7.5],
			"to": [6.075, 7.675, 8.5],
			"rotation": {"angle": 0, "axis": "y", "origin": [8.75, -0.175, 0]},
			"faces": {
				"north": {"uv": [10.75, 5.2, 16, 5.95], "texture": "#texture"},
				"east": {"uv": [15.8, 5.2, 16, 5.95], "texture": "#texture"},
				"south": {"uv": [10.8, 5.2, 15.95, 5.95], "texture": "#texture"},
				"west": {"uv": [10.8, 5.2, 11.5, 5.95], "texture": "#texture"},
				"down": {"uv": [16, 5.9, 15.05, 5.2], "texture": "#texture"}
			}
		},
		{
			"from": [4.6, 7.325, 7.4],
			"to": [6.2, 9.925, 8.625],
			"rotation": {"angle": 0, "axis": "y", "origin": [8.75, -0.175, 0]},
			"faces": {
				"north": {"uv": [5.75, 11, 7, 14.25], "texture": "#texture"},
				"east": {"uv": [7.5, 11, 8.5, 14.25], "texture": "#texture"},
				"south": {"uv": [9, 11, 10.25, 14.25], "texture": "#texture"},
				"west": {"uv": [7.5, 11, 8.5, 14.25], "texture": "#texture"},
				"down": {"uv": [7, 8.5, 5.75, 7.5], "texture": "#texture"}
			}
		},
		{
			"from": [6.175, 8.575, 7.4],
			"to": [7.325, 9.925, 8.625],
			"rotation": {"angle": 0, "axis": "y", "origin": [8.75, -0.175, 0]},
			"faces": {
				"north": {"uv": [5.75, 11, 7, 14.25], "texture": "#texture"},
				"east": {"uv": [7.5, 11, 8.5, 14.25], "texture": "#texture"},
				"south": {"uv": [9, 11, 10.25, 14.25], "texture": "#texture"},
				"west": {"uv": [7.5, 11, 8.5, 14.25], "texture": "#texture"},
				"down": {"uv": [7, 8.5, 5.75, 7.5], "texture": "#texture"}
			}
		},
		{
			"from": [6.35, 8.325, 7.45],
			"to": [7.6, 9.925, 8.575],
			"rotation": {"angle": 0, "axis": "y", "origin": [8.75, -0.175, 0]},
			"faces": {
				"north": {"uv": [5.75, 11, 7, 14.25], "texture": "#1"},
				"east": {"uv": [7.5, 11, 8.5, 14.25], "texture": "#1"},
				"south": {"uv": [9, 11, 10.25, 14.25], "texture": "#1"},
				"west": {"uv": [7.5, 11, 8.5, 14.25], "texture": "#1"},
				"down": {"uv": [7, 8.5, 5.75, 7.5], "texture": "#1"}
			}
		}
	],
	"gui_light": "front",
	"display": {
		"thirdperson_righthand": {
			"rotation": [0, -90, 0],
			"translation": [0, 0.25, -4.75],
			"scale": [0.87, 0.86, 0.86]
		},
		"thirdperson_lefthand": {
			"rotation": [0, 90, 0],
			"translation": [0, 0.25, -4.75],
			"scale": [0.87, 0.86, 0.86]
		},
		"firstperson_righthand": {
			"rotation": [47.07, -79.61, 24.79],
			"translation": [0, 3.5, -7.75]
		},
		"firstperson_lefthand": {
			"rotation": [-136.79, 78.54, 157.84],
			"translation": [2.25, 4.25, -9.25]
		},
		"ground": {
			"translation": [2.5, 2, 0],
			"scale": [1.04, 1.01, 0.96]
		},
		"gui": {
			"rotation": [0, 0, -45],
			"translation": [-0.25, -1, 0],
			"scale": [0.76, 0.76, 0.8]
		},
		"fixed": {
			"rotation": [0, 180, -45],
			"translation": [-3.25, -4.95, -1.1],
			"scale": [1.14, 1.14, 1.14]
		}
	}
}