{
	"credit": "Made by SrDarmith - YouTube: Mainclay",
	"textures": {
		"texture": "item/anvil_1"
	},
	"elements": [
		{
			"from": [-0.5, 10.25, 7.5],
			"to": [1, 10.75, 7.75],
			"rotation": {"angle": 0, "axis": "y", "origin": [4.25, 3, 0]},
			"faces": {
				"north": {"uv": [13, 12, 15, 10], "texture": "#texture"},
				"south": {"uv": [15, 12, 13, 10], "texture": "#texture"},
				"west": {"uv": [15, 12, 13, 10], "texture": "#texture"},
				"up": {"uv": [15, 12, 13, 10], "texture": "#texture"},
				"down": {"uv": [15, 12, 13, 10], "texture": "#texture"}
			}
		},
		{
			"from": [1.5, 10.25, 8.25],
			"to": [1.75, 10.75, 8.5],
			"rotation": {"angle": 0, "axis": "y", "origin": [4.25, 3, 0]},
			"faces": {
				"north": {"uv": [13, 12, 15, 10], "texture": "#texture"},
				"south": {"uv": [15, 12, 13, 10], "texture": "#texture"},
				"west": {"uv": [15, 12, 13, 10], "texture": "#texture"},
				"up": {"uv": [15, 12, 13, 10], "texture": "#texture"},
				"down": {"uv": [15, 12, 13, 10], "texture": "#texture"}
			}
		},
		{
			"from": [1.5, 10, 7.75],
			"to": [1.75, 10.25, 8.25],
			"rotation": {"angle": 0, "axis": "y", "origin": [4.25, 3, 0]},
			"faces": {
				"north": {"uv": [13, 12, 15, 10], "texture": "#texture"},
				"south": {"uv": [15, 12, 13, 10], "texture": "#texture"},
				"west": {"uv": [15, 12, 13, 10], "texture": "#texture"},
				"up": {"uv": [15, 12, 13, 10], "texture": "#texture"},
				"down": {"uv": [15, 12, 13, 10], "texture": "#texture"}
			}
		},
		{
			"from": [1.5, 10.75, 7.75],
			"to": [1.75, 11, 8.25],
			"rotation": {"angle": 0, "axis": "y", "origin": [4.25, 3, 0]},
			"faces": {
				"north": {"uv": [13, 12, 15, 10], "texture": "#texture"},
				"south": {"uv": [15, 12, 13, 10], "texture": "#texture"},
				"west": {"uv": [15, 12, 13, 10], "texture": "#texture"},
				"up": {"uv": [15, 12, 13, 10], "texture": "#texture"},
				"down": {"uv": [15, 12, 13, 10], "texture": "#texture"}
			}
		},
		{
			"from": [1.5, 10.25, 7.5],
			"to": [1.75, 10.75, 7.75],
			"rotation": {"angle": 0, "axis": "y", "origin": [4.25, 3, 0]},
			"faces": {
				"north": {"uv": [13, 12, 15, 10], "texture": "#texture"},
				"south": {"uv": [15, 12, 13, 10], "texture": "#texture"},
				"west": {"uv": [15, 12, 13, 10], "texture": "#texture"},
				"up": {"uv": [15, 12, 13, 10], "texture": "#texture"},
				"down": {"uv": [15, 12, 13, 10], "texture": "#texture"}
			}
		},
		{
			"from": [-0.5, 10.75, 7.75],
			"to": [1, 11, 8.25],
			"rotation": {"angle": 0, "axis": "y", "origin": [4.25, 3, 0]},
			"faces": {
				"north": {"uv": [13, 12, 15, 10], "texture": "#texture"},
				"south": {"uv": [15, 12, 13, 10], "texture": "#texture"},
				"west": {"uv": [15, 12, 13, 10], "texture": "#texture"},
				"up": {"uv": [15, 12, 13, 10], "texture": "#texture"},
				"down": {"uv": [15, 12, 13, 10], "texture": "#texture"}
			}
		},
		{
			"from": [-0.5, 10, 7.75],
			"to": [1, 10.25, 8.25],
			"rotation": {"angle": 0, "axis": "y", "origin": [4.25, 3, 0]},
			"faces": {
				"north": {"uv": [13, 12, 15, 10], "texture": "#texture"},
				"south": {"uv": [15, 12, 13, 10], "texture": "#texture"},
				"west": {"uv": [15, 12, 13, 10], "texture": "#texture"},
				"up": {"uv": [15, 12, 13, 10], "texture": "#texture"},
				"down": {"uv": [15, 12, 13, 10], "texture": "#texture"}
			}
		},
		{
			"from": [-0.5, 10.25, 8.25],
			"to": [1, 10.75, 8.5],
			"rotation": {"angle": 0, "axis": "y", "origin": [4.25, 3, 0]},
			"faces": {
				"north": {"uv": [13, 12, 15, 10], "texture": "#texture"},
				"south": {"uv": [15, 12, 13, 10], "texture": "#texture"},
				"west": {"uv": [15, 12, 13, 10], "texture": "#texture"},
				"up": {"uv": [15, 12, 13, 10], "texture": "#texture"},
				"down": {"uv": [15, 12, 13, 10], "texture": "#texture"}
			}
		},
		{
			"from": [8, 9.625, 7.075],
			"to": [15.75, 10.625, 8.925],
			"rotation": {"angle": 0, "axis": "y", "origin": [4.25, 3, 0]},
			"faces": {
				"north": {"uv": [15, 12, 13, 10], "texture": "#texture"},
				"east": {"uv": [15, 12, 13, 10], "texture": "#texture"},
				"south": {"uv": [15, 12, 13, 10], "texture": "#texture"},
				"west": {"uv": [15, 12, 13, 10], "texture": "#texture"},
				"up": {"uv": [15, 12, 13, 10], "texture": "#texture"},
				"down": {"uv": [13, 12, 15, 10], "texture": "#texture"}
			}
		},
		{
			"from": [1.8, 9.5, 6.95],
			"to": [8, 11, 9.05],
			"rotation": {"angle": 0, "axis": "y", "origin": [4.25, 3, 0]},
			"faces": {
				"north": {"uv": [16, 12, 15, 11], "texture": "#texture"},
				"east": {"uv": [16, 12, 15, 11], "texture": "#texture"},
				"south": {"uv": [16, 12, 15, 11], "texture": "#texture"},
				"west": {"uv": [16, 12, 15, 11], "texture": "#texture"},
				"up": {"uv": [16, 12, 15, 11], "texture": "#texture"},
				"down": {"uv": [15, 11, 16, 12], "texture": "#texture"}
			}
		},
		{
			"from": [1, 9.75, 7.5],
			"to": [1.5, 11.25, 8.525],
			"rotation": {"angle": 0, "axis": "y", "origin": [4.25, 3, 0]},
			"faces": {
				"north": {"uv": [15, 12, 13, 10], "texture": "#texture"},
				"east": {"uv": [15, 12, 13, 10], "texture": "#texture"},
				"south": {"uv": [15, 12, 13, 10], "texture": "#texture"},
				"west": {"uv": [15, 12, 13, 10], "texture": "#texture"},
				"up": {"uv": [15, 12, 13, 10], "texture": "#texture"},
				"down": {"uv": [13, 12, 15, 10], "texture": "#texture"}
			}
		},
		{
			"from": [3.5, 9.25, 7.125],
			"to": [8, 9.5, 8.875],
			"rotation": {"angle": 0, "axis": "y", "origin": [4.25, 3, 0]},
			"faces": {
				"north": {"uv": [16, 12, 15, 11], "texture": "#texture"},
				"east": {"uv": [16, 12, 15, 11], "texture": "#texture"},
				"south": {"uv": [16, 12, 15, 11], "texture": "#texture"},
				"west": {"uv": [16, 12, 15, 11], "texture": "#texture"},
				"up": {"uv": [16, 12, 15, 11], "texture": "#texture"},
				"down": {"uv": [15, 11, 16, 12], "texture": "#texture"}
			}
		},
		{
			"from": [6, 9, 7.325],
			"to": [8, 9.25, 8.65],
			"rotation": {"angle": 0, "axis": "y", "origin": [4.25, 3, 0]},
			"faces": {
				"north": {"uv": [16, 12, 15, 11], "texture": "#texture"},
				"east": {"uv": [16, 12, 15, 11], "texture": "#texture"},
				"south": {"uv": [16, 12, 15, 11], "texture": "#texture"},
				"west": {"uv": [16, 12, 15, 11], "texture": "#texture"},
				"up": {"uv": [16, 12, 15, 11], "texture": "#texture"},
				"down": {"uv": [15, 11, 16, 12], "texture": "#texture"}
			}
		},
		{
			"from": [1.75, 10, 7.3],
			"to": [16.75, 11.25, 8.7],
			"rotation": {"angle": 0, "axis": "y", "origin": [4.25, 3, 0]},
			"faces": {
				"north": {"uv": [15, 12, 13, 10], "texture": "#texture"},
				"east": {"uv": [15, 12, 13, 10], "texture": "#texture"},
				"south": {"uv": [15, 12, 13, 10], "texture": "#texture"},
				"west": {"uv": [15, 12, 13, 10], "texture": "#texture"},
				"up": {"uv": [15, 12, 13, 10], "texture": "#texture"},
				"down": {"uv": [13, 12, 15, 10], "texture": "#texture"}
			}
		},
		{
			"from": [15.75, 9.175, 7.075],
			"to": [16.75, 11, 8.925],
			"rotation": {"angle": 0, "axis": "y", "origin": [4.25, 3, 0]},
			"faces": {
				"north": {"uv": [15, 12, 13, 10], "texture": "#texture"},
				"east": {"uv": [15, 12, 13, 10], "texture": "#texture"},
				"south": {"uv": [15, 12, 13, 10], "texture": "#texture"},
				"west": {"uv": [15, 12, 13, 10], "texture": "#texture"},
				"up": {"uv": [15, 12, 13, 10], "texture": "#texture"},
				"down": {"uv": [13, 12, 15, 10], "texture": "#texture"}
			}
		},
		{
			"from": [16.75, 11.25, 7.65],
			"to": [17, 11.5, 8.35],
			"rotation": {"angle": 0, "axis": "y", "origin": [4.25, 3, 0]},
			"faces": {
				"north": {"uv": [15, 12, 13, 10], "texture": "#texture"},
				"east": {"uv": [15, 12, 13, 10], "texture": "#texture"},
				"south": {"uv": [15, 12, 13, 10], "texture": "#texture"},
				"west": {"uv": [15, 12, 13, 10], "texture": "#texture"},
				"up": {"uv": [15, 12, 13, 10], "texture": "#texture"},
				"down": {"uv": [13, 12, 15, 10], "texture": "#texture"}
			}
		},
		{
			"from": [15.75, 11, 7.075],
			"to": [16.5, 11.5, 8.925],
			"rotation": {"angle": 0, "axis": "y", "origin": [4.25, 3, 0]},
			"faces": {
				"north": {"uv": [15, 12, 13, 10], "texture": "#texture"},
				"east": {"uv": [15, 12, 13, 10], "texture": "#texture"},
				"south": {"uv": [15, 12, 13, 10], "texture": "#texture"},
				"west": {"uv": [15, 12, 13, 10], "texture": "#texture"},
				"up": {"uv": [15, 12, 13, 10], "texture": "#texture"},
				"down": {"uv": [13, 12, 15, 10], "texture": "#texture"}
			}
		},
		{
			"from": [17.5, 8.675, 7.25],
			"to": [18.175, 10.925, 8.75],
			"rotation": {"angle": 0, "axis": "y", "origin": [4.25, 2.675, 0]},
			"faces": {
				"north": {"uv": [16, 12, 15, 11], "texture": "#texture"},
				"east": {"uv": [16, 12, 15, 11], "texture": "#texture"},
				"south": {"uv": [16, 12, 15, 11], "texture": "#texture"},
				"west": {"uv": [16, 12, 15, 11], "texture": "#texture"},
				"up": {"uv": [16, 12, 15, 11], "texture": "#texture"},
				"down": {"uv": [15, 11, 16, 12], "texture": "#texture"}
			}
		},
		{
			"from": [17.75, 8.5, 7.5],
			"to": [18.525, 11.175, 8.5],
			"rotation": {"angle": 0, "axis": "y", "origin": [4.25, 2.675, 0]},
			"faces": {
				"north": {"uv": [16, 12, 15, 11], "texture": "#texture"},
				"east": {"uv": [16, 12, 15, 11], "texture": "#texture"},
				"south": {"uv": [16, 12, 15, 11], "texture": "#texture"},
				"west": {"uv": [16, 12, 15, 11], "texture": "#texture"},
				"up": {"uv": [16, 12, 15, 11], "texture": "#texture"},
				"down": {"uv": [15, 11, 16, 12], "texture": "#texture"}
			}
		},
		{
			"from": [19, 0.85, 7.5],
			"to": [19.725, 2.875, 8.5],
			"rotation": {"angle": 22.5, "axis": "z", "origin": [4.25, 2.675, 0]},
			"faces": {
				"north": {"uv": [16, 12, 15, 11], "texture": "#texture"},
				"east": {"uv": [16, 12, 15, 11], "texture": "#texture"},
				"south": {"uv": [16, 12, 15, 11], "texture": "#texture"},
				"west": {"uv": [16, 12, 15, 11], "texture": "#texture"},
				"up": {"uv": [16, 12, 15, 11], "texture": "#texture"},
				"down": {"uv": [15, 11, 16, 12], "texture": "#texture"}
			}
		},
		{
			"from": [17.5, 9.425, 8.75],
			"to": [18.175, 10.675, 8.925],
			"rotation": {"angle": 0, "axis": "y", "origin": [4.25, 2.925, 0]},
			"faces": {
				"north": {"uv": [16, 12, 15, 11], "texture": "#texture"},
				"east": {"uv": [16, 12, 15, 11], "texture": "#texture"},
				"south": {"uv": [16, 12, 15, 11], "texture": "#texture"},
				"west": {"uv": [16, 12, 15, 11], "texture": "#texture"},
				"up": {"uv": [16, 12, 15, 11], "texture": "#texture"},
				"down": {"uv": [15, 11, 16, 12], "texture": "#texture"}
			}
		},
		{
			"from": [17.5, 9.425, 7.075],
			"to": [18.175, 10.675, 7.25],
			"rotation": {"angle": 0, "axis": "y", "origin": [4.25, 2.925, 0]},
			"faces": {
				"north": {"uv": [16, 12, 15, 11], "texture": "#texture"},
				"east": {"uv": [16, 12, 15, 11], "texture": "#texture"},
				"south": {"uv": [16, 12, 15, 11], "texture": "#texture"},
				"west": {"uv": [16, 12, 15, 11], "texture": "#texture"},
				"up": {"uv": [16, 12, 15, 11], "texture": "#texture"},
				"down": {"uv": [15, 11, 16, 12], "texture": "#texture"}
			}
		},
		{
			"from": [18.8, 1.1, 7.25],
			"to": [19.525, 3.15, 8.75],
			"rotation": {"angle": 22.5, "axis": "z", "origin": [4.25, 2.675, 0]},
			"faces": {
				"north": {"uv": [16, 12, 15, 11], "texture": "#texture"},
				"east": {"uv": [16, 12, 15, 11], "texture": "#texture"},
				"south": {"uv": [16, 12, 15, 11], "texture": "#texture"},
				"west": {"uv": [16, 12, 15, 11], "texture": "#texture"},
				"up": {"uv": [16, 12, 15, 11], "texture": "#texture"},
				"down": {"uv": [15, 11, 16, 12], "texture": "#texture"}
			}
		},
		{
			"from": [10.675, 9.8, 8.85],
			"to": [18, 10.325, 9.1],
			"rotation": {"angle": 0, "axis": "y", "origin": [4.25, 3, 0]},
			"faces": {
				"north": {"uv": [0, 13, 1, 14], "texture": "#texture"},
				"east": {"uv": [0, 13, 1, 14], "texture": "#texture"},
				"south": {"uv": [0, 13, 1, 14], "texture": "#texture"},
				"west": {"uv": [0, 13, 1, 14], "texture": "#texture"},
				"up": {"uv": [0, 13, 1, 14], "texture": "#texture"},
				"down": {"uv": [1, 14, 0, 13], "texture": "#texture"}
			}
		},
		{
			"from": [1, 12.05, 8.25],
			"to": [1.5, 12.55, 8.5],
			"rotation": {"angle": 0, "axis": "y", "origin": [4.25, 2.75, 0]},
			"faces": {
				"north": {"uv": [15, 12, 13, 10], "texture": "#texture"},
				"east": {"uv": [15, 12, 13, 10], "texture": "#texture"},
				"south": {"uv": [15, 12, 13, 10], "texture": "#texture"},
				"west": {"uv": [15, 12, 13, 10], "texture": "#texture"},
				"up": {"uv": [15, 12, 13, 10], "texture": "#texture"},
				"down": {"uv": [13, 12, 15, 10], "texture": "#texture"}
			}
		},
		{
			"from": [4.75, 11.35, 8],
			"to": [5.25, 11.6, 9.25],
			"rotation": {"angle": 0, "axis": "y", "origin": [4.25, 2.75, 0]},
			"faces": {
				"north": {"uv": [16, 11, 15, 10], "texture": "#texture"},
				"east": {"uv": [16, 11, 15, 10], "texture": "#texture"},
				"south": {"uv": [16, 11, 15, 10], "texture": "#texture"},
				"west": {"uv": [16, 11, 15, 10], "texture": "#texture"},
				"up": {"uv": [16, 11, 15, 10], "texture": "#texture"},
				"down": {"uv": [15, 10, 16, 11], "texture": "#texture"}
			}
		},
		{
			"from": [-7.25, 9.75, 7.5],
			"to": [-0.25, 10.25, 8.5],
			"rotation": {"angle": 0, "axis": "y", "origin": [4.25, 2.75, 0]},
			"faces": {
				"north": {"uv": [1, 12, 0, 11], "texture": "#texture"},
				"east": {"uv": [1, 12, 0, 11], "texture": "#texture"},
				"south": {"uv": [1, 12, 0, 11], "texture": "#texture"},
				"west": {"uv": [1, 12, 0, 11], "texture": "#texture"},
				"up": {"uv": [1, 12, 0, 11], "texture": "#texture"},
				"down": {"uv": [0, 11, 1, 12], "texture": "#texture"}
			}
		},
		{
			"from": [-7.25, 10.75, 7.5],
			"to": [-0.25, 11.25, 8.5],
			"rotation": {"angle": 0, "axis": "y", "origin": [4.25, 2.75, 0]},
			"faces": {
				"north": {"uv": [1, 12, 0, 11], "texture": "#texture"},
				"east": {"uv": [1, 12, 0, 11], "texture": "#texture"},
				"south": {"uv": [1, 12, 0, 11], "texture": "#texture"},
				"west": {"uv": [1, 12, 0, 11], "texture": "#texture"},
				"up": {"uv": [1, 12, 0, 11], "texture": "#texture"},
				"down": {"uv": [0, 11, 1, 12], "texture": "#texture"}
			}
		},
		{
			"from": [-7.25, 10, 7.25],
			"to": [-0.25, 11, 7.75],
			"rotation": {"angle": 0, "axis": "y", "origin": [4.25, 2.75, 0]},
			"faces": {
				"north": {"uv": [1, 12, 0, 11], "texture": "#texture"},
				"east": {"uv": [1, 12, 0, 11], "texture": "#texture"},
				"south": {"uv": [1, 12, 0, 11], "texture": "#texture"},
				"west": {"uv": [1, 12, 0, 11], "texture": "#texture"},
				"up": {"uv": [1, 12, 0, 11], "texture": "#texture"},
				"down": {"uv": [0, 11, 1, 12], "texture": "#texture"}
			}
		},
		{
			"from": [-7.25, 10, 8.25],
			"to": [-0.25, 11, 8.75],
			"rotation": {"angle": 0, "axis": "y", "origin": [4.25, 2.75, 0]},
			"faces": {
				"north": {"uv": [1, 12, 0, 11], "texture": "#texture"},
				"east": {"uv": [1, 12, 0, 11], "texture": "#texture"},
				"south": {"uv": [1, 12, 0, 11], "texture": "#texture"},
				"west": {"uv": [1, 12, 0, 11], "texture": "#texture"},
				"up": {"uv": [1, 12, 0, 11], "texture": "#texture"},
				"down": {"uv": [0, 11, 1, 12], "texture": "#texture"}
			}
		},
		{
			"from": [3.75, 5.5, 7.625],
			"to": [5, 9, 8.375],
			"rotation": {"angle": 0, "axis": "y", "origin": [4.25, 3, 0]},
			"faces": {
				"north": {"uv": [16, 11, 15, 10], "rotation": 90, "texture": "#texture"},
				"east": {"uv": [15, 10, 16, 11], "rotation": 270, "texture": "#texture"},
				"south": {"uv": [16, 11, 15, 10], "rotation": 270, "texture": "#texture"},
				"west": {"uv": [16, 11, 15, 10], "rotation": 270, "texture": "#texture"},
				"up": {"uv": [16, 11, 15, 10], "rotation": 270, "texture": "#texture"},
				"down": {"uv": [16, 11, 15, 10], "rotation": 270, "texture": "#texture"}
			}
		},
		{
			"from": [4, 5.5, 7.375],
			"to": [4.75, 9, 8.625],
			"rotation": {"angle": 0, "axis": "y", "origin": [4.25, 3, 0]},
			"faces": {
				"north": {"uv": [16, 11, 15, 10], "rotation": 90, "texture": "#texture"},
				"east": {"uv": [15, 10, 16, 11], "rotation": 270, "texture": "#texture"},
				"south": {"uv": [16, 11, 15, 10], "rotation": 270, "texture": "#texture"},
				"west": {"uv": [16, 11, 15, 10], "rotation": 270, "texture": "#texture"},
				"up": {"uv": [16, 11, 15, 10], "rotation": 270, "texture": "#texture"},
				"down": {"uv": [16, 11, 15, 10], "rotation": 270, "texture": "#texture"}
			}
		},
		{
			"from": [4, 9, 7.625],
			"to": [4.75, 9.5, 8.375],
			"rotation": {"angle": 0, "axis": "y", "origin": [4.25, 3, 0]},
			"faces": {
				"north": {"uv": [9.25, 6, 12.75, 7.25], "rotation": 90, "texture": "#texture"},
				"east": {"uv": [12.75, 9, 9.25, 7], "rotation": 270, "texture": "#texture"},
				"south": {"uv": [3.25, 6, 6.75, 7.25], "rotation": 270, "texture": "#texture"},
				"west": {"uv": [3.25, 7, 6.75, 9], "rotation": 270, "texture": "#texture"},
				"up": {"uv": [7, 6, 9, 7.25], "rotation": 270, "texture": "#texture"},
				"down": {"uv": [7, 6, 9, 7.25], "rotation": 270, "texture": "#texture"}
			}
		},
		{
			"from": [1, 12.05, 7.5],
			"to": [1.5, 12.55, 7.75],
			"rotation": {"angle": 0, "axis": "y", "origin": [4.25, 2.75, 0]},
			"faces": {
				"north": {"uv": [15, 12, 13, 10], "texture": "#texture"},
				"east": {"uv": [15, 12, 13, 10], "texture": "#texture"},
				"south": {"uv": [15, 12, 13, 10], "texture": "#texture"},
				"west": {"uv": [15, 12, 13, 10], "texture": "#texture"},
				"up": {"uv": [15, 12, 13, 10], "texture": "#texture"},
				"down": {"uv": [13, 12, 15, 10], "texture": "#texture"}
			}
		},
		{
			"from": [1, 12.55, 7.75],
			"to": [1.5, 12.8, 8.25],
			"rotation": {"angle": 0, "axis": "y", "origin": [4.25, 2.75, 0]},
			"faces": {
				"north": {"uv": [15, 12, 13, 10], "texture": "#texture"},
				"east": {"uv": [15, 12, 13, 10], "texture": "#texture"},
				"south": {"uv": [15, 12, 13, 10], "texture": "#texture"},
				"west": {"uv": [15, 12, 13, 10], "texture": "#texture"},
				"up": {"uv": [15, 12, 13, 10], "texture": "#texture"},
				"down": {"uv": [13, 12, 15, 10], "texture": "#texture"}
			}
		},
		{
			"from": [1, 11.8, 7.75],
			"to": [1.5, 12.05, 8.25],
			"rotation": {"angle": 0, "axis": "y", "origin": [4.25, 2.75, 0]},
			"faces": {
				"north": {"uv": [15, 12, 13, 10], "texture": "#texture"},
				"east": {"uv": [15, 12, 13, 10], "texture": "#texture"},
				"south": {"uv": [15, 12, 13, 10], "texture": "#texture"},
				"west": {"uv": [15, 12, 13, 10], "texture": "#texture"},
				"up": {"uv": [15, 12, 13, 10], "texture": "#texture"},
				"down": {"uv": [13, 12, 15, 10], "texture": "#texture"}
			}
		},
		{
			"from": [10.675, 9.8, 6.9],
			"to": [18, 10.325, 7.15],
			"rotation": {"angle": 0, "axis": "y", "origin": [4.25, 3, 0]},
			"faces": {
				"north": {"uv": [0, 13, 1, 14], "texture": "#texture"},
				"east": {"uv": [0, 13, 1, 14], "texture": "#texture"},
				"south": {"uv": [0, 13, 1, 14], "texture": "#texture"},
				"west": {"uv": [0, 13, 1, 14], "texture": "#texture"},
				"up": {"uv": [0, 13, 1, 14], "texture": "#texture"},
				"down": {"uv": [1, 14, 0, 13], "texture": "#texture"}
			}
		},
		{
			"from": [9.9, 8.025, 7.25],
			"to": [14.775, 9.675, 8.75],
			"rotation": {"angle": 0, "axis": "y", "origin": [4.25, 2.925, 0]},
			"faces": {
				"north": {"uv": [0, 16, 1, 15], "texture": "#texture"},
				"east": {"uv": [0, 16, 1, 15], "texture": "#texture"},
				"south": {"uv": [0, 16, 1, 15], "texture": "#texture"},
				"west": {"uv": [0, 16, 1, 15], "texture": "#texture"},
				"up": {"uv": [0, 16, 1, 15], "texture": "#texture"},
				"down": {"uv": [0, 16, 1, 15], "texture": "#texture"}
			}
		},
		{
			"from": [8.4, 8.275, 7.25],
			"to": [9.9, 9.675, 8.75],
			"rotation": {"angle": 0, "axis": "y", "origin": [4.25, 2.925, 0]},
			"faces": {
				"north": {"uv": [2, 16, 1, 15], "texture": "#texture"},
				"east": {"uv": [2, 16, 1, 15], "texture": "#texture"},
				"south": {"uv": [2, 16, 1, 15], "texture": "#texture"},
				"west": {"uv": [2, 16, 1, 15], "texture": "#texture"},
				"up": {"uv": [2, 15, 1, 16], "texture": "#texture"},
				"down": {"uv": [1, 15, 2, 16], "texture": "#texture"}
			}
		},
		{
			"from": [14.775, 8.625, 7.25],
			"to": [15.275, 9.925, 8.75],
			"rotation": {"angle": 0, "axis": "y", "origin": [4.25, 2.925, 0]},
			"faces": {
				"north": {"uv": [0, 16, 1, 15], "texture": "#texture"},
				"east": {"uv": [0, 16, 1, 15], "texture": "#texture"},
				"south": {"uv": [0, 16, 1, 15], "texture": "#texture"},
				"up": {"uv": [0, 16, 1, 15], "texture": "#texture"},
				"down": {"uv": [0, 16, 1, 15], "texture": "#texture"}
			}
		},
		{
			"from": [15.275, 9.175, 7.25],
			"to": [15.775, 9.925, 8.75],
			"rotation": {"angle": 0, "axis": "y", "origin": [4.25, 2.925, 0]},
			"faces": {
				"north": {"uv": [8.75, 13.25, 9.25, 14.25], "texture": "#texture"},
				"east": {"uv": [7, 13.25, 9, 14.25], "texture": "#texture"},
				"south": {"uv": [6.75, 13.25, 7.25, 14.25], "texture": "#texture"},
				"up": {"uv": [6.75, 14, 7.25, 16], "texture": "#texture"},
				"down": {"uv": [9.25, 16, 8.75, 14], "texture": "#texture"}
			}
		},
		{
			"from": [15.5, 0.325, 7.5],
			"to": [17, 4.075, 8.5],
			"rotation": {"angle": 22.5, "axis": "z", "origin": [4.25, -0.5, 0]},
			"faces": {
				"north": {"uv": [0, 16, 1, 15], "texture": "#texture"},
				"east": {"uv": [0, 16, 1, 15], "texture": "#texture"},
				"south": {"uv": [0, 16, 1, 15], "texture": "#texture"},
				"west": {"uv": [0, 16, 1, 15], "texture": "#texture"},
				"down": {"uv": [1, 16, 0, 15], "texture": "#texture"}
			}
		},
		{
			"from": [15.75, 0.325, 7.25],
			"to": [17.25, 3.95, 8.75],
			"rotation": {"angle": 22.5, "axis": "z", "origin": [4.25, -0.5, 0]},
			"faces": {
				"north": {"uv": [0, 16, 1, 15], "texture": "#texture"},
				"east": {"uv": [0, 16, 1, 15], "texture": "#texture"},
				"south": {"uv": [0, 16, 1, 15], "texture": "#texture"},
				"west": {"uv": [0, 16, 1, 15], "texture": "#texture"},
				"up": {"uv": [0, 16, 1, 15], "texture": "#texture"},
				"down": {"uv": [1, 16, 0, 15], "texture": "#texture"}
			}
		},
		{
			"from": [17.25, 0.325, 7.25],
			"to": [17.35, 1.95, 8.75],
			"rotation": {"angle": 22.5, "axis": "z", "origin": [4.25, -0.5, 0]},
			"faces": {
				"north": {"uv": [0, 16, 1, 15], "texture": "#texture"},
				"east": {"uv": [0, 16, 1, 15], "texture": "#texture"},
				"south": {"uv": [0, 16, 1, 15], "texture": "#texture"},
				"west": {"uv": [0, 16, 1, 15], "texture": "#texture"},
				"up": {"uv": [0, 16, 1, 15], "texture": "#texture"},
				"down": {"uv": [1, 16, 0, 15], "texture": "#texture"}
			}
		},
		{
			"from": [13.75, 3.225, 7.75],
			"to": [14, 4.8, 8.25],
			"rotation": {"angle": 22.5, "axis": "z", "origin": [4.25, -0.8, 0]},
			"faces": {
				"north": {"uv": [0, 16, 1, 15], "texture": "#texture"},
				"east": {"uv": [0, 16, 1, 15], "texture": "#texture"},
				"south": {"uv": [0, 16, 1, 15], "texture": "#texture"},
				"west": {"uv": [0, 16, 1, 15], "texture": "#texture"},
				"down": {"uv": [0, 16, 1, 15], "texture": "#texture"}
			}
		},
		{
			"from": [11.5, 6.55, 7.75],
			"to": [12.9, 6.8, 8.25],
			"rotation": {"angle": 0, "axis": "y", "origin": [4.25, -0.8, 0]},
			"faces": {
				"north": {"uv": [0, 16, 1, 15], "texture": "#texture"},
				"south": {"uv": [0, 16, 1, 15], "texture": "#texture"},
				"west": {"uv": [0, 16, 1, 15], "texture": "#texture"},
				"up": {"uv": [0, 16, 1, 15], "texture": "#texture"},
				"down": {"uv": [0, 16, 1, 15], "texture": "#texture"}
			}
		},
		{
			"from": [15.05, 2.675, 7.75],
			"to": [16, 2.925, 8.25],
			"rotation": {"angle": 22.5, "axis": "z", "origin": [4.25, -0.8, 0]},
			"faces": {
				"north": {"uv": [0, 16, 1, 15], "texture": "#texture"},
				"south": {"uv": [0, 16, 1, 15], "texture": "#texture"},
				"west": {"uv": [0, 16, 1, 15], "texture": "#texture"},
				"up": {"uv": [0, 16, 1, 15], "texture": "#texture"},
				"down": {"uv": [0, 16, 1, 15], "texture": "#texture"}
			}
		},
		{
			"from": [15.45, 0.3, 7.75],
			"to": [16, 0.55, 8.25],
			"rotation": {"angle": 22.5, "axis": "z", "origin": [4.25, -0.8, 0]},
			"faces": {
				"north": {"uv": [0, 16, 1, 15], "texture": "#texture"},
				"south": {"uv": [0, 16, 1, 15], "texture": "#texture"},
				"west": {"uv": [0, 16, 1, 15], "texture": "#texture"},
				"up": {"uv": [0, 16, 1, 15], "texture": "#texture"},
				"down": {"uv": [0, 16, 1, 15], "texture": "#texture"}
			}
		},
		{
			"from": [12.675, 6.95, 7.75],
			"to": [12.925, 8.2, 8.25],
			"rotation": {"angle": -22.5, "axis": "z", "origin": [12.75, 8.2, 7.75]},
			"faces": {
				"north": {"uv": [0, 16, 1, 15], "texture": "#texture"},
				"east": {"uv": [0, 16, 1, 15], "texture": "#texture"},
				"south": {"uv": [0, 16, 1, 15], "texture": "#texture"},
				"west": {"uv": [0, 16, 1, 15], "texture": "#texture"},
				"up": {"uv": [0, 16, 1, 15], "texture": "#texture"},
				"down": {"uv": [0, 16, 1, 15], "texture": "#texture"}
			}
		},
		{
			"from": [15.675, 6.775, 7.425],
			"to": [16.425, 7.525, 8.575],
			"rotation": {"angle": 22.5, "axis": "z", "origin": [4.175, 4.75, 0]},
			"faces": {
				"north": {"uv": [14.5, 2.85, 15.5, 3.35], "texture": "#texture"},
				"east": {"uv": [7.5, 4.75, 8.5, 5.25], "texture": "#texture"},
				"south": {"uv": [14.5, 2.85, 15.5, 3.35], "texture": "#texture"},
				"west": {"uv": [7.5, 4.75, 8.5, 5.25], "texture": "#texture"},
				"up": {"uv": [13.5, 7.5, 14.5, 8.5], "texture": "#texture"}
			}
		},
		{
			"from": [14.4, 11.25, 7.425],
			"to": [14.925, 12.075, 8.575],
			"rotation": {"angle": 0, "axis": "y", "origin": [4.175, 4.75, 0]},
			"faces": {
				"north": {"uv": [14.5, 2.85, 15.5, 3.35], "texture": "#texture"},
				"east": {"uv": [7.5, 4.75, 8.5, 5.25], "texture": "#texture"},
				"south": {"uv": [14.5, 2.85, 15.5, 3.35], "texture": "#texture"},
				"west": {"uv": [7.5, 4.75, 8.5, 5.25], "texture": "#texture"},
				"up": {"uv": [14.5, 2.5, 15.5, 3.5], "texture": "#texture"}
			}
		},
		{
			"from": [15.8, 7.5, 7.425],
			"to": [16.425, 8.05, 7.625],
			"rotation": {"angle": 22.5, "axis": "z", "origin": [4.175, 4.75, 0]},
			"faces": {
				"north": {"uv": [13.5, 3.25, 14.5, 3.75], "texture": "#texture"},
				"east": {"uv": [8.25, 4.25, 8.5, 4.75], "texture": "#texture"},
				"south": {"uv": [13.5, 3.25, 14.5, 3.75], "texture": "#texture"},
				"west": {"uv": [7.5, 4.25, 7.75, 4.75], "texture": "#texture"},
				"up": {"uv": [13.5, 7.5, 14.5, 7.75], "texture": "#texture"}
			}
		},
		{
			"from": [16.05, 7.25, 7.625],
			"to": [16.175, 7.8, 8.375],
			"rotation": {"angle": 22.5, "axis": "z", "origin": [4.175, 4.75, 0]},
			"faces": {
				"north": {"uv": [1.5, 4.25, 2.5, 4.75], "texture": "#texture"},
				"east": {"uv": [8.25, 4.25, 8.5, 4.75], "texture": "#texture"},
				"south": {"uv": [13.5, 4.25, 14.5, 4.75], "texture": "#texture"},
				"west": {"uv": [7.5, 4.25, 7.75, 4.75], "texture": "#texture"},
				"up": {"uv": [13.5, 7.5, 14.5, 7.75], "texture": "#texture"}
			}
		},
		{
			"from": [15.8, 7.525, 8.375],
			"to": [16.425, 8.075, 8.575],
			"rotation": {"angle": 22.5, "axis": "z", "origin": [4.175, 4.75, 0]},
			"faces": {
				"north": {"uv": [13.5, 3.25, 14.5, 3.75], "texture": "#texture"},
				"east": {"uv": [7.5, 4.25, 7.75, 4.75], "texture": "#texture"},
				"south": {"uv": [13.5, 3.25, 14.5, 3.75], "texture": "#texture"},
				"west": {"uv": [8.25, 4.25, 8.5, 4.75], "texture": "#texture"},
				"up": {"uv": [13.5, 8.25, 14.5, 8.5], "texture": "#texture"}
			}
		},
		{
			"from": [1, 11.25, 7.65],
			"to": [16.75, 11.8, 8.35],
			"rotation": {"angle": 0, "axis": "y", "origin": [-1.75, 1, 0]},
			"faces": {
				"north": {"uv": [15, 12, 13, 10], "texture": "#texture"},
				"east": {"uv": [15, 12, 13, 10], "texture": "#texture"},
				"south": {"uv": [15, 12, 13, 10], "texture": "#texture"},
				"west": {"uv": [15, 12, 13, 10], "texture": "#texture"},
				"up": {"uv": [15, 12, 13, 10], "texture": "#texture"}
			}
		},
		{
			"from": [8.175, 5.4, 7.475],
			"to": [9.55, 6.65, 8.525],
			"rotation": {"angle": 0, "axis": "y", "origin": [6, -1, 0]},
			"faces": {
				"north": {"uv": [6.1, 10.125, 9.95, 10.8], "texture": "#texture", "cullface": "east"},
				"east": {"uv": [6.1, 8.1, 6.7, 8.8], "texture": "#texture", "cullface": "east"},
				"south": {"uv": [9.925, 10.1, 6.1, 10.8], "texture": "#texture", "cullface": "east"},
				"west": {"uv": [9, 10, 10, 11], "texture": "#texture"},
				"down": {"uv": [6.1, 8.9, 6.8, 8.1], "texture": "#texture", "cullface": "east"}
			}
		},
		{
			"from": [7.8, 4.225, 7.475],
			"to": [9.175, 5.4, 8.525],
			"rotation": {"angle": 0, "axis": "y", "origin": [6, -1, 0]},
			"faces": {
				"north": {"uv": [6.1, 10.125, 9.85, 10.8], "texture": "#texture", "cullface": "east"},
				"east": {"uv": [6.2, 8.1, 6.7, 8.8], "texture": "#texture", "cullface": "east"},
				"south": {"uv": [9.925, 10.1, 6.1, 10.8], "texture": "#texture", "cullface": "east"},
				"west": {"uv": [9, 10, 10, 11], "texture": "#texture"},
				"up": {"uv": [9, 10, 10, 11], "texture": "#texture"},
				"down": {"uv": [6.1, 8.9, 6.8, 8.1], "texture": "#texture", "cullface": "east"}
			}
		},
		{
			"from": [7.8, 5.4, 7.475],
			"to": [8.175, 5.65, 8.525],
			"rotation": {"angle": 0, "axis": "y", "origin": [6, -1, 0]},
			"faces": {
				"north": {"uv": [9, 10.2, 9.5, 10.7], "texture": "#texture", "cullface": "east"},
				"east": {"uv": [9.2, 10.1, 9.7, 10.8], "texture": "#texture", "cullface": "east"},
				"south": {"uv": [9.8, 10.1, 9.1, 10.8], "texture": "#texture", "cullface": "east"},
				"west": {"uv": [9, 10, 10, 11], "texture": "#texture"},
				"up": {"uv": [9, 10, 10, 11], "texture": "#texture"},
				"down": {"uv": [9.1, 10.9, 9.8, 10.1], "texture": "#texture", "cullface": "east"}
			}
		},
		{
			"from": [7.4, 4.225, 7.475],
			"to": [7.8, 4.475, 8.525],
			"rotation": {"angle": 0, "axis": "y", "origin": [6, -1, 0]},
			"faces": {
				"north": {"uv": [9.5, 10.2, 9, 10.7], "texture": "#texture", "cullface": "east"},
				"east": {"uv": [9.2, 10.1, 9.7, 10.8], "texture": "#texture", "cullface": "east"},
				"south": {"uv": [9.8, 10.1, 9.1, 10.8], "texture": "#texture", "cullface": "east"},
				"west": {"uv": [9, 10, 10, 11], "texture": "#texture"},
				"up": {"uv": [9, 10, 10, 11], "texture": "#texture"},
				"down": {"uv": [9.1, 10.9, 9.8, 10.1], "texture": "#texture", "cullface": "east"}
			}
		},
		{
			"from": [7.4, 3.225, 7.475],
			"to": [8.775, 4.225, 8.525],
			"rotation": {"angle": 0, "axis": "y", "origin": [6, -1, 0]},
			"faces": {
				"north": {"uv": [6.1, 10.125, 9.85, 10.8], "texture": "#texture", "cullface": "east"},
				"east": {"uv": [6.2, 8.1, 6.7, 8.8], "texture": "#texture", "cullface": "east"},
				"south": {"uv": [9.925, 10.1, 6.1, 10.8], "texture": "#texture", "cullface": "east"},
				"west": {"uv": [9, 10, 10, 11], "texture": "#texture"},
				"up": {"uv": [9, 10, 10, 11], "texture": "#texture"},
				"down": {"uv": [6.1, 8.9, 6.8, 8.1], "texture": "#texture", "cullface": "east"}
			}
		},
		{
			"from": [7.775, 2.475, 7.475],
			"to": [8.35, 2.725, 8.525],
			"rotation": {"angle": 0, "axis": "y", "origin": [6, -1, 0]},
			"faces": {
				"north": {"uv": [5.75, 10.2, 7.95, 10.7], "texture": "#texture", "cullface": "east"},
				"east": {"uv": [6.2, 8.1, 6.7, 8.8], "texture": "#texture", "cullface": "east"},
				"south": {"uv": [7.95, 10.1, 5.825, 10.8], "texture": "#texture", "cullface": "east"},
				"west": {"uv": [9, 10, 10, 11], "texture": "#texture"},
				"up": {"uv": [9, 10, 10, 11], "texture": "#texture"},
				"down": {"uv": [6.1, 8.9, 6.8, 8.1], "texture": "#texture", "cullface": "east"}
			}
		},
		{
			"from": [6.975, 2.725, 7.475],
			"to": [8.35, 3.225, 8.525],
			"rotation": {"angle": 0, "axis": "y", "origin": [6, -1, 0]},
			"faces": {
				"north": {"uv": [6.1, 10.125, 9.85, 10.8], "texture": "#texture", "cullface": "east"},
				"east": {"uv": [6.2, 8.1, 6.7, 8.8], "texture": "#texture", "cullface": "east"},
				"south": {"uv": [9.925, 10.1, 6.1, 10.8], "texture": "#texture", "cullface": "east"},
				"west": {"uv": [9, 10, 10, 11], "texture": "#texture"},
				"up": {"uv": [9, 10, 10, 11], "texture": "#texture"},
				"down": {"uv": [6.1, 8.9, 6.8, 8.1], "texture": "#texture", "cullface": "east"}
			}
		},
		{
			"from": [6.975, 3.225, 7.475],
			"to": [7.4, 3.475, 8.525],
			"rotation": {"angle": 0, "axis": "y", "origin": [6, -1, 0]},
			"faces": {
				"north": {"uv": [9, 10.2, 9.5, 10.7], "texture": "#texture", "cullface": "east"},
				"east": {"uv": [9.2, 10.1, 9.7, 10.8], "texture": "#texture", "cullface": "east"},
				"south": {"uv": [9.8, 10.1, 9.1, 10.8], "texture": "#texture", "cullface": "east"},
				"west": {"uv": [9, 10, 10, 11], "texture": "#texture"},
				"up": {"uv": [9, 10, 10, 11], "texture": "#texture"},
				"down": {"uv": [9.1, 10.9, 9.8, 10.1], "texture": "#texture", "cullface": "east"}
			}
		},
		{
			"from": [8.525, 6.65, 7.475],
			"to": [9.9, 8.4, 8.525],
			"rotation": {"angle": 0, "axis": "y", "origin": [6, -1, 0]},
			"faces": {
				"north": {"uv": [6.1, 10.125, 9.95, 10.8], "texture": "#texture", "cullface": "east"},
				"east": {"uv": [6.1, 8.1, 6.7, 8.8], "texture": "#texture", "cullface": "east"},
				"south": {"uv": [9.925, 10.1, 6.1, 10.8], "texture": "#texture", "cullface": "east"},
				"west": {"uv": [9, 10, 10, 11], "texture": "#texture"},
				"down": {"uv": [6.1, 8.9, 6.8, 8.1], "texture": "#texture", "cullface": "east"}
			}
		},
		{
			"from": [8.175, 6.65, 7.475],
			"to": [8.525, 6.9, 8.525],
			"rotation": {"angle": 0, "axis": "y", "origin": [6, -1, 0]},
			"faces": {
				"north": {"uv": [9, 10.2, 9.5, 10.7], "texture": "#texture", "cullface": "east"},
				"east": {"uv": [9.2, 10.1, 9.7, 10.8], "texture": "#texture", "cullface": "east"},
				"south": {"uv": [9.8, 10.1, 9.1, 10.8], "texture": "#texture", "cullface": "east"},
				"west": {"uv": [9, 10, 10, 11], "texture": "#texture"},
				"up": {"uv": [9, 10, 10, 11], "texture": "#texture"},
				"down": {"uv": [9.1, 10.9, 9.8, 10.1], "texture": "#texture", "cullface": "east"}
			}
		},
		{
			"from": [16.75, 9.175, 7.3],
			"to": [17, 11.25, 8.7],
			"rotation": {"angle": 0, "axis": "y", "origin": [4.25, 3, 0]},
			"faces": {
				"north": {"uv": [15, 12, 13, 10], "texture": "#texture"},
				"east": {"uv": [15, 12, 13, 10], "texture": "#texture"},
				"south": {"uv": [15, 12, 13, 10], "texture": "#texture"},
				"west": {"uv": [15, 12, 13, 10], "texture": "#texture"},
				"up": {"uv": [15, 12, 13, 10], "texture": "#texture"},
				"down": {"uv": [13, 12, 15, 10], "texture": "#texture"}
			}
		}
	],
	"gui_light": "front",
	"display": {
		"thirdperson_righthand": {
			"rotation": [0, -90, 0],
			"translation": [0, 0, -3.25],
			"scale": [0.85, 0.84, 0.8]
		},
		"thirdperson_lefthand": {
			"rotation": [0, 90, 0],
			"translation": [0, 0, -3.25],
			"scale": [0.85, 0.84, 0.8]
		},
		"firstperson_righthand": {
			"rotation": [47.07, -79.61, 24.79],
			"translation": [0, 3.5, -7.75]
		},
		"firstperson_lefthand": {
			"rotation": [-136.79, 78.54, 157.84],
			"translation": [2.25, 4.25, -9.25]
		},
		"ground": {
			"translation": [3.5, 1.5, 0],
			"scale": [0.99, 0.99, 0.95]
		},
		"gui": {
			"rotation": [0, 0, -45],
			"translation": [0, -1.75, 0],
			"scale": [0.74, 0.74, 0.8]
		},
		"fixed": {
			"rotation": [0, 180, -45],
			"translation": [-2.25, -4.95, -1.1],
			"scale": [1.16, 1.16, 1.12]
		}
	}
}