{
	"credit": "Made by SrDarmith - YouTube: Mainclay",
	"textures": {
		"particle": "item/anvil_1",
		"texture": "item/anvil_1"
	},
	"elements": [
		{
			"from": [2.075, 10.7, 7.75],
			"to": [3.575, 10.925, 8.25],
			"faces": {
				"north": {"uv": [12.5, 5, 14, 5.25], "texture": "#texture"},
				"south": {"uv": [2, 5, 3.5, 5.25], "texture": "#texture"},
				"west": {"uv": [7.75, 5, 8.25, 5.25], "texture": "#texture"},
				"up": {"uv": [2, 7.75, 3.5, 8.25], "texture": "#texture"},
				"down": {"uv": [14, 8.25, 12.5, 7.75], "texture": "#texture"}
			}
		},
		{
			"from": [2.075, 10.075, 7.75],
			"to": [3.575, 10.3, 8.25],
			"faces": {
				"north": {"uv": [12.5, 5.75, 14, 6], "texture": "#texture"},
				"south": {"uv": [2, 5.75, 3.5, 6], "texture": "#texture"},
				"west": {"uv": [7.75, 5.75, 8.25, 6], "texture": "#texture"},
				"up": {"uv": [2, 7.75, 3.5, 8.25], "texture": "#texture"},
				"down": {"uv": [14, 8.25, 12.5, 7.75], "texture": "#texture"}
			}
		},
		{
			"from": [2.075, 10.25, 8.2],
			"to": [3.575, 10.75, 8.425],
			"faces": {
				"north": {"uv": [12.5, 5.25, 14, 5.75], "texture": "#texture"},
				"south": {"uv": [2, 5.25, 3.5, 5.75], "texture": "#texture"},
				"west": {"uv": [8.25, 5.25, 8.5, 5.75], "texture": "#texture"},
				"up": {"uv": [2, 8.25, 3.5, 8.5], "texture": "#texture"},
				"down": {"uv": [14, 8.5, 12.5, 8.25], "texture": "#texture"}
			}
		},
		{
			"from": [2.075, 10.25, 7.575],
			"to": [3.575, 10.75, 7.8],
			"faces": {
				"north": {"uv": [12.5, 5.25, 14, 5.75], "texture": "#texture"},
				"south": {"uv": [2, 5.25, 3.5, 5.75], "texture": "#texture"},
				"west": {"uv": [7.5, 5.25, 7.75, 5.75], "texture": "#texture"},
				"up": {"uv": [2, 7.5, 3.5, 7.75], "texture": "#texture"},
				"down": {"uv": [14, 7.75, 12.5, 7.5], "texture": "#texture"}
			}
		},
		{
			"from": [3.75, 9, 7.25],
			"to": [4, 11.475, 8.75],
			"rotation": {"angle": -22.5, "axis": "z", "origin": [3.75, 11.75, 7.25]},
			"faces": {
				"north": {"uv": [11.75, 4, 12, 6.75], "texture": "#texture"},
				"east": {"uv": [7.5, 4, 8.5, 6.75], "texture": "#texture"},
				"south": {"uv": [4, 4, 4.25, 6.75], "texture": "#texture"},
				"west": {"uv": [7.5, 4, 8.5, 6.75], "texture": "#texture"},
				"up": {"uv": [4, 7.5, 4.25, 8.5], "texture": "#texture"},
				"down": {"uv": [12, 8.5, 11.75, 7.5], "texture": "#texture"}
			}
		},
		{
			"from": [3.65, 11, 7.25],
			"to": [11.5, 11.5, 8.75],
			"rotation": {"angle": 0, "axis": "y", "origin": [0, -0.25, 0]},
			"faces": {
				"north": {"uv": [4.5, 4.25, 12.25, 4.75], "texture": "#texture"},
				"east": {"uv": [7.25, 4.25, 8.75, 4.75], "texture": "#texture"},
				"south": {"uv": [3.75, 4.25, 11.5, 4.75], "texture": "#texture"},
				"west": {"uv": [7.25, 4.25, 8.75, 4.75], "texture": "#texture"},
				"up": {"uv": [3.75, 7.25, 11.5, 8.75], "texture": "#texture"}
			}
		},
		{
			"from": [3.5, 10.75, 7.25],
			"to": [11.5, 11, 8.75],
			"faces": {
				"north": {"uv": [4.5, 5, 12.5, 5.25], "texture": "#texture"},
				"east": {"uv": [7.25, 5, 8.75, 5.25], "texture": "#texture"},
				"south": {"uv": [3.5, 5, 11.5, 5.25], "texture": "#texture"},
				"west": {"uv": [7.25, 5, 8.75, 5.25], "texture": "#texture"},
				"up": {"uv": [3.5, 7.25, 11.5, 8.75], "texture": "#texture"}
			}
		},
		{
			"from": [3.25, 10, 7.25],
			"to": [11.5, 10.5, 8.75],
			"faces": {
				"north": {"uv": [3.75, 5.5, 12.75, 6], "texture": "#texture"},
				"east": {"uv": [7.25, 5.5, 8.75, 6], "texture": "#texture"},
				"south": {"uv": [3.25, 5.5, 12.25, 6], "texture": "#texture"},
				"west": {"uv": [7.25, 5.5, 8.75, 6], "texture": "#texture"},
				"up": {"uv": [3.25, 7.25, 12.25, 8.75], "texture": "#texture"}
			}
		},
		{
			"from": [4.25, 9.5, 7.25],
			"to": [11.5, 10, 8.75],
			"faces": {
				"north": {"uv": [3.75, 6, 13, 6.5], "texture": "#texture"},
				"east": {"uv": [7.25, 6, 8.75, 6.5], "texture": "#texture"},
				"south": {"uv": [3, 6, 12.25, 6.5], "texture": "#texture"},
				"west": {"uv": [7.25, 6, 8.75, 6.5], "texture": "#texture"},
				"up": {"uv": [3, 7.25, 12.25, 8.75], "texture": "#texture"},
				"down": {"uv": [13, 8.75, 3.75, 7.25], "texture": "#texture"}
			}
		},
		{
			"from": [7.325, 8.5, 7.5],
			"to": [8.8, 9.5, 8.5],
			"faces": {
				"north": {"uv": [7.25, 6.5, 8.75, 7.25], "texture": "#texture"},
				"east": {"uv": [7.5, 6.5, 8.5, 7.25], "texture": "#texture"},
				"south": {"uv": [7.25, 6.5, 8.75, 7.25], "texture": "#texture"},
				"west": {"uv": [7.5, 6.5, 8.5, 7.25], "texture": "#texture"},
				"down": {"uv": [8.75, 8.5, 7.25, 7.5], "texture": "#texture"}
			}
		},
		{
			"from": [7.5, 7.5, 7.5],
			"to": [9, 8.5, 8.5],
			"faces": {
				"north": {"uv": [7, 7.25, 8.5, 8.25], "texture": "#texture"},
				"east": {"uv": [7.5, 7.25, 8.5, 8.25], "texture": "#texture"},
				"south": {"uv": [7.5, 7.25, 9, 8.25], "texture": "#texture"},
				"west": {"uv": [7.5, 7.25, 8.5, 8.25], "texture": "#texture"},
				"up": {"uv": [7.5, 7.5, 9, 8.5], "texture": "#texture"},
				"down": {"uv": [8.5, 8.5, 7, 7.5], "texture": "#texture"}
			}
		},
		{
			"from": [7.75, 5.75, 7.5],
			"to": [9.25, 7.5, 8.5],
			"faces": {
				"north": {"uv": [6.75, 8.25, 8.25, 10.5], "texture": "#texture"},
				"east": {"uv": [7.5, 8.25, 8.5, 10.5], "texture": "#texture"},
				"south": {"uv": [7.75, 8.25, 9.25, 10.5], "texture": "#texture"},
				"west": {"uv": [7.5, 8.25, 8.5, 10.5], "texture": "#texture"},
				"up": {"uv": [7.75, 7.5, 9.25, 8.5], "texture": "#texture"},
				"down": {"uv": [8.25, 8.5, 6.75, 7.5], "texture": "#texture"}
			}
		},
		{
			"from": [3.6, 9.8, 7.25],
			"to": [6.375, 10.625, 8.75],
			"rotation": {"angle": -22.5, "axis": "z", "origin": [3.5, 10.75, 7.25]},
			"faces": {
				"north": {"uv": [3.5, 5.25, 6.25, 6.5], "texture": "#texture"},
				"east": {"uv": [7.25, 5.25, 8.75, 6.5], "texture": "#texture"},
				"south": {"uv": [3.5, 5.25, 6.25, 6.5], "texture": "#texture"},
				"west": {"uv": [7.25, 5.25, 8.75, 6.5], "texture": "#texture"},
				"down": {"uv": [3.5, 7.25, 6.25, 8.75], "texture": "#texture"}
			}
		},
		{
			"from": [5.325, 8.875, 7.5],
			"to": [6.725, 9.075, 8.5],
			"rotation": {"angle": -45, "axis": "z", "origin": [5.5, 9, 7.5]},
			"faces": {
				"north": {"uv": [9.5, 7.25, 10.75, 7.5], "texture": "#texture"},
				"east": {"uv": [7.5, 7.25, 8.5, 7.5], "texture": "#texture"},
				"south": {"uv": [5.25, 7.25, 6.5, 7.5], "texture": "#texture"},
				"west": {"uv": [7.5, 7.25, 8.5, 7.5], "texture": "#texture"},
				"up": {"uv": [5.25, 7.5, 6.5, 8.5], "texture": "#texture"},
				"down": {"uv": [10.75, 8.5, 9.5, 7.5], "texture": "#texture"}
			}
		},
		{
			"from": [6.25, 8.05, 7.5],
			"to": [7.5, 8.25, 8.5],
			"faces": {
				"north": {"uv": [8.5, 7.75, 9.75, 8], "texture": "#texture"},
				"south": {"uv": [6.25, 7.75, 7.5, 8], "texture": "#texture"},
				"west": {"uv": [7.5, 7.75, 8.5, 8], "texture": "#texture"},
				"up": {"uv": [6.25, 7.5, 7.5, 8.5], "texture": "#texture"},
				"down": {"uv": [9.75, 8.5, 8.5, 7.5], "texture": "#texture"}
			}
		},
		{
			"from": [7.05, 8.7, 7.8],
			"to": [7.25, 9.95, 8.2],
			"rotation": {"angle": -22.5, "axis": "z", "origin": [6.75, 9.75, 7.75]},
			"faces": {
				"north": {"uv": [8.25, 0, 8.5, 1], "texture": "#texture"},
				"east": {"uv": [7.5, 0, 8.5, 1], "texture": "#texture"},
				"south": {"uv": [7.5, 0, 7.75, 1], "texture": "#texture"},
				"west": {"uv": [7.5, 0, 8.5, 1], "texture": "#texture"},
				"up": {"uv": [7.5, 7.5, 7.75, 8.5], "texture": "#texture"},
				"down": {"uv": [8.5, 8.5, 8.25, 7.5], "texture": "#texture"}
			}
		},
		{
			"from": [8.25, 9.25, 7.25],
			"to": [10.25, 9.5, 8.75],
			"faces": {
				"north": {"uv": [6, 6.5, 7.75, 6.75], "texture": "#texture"},
				"east": {"uv": [7.25, 6.5, 8.75, 6.75], "texture": "#texture"},
				"south": {"uv": [8.25, 6.5, 10, 6.75], "texture": "#texture"},
				"west": {"uv": [7.25, 6.5, 8.75, 6.75], "texture": "#texture"},
				"down": {"uv": [7.75, 8.75, 6, 7.25], "texture": "#texture"}
			}
		},
		{
			"from": [3.5, 10.5, 7.25],
			"to": [11.5, 10.75, 8.75],
			"faces": {
				"north": {"uv": [3.25, 5.25, 12.5, 5.5], "texture": "#texture"},
				"east": {"uv": [7.25, 5.25, 8.75, 5.5], "texture": "#texture"},
				"south": {"uv": [3.5, 5.25, 12.75, 5.5], "texture": "#texture"},
				"west": {"uv": [7.25, 5.25, 8.75, 5.5], "texture": "#texture"},
				"up": {"uv": [3.5, 7.25, 12.75, 8.75], "texture": "#texture"},
				"down": {"uv": [12.5, 8.75, 3.25, 7.25], "texture": "#texture"}
			}
		},
		{
			"from": [3.95, 8.6, 7.775],
			"to": [4.6, 9.6, 8.225],
			"faces": {
				"north": {"uv": [11.5, 7.5, 12.25, 8], "texture": "#texture"},
				"east": {"uv": [7.75, 7.5, 8.25, 8], "texture": "#texture"},
				"south": {"uv": [3.75, 7.5, 4.5, 8], "texture": "#texture"},
				"west": {"uv": [7.75, 7.5, 8.25, 8], "texture": "#texture"}
			}
		},
		{
			"from": [3.9, 5.85, 7.5],
			"to": [4.65, 8.6, 8.5],
			"faces": {
				"north": {"uv": [11.25, 8, 12.5, 10.75], "texture": "#texture"},
				"east": {"uv": [7.5, 8, 8.5, 10.75], "texture": "#texture"},
				"south": {"uv": [3.5, 8, 4.75, 10.75], "texture": "#texture"},
				"west": {"uv": [7.5, 8, 8.5, 10.75], "texture": "#texture"},
				"up": {"uv": [3.5, 7.5, 4.75, 8.5], "texture": "#texture"},
				"down": {"uv": [12.5, 8.5, 11.25, 7.5], "texture": "#texture"}
			}
		},
		{
			"from": [3.65, 5.85, 7.75],
			"to": [4.9, 8.6, 8.25],
			"faces": {
				"north": {"uv": [11.25, 8, 12.5, 10.75], "texture": "#texture"},
				"east": {"uv": [7.5, 8, 8.5, 10.75], "texture": "#texture"},
				"south": {"uv": [3.5, 8, 4.75, 10.75], "texture": "#texture"},
				"west": {"uv": [7.5, 8, 8.5, 10.75], "texture": "#texture"},
				"up": {"uv": [3.5, 7.5, 4.75, 8.5], "texture": "#texture"},
				"down": {"uv": [12.5, 8.5, 11.25, 7.5], "texture": "#texture"}
			}
		},
		{
			"from": [7.775, 3.25, 7.625],
			"to": [9.025, 5.75, 8.375],
			"faces": {
				"north": {"uv": [6.875, 10.5, 8.125, 13.5], "texture": "#texture"},
				"east": {"uv": [7.625, 10.5, 8.375, 13.5], "texture": "#texture"},
				"south": {"uv": [7.875, 10.5, 9.125, 13.5], "texture": "#texture"},
				"west": {"uv": [7.625, 10.5, 8.375, 13.5], "texture": "#texture"},
				"down": {"uv": [8.125, 8.375, 6.875, 7.625], "texture": "#texture"}
			}
		},
		{
			"from": [10.925, 11.425, 7.5],
			"to": [11.475, 11.675, 7.75],
			"rotation": {"angle": 0, "axis": "y", "origin": [0.325, -0.325, 0]},
			"faces": {
				"north": {"uv": [5, 4, 5.5, 4.25], "texture": "#texture"},
				"east": {"uv": [8.25, 4, 8.5, 4.25], "texture": "#texture"},
				"south": {"uv": [10.5, 4, 11, 4.25], "texture": "#texture"},
				"west": {"uv": [7.5, 4, 7.75, 4.25], "texture": "#texture"},
				"up": {"uv": [10.5, 7.5, 11, 7.75], "texture": "#texture"}
			}
		},
		{
			"from": [10.925, 11.425, 8.25],
			"to": [11.475, 11.675, 8.5],
			"rotation": {"angle": 0, "axis": "y", "origin": [0.325, -0.325, 0]},
			"faces": {
				"north": {"uv": [5, 4, 5.5, 4.25], "texture": "#texture"},
				"east": {"uv": [7.5, 4, 7.75, 4.25], "texture": "#texture"},
				"south": {"uv": [10.5, 4, 11, 4.25], "texture": "#texture"},
				"west": {"uv": [8.25, 4, 8.5, 4.25], "texture": "#texture"},
				"up": {"uv": [10.5, 8.25, 11, 8.5], "texture": "#texture"}
			}
		},
		{
			"from": [10.325, 10.925, 7.5],
			"to": [10.975, 11.425, 7.75],
			"rotation": {"angle": 22.5, "axis": "z", "origin": [10.325, 11.425, 7.5]},
			"faces": {
				"north": {"uv": [10, 4.25, 10.75, 4.75], "texture": "#texture"},
				"east": {"uv": [7.5, 4.25, 7.75, 4.75], "texture": "#texture"},
				"south": {"uv": [10, 4.25, 10.75, 4.75], "texture": "#texture"},
				"west": {"uv": [7.5, 4.25, 7.75, 4.75], "texture": "#texture"},
				"up": {"uv": [10, 7.5, 10.75, 7.75], "texture": "#texture"}
			}
		},
		{
			"from": [10.325, 10.925, 8.25],
			"to": [10.975, 11.425, 8.5],
			"rotation": {"angle": 22.5, "axis": "z", "origin": [10.325, 11.425, 8.25]},
			"faces": {
				"north": {"uv": [10, 4.25, 10.75, 4.75], "texture": "#texture"},
				"east": {"uv": [7.5, 4.25, 7.75, 4.75], "texture": "#texture"},
				"south": {"uv": [10, 4.25, 10.75, 4.75], "texture": "#texture"},
				"west": {"uv": [7.5, 4.25, 7.75, 4.75], "texture": "#texture"},
				"up": {"uv": [10, 7.5, 10.75, 7.75], "texture": "#texture"}
			}
		},
		{
			"from": [3.975, 10.7, 7.5],
			"to": [4.725, 11.45, 7.75],
			"rotation": {"angle": 22.5, "axis": "z", "origin": [4, 11.5, 7.5]},
			"faces": {
				"north": {"uv": [11.25, 4, 12, 4.75], "texture": "#texture"},
				"east": {"uv": [8.25, 4, 8.5, 4.75], "texture": "#texture"},
				"south": {"uv": [4, 4, 4.75, 4.75], "texture": "#texture"},
				"up": {"uv": [4, 7.5, 4.75, 7.75], "texture": "#texture"}
			}
		},
		{
			"from": [3.975, 10.7, 8.25],
			"to": [4.725, 11.45, 8.5],
			"rotation": {"angle": 22.5, "axis": "z", "origin": [4, 11.5, 8.25]},
			"faces": {
				"north": {"uv": [11.25, 4, 12, 4.75], "texture": "#texture"},
				"east": {"uv": [7.5, 4, 7.75, 4.75], "texture": "#texture"},
				"south": {"uv": [4, 4, 4.75, 4.75], "texture": "#texture"},
				"up": {"uv": [4, 8.25, 4.75, 8.5], "texture": "#texture"}
			}
		},
		{
			"from": [4.475, 11.45, 7.925],
			"to": [4.725, 11.65, 8.075],
			"rotation": {"angle": 0, "axis": "y", "origin": [0, -0.25, 0]},
			"faces": {
				"north": {"uv": [11.25, 4, 11.75, 4.25], "texture": "#texture"},
				"east": {"uv": [7.875, 4, 8.125, 4.25], "texture": "#texture"},
				"south": {"uv": [4.25, 4, 4.75, 4.25], "texture": "#texture"},
				"west": {"uv": [7.875, 4, 8.125, 4.25], "texture": "#texture"},
				"up": {"uv": [4.25, 7.875, 4.75, 8.125], "texture": "#texture"}
			}
		}
	],
	"gui_light": "front",
	"display": {
		"thirdperson_righthand": {
			"rotation": [0, -90, 0],
			"translation": [0, -1.5, 1.5],
			"scale": [0.98, 0.98, 0.98]
		},
		"thirdperson_lefthand": {
			"rotation": [0, 90, 0],
			"translation": [0, -1.5, 1.5],
			"scale": [0.98, 0.98, 0.98]
		},
		"firstperson_righthand": {
			"rotation": [0, -90, 0],
			"translation": [0, 1.25, 0],
			"scale": [0.95, 0.95, 0.95]
		},
		"firstperson_lefthand": {
			"rotation": [0, 90, 0],
			"translation": [0, 1.25, 0],
			"scale": [0.95, 0.95, 0.95]
		},
		"ground": {
			"translation": [1.25, 2, 0],
			"scale": [1.27, 1.27, 1.27]
		},
		"gui": {
			"rotation": [0, 0, -45],
			"translation": [0.25, -1.25, 0],
			"scale": [1.07, 1.07, 1]
		},
		"fixed": {
			"rotation": [0, 180, -45],
			"translation": [-0.45, -1.15, -1.1],
			"scale": [1.5, 1.5, 1.5]
		}
	}
}