{
	"credit": "Made by SrDarmith - YouTube: Mainclay",
	"textures": {
		"texture": "item/anvil_1"
	},
	"elements": [
		{
			"from": [5.725, 8.75, 7],
			"to": [9.975, 10, 9],
			"rotation": {"angle": 0, "axis": "y", "origin": [3, 0, 0]},
			"faces": {
				"north": {"uv": [16, 12, 15, 11], "texture": "#texture"},
				"east": {"uv": [16, 12, 15, 11], "texture": "#texture"},
				"south": {"uv": [16, 12, 15, 11], "texture": "#texture"},
				"west": {"uv": [16, 12, 15, 11], "texture": "#texture"},
				"up": {"uv": [16, 12, 15, 11], "texture": "#texture"},
				"down": {"uv": [16, 12, 15, 11], "texture": "#texture"}
			}
		},
		{
			"from": [6, 8.5, 7.25],
			"to": [10, 8.75, 8.75],
			"rotation": {"angle": 0, "axis": "y", "origin": [3, 0, 0]},
			"faces": {
				"north": {"uv": [16, 12, 15, 11], "texture": "#texture"},
				"east": {"uv": [16, 12, 15, 11], "texture": "#texture"},
				"south": {"uv": [16, 12, 15, 11], "texture": "#texture"},
				"west": {"uv": [16, 12, 15, 11], "texture": "#texture"},
				"down": {"uv": [16, 12, 15, 11], "texture": "#texture"}
			}
		},
		{
			"from": [10, 8.5, 7.25],
			"to": [14.5, 8.75, 8.75],
			"rotation": {"angle": 0, "axis": "y", "origin": [3, 0, 0]},
			"faces": {
				"north": {"uv": [8.75, 7.25, 12.5, 7.5], "texture": "#texture"},
				"east": {"uv": [7.25, 7.25, 8.75, 7.5], "texture": "#texture"},
				"south": {"uv": [3.5, 7.25, 7.25, 7.5], "texture": "#texture"},
				"west": {"uv": [7.25, 7.25, 8.75, 7.5], "texture": "#texture"},
				"down": {"uv": [12.5, 8.75, 8.75, 7.25], "texture": "#texture"}
			}
		},
		{
			"from": [5.75, 8.75, 7.25],
			"to": [14.5, 10.75, 8.75],
			"rotation": {"angle": 0, "axis": "y", "origin": [3, 0, 0]},
			"faces": {
				"north": {"uv": [4.25, 5.25, 12.75, 7.25], "texture": "#texture"},
				"east": {"uv": [7.25, 5.25, 8.75, 7.25], "texture": "#texture"},
				"south": {"uv": [3.25, 5.25, 11.75, 7.25], "texture": "#texture"},
				"west": {"uv": [7.25, 5.25, 8.75, 7.25], "texture": "#texture"},
				"up": {"uv": [3.25, 7.25, 11.75, 8.75], "texture": "#texture"},
				"down": {"uv": [12.75, 8.75, 4.25, 7.25], "texture": "#texture"}
			}
		},
		{
			"from": [11.85, 2, 7.5],
			"to": [13.1, 5, 8.5],
			"rotation": {"angle": 0, "axis": "y", "origin": [3, 0, 0]},
			"faces": {
				"north": {"uv": [5.75, 11, 7, 14.25], "texture": "#texture"},
				"east": {"uv": [7.5, 11, 8.5, 14.25], "texture": "#texture"},
				"south": {"uv": [9, 11, 10.25, 14.25], "texture": "#texture"},
				"west": {"uv": [7.5, 11, 8.5, 14.25], "texture": "#texture"},
				"down": {"uv": [7, 8.5, 5.75, 7.5], "texture": "#texture"}
			}
		},
		{
			"from": [14.5, 9.25, 7.25],
			"to": [17.75, 10.75, 8.75],
			"rotation": {"angle": 0, "axis": "y", "origin": [3, 0, 0]},
			"faces": {
				"north": {"uv": [1.25, 5.25, 4.25, 6.5], "texture": "#texture"},
				"east": {"uv": [7.25, 5.25, 8.75, 6.5], "texture": "#texture"},
				"south": {"uv": [11.75, 5.25, 14.75, 6.5], "texture": "#texture"},
				"up": {"uv": [11.75, 7.25, 14.75, 8.75], "texture": "#texture"},
				"down": {"uv": [4.25, 8.75, 1.25, 7.25], "texture": "#texture"}
			}
		},
		{
			"from": [10, 7.275, 7.75],
			"to": [10.25, 8.575, 8.25],
			"rotation": {"angle": 0, "axis": "y", "origin": [3, -0.125, 0]},
			"faces": {
				"north": {"uv": [8.5, 7.25, 8.75, 8.5], "texture": "#texture"},
				"east": {"uv": [7.75, 7.25, 8.25, 8.5], "texture": "#texture"},
				"south": {"uv": [7.25, 7.25, 7.5, 8.5], "texture": "#texture"},
				"west": {"uv": [7.75, 7.25, 8.25, 8.5], "texture": "#texture"},
				"down": {"uv": [8.75, 8.25, 8.5, 7.75], "texture": "#texture"}
			}
		},
		{
			"from": [11.5, 7.275, 7.75],
			"to": [11.75, 7.525, 8.25],
			"rotation": {"angle": 0, "axis": "y", "origin": [3, -0.125, 0]},
			"faces": {
				"north": {"uv": [8.25, 8.25, 8.5, 8.5], "texture": "#texture"},
				"east": {"uv": [7.75, 8.25, 8.25, 8.5], "texture": "#texture"},
				"south": {"uv": [7.5, 8.25, 7.75, 8.5], "texture": "#texture"},
				"west": {"uv": [8, 8, 9, 9], "texture": "#texture"},
				"up": {"uv": [7.5, 7.75, 7.75, 8.25], "texture": "#texture"},
				"down": {"uv": [8, 8, 9, 9], "texture": "#texture"}
			}
		},
		{
			"from": [10.25, 7.025, 7.75],
			"to": [11.5, 7.275, 8.25],
			"rotation": {"angle": 0, "axis": "y", "origin": [3, -0.125, 0]},
			"faces": {
				"north": {"uv": [7.25, 8.5, 8.5, 8.75], "texture": "#texture"},
				"east": {"uv": [7, 8, 8, 9], "texture": "#texture"},
				"south": {"uv": [7.5, 8.5, 8.75, 8.75], "texture": "#texture"},
				"west": {"uv": [7.75, 8.5, 8.25, 8.75], "texture": "#texture"},
				"up": {"uv": [7.5, 7.75, 8.75, 8.25], "texture": "#texture"},
				"down": {"uv": [8.5, 8.25, 7.25, 7.75], "texture": "#texture"}
			}
		},
		{
			"from": [11.475, 7.45, 7.825],
			"to": [11.725, 8.7, 8.175],
			"rotation": {"angle": -22.5, "axis": "z", "origin": [11.5, 8.875, 7.75]},
			"faces": {
				"north": {"uv": [7.5, 7, 7.75, 8.25], "texture": "#texture"},
				"east": {"uv": [7.75, 7, 8.25, 8.25], "texture": "#texture"},
				"south": {"uv": [8.25, 7, 8.5, 8.25], "texture": "#texture"},
				"west": {"uv": [7.75, 7, 8.25, 8.25], "texture": "#texture"},
				"up": {"uv": [8.25, 7.75, 8.5, 8.25], "texture": "#texture"},
				"down": {"uv": [7.75, 8.25, 7.5, 7.75], "texture": "#texture"}
			}
		},
		{
			"from": [7.75, 10.75, 7.25],
			"to": [15.75, 10.85, 7.5],
			"rotation": {"angle": 0, "axis": "y", "origin": [3, 0, 0]},
			"faces": {
				"north": {"uv": [4, 5, 11, 5.25], "texture": "#texture"},
				"east": {"uv": [7.25, 5, 8.75, 5.25], "texture": "#texture"},
				"south": {"uv": [5, 5, 12, 5.25], "texture": "#texture"},
				"west": {"uv": [7.25, 5, 8.75, 5.25], "texture": "#texture"},
				"up": {"uv": [5, 8.25, 12, 8.75], "texture": "#texture"},
				"down": {"uv": [11, 8.75, 4, 8.25], "texture": "#texture"}
			}
		},
		{
			"from": [8.25, 10.75, 7.575],
			"to": [12.25, 10.95, 8.425],
			"rotation": {"angle": 0, "axis": "y", "origin": [3, 0, 0]},
			"faces": {
				"north": {"uv": [4, 5, 11, 5.25], "texture": "#texture"},
				"east": {"uv": [7.25, 5, 8.75, 5.25], "texture": "#texture"},
				"south": {"uv": [5, 5, 12, 5.25], "texture": "#texture"},
				"west": {"uv": [7.25, 5, 8.75, 5.25], "texture": "#texture"},
				"up": {"uv": [5, 8.25, 12, 8.75], "texture": "#texture"},
				"down": {"uv": [11, 8.75, 4, 8.25], "texture": "#texture"}
			}
		},
		{
			"from": [7.75, 10.75, 8.5],
			"to": [15.75, 10.85, 8.75],
			"rotation": {"angle": 0, "axis": "y", "origin": [3, 0, 0]},
			"faces": {
				"north": {"uv": [4, 5, 11, 5.25], "texture": "#texture"},
				"east": {"uv": [7.25, 5, 8.75, 5.25], "texture": "#texture"},
				"south": {"uv": [5, 5, 12, 5.25], "texture": "#texture"},
				"west": {"uv": [7.25, 5, 8.75, 5.25], "texture": "#texture"},
				"up": {"uv": [5, 8.25, 12, 8.75], "texture": "#texture"},
				"down": {"uv": [11, 8.75, 4, 8.25], "texture": "#texture"}
			}
		},
		{
			"from": [8.25, 10.85, 7.25],
			"to": [15.25, 10.95, 7.5],
			"rotation": {"angle": 0, "axis": "y", "origin": [3, 0, 0]},
			"faces": {
				"north": {"uv": [4, 5, 11, 5.25], "texture": "#texture"},
				"east": {"uv": [7.25, 5, 8.75, 5.25], "texture": "#texture"},
				"south": {"uv": [5, 5, 12, 5.25], "texture": "#texture"},
				"west": {"uv": [7.25, 5, 8.75, 5.25], "texture": "#texture"},
				"up": {"uv": [5, 8.25, 12, 8.75], "texture": "#texture"},
				"down": {"uv": [11, 8.75, 4, 8.25], "texture": "#texture"}
			}
		},
		{
			"from": [8.25, 10.85, 8.5],
			"to": [15.25, 10.95, 8.75],
			"rotation": {"angle": 0, "axis": "y", "origin": [3, 0, 0]},
			"faces": {
				"north": {"uv": [4, 5, 11, 5.25], "texture": "#texture"},
				"east": {"uv": [7.25, 5, 8.75, 5.25], "texture": "#texture"},
				"south": {"uv": [5, 5, 12, 5.25], "texture": "#texture"},
				"west": {"uv": [7.25, 5, 8.75, 5.25], "texture": "#texture"},
				"up": {"uv": [5, 8.25, 12, 8.75], "texture": "#texture"},
				"down": {"uv": [11, 8.75, 4, 8.25], "texture": "#texture"}
			}
		},
		{
			"from": [16.4, 10.75, 7.35],
			"to": [17.625, 11.25, 8.65],
			"rotation": {"angle": 0, "axis": "y", "origin": [3, 0, 0]},
			"faces": {
				"north": {"uv": [1.5, 4.75, 2.5, 5.25], "texture": "#texture"},
				"east": {"uv": [7.5, 4.75, 8.5, 5.25], "texture": "#texture"},
				"south": {"uv": [13.5, 4.75, 14.5, 5.25], "texture": "#texture"},
				"west": {"uv": [7.5, 4.75, 8.5, 5.25], "texture": "#texture"},
				"up": {"uv": [13.5, 7.5, 14.5, 8.5], "texture": "#texture"}
			}
		},
		{
			"from": [6.125, 11.25, 8.4],
			"to": [6.85, 11.55, 8.65],
			"rotation": {"angle": 0, "axis": "y", "origin": [3, 0, 0]},
			"faces": {
				"north": {"uv": [1.5, 3.25, 2.5, 3.75], "texture": "#texture"},
				"east": {"uv": [7.5, 4.25, 7.75, 4.75], "texture": "#texture"},
				"south": {"uv": [13.5, 3.25, 14.5, 3.75], "texture": "#texture"},
				"west": {"uv": [8.25, 4.25, 8.5, 4.75], "texture": "#texture"},
				"up": {"uv": [13.5, 8.25, 14.5, 8.5], "texture": "#texture"}
			}
		},
		{
			"from": [6.125, 11.25, 7.35],
			"to": [6.85, 11.55, 7.6],
			"rotation": {"angle": 0, "axis": "y", "origin": [3, 0, 0]},
			"faces": {
				"north": {"uv": [1.5, 3.25, 2.5, 3.75], "texture": "#texture"},
				"east": {"uv": [8.25, 4.25, 8.5, 4.75], "texture": "#texture"},
				"south": {"uv": [13.5, 3.25, 14.5, 3.75], "texture": "#texture"},
				"west": {"uv": [7.5, 4.25, 7.75, 4.75], "texture": "#texture"},
				"up": {"uv": [13.5, 7.5, 14.5, 7.75], "texture": "#texture"}
			}
		},
		{
			"from": [5.975, 10.75, 7.35],
			"to": [7, 11.25, 8.65],
			"rotation": {"angle": 0, "axis": "y", "origin": [3, 0, 0]},
			"faces": {
				"north": {"uv": [1.5, 3.75, 2.5, 4.25], "texture": "#texture"},
				"east": {"uv": [7.5, 4.75, 8.5, 5.25], "texture": "#texture"},
				"south": {"uv": [13.5, 3.75, 14.5, 4.25], "texture": "#texture"},
				"west": {"uv": [7.5, 4.75, 8.5, 5.25], "texture": "#texture"},
				"up": {"uv": [13.5, 7.5, 14.5, 8.5], "texture": "#texture"}
			}
		},
		{
			"from": [8.725, 10.75, 7.75],
			"to": [9.525, 11.5, 8.25],
			"rotation": {"angle": 0, "axis": "y", "origin": [3, 0, 0]},
			"faces": {
				"north": {"uv": [1.5, 3.75, 2.5, 4.25], "texture": "#texture"},
				"east": {"uv": [7.5, 4.75, 8.5, 5.25], "texture": "#texture"},
				"south": {"uv": [13.5, 3.75, 14.5, 4.25], "texture": "#texture"},
				"west": {"uv": [7.5, 4.75, 8.5, 5.25], "texture": "#texture"},
				"up": {"uv": [13.5, 7.5, 14.5, 8.5], "texture": "#texture"}
			}
		},
		{
			"from": [8.875, 10.75, 7.575],
			"to": [9.375, 11.5, 8.425],
			"rotation": {"angle": 0, "axis": "y", "origin": [3, 0, 0]},
			"faces": {
				"north": {"uv": [1.5, 3.75, 2.5, 4.25], "texture": "#texture"},
				"east": {"uv": [7.5, 4.75, 8.5, 5.25], "texture": "#texture"},
				"south": {"uv": [13.5, 3.75, 14.5, 4.25], "texture": "#texture"},
				"west": {"uv": [7.5, 4.75, 8.5, 5.25], "texture": "#texture"},
				"up": {"uv": [13.5, 7.5, 14.5, 8.5], "texture": "#texture"}
			}
		},
		{
			"from": [16.575, 11.25, 7.35],
			"to": [17.45, 11.55, 7.6],
			"rotation": {"angle": 0, "axis": "y", "origin": [3, 0, 0]},
			"faces": {
				"north": {"uv": [1.5, 4.25, 2.5, 4.75], "texture": "#texture"},
				"east": {"uv": [8.25, 4.25, 8.5, 4.75], "texture": "#texture"},
				"south": {"uv": [13.5, 4.25, 14.5, 4.75], "texture": "#texture"},
				"west": {"uv": [7.5, 4.25, 7.75, 4.75], "texture": "#texture"},
				"up": {"uv": [13.5, 7.5, 14.5, 7.75], "texture": "#texture"}
			}
		},
		{
			"from": [16.575, 11.25, 8.4],
			"to": [17.45, 11.55, 8.65],
			"rotation": {"angle": 0, "axis": "y", "origin": [3, 0, 0]},
			"faces": {
				"north": {"uv": [1.5, 4.25, 2.5, 4.75], "texture": "#texture"},
				"east": {"uv": [7.5, 4.25, 7.75, 4.75], "texture": "#texture"},
				"south": {"uv": [13.5, 4.25, 14.5, 4.75], "texture": "#texture"},
				"west": {"uv": [8.25, 4.25, 8.5, 4.75], "texture": "#texture"},
				"up": {"uv": [13.5, 8.25, 14.5, 8.5], "texture": "#texture"}
			}
		},
		{
			"from": [6.375, 11.25, 7.925],
			"to": [6.6, 11.5, 8.075],
			"rotation": {"angle": 0, "axis": "z", "origin": [7, 11.5, 7.5]},
			"faces": {
				"north": {"uv": [11.5, 4, 12.5, 4.75], "rotation": 270, "texture": "#texture"},
				"east": {"uv": [3.5, 7.5, 4.5, 8.5], "rotation": 90, "texture": "#texture"},
				"south": {"uv": [3.5, 4, 4.5, 4.75], "rotation": 90, "texture": "#texture"},
				"west": {"uv": [12.5, 8.5, 11.5, 7.5], "rotation": 90, "texture": "#texture"},
				"up": {"uv": [7.5, 4, 8.5, 4.75], "rotation": 90, "texture": "#texture"},
				"down": {"uv": [7.5, 4, 8.5, 4.75], "rotation": 90, "texture": "#texture"}
			}
		},
		{
			"from": [14.5, 8.375, 7.425],
			"to": [18, 9.25, 8.6],
			"rotation": {"angle": 0, "axis": "y", "origin": [3, -0.375, 0]},
			"faces": {
				"north": {"uv": [2, 15, 3, 16], "texture": "#texture"},
				"east": {"uv": [2, 15, 3, 16], "texture": "#texture"},
				"south": {"uv": [2, 15, 3, 16], "texture": "#texture"},
				"west": {"uv": [2, 15, 3, 16], "texture": "#texture"},
				"up": {"uv": [2, 15, 3, 16], "texture": "#texture"},
				"down": {"uv": [3, 16, 2, 15], "texture": "#texture"}
			}
		},
		{
			"from": [17.9, 5.65, 7.425],
			"to": [18.225, 5.875, 8.6],
			"rotation": {"angle": 0, "axis": "y", "origin": [3.4, -0.375, 0]},
			"faces": {
				"north": {"uv": [2, 15, 3, 16], "texture": "#texture"},
				"east": {"uv": [2, 15, 3, 16], "texture": "#texture"},
				"south": {"uv": [2, 15, 3, 16], "texture": "#texture"},
				"west": {"uv": [2, 15, 3, 16], "texture": "#texture"},
				"up": {"uv": [2, 15, 3, 16], "texture": "#texture"},
				"down": {"uv": [3, 16, 2, 15], "texture": "#texture"}
			}
		},
		{
			"from": [17.9, 5.875, 7.425],
			"to": [18.525, 8.95, 8.6],
			"rotation": {"angle": 0, "axis": "y", "origin": [3.4, -0.375, 0]},
			"faces": {
				"north": {"uv": [2, 15, 3, 16], "texture": "#texture"},
				"east": {"uv": [2, 15, 3, 16], "texture": "#texture"},
				"south": {"uv": [2, 15, 3, 16], "texture": "#texture"},
				"west": {"uv": [2, 15, 3, 16], "texture": "#texture"},
				"up": {"uv": [2, 15, 3, 16], "texture": "#texture"},
				"down": {"uv": [3, 16, 2, 15], "texture": "#texture"}
			}
		},
		{
			"from": [17.525, 6.725, 8.35],
			"to": [17.775, 7.65, 8.6],
			"rotation": {"angle": 22.5, "axis": "z", "origin": [17.6, 7.725, 7.6]},
			"faces": {
				"north": {"uv": [2, 15, 3, 16], "texture": "#texture"},
				"east": {"uv": [2, 15, 3, 16], "texture": "#texture"},
				"south": {"uv": [2, 15, 3, 16], "texture": "#texture"},
				"west": {"uv": [2, 15, 3, 16], "texture": "#texture"},
				"up": {"uv": [2, 15, 3, 16], "texture": "#texture"},
				"down": {"uv": [2, 15, 3, 16], "texture": "#texture"}
			}
		},
		{
			"from": [16.35, 8.475, 8.35],
			"to": [17.35, 8.725, 8.6],
			"rotation": {"angle": -22.5, "axis": "z", "origin": [16.1, 8.725, 7.6]},
			"faces": {
				"north": {"uv": [2, 15, 3, 16], "texture": "#texture"},
				"east": {"uv": [2, 15, 3, 16], "texture": "#texture"},
				"south": {"uv": [2, 15, 3, 16], "texture": "#texture"},
				"west": {"uv": [2, 15, 3, 16], "texture": "#texture"},
				"up": {"uv": [2, 15, 3, 16], "texture": "#texture"},
				"down": {"uv": [2, 15, 3, 16], "texture": "#texture"}
			}
		},
		{
			"from": [17.275, 7.925, 8.35],
			"to": [18.025, 8.175, 8.6],
			"rotation": {"angle": -45, "axis": "z", "origin": [17.35, 8.225, 7.6]},
			"faces": {
				"north": {"uv": [2, 15, 3, 16], "texture": "#texture"},
				"south": {"uv": [2, 15, 3, 16], "texture": "#texture"},
				"west": {"uv": [2, 15, 3, 16], "texture": "#texture"},
				"up": {"uv": [2, 15, 3, 16], "texture": "#texture"},
				"down": {"uv": [2, 15, 3, 16], "texture": "#texture"}
			}
		},
		{
			"from": [17.75, 8.775, 7.425],
			"to": [18.275, 9.75, 8.6],
			"rotation": {"angle": 0, "axis": "y", "origin": [3, 0, 0]},
			"faces": {
				"north": {"uv": [2, 15, 3, 16], "texture": "#texture"},
				"east": {"uv": [2, 15, 3, 16], "texture": "#texture"},
				"south": {"uv": [2, 15, 3, 16], "texture": "#texture"},
				"up": {"uv": [2, 15, 3, 16], "texture": "#texture"}
			}
		},
		{
			"from": [3, 9.975, 7.75],
			"to": [5.25, 10.175, 8.25],
			"rotation": {"angle": 0, "axis": "y", "origin": [-15.75, -0.625, 0]},
			"faces": {
				"north": {"uv": [6, 8, 4, 6], "texture": "#texture"},
				"south": {"uv": [6, 8, 4, 6], "texture": "#texture"},
				"west": {"uv": [6, 8, 4, 6], "texture": "#texture"},
				"up": {"uv": [6, 8, 4, 6], "texture": "#texture"},
				"down": {"uv": [4, 6, 6, 8], "texture": "#texture"}
			}
		},
		{
			"from": [5, 9.325, 7.575],
			"to": [5.75, 10.175, 8.425],
			"rotation": {"angle": 0, "axis": "y", "origin": [-15.75, -0.625, 0]},
			"faces": {
				"north": {"uv": [6, 8, 4, 6], "texture": "#texture"},
				"east": {"uv": [6, 8, 4, 6], "texture": "#texture"},
				"south": {"uv": [6, 8, 4, 6], "texture": "#texture"},
				"west": {"uv": [6, 8, 4, 6], "texture": "#texture"},
				"up": {"uv": [6, 8, 4, 6], "texture": "#texture"},
				"down": {"uv": [4, 6, 6, 8], "texture": "#texture"}
			}
		},
		{
			"from": [5, 9.45, 7.45],
			"to": [5.75, 10.05, 8.55],
			"rotation": {"angle": 0, "axis": "y", "origin": [-15.75, -0.625, 0]},
			"faces": {
				"north": {"uv": [6, 8, 4, 6], "texture": "#texture"},
				"east": {"uv": [6, 8, 4, 6], "texture": "#texture"},
				"south": {"uv": [6, 8, 4, 6], "texture": "#texture"},
				"west": {"uv": [6, 8, 4, 6], "texture": "#texture"},
				"up": {"uv": [6, 8, 4, 6], "texture": "#texture"},
				"down": {"uv": [4, 6, 6, 8], "texture": "#texture"}
			}
		},
		{
			"from": [5, 9.2, 7.7],
			"to": [5.75, 10.3, 8.3],
			"rotation": {"angle": 0, "axis": "y", "origin": [-15.75, -0.625, 0]},
			"faces": {
				"north": {"uv": [6, 8, 4, 6], "texture": "#texture"},
				"east": {"uv": [6, 8, 4, 6], "texture": "#texture"},
				"south": {"uv": [6, 8, 4, 6], "texture": "#texture"},
				"west": {"uv": [6, 8, 4, 6], "texture": "#texture"},
				"up": {"uv": [6, 8, 4, 6], "texture": "#texture"},
				"down": {"uv": [4, 6, 6, 8], "texture": "#texture"}
			}
		},
		{
			"from": [3, 9.325, 7.75],
			"to": [5.25, 9.525, 8.25],
			"rotation": {"angle": 0, "axis": "y", "origin": [-15.75, -0.75, 0]},
			"faces": {
				"north": {"uv": [6, 8, 4, 6], "texture": "#texture"},
				"south": {"uv": [6, 8, 4, 6], "texture": "#texture"},
				"west": {"uv": [6, 8, 4, 6], "texture": "#texture"},
				"up": {"uv": [6, 8, 4, 6], "texture": "#texture"},
				"down": {"uv": [4, 6, 6, 8], "texture": "#texture"}
			}
		},
		{
			"from": [3, 9.5, 8.225],
			"to": [5.25, 10, 8.425],
			"rotation": {"angle": 0, "axis": "y", "origin": [-15.75, -0.625, 0]},
			"faces": {
				"north": {"uv": [6, 8, 4, 6], "texture": "#texture"},
				"south": {"uv": [6, 8, 4, 6], "texture": "#texture"},
				"west": {"uv": [6, 8, 4, 6], "texture": "#texture"},
				"up": {"uv": [6, 8, 4, 6], "texture": "#texture"},
				"down": {"uv": [4, 6, 6, 8], "texture": "#texture"}
			}
		},
		{
			"from": [3, 9.5, 7.575],
			"to": [5.25, 10, 7.775],
			"rotation": {"angle": 0, "axis": "y", "origin": [-15.75, -0.625, 0]},
			"faces": {
				"north": {"uv": [6, 8, 4, 6], "texture": "#texture"},
				"south": {"uv": [6, 8, 4, 6], "texture": "#texture"},
				"west": {"uv": [6, 8, 4, 6], "texture": "#texture"},
				"up": {"uv": [6, 8, 4, 6], "texture": "#texture"},
				"down": {"uv": [4, 6, 6, 8], "texture": "#texture"}
			}
		},
		{
			"from": [13.35, 8.225, 7.6],
			"to": [13.45, 8.5, 8.4],
			"rotation": {"angle": 0, "axis": "y", "origin": [-16, -1, 0]},
			"faces": {
				"north": {"uv": [12.05, 7.95, 13.55, 8.8], "texture": "#texture"},
				"east": {"uv": [12.8, 7.95, 13.8, 8.8], "texture": "#texture"},
				"south": {"uv": [12.45, 7.55, 13.95, 8.8], "texture": "#texture"},
				"west": {"uv": [12.8, 7.95, 13.8, 8.8], "texture": "#texture"},
				"up": {"uv": [13.05, 7.2, 14.55, 6.8], "texture": "#texture"},
				"down": {"uv": [13.95, 8.6, 12.45, 7.6], "texture": "#texture"}
			}
		},
		{
			"from": [13.5, 7, 7.75],
			"to": [13.875, 8.25, 8.25],
			"rotation": {"angle": 0, "axis": "y", "origin": [-17, 0, 0]},
			"faces": {
				"north": {"uv": [11, 10, 10, 9], "texture": "#texture"},
				"east": {"uv": [11, 10, 10, 9], "texture": "#texture"},
				"south": {"uv": [11, 10, 10, 9], "texture": "#texture"},
				"west": {"uv": [11, 10, 10, 9], "texture": "#texture"},
				"down": {"uv": [10, 9, 11, 10], "texture": "#texture"}
			}
		},
		{
			"from": [13.5, 5.25, 7.5],
			"to": [13.75, 7.25, 8.5],
			"rotation": {"angle": 0, "axis": "y", "origin": [-17, 0, 0]},
			"faces": {
				"north": {"uv": [16, 12, 15, 11], "texture": "#texture"},
				"east": {"uv": [16, 12, 15, 11], "texture": "#texture"},
				"south": {"uv": [16, 12, 15, 11], "texture": "#texture"},
				"up": {"uv": [16, 12, 15, 11], "texture": "#texture"},
				"down": {"uv": [16, 11, 15, 12], "texture": "#texture"}
			}
		},
		{
			"from": [13.5, 8, 7.25],
			"to": [13.7, 8.25, 8.75],
			"rotation": {"angle": 0, "axis": "y", "origin": [-17, 0, 0]},
			"faces": {
				"north": {"uv": [16, 12, 15, 11], "texture": "#texture"},
				"east": {"uv": [16, 12, 15, 11], "texture": "#texture"},
				"south": {"uv": [16, 12, 15, 11], "texture": "#texture"},
				"down": {"uv": [16, 11, 15, 12], "texture": "#texture"}
			}
		},
		{
			"from": [13.5, 8.25, 7.25],
			"to": [14.025, 8.5, 8.75],
			"rotation": {"angle": 0, "axis": "y", "origin": [-17, 0, 0]},
			"faces": {
				"north": {"uv": [16, 12, 15, 11], "texture": "#texture"},
				"east": {"uv": [16, 12, 15, 11], "texture": "#texture"},
				"south": {"uv": [16, 12, 15, 11], "texture": "#texture"},
				"up": {"uv": [16, 12, 15, 11], "texture": "#texture"},
				"down": {"uv": [16, 11, 15, 12], "texture": "#texture"}
			}
		},
		{
			"from": [12.5, 7.75, 7.25],
			"to": [13.5, 8.5, 8.75],
			"rotation": {"angle": 0, "axis": "y", "origin": [-17, 0, 0]},
			"faces": {
				"north": {"uv": [16, 12, 15, 11], "texture": "#texture"},
				"east": {"uv": [16, 12, 15, 11], "texture": "#texture"},
				"south": {"uv": [16, 12, 15, 11], "texture": "#texture"},
				"west": {"uv": [16, 12, 15, 11], "texture": "#texture"},
				"up": {"uv": [16, 12, 15, 11], "texture": "#texture"}
			}
		},
		{
			"from": [12, 5, 7.25],
			"to": [13.5, 7.75, 8.75],
			"rotation": {"angle": 0, "axis": "y", "origin": [-17, 0, 0]},
			"faces": {
				"north": {"uv": [16, 12, 15, 11], "texture": "#texture"},
				"east": {"uv": [16, 12, 15, 11], "texture": "#texture"},
				"south": {"uv": [16, 12, 15, 11], "texture": "#texture"},
				"west": {"uv": [16, 12, 15, 11], "texture": "#texture"},
				"up": {"uv": [16, 12, 15, 11], "texture": "#texture"},
				"down": {"uv": [16, 11, 15, 12], "texture": "#texture"}
			}
		},
		{
			"from": [11.75, 5, 7.5],
			"to": [13.25, 8.5, 8.5],
			"rotation": {"angle": 0, "axis": "y", "origin": [-17, 0, 0]},
			"faces": {
				"north": {"uv": [16, 12, 15, 11], "texture": "#texture"},
				"east": {"uv": [16, 12, 15, 11], "texture": "#texture"},
				"south": {"uv": [16, 12, 15, 11], "texture": "#texture"},
				"west": {"uv": [16, 12, 15, 11], "texture": "#texture"},
				"down": {"uv": [16, 11, 15, 12], "texture": "#texture"}
			}
		},
		{
			"from": [10.3, 9.975, 7.225],
			"to": [14.35, 10.2, 8.775],
			"rotation": {"angle": 0, "axis": "y", "origin": [-8.75, -0.625, 0]},
			"faces": {
				"north": {"uv": [5, 16, 4, 15], "texture": "#texture"},
				"east": {"uv": [4, 15, 5, 16], "texture": "#texture"},
				"south": {"uv": [5, 16, 4, 15], "texture": "#texture"},
				"west": {"uv": [5, 16, 4, 15], "texture": "#texture"},
				"up": {"uv": [5, 16, 4, 15], "texture": "#texture"},
				"down": {"uv": [4, 15, 5, 16], "texture": "#texture"}
			}
		},
		{
			"from": [14.8, 9.475, 7.225],
			"to": [16.6, 9.7, 8.775],
			"rotation": {"angle": 0, "axis": "y", "origin": [-8.75, -0.625, 0]},
			"faces": {
				"north": {"uv": [5, 16, 4, 15], "texture": "#texture"},
				"east": {"uv": [4, 15, 5, 16], "texture": "#texture"},
				"south": {"uv": [5, 16, 4, 15], "texture": "#texture"},
				"west": {"uv": [5, 16, 4, 15], "texture": "#texture"},
				"up": {"uv": [5, 16, 4, 15], "texture": "#texture"},
				"down": {"uv": [4, 15, 5, 16], "texture": "#texture"}
			}
		},
		{
			"from": [14.8, 9.975, 7.225],
			"to": [16.6, 10.2, 8.775],
			"rotation": {"angle": 0, "axis": "y", "origin": [-8.75, -0.625, 0]},
			"faces": {
				"north": {"uv": [5, 16, 4, 15], "texture": "#texture"},
				"east": {"uv": [4, 15, 5, 16], "texture": "#texture"},
				"south": {"uv": [5, 16, 4, 15], "texture": "#texture"},
				"west": {"uv": [5, 16, 4, 15], "texture": "#texture"},
				"up": {"uv": [5, 16, 4, 15], "texture": "#texture"},
				"down": {"uv": [4, 15, 5, 16], "texture": "#texture"}
			}
		},
		{
			"from": [10.3, 9.475, 7.225],
			"to": [14.35, 9.7, 8.775],
			"rotation": {"angle": 0, "axis": "y", "origin": [-8.75, -0.625, 0]},
			"faces": {
				"north": {"uv": [5, 16, 4, 15], "texture": "#texture"},
				"east": {"uv": [4, 15, 5, 16], "texture": "#texture"},
				"south": {"uv": [5, 16, 4, 15], "texture": "#texture"},
				"west": {"uv": [5, 16, 4, 15], "texture": "#texture"},
				"up": {"uv": [5, 16, 4, 15], "texture": "#texture"},
				"down": {"uv": [4, 15, 5, 16], "texture": "#texture"}
			}
		}
	],
	"gui_light": "front",
	"display": {
		"thirdperson_righthand": {
			"rotation": [0, -90, 0],
			"translation": [0, -0.5, -2.75],
			"scale": [0.92, 0.92, 0.88]
		},
		"thirdperson_lefthand": {
			"rotation": [0, 90, 0],
			"translation": [0, -0.5, -2.75],
			"scale": [0.92, 0.92, 0.88]
		},
		"firstperson_righthand": {
			"rotation": [47.07, -79.61, 24.79],
			"translation": [0, 3.5, -7.75]
		},
		"firstperson_lefthand": {
			"rotation": [-136.79, 78.54, 157.84],
			"translation": [2.25, 4.25, -9.25]
		},
		"ground": {
			"translation": [-0.5, 3, 0],
			"scale": [1.15, 1.15, 1.11]
		},
		"gui": {
			"rotation": [0, 0, -45],
			"translation": [-2.5, 1.75, 0],
			"scale": [0.95, 0.95, 0.95]
		},
		"fixed": {
			"rotation": [0, 180, -45],
			"translation": [1, -0.2, -1.1],
			"scale": [1.35, 1.35, 1.31]
		}
	}
}