{
	"credit": "Made by SrDarmith - YouTube: Mainclay",
	"textures": {
		"texture": "item/anvil_1",
		"blade": "item/lightguntexture",
		"particle": "item/wool_colored_black",
		"dark wood blade": "item/wool_colored_black"
	},
	"elements": [
		{
			"from": [0.75, 7.75, 6.875],
			"to": [11.45, 8.625, 7.35],
			"rotation": {"angle": 0, "axis": "y", "origin": [-2, -2.45, -0.65]},
			"faces": {
				"north": {"uv": [2.5, 2.95, 13, 3.95], "texture": "#texture"},
				"east": {"uv": [8, 4.75, 8.75, 5.75], "texture": "#texture"},
				"south": {"uv": [16, 12, 15, 11], "texture": "#texture"},
				"west": {"uv": [12, 2, 10, 1], "texture": "#texture"},
				"up": {"uv": [2, 7.25, 12.5, 8], "texture": "#texture"},
				"down": {"uv": [14, 8, 3.5, 7.25], "texture": "#texture"}
			}
		},
		{
			"from": [0.75, 7.225, 7.025],
			"to": [11.925, 7.775, 8.175],
			"rotation": {"angle": 0, "axis": "y", "origin": [-2, -2.45, -0.65]},
			"faces": {
				"north": {"uv": [4.5, 6, 14, 7], "texture": "#texture"},
				"east": {"uv": [7.25, 5.5, 8.25, 6.5], "texture": "#texture"},
				"south": {"uv": [2, 5.5, 11.5, 6.5], "texture": "#texture"},
				"west": {"uv": [12, 2, 10, 1], "texture": "#texture"},
				"up": {"uv": [2, 7.75, 11.5, 8.75], "texture": "#texture"},
				"down": {"uv": [14, 8.75, 4.5, 7.75], "texture": "#texture"}
			}
		},
		{
			"from": [0.75, 7.025, 7.2],
			"to": [10.75, 7.275, 8],
			"rotation": {"angle": 0, "axis": "y", "origin": [-2, -2.45, -0.65]},
			"faces": {
				"north": {"uv": [4.5, 6, 14, 7], "texture": "#texture"},
				"east": {"uv": [7.25, 5.5, 8.25, 6.5], "texture": "#texture"},
				"south": {"uv": [2, 5.5, 11.5, 6.5], "texture": "#texture"},
				"west": {"uv": [12, 2, 10, 1], "texture": "#texture"},
				"up": {"uv": [2, 7.75, 11.5, 8.75], "texture": "#texture"},
				"down": {"uv": [14, 8.75, 4.5, 7.75], "texture": "#texture"}
			}
		},
		{
			"from": [4.5, 6.9, 7.025],
			"to": [8.75, 7.225, 8.175],
			"rotation": {"angle": 0, "axis": "y", "origin": [-2, -2.375, -0.65]},
			"faces": {
				"north": {"uv": [4.5, 6, 12.25, 6.75], "texture": "#texture"},
				"east": {"uv": [7, 6, 8.5, 6.75], "texture": "#texture"},
				"south": {"uv": [3.75, 6, 12.5, 6.75], "texture": "#texture"},
				"west": {"uv": [7.5, 6, 9, 6.75], "texture": "#texture"},
				"down": {"uv": [12.25, 9, 3.5, 7.5], "texture": "#texture"}
			}
		},
		{
			"from": [0.75, 8.825, 7.2],
			"to": [6.225, 9.025, 8],
			"rotation": {"angle": 0, "axis": "y", "origin": [-2, -2.45, -0.65]},
			"faces": {
				"north": {"uv": [8, 3.25, 13, 3.5], "texture": "#texture"},
				"east": {"uv": [7, 4.25, 8.5, 4.5], "texture": "#texture"},
				"south": {"uv": [2, 4.25, 7, 4.5], "texture": "#texture"},
				"west": {"uv": [12, 2, 10, 1], "texture": "#texture"},
				"up": {"uv": [2, 6.5, 7, 8], "texture": "#texture"}
			}
		},
		{
			"from": [7.775, 8.825, 7.2],
			"to": [11.125, 9.025, 8],
			"rotation": {"angle": 0, "axis": "y", "origin": [-2, -2.45, -0.65]},
			"faces": {
				"north": {"uv": [3.5, 4.25, 7, 4.5], "texture": "#texture"},
				"east": {"uv": [7, 4.25, 8.5, 4.5], "texture": "#texture"},
				"south": {"uv": [9, 4.25, 12.5, 4.5], "texture": "#texture"},
				"west": {"uv": [7.5, 4.25, 9, 4.5], "texture": "#texture"},
				"up": {"uv": [9, 7.5, 12.5, 9], "texture": "#texture"}
			}
		},
		{
			"from": [0.95, 8.95, 7.475],
			"to": [1.4, 9.2, 7.725],
			"rotation": {"angle": 0, "axis": "y", "origin": [-2, -2.45, -0.65]},
			"faces": {
				"north": {"uv": [13, 4, 13.75, 4.25], "texture": "#texture"},
				"east": {"uv": [7.5, 4, 8, 4.25], "texture": "#texture"},
				"south": {"uv": [2.25, 4, 3, 4.25], "texture": "#texture"},
				"west": {"uv": [8, 4, 8.5, 4.25], "texture": "#texture"},
				"up": {"uv": [2.25, 8, 3, 8.5], "texture": "#texture"}
			}
		},
		{
			"from": [7.525, 8.625, 7.025],
			"to": [11.45, 8.825, 8.175],
			"rotation": {"angle": 0, "axis": "y", "origin": [-2, -2.45, -0.65]},
			"faces": {
				"north": {"uv": [3.5, 4.5, 7, 5.75], "texture": "#texture"},
				"east": {"uv": [7, 4.5, 8.5, 5.75], "texture": "#texture"},
				"south": {"uv": [9, 4.5, 12.5, 5.75], "texture": "#texture"},
				"west": {"uv": [7.5, 4.5, 9, 5.75], "texture": "#texture"},
				"up": {"uv": [0, 0, 1, 1], "texture": "#texture"},
				"down": {"uv": [16, 12, 15, 11], "texture": "#texture"}
			}
		},
		{
			"from": [0.75, 8.625, 7.025],
			"to": [6.225, 8.825, 8.175],
			"rotation": {"angle": 0, "axis": "y", "origin": [-2, -2.45, -0.65]},
			"faces": {
				"north": {"uv": [8, 3.5, 13, 3.75], "texture": "#texture"},
				"east": {"uv": [7, 4.5, 8.5, 4.75], "texture": "#texture"},
				"south": {"uv": [2, 4.5, 7, 4.75], "texture": "#texture"},
				"west": {"uv": [12, 2, 10, 1], "texture": "#texture"},
				"up": {"uv": [0, 0, 1, 1], "texture": "#texture"},
				"down": {"uv": [16, 11, 15, 12], "texture": "#texture"}
			}
		},
		{
			"from": [5.2, 8.725, 7.225],
			"to": [7.8, 8.925, 7.825],
			"rotation": {"angle": 0, "axis": "y", "origin": [-2, -2.45, -0.65]},
			"faces": {
				"north": {"uv": [7, 4.25, 9, 4.75], "texture": "#blade"},
				"east": {"uv": [7.25, 4.25, 8.25, 4.75], "texture": "#blade"},
				"south": {"uv": [7, 4.25, 9, 4.75], "texture": "#blade"},
				"west": {"uv": [7.75, 4.25, 8.75, 4.75], "texture": "#blade"},
				"up": {"uv": [7, 7.75, 9, 8.75], "texture": "#blade"},
				"down": {"uv": [9, 8.75, 7, 7.75], "texture": "#blade"}
			}
		},
		{
			"from": [5.2, 8.625, 7.05],
			"to": [7.55, 8.75, 8.025],
			"rotation": {"angle": 0, "axis": "y", "origin": [-2, -2.45, -0.65]},
			"faces": {
				"north": {"uv": [7, 4.25, 9, 4.75], "texture": "#blade"},
				"east": {"uv": [7.25, 4.25, 8.25, 4.75], "texture": "#blade"},
				"south": {"uv": [7, 4.25, 9, 4.75], "texture": "#blade"},
				"west": {"uv": [7.75, 4.25, 8.75, 4.75], "texture": "#blade"},
				"up": {"uv": [7, 7.75, 9, 8.75], "texture": "#blade"},
				"down": {"uv": [16, 11, 15, 12], "texture": "#texture"}
			}
		},
		{
			"from": [0.5, 8.075, 7.1],
			"to": [0.75, 8.575, 7.35],
			"rotation": {"angle": 0, "axis": "y", "origin": [-2, -2.45, -0.65]},
			"faces": {
				"north": {"uv": [11.4, 4.3, 11.65, 5.3], "texture": "#texture"},
				"east": {"uv": [8, 4.5, 8.25, 5.5], "texture": "#texture"},
				"south": {"uv": [16, 12, 15, 11], "texture": "#texture"},
				"west": {"uv": [6.2, 0.65, 6.45, 1.65], "texture": "#texture"},
				"up": {"uv": [1.75, 7.75, 2, 8], "texture": "#texture"},
				"down": {"uv": [14.25, 8, 14, 7.75], "texture": "#texture"}
			}
		},
		{
			"from": [0.5, 8.075, 7.85],
			"to": [0.75, 8.575, 8.1],
			"rotation": {"angle": 0, "axis": "y", "origin": [-2, -2.45, -0.65]},
			"faces": {
				"north": {"uv": [16, 12, 15, 11], "texture": "#texture"},
				"east": {"uv": [7.25, 4.5, 7.5, 5.5], "texture": "#texture"},
				"south": {"uv": [1.75, 4.5, 2, 5.5], "texture": "#texture"},
				"west": {"uv": [6.95, 0.65, 7.2, 1.65], "texture": "#texture"},
				"up": {"uv": [1.75, 8.5, 2, 8.75], "texture": "#texture"},
				"down": {"uv": [14.25, 8.75, 14, 8.5], "texture": "#texture"}
			}
		},
		{
			"from": [0.5, 7.825, 7.35],
			"to": [9, 8.075, 7.85],
			"rotation": {"angle": 0, "axis": "y", "origin": [-2, -2.45, -0.65]},
			"faces": {
				"north": {"uv": [0, 0, 1, 1], "texture": "#texture"},
				"east": {"uv": [7.5, 5.25, 8, 5.5], "texture": "#texture"},
				"south": {"uv": [0, 0, 1, 1], "texture": "#texture"},
				"west": {"uv": [6.45, 1.4, 6.95, 1.65], "texture": "#texture"},
				"up": {"uv": [15, 12, 16, 11], "texture": "#texture"},
				"down": {"uv": [14.25, 8.5, 14, 8], "texture": "#texture"}
			}
		},
		{
			"from": [0.625, 7.15, 7.35],
			"to": [0.875, 7.825, 7.85],
			"rotation": {"angle": 0, "axis": "y", "origin": [-2, -2.45, -0.65]},
			"faces": {
				"north": {"uv": [0, 0, 1, 1], "texture": "#texture"},
				"east": {"uv": [7.5, 5.25, 8, 5.5], "texture": "#texture"},
				"south": {"uv": [0, 0, 1, 1], "texture": "#texture"},
				"west": {"uv": [6.45, 1.4, 6.95, 1.65], "texture": "#texture"},
				"up": {"uv": [1.75, 8, 2, 8.5], "texture": "#texture"},
				"down": {"uv": [14.25, 8.5, 14, 8], "texture": "#texture"}
			}
		},
		{
			"from": [0.625, 8.825, 7.35],
			"to": [0.875, 8.95, 7.85],
			"rotation": {"angle": 0, "axis": "y", "origin": [-2, -2.45, -0.65]},
			"faces": {
				"north": {"uv": [0, 0, 1, 1], "texture": "#texture"},
				"east": {"uv": [7.5, 5.25, 8, 5.5], "texture": "#texture"},
				"south": {"uv": [0, 0, 1, 1], "texture": "#texture"},
				"west": {"uv": [6.45, 1.4, 6.95, 1.65], "texture": "#texture"},
				"up": {"uv": [1.75, 8, 2, 8.5], "texture": "#texture"},
				"down": {"uv": [14.25, 8.5, 14, 8], "texture": "#texture"}
			}
		},
		{
			"from": [0.75, 7.75, 7.85],
			"to": [11.45, 8.625, 8.325],
			"rotation": {"angle": 0, "axis": "y", "origin": [-2, -2.45, -0.65]},
			"faces": {
				"north": {"uv": [16, 12, 15, 11], "texture": "#texture"},
				"east": {"uv": [6.75, 4.75, 7.5, 5.75], "texture": "#texture"},
				"south": {"uv": [2, 4.75, 11.75, 5.75], "texture": "#texture"},
				"west": {"uv": [12, 2, 10, 1], "texture": "#texture"},
				"up": {"uv": [2, 8.5, 12.5, 9.25], "texture": "#texture"},
				"down": {"uv": [14, 9.25, 3.5, 8.5], "texture": "#texture"}
			}
		},
		{
			"from": [9.55, 7.55, 6.85],
			"to": [10.25, 8.6, 8.35],
			"rotation": {"angle": 0, "axis": "y", "origin": [-2, -2.45, -0.65]},
			"faces": {
				"north": {"uv": [7, 9, 2, 8], "texture": "#texture"},
				"east": {"uv": [6.75, 4.75, 7.5, 5.75], "texture": "#texture"},
				"south": {"uv": [2, 8, 7, 9], "texture": "#texture"},
				"west": {"uv": [12, 2, 10, 1], "texture": "#texture"},
				"up": {"uv": [2, 8.5, 12.5, 9.25], "texture": "#texture"},
				"down": {"uv": [14, 9.25, 3.5, 8.5], "texture": "#texture"}
			}
		},
		{
			"from": [10.25, 7.55, 6.85],
			"to": [10.8, 8.6, 8.35],
			"rotation": {"angle": 0, "axis": "y", "origin": [-2, -2.45, -0.65]},
			"faces": {
				"north": {"uv": [6.75, 9, 3, 8], "texture": "#texture"},
				"east": {"uv": [6.75, 4.75, 7.5, 5.75], "texture": "#texture"},
				"south": {"uv": [3, 8, 6.75, 9], "texture": "#texture"},
				"west": {"uv": [12, 2, 10, 1], "texture": "#texture"},
				"up": {"uv": [2, 8.5, 12.5, 9.25], "texture": "#texture"},
				"down": {"uv": [14, 9.25, 3.5, 8.5], "texture": "#texture"}
			}
		},
		{
			"from": [9, 7.55, 6.85],
			"to": [9.55, 8.6, 8.35],
			"rotation": {"angle": 0, "axis": "y", "origin": [-2, -2.45, -0.65]},
			"faces": {
				"north": {"uv": [6, 9, 2, 8], "texture": "#texture"},
				"east": {"uv": [6.75, 4.75, 7.5, 5.75], "texture": "#texture"},
				"south": {"uv": [2, 8, 6, 9], "texture": "#texture"},
				"west": {"uv": [12, 2, 10, 1], "texture": "#texture"},
				"up": {"uv": [2, 8.5, 12.5, 9.25], "texture": "#texture"},
				"down": {"uv": [14, 9.25, 3.5, 8.5], "texture": "#texture"}
			}
		},
		{
			"from": [3, 7.525, 6.875],
			"to": [11.45, 7.75, 7.35],
			"rotation": {"angle": 0, "axis": "y", "origin": [-2, -2.45, -0.65]},
			"faces": {
				"north": {"uv": [2.5, 3.1, 11.5, 3.85], "texture": "#texture"},
				"east": {"uv": [8, 4.75, 8.75, 5.75], "texture": "#texture"},
				"south": {"uv": [16, 12, 15, 11], "texture": "#texture"},
				"west": {"uv": [7.25, 4.75, 8, 5.75], "texture": "#texture"},
				"up": {"uv": [2, 7.25, 12.5, 8], "texture": "#texture"},
				"down": {"uv": [14, 8, 3.5, 7.25], "texture": "#texture"}
			}
		},
		{
			"from": [3.7, 7.525, 7.85],
			"to": [11.45, 7.75, 8.325],
			"rotation": {"angle": 0, "axis": "y", "origin": [-2, -2.45, -0.65]},
			"faces": {
				"north": {"uv": [3.5, 4.75, 14, 5.75], "texture": "#texture"},
				"east": {"uv": [6.75, 4.75, 7.5, 5.75], "texture": "#texture"},
				"south": {"uv": [4.825, 5, 8.1, 5.75], "texture": "#texture"},
				"west": {"uv": [8.5, 4.75, 9.25, 5.75], "texture": "#texture"},
				"up": {"uv": [2, 8.5, 12.5, 9.25], "texture": "#texture"},
				"down": {"uv": [14, 9.25, 3.5, 8.5], "texture": "#texture"}
			}
		},
		{
			"from": [0.5, 8.575, 7.35],
			"to": [0.75, 8.825, 7.85],
			"rotation": {"angle": 0, "axis": "y", "origin": [-2, -2.45, -0.65]},
			"faces": {
				"north": {"uv": [0, 0, 1, 1], "texture": "#texture"},
				"east": {"uv": [0, 0, 1, 1], "texture": "#texture"},
				"south": {"uv": [0, 0, 1, 1], "texture": "#texture"},
				"west": {"uv": [6.45, 0.65, 6.95, 0.9], "texture": "#texture"},
				"up": {"uv": [1.75, 8, 2, 8.5], "texture": "#texture"},
				"down": {"uv": [15, 11, 16, 12], "texture": "#texture"}
			}
		},
		{
			"from": [5.85, 5.45, 7.25],
			"to": [6.1, 6.725, 7.95],
			"rotation": {"angle": 0, "axis": "y", "origin": [-2.25, -2, -0.65]},
			"faces": {
				"north": {"uv": [7.75, 7.25, 8, 8.5], "texture": "#texture"},
				"east": {"uv": [7.5, 7.25, 8, 8.5], "texture": "#texture"},
				"south": {"uv": [8, 7.25, 8.25, 8.5], "texture": "#texture"},
				"west": {"uv": [8, 7.25, 8.5, 8.5], "texture": "#texture"},
				"down": {"uv": [8, 8.5, 7.75, 8], "texture": "#texture"}
			}
		},
		{
			"from": [6.1, 5.2, 7.25],
			"to": [8.1, 5.45, 7.95],
			"rotation": {"angle": 0, "axis": "y", "origin": [-2.25, -2, -0.65]},
			"faces": {
				"north": {"uv": [5.75, 8.5, 7.75, 8.75], "texture": "#texture"},
				"south": {"uv": [8.25, 8.5, 10.25, 8.75], "texture": "#texture"},
				"west": {"uv": [8, 8.5, 8.5, 8.75], "texture": "#texture"},
				"up": {"uv": [8.25, 8, 10.25, 8.5], "texture": "#texture"},
				"down": {"uv": [7.75, 8.5, 5.75, 8], "texture": "#texture"}
			}
		},
		{
			"from": [6.1, 5.45, 7.25],
			"to": [6.35, 5.7, 7.95],
			"rotation": {"angle": 0, "axis": "y", "origin": [-2.25, -2, -0.65]},
			"faces": {
				"north": {"uv": [7.5, 8.25, 7.75, 8.5], "texture": "#texture"},
				"east": {"uv": [7.5, 8.25, 8, 8.5], "texture": "#texture"},
				"south": {"uv": [8.25, 8.25, 8.5, 8.5], "texture": "#texture"},
				"up": {"uv": [8.25, 8, 8.5, 8.5], "texture": "#texture"}
			}
		},
		{
			"from": [10.175, 4.325, 6.825],
			"to": [10.5, 4.65, 8.375],
			"rotation": {"angle": 0, "axis": "y", "origin": [-2, -2, -0.65]},
			"faces": {
				"north": {"uv": [16, 12, 15, 11], "texture": "#texture"},
				"east": {"uv": [16, 12, 15, 11], "texture": "#texture"},
				"south": {"uv": [16, 12, 15, 11], "texture": "#texture"},
				"west": {"uv": [0, 0, 1, 1], "texture": "#texture"},
				"up": {"uv": [16, 12, 15, 11], "texture": "#texture"},
				"down": {"uv": [0, 0, 1, 1], "texture": "#texture"}
			}
		},
		{
			"from": [6.1, 6.5, 7.25],
			"to": [6.35, 6.75, 7.95],
			"rotation": {"angle": 0, "axis": "y", "origin": [-2.25, -2, -0.65]},
			"faces": {
				"north": {"uv": [7.5, 8.25, 7.75, 8.5], "texture": "#texture"},
				"east": {"uv": [7.5, 8.25, 8, 8.5], "texture": "#texture"},
				"south": {"uv": [8.25, 8.25, 8.5, 8.5], "texture": "#texture"},
				"up": {"uv": [8.25, 8, 8.5, 8.5], "texture": "#texture"},
				"down": {"uv": [0, 0, 1, 1], "texture": "#texture"}
			}
		},
		{
			"from": [7.75, 5.45, 7.25],
			"to": [8, 5.7, 7.95],
			"rotation": {"angle": 0, "axis": "y", "origin": [-2.25, -2, -0.65]},
			"faces": {
				"north": {"uv": [6.5, 7.25, 6.75, 7.5], "texture": "#texture"},
				"east": {"uv": [7.5, 8.25, 8, 8.5], "texture": "#texture"},
				"south": {"uv": [9.25, 8.25, 9.5, 8.5], "texture": "#texture"},
				"west": {"uv": [0, 0, 1, 1], "texture": "#texture"},
				"up": {"uv": [8.25, 8, 8.5, 8.5], "texture": "#texture"},
				"down": {"uv": [0, 0, 1, 1], "texture": "#texture"}
			}
		},
		{
			"from": [7.75, 6.5, 7.025],
			"to": [8, 6.725, 8.175],
			"rotation": {"angle": 0, "axis": "y", "origin": [-2.25, -2, -0.65]},
			"faces": {
				"north": {"uv": [6.5, 7.25, 6.75, 7.5], "texture": "#texture"},
				"east": {"uv": [7.5, 8.25, 8, 8.5], "texture": "#texture"},
				"south": {"uv": [8.25, 7.25, 8.5, 7.5], "texture": "#texture"},
				"west": {"uv": [0, 0, 1, 1], "texture": "#texture"},
				"up": {"uv": [8.25, 8, 8.5, 8.5], "texture": "#texture"},
				"down": {"uv": [0, 0, 1, 1], "texture": "#texture"}
			}
		},
		{
			"from": [10.95, 6.55, 7.025],
			"to": [11.175, 6.875, 8.175],
			"rotation": {"angle": 0, "axis": "y", "origin": [-2, -2.35, -0.65]},
			"faces": {
				"north": {"uv": [2.75, 7.25, 5.5, 7.5], "texture": "#texture"},
				"east": {"uv": [7.25, 7.25, 8.25, 7.5], "texture": "#texture"},
				"south": {"uv": [10.5, 7.25, 13.25, 7.5], "texture": "#texture"},
				"down": {"uv": [5.5, 8.75, 2.75, 7.75], "texture": "#texture"}
			}
		},
		{
			"from": [11.45, 7.025, 7.025],
			"to": [11.925, 7.225, 8.175],
			"rotation": {"angle": 0, "axis": "y", "origin": [-2, -2.35, -0.65]},
			"faces": {
				"north": {"uv": [2.75, 7.25, 5.5, 7.5], "texture": "#texture"},
				"east": {"uv": [7.25, 7.25, 8.25, 7.5], "texture": "#texture"},
				"south": {"uv": [10.5, 7.25, 13.25, 7.5], "texture": "#texture"},
				"down": {"uv": [5.5, 8.75, 2.75, 7.75], "texture": "#texture"}
			}
		},
		{
			"from": [8.25, 4.65, 7.025],
			"to": [8.5, 6.9, 8.175],
			"rotation": {"angle": 0, "axis": "y", "origin": [-2, -2.35, -0.65]},
			"faces": {
				"north": {"uv": [5.5, 7.25, 5.75, 9.25], "texture": "#texture"},
				"east": {"uv": [7.25, 7.25, 8.25, 9.25], "texture": "#texture"},
				"south": {"uv": [10.25, 7.25, 10.5, 9.25], "texture": "#texture"},
				"west": {"uv": [7.75, 7.25, 8.75, 9.25], "texture": "#texture"},
				"down": {"uv": [5.75, 8.75, 5.5, 7.75], "texture": "#texture"}
			}
		},
		{
			"from": [8, 5.15, 7.025],
			"to": [8.25, 6.9, 8.175],
			"rotation": {"angle": 0, "axis": "y", "origin": [-2, -2.35, -0.65]},
			"faces": {
				"north": {"uv": [5.5, 7.25, 5.75, 9.25], "texture": "#texture"},
				"east": {"uv": [7.25, 7.25, 8.25, 9.25], "texture": "#texture"},
				"south": {"uv": [10.25, 7.25, 10.5, 9.25], "texture": "#texture"},
				"west": {"uv": [7.75, 7.25, 8.75, 9.25], "texture": "#texture"},
				"down": {"uv": [5.75, 8.75, 5.5, 7.75], "texture": "#texture"}
			}
		},
		{
			"from": [8.5, 3.325, 7.025],
			"to": [11.175, 5.225, 8.175],
			"rotation": {"angle": 0, "axis": "y", "origin": [-2, -2.35, -0.65]},
			"faces": {
				"north": {"uv": [2.75, 9.25, 5.5, 9.75], "texture": "#texture"},
				"east": {"uv": [7.25, 9.25, 8.25, 9.75], "texture": "#texture"},
				"south": {"uv": [10.5, 9.25, 13.25, 9.75], "texture": "#texture"},
				"west": {"uv": [7.75, 9.25, 8.75, 9.75], "texture": "#texture"},
				"up": {"uv": [10.5, 7.75, 13.25, 8.75], "texture": "#texture"},
				"down": {"uv": [5.5, 8.75, 2.75, 7.75], "texture": "#texture"}
			}
		},
		{
			"from": [11.45, 7.525, 6.875],
			"to": [11.825, 8.25, 8.325],
			"rotation": {"angle": 0, "axis": "y", "origin": [-2, -2.45, -0.65]},
			"faces": {
				"north": {"uv": [3.25, 4.75, 3.5, 6.75], "texture": "#texture"},
				"east": {"uv": [7.25, 4.75, 8.25, 6.75], "texture": "#texture"},
				"south": {"uv": [12.5, 4.75, 12.75, 6.75], "texture": "#texture"},
				"west": {"uv": [7.75, 4.75, 8.75, 6.75], "texture": "#texture"},
				"up": {"uv": [12.5, 7.75, 12.75, 8.75], "texture": "#texture"},
				"down": {"uv": [0, 0, 1, 1], "texture": "#texture"}
			}
		},
		{
			"from": [10.3, 8.15, 6.925],
			"to": [11.65, 8.625, 8.275],
			"rotation": {"angle": 0, "axis": "y", "origin": [-2, -2.45, -0.65]},
			"faces": {
				"north": {"uv": [3.25, 4.75, 3.5, 6.75], "texture": "#texture"},
				"east": {"uv": [7.25, 4.75, 8.25, 6.75], "texture": "#texture"},
				"south": {"uv": [12.5, 4.75, 12.75, 6.75], "texture": "#texture"},
				"west": {"uv": [16, 11, 15, 12], "texture": "#texture"},
				"up": {"uv": [12.5, 7.75, 12.75, 8.75], "texture": "#texture"}
			}
		},
		{
			"from": [10.325, 5.15, 7.025],
			"to": [10.95, 6.875, 8.175],
			"rotation": {"angle": 0, "axis": "y", "origin": [-2, -2.35, -0.65]},
			"faces": {
				"north": {"uv": [3, 7.75, 5.5, 8.5], "texture": "#texture"},
				"east": {"uv": [7.25, 7.75, 8.25, 8.5], "texture": "#texture"},
				"south": {"uv": [10.5, 7.75, 13, 8.5], "texture": "#texture"}
			}
		},
		{
			"from": [8.75, 3.55, 6.85],
			"to": [10.75, 5.525, 8.35],
			"rotation": {"angle": 0, "axis": "y", "origin": [-2, -2.35, -0.65]},
			"faces": {
				"north": {"uv": [10, 6, 9, 7], "texture": "#dark wood blade"},
				"east": {"uv": [10, 6, 9, 7], "texture": "#dark wood blade"},
				"south": {"uv": [10, 6, 9, 7], "texture": "#dark wood blade"},
				"west": {"uv": [10, 6, 9, 7], "texture": "#dark wood blade"},
				"up": {"uv": [10, 7, 9, 6], "texture": "#dark wood blade"},
				"down": {"uv": [9, 6, 10, 7], "texture": "#dark wood blade"}
			}
		},
		{
			"from": [9, 2.55, 6.85],
			"to": [10.95, 4.65, 8.35],
			"rotation": {"angle": 0, "axis": "y", "origin": [-2, -2.35, -0.65]},
			"faces": {
				"north": {"uv": [10, 7, 9, 6], "texture": "#dark wood blade"},
				"east": {"uv": [10, 7, 9, 6], "texture": "#dark wood blade"},
				"south": {"uv": [10, 7, 9, 6], "texture": "#dark wood blade"},
				"west": {"uv": [10, 7, 9, 6], "texture": "#dark wood blade"},
				"up": {"uv": [10, 7, 9, 6], "texture": "#dark wood blade"},
				"down": {"uv": [9, 6, 10, 7], "texture": "#dark wood blade"}
			}
		},
		{
			"from": [7.9, 5.425, 7.4],
			"to": [8.65, 6.925, 7.8],
			"rotation": {"angle": -22.5, "axis": "z", "origin": [7.75, 6.875, 7.35]},
			"faces": {
				"north": {"uv": [16, 11, 15, 10], "texture": "#texture"},
				"east": {"uv": [16, 11, 15, 10], "texture": "#texture"},
				"south": {"uv": [16, 11, 15, 10], "texture": "#texture"},
				"west": {"uv": [16, 11, 15, 10], "texture": "#texture"},
				"down": {"uv": [15, 10, 16, 11], "texture": "#texture"}
			}
		},
		{
			"from": [8.75, 2.075, 7.025],
			"to": [11.175, 3.325, 8.175],
			"rotation": {"angle": 0, "axis": "y", "origin": [-2, -2.35, -0.65]},
			"faces": {
				"north": {"uv": [2.75, 9.75, 5.25, 12], "texture": "#texture"},
				"east": {"uv": [7.25, 9.75, 8.25, 12], "texture": "#texture"},
				"south": {"uv": [10.75, 9.75, 13.25, 12], "texture": "#texture"},
				"west": {"uv": [7.75, 9.75, 8.75, 12], "texture": "#texture"},
				"down": {"uv": [5.25, 8.75, 2.75, 7.75], "texture": "#texture"}
			}
		},
		{
			"from": [10.15, 9, 7.225],
			"to": [10.45, 9.25, 7.475],
			"rotation": {"angle": 0, "axis": "y", "origin": [-2, -2.45, -0.65]},
			"faces": {
				"north": {"uv": [3.75, 4, 4.75, 4.25], "texture": "#texture"},
				"east": {"uv": [8, 4, 8.25, 4.25], "texture": "#texture"},
				"south": {"uv": [11.25, 4, 12.25, 4.25], "texture": "#texture"},
				"west": {"uv": [7.75, 4, 8, 4.25], "texture": "#texture"},
				"up": {"uv": [11.25, 7.75, 12.25, 8], "texture": "#texture"}
			}
		},
		{
			"from": [10.15, 9, 7.725],
			"to": [10.45, 9.25, 7.975],
			"rotation": {"angle": 0, "axis": "y", "origin": [-2, -2.45, -0.65]},
			"faces": {
				"north": {"uv": [3.75, 4, 4.75, 4.25], "texture": "#texture"},
				"east": {"uv": [7.25, 4, 7.5, 4.25], "texture": "#texture"},
				"south": {"uv": [11.25, 4, 12.25, 4.25], "texture": "#texture"},
				"west": {"uv": [8.5, 4, 8.75, 4.25], "texture": "#texture"},
				"up": {"uv": [11.25, 8.5, 12.25, 8.75], "texture": "#texture"}
			}
		},
		{
			"from": [11.175, 2.275, 7.025],
			"to": [11.4, 3.875, 8.175],
			"rotation": {"angle": 0, "axis": "y", "origin": [-2, -2.35, -0.65]},
			"faces": {
				"north": {"uv": [3, 8.5, 4, 9.25], "texture": "#texture"},
				"east": {"uv": [7.25, 8.5, 8.25, 9.25], "texture": "#texture"},
				"south": {"uv": [11.5, 8.5, 13, 9.25], "texture": "#texture"},
				"west": {"uv": [12, 8, 13, 9], "texture": "#texture"},
				"up": {"uv": [5, 8, 6, 9], "texture": "#texture"},
				"down": {"uv": [12, 8, 13, 9], "texture": "#texture"}
			}
		},
		{
			"from": [8.5, 5.15, 6.85],
			"to": [8.75, 6.45, 8.35],
			"rotation": {"angle": 0, "axis": "y", "origin": [-2, -2.35, -0.65]},
			"faces": {
				"north": {"uv": [10, 7, 9, 6], "texture": "#dark wood blade"},
				"east": {"uv": [10, 7, 9, 6], "texture": "#dark wood blade"},
				"south": {"uv": [10, 7, 9, 6], "texture": "#dark wood blade"},
				"west": {"uv": [10, 7, 9, 6], "texture": "#dark wood blade"},
				"up": {"uv": [10, 7, 9, 6], "texture": "#dark wood blade"},
				"down": {"uv": [9, 6, 10, 7], "texture": "#dark wood blade"}
			}
		},
		{
			"from": [10.925, 2.55, 6.85],
			"to": [11.15, 3.525, 8.35],
			"rotation": {"angle": 0, "axis": "y", "origin": [-2, -2.35, -0.65]},
			"faces": {
				"north": {"uv": [10, 7, 9, 6], "texture": "#dark wood blade"},
				"east": {"uv": [10, 7, 9, 6], "texture": "#dark wood blade"},
				"south": {"uv": [10, 7, 9, 6], "texture": "#dark wood blade"},
				"west": {"uv": [10, 7, 9, 6], "texture": "#dark wood blade"},
				"up": {"uv": [10, 7, 9, 6], "texture": "#dark wood blade"},
				"down": {"uv": [9, 6, 10, 7], "texture": "#dark wood blade"}
			}
		},
		{
			"from": [6.225, 8.575, 7.95],
			"to": [7.525, 8.825, 8.175],
			"rotation": {"angle": 0, "axis": "y", "origin": [-2, -2.45, -0.65]},
			"faces": {
				"south": {"uv": [7, 4.5, 9, 4.75], "texture": "#texture"},
				"up": {"uv": [7, 8.75, 9, 9], "texture": "#texture"}
			}
		},
		{
			"from": [6.225, 8.575, 7.7],
			"to": [7.775, 9.025, 8],
			"rotation": {"angle": 0, "axis": "y", "origin": [-2, -2.45, -0.65]},
			"faces": {
				"north": {"uv": [0, 0, 1, 1], "texture": "#texture"},
				"east": {"uv": [0, 0, 1, 1], "texture": "#texture"},
				"south": {"uv": [7, 4.5, 9, 4.75], "texture": "#texture"},
				"west": {"uv": [0, 0, 1, 1], "texture": "#texture"},
				"up": {"uv": [7, 8.75, 9, 9], "texture": "#texture"},
				"down": {"uv": [0, 0, 1, 1], "texture": "#texture"}
			}
		},
		{
			"from": [8.5, 5.875, 7.025],
			"to": [10.325, 6.9, 8.175],
			"rotation": {"angle": 0, "axis": "y", "origin": [-2, -2.35, -0.65]},
			"faces": {
				"north": {"uv": [3.5, 6.75, 9, 7], "texture": "#texture"},
				"east": {"uv": [7, 6.75, 8.5, 7], "texture": "#texture"},
				"south": {"uv": [7, 6.75, 12.5, 7], "texture": "#texture"},
				"west": {"uv": [7.5, 6.75, 9, 7], "texture": "#texture"},
				"down": {"uv": [9, 9, 3.5, 7.5], "texture": "#texture"}
			}
		},
		{
			"from": [5.675, 6.725, 7.025],
			"to": [8, 6.9, 8.175],
			"rotation": {"angle": 0, "axis": "y", "origin": [-2, -2, -0.65]},
			"faces": {
				"north": {"uv": [2.5, 7, 8.5, 7.25], "texture": "#texture"},
				"east": {"uv": [7.25, 7, 8.25, 7.25], "texture": "#texture"},
				"south": {"uv": [7.5, 7, 13.5, 7.25], "texture": "#texture"},
				"west": {"uv": [7.75, 7, 8.75, 7.25], "texture": "#texture"},
				"up": {"uv": [7.5, 7.75, 13.5, 8.75], "texture": "#texture"},
				"down": {"uv": [8.5, 8.75, 2.5, 7.75], "texture": "#texture"}
			}
		},
		{
			"from": [8.75, 6.85, 7.025],
			"to": [11.475, 7.225, 8.175],
			"rotation": {"angle": 0, "axis": "y", "origin": [-2, -2.375, -0.65]},
			"faces": {
				"north": {"uv": [4.5, 6, 12.25, 6.75], "texture": "#texture"},
				"east": {"uv": [7, 6, 8.5, 6.75], "texture": "#texture"},
				"south": {"uv": [3.75, 6, 12.5, 6.75], "texture": "#texture"},
				"west": {"uv": [7.5, 6, 9, 6.75], "texture": "#texture"},
				"down": {"uv": [12.25, 9, 3.5, 7.5], "texture": "#texture"}
			}
		},
		{
			"from": [8, 6.725, 7.025],
			"to": [8, 6.9, 8.175],
			"rotation": {"angle": 0, "axis": "y", "origin": [-2, -2, -0.65]},
			"faces": {
				"north": {"uv": [2.5, 7, 8.5, 7.25], "texture": "#texture"},
				"east": {"uv": [7.25, 7, 8.25, 7.25], "texture": "#texture"},
				"south": {"uv": [7.5, 7, 13.5, 7.25], "texture": "#texture"},
				"west": {"uv": [7.75, 7, 8.75, 7.25], "texture": "#texture"},
				"up": {"uv": [7.5, 7.75, 13.5, 8.75], "texture": "#texture"},
				"down": {"uv": [8.5, 8.75, 2.5, 7.75], "texture": "#texture"}
			}
		},
		{
			"from": [7.3, 5.375, 7.4],
			"to": [8.3, 6.875, 7.8],
			"rotation": {"angle": 22.5, "axis": "z", "origin": [7.75, 6.875, 7.35]},
			"faces": {
				"north": {"uv": [16, 11, 15, 10], "texture": "#texture"},
				"east": {"uv": [16, 11, 15, 10], "texture": "#texture"},
				"south": {"uv": [16, 11, 15, 10], "texture": "#texture"},
				"west": {"uv": [16, 11, 15, 10], "texture": "#texture"},
				"down": {"uv": [15, 10, 16, 11], "texture": "#texture"}
			}
		},
		{
			"from": [8.75, 5.475, 6.85],
			"to": [10.55, 6.45, 8.35],
			"rotation": {"angle": 0, "axis": "y", "origin": [-2, -2.35, -0.65]},
			"faces": {
				"north": {"uv": [10, 7, 9, 6], "texture": "#dark wood blade"},
				"east": {"uv": [10, 7, 9, 6], "texture": "#dark wood blade"},
				"south": {"uv": [10, 7, 9, 6], "texture": "#dark wood blade"},
				"west": {"uv": [10, 7, 9, 6], "texture": "#dark wood blade"},
				"up": {"uv": [10, 7, 9, 6], "texture": "#dark wood blade"},
				"down": {"uv": [9, 6, 10, 7], "texture": "#dark wood blade"}
			}
		},
		{
			"from": [8.75, 6.4, 6.85],
			"to": [10.325, 6.75, 8.35],
			"rotation": {"angle": 0, "axis": "y", "origin": [-2, -2.35, -0.65]},
			"faces": {
				"north": {"uv": [10, 7, 9, 6], "texture": "#dark wood blade"},
				"east": {"uv": [10, 7, 9, 6], "texture": "#dark wood blade"},
				"south": {"uv": [10, 7, 9, 6], "texture": "#dark wood blade"},
				"west": {"uv": [10, 7, 9, 6], "texture": "#dark wood blade"},
				"up": {"uv": [10, 7, 9, 6], "texture": "#dark wood blade"},
				"down": {"uv": [9, 6, 10, 7], "texture": "#dark wood blade"}
			}
		},
		{
			"from": [9, 2.35, 6.85],
			"to": [10.95, 2.6, 8.35],
			"rotation": {"angle": 0, "axis": "y", "origin": [-2, -2.35, -0.65]},
			"faces": {
				"north": {"uv": [10, 7, 9, 6], "texture": "#dark wood blade"},
				"east": {"uv": [10, 7, 9, 6], "texture": "#dark wood blade"},
				"south": {"uv": [10, 7, 9, 6], "texture": "#dark wood blade"},
				"west": {"uv": [10, 7, 9, 6], "texture": "#dark wood blade"},
				"up": {"uv": [10, 7, 9, 6], "texture": "#dark wood blade"},
				"down": {"uv": [9, 6, 10, 7], "texture": "#dark wood blade"}
			}
		}
	],
	"gui_light": "front",
	"display": {
		"thirdperson_righthand": {
			"rotation": [0, -102, 0],
			"translation": [-0.25, 1, 0.25],
			"scale": [0.8, 0.8, 0.78]
		},
		"thirdperson_lefthand": {
			"rotation": [0, 78, 0],
			"translation": [0.25, 1, 0.75],
			"scale": [0.8, 0.8, 0.78]
		},
		"firstperson_righthand": {
			"rotation": [180, -79.97, 180],
			"translation": [0.912, 7.1, 0.1],
			"scale": [0.97, 0.97, 0.99]
		},
		"firstperson_lefthand": {
			"rotation": [0, 80.15, 0],
			"translation": [1.54, 5.55, 0.25],
			"scale": [0.97, 0.97, 0.99]
		},
		"ground": {
			"translation": [2.25, 3.5, 0]
		},
		"gui": {
			"rotation": [0, 0, -45],
			"translation": [2, 0.25, 0],
			"scale": [0.91, 0.91, 1]
		},
		"fixed": {
			"rotation": [0, 180, -45],
			"translation": [-1.75, 0.75, 0],
			"scale": [1.12, 1.12, 0.99]
		}
	}
}