{
	"credit": "Made by SrDarmith - YouTube: Mainclay",
	"textures": {
		"texture": "item/door_iron_lower",
		"particle": "item/wool_colored_black",
		"dark wood blade": "item/wool_colored_black"
	},
	"elements": [
		{
			"from": [2, 7.45, 6.725],
			"to": [10.7, 8.2, 7.35],
			"rotation": {"angle": 0, "axis": "y", "origin": [-2, -2.5, -0.65]},
			"faces": {
				"north": {"uv": [3.5, 4.75, 14, 5.75], "texture": "#texture"},
				"east": {"uv": [8, 4.75, 8.75, 5.75], "texture": "#texture"},
				"south": {"uv": [2, 4.75, 12.5, 5.75], "texture": "#texture"},
				"west": {"uv": [7.25, 4.75, 8, 5.75], "texture": "#texture"},
				"up": {"uv": [2, 7.25, 12.5, 8], "texture": "#texture"},
				"down": {"uv": [14, 8, 3.5, 7.25], "texture": "#texture"}
			}
		},
		{
			"from": [1.75, 6.925, 6.9],
			"to": [10.5, 7.7, 8.3],
			"rotation": {"angle": 0, "axis": "y", "origin": [-2, -2.5, -0.65]},
			"faces": {
				"north": {"uv": [3.25, 5.75, 12.5, 6], "texture": "#texture"},
				"east": {"uv": [6.75, 5.75, 8.75, 6], "texture": "#texture"},
				"south": {"uv": [3.5, 5.75, 12.75, 6], "texture": "#texture"},
				"west": {"uv": [7.25, 5.75, 9.25, 6], "texture": "#texture"},
				"up": {"uv": [3.5, 7.25, 12.75, 9.25], "texture": "#texture"},
				"down": {"uv": [12.5, 9.25, 3.25, 7.25], "texture": "#texture"}
			}
		},
		{
			"from": [7, 6.925, 6.775],
			"to": [11, 7.7, 8.425],
			"rotation": {"angle": 0, "axis": "y", "origin": [-2, -2.5, -0.65]},
			"faces": {
				"north": {"uv": [3.25, 5.75, 12.5, 6], "texture": "#texture"},
				"east": {"uv": [6.75, 5.75, 8.75, 6], "texture": "#texture"},
				"south": {"uv": [3.5, 5.75, 12.75, 6], "texture": "#texture"},
				"west": {"uv": [7.25, 5.75, 9.25, 6], "texture": "#texture"},
				"up": {"uv": [3.5, 7.25, 12.75, 9.25], "texture": "#texture"},
				"down": {"uv": [12.5, 9.25, 3.25, 7.25], "texture": "#texture"}
			}
		},
		{
			"from": [1, 6.975, 7.1],
			"to": [10.5, 8.1, 8.1],
			"rotation": {"angle": 0, "axis": "y", "origin": [-2, -2.5, -0.65]},
			"faces": {
				"north": {"uv": [4.5, 5.5, 14, 6.5], "texture": "#texture"},
				"east": {"uv": [7.25, 5.5, 8.25, 6.5], "texture": "#texture"},
				"south": {"uv": [2, 5.5, 11.5, 6.5], "texture": "#texture"},
				"west": {"uv": [7.75, 5.5, 8.75, 6.5], "texture": "#texture"},
				"up": {"uv": [2, 7.75, 11.5, 8.75], "texture": "#texture"},
				"down": {"uv": [14, 8.75, 4.5, 7.75], "texture": "#texture"}
			}
		},
		{
			"from": [1.75, 6.75, 7.025],
			"to": [10.3, 7, 8.175],
			"rotation": {"angle": 0, "axis": "y", "origin": [-2, -2.5, -0.65]},
			"faces": {
				"north": {"uv": [3.5, 6, 12.25, 6.75], "texture": "#texture"},
				"east": {"uv": [7, 6, 8.5, 6.75], "texture": "#texture"},
				"south": {"uv": [3.75, 6, 12.5, 6.75], "texture": "#texture"},
				"west": {"uv": [7.5, 6, 9, 6.75], "texture": "#texture"},
				"down": {"uv": [12.25, 9, 3.5, 7.5], "texture": "#texture"}
			}
		},
		{
			"from": [1.75, 8.225, 7.25],
			"to": [7.25, 8.85, 7.95],
			"rotation": {"angle": 0, "axis": "y", "origin": [-2, -2.5, -0.65]},
			"faces": {
				"north": {"uv": [9, 4.25, 14, 4.5], "texture": "#texture"},
				"east": {"uv": [7, 4.25, 8.5, 4.5], "texture": "#texture"},
				"south": {"uv": [2, 4.25, 7, 4.5], "texture": "#texture"},
				"west": {"uv": [7.5, 4.25, 9, 4.5], "texture": "#texture"},
				"up": {"uv": [2, 7.5, 7, 9], "texture": "#texture"}
			}
		},
		{
			"from": [7.25, 8.275, 7.1],
			"to": [10.25, 9.025, 8.1],
			"rotation": {"angle": 0, "axis": "y", "origin": [-2, -2.5, -0.65]},
			"faces": {
				"north": {"uv": [3.5, 4.25, 7, 4.5], "texture": "#texture"},
				"east": {"uv": [7, 4.25, 8.5, 4.5], "texture": "#texture"},
				"south": {"uv": [9, 4.25, 12.5, 4.5], "texture": "#texture"},
				"west": {"uv": [7.5, 4.25, 9, 4.5], "texture": "#texture"},
				"up": {"uv": [9, 7.5, 12.5, 9], "texture": "#texture"}
			}
		},
		{
			"from": [1, 8.2, 6.85],
			"to": [2, 8.7, 8.35],
			"rotation": {"angle": 0, "axis": "y", "origin": [-2, -2.5, -0.65]},
			"faces": {
				"north": {"uv": [3.5, 4.5, 7, 5.75], "texture": "#texture"},
				"east": {"uv": [7, 4.5, 8.5, 5.75], "texture": "#texture"},
				"south": {"uv": [9, 4.5, 12.5, 5.75], "texture": "#texture"},
				"west": {"uv": [7.5, 4.5, 9, 5.75], "texture": "#texture"},
				"up": {"uv": [10, 8, 11, 9], "texture": "#texture"},
				"down": {"uv": [8, 6, 9, 7], "texture": "#texture"}
			}
		},
		{
			"from": [1, 8.7, 7.1],
			"to": [1.75, 9.025, 8.1],
			"rotation": {"angle": 0, "axis": "y", "origin": [-2, -2.5, -0.65]},
			"faces": {
				"north": {"uv": [3.5, 4.25, 7, 4.5], "texture": "#texture"},
				"east": {"uv": [7, 4.25, 8.5, 4.5], "texture": "#texture"},
				"south": {"uv": [9, 4.25, 12.5, 4.5], "texture": "#texture"},
				"west": {"uv": [7.5, 4.25, 9, 4.5], "texture": "#texture"},
				"up": {"uv": [9, 7.5, 12.5, 9], "texture": "#texture"}
			}
		},
		{
			"from": [5.2, 6.725, 7.475],
			"to": [5.675, 7.025, 7.725],
			"rotation": {"angle": 22.5, "axis": "z", "origin": [-2, -2.5, -0.65]},
			"faces": {
				"north": {"uv": [13, 4, 13.75, 4.25], "texture": "#texture"},
				"east": {"uv": [7.5, 4, 8, 4.25], "texture": "#texture"},
				"south": {"uv": [2.25, 4, 3, 4.25], "texture": "#texture"},
				"west": {"uv": [8, 4, 8.5, 4.25], "texture": "#texture"},
				"up": {"uv": [2.25, 8, 3, 8.5], "texture": "#texture"}
			}
		},
		{
			"from": [7.25, 8.025, 6.85],
			"to": [10.5, 8.7, 8.35],
			"rotation": {"angle": 0, "axis": "y", "origin": [-2, -2.5, -0.65]},
			"faces": {
				"north": {"uv": [3.5, 4.5, 7, 5.75], "texture": "#texture"},
				"east": {"uv": [7, 4.5, 8.5, 5.75], "texture": "#texture"},
				"south": {"uv": [9, 4.5, 12.5, 5.75], "texture": "#texture"},
				"west": {"uv": [7.5, 4.5, 9, 5.75], "texture": "#texture"},
				"up": {"uv": [10, 8, 11, 9], "texture": "#texture"},
				"down": {"uv": [8, 6, 9, 7], "texture": "#texture"}
			}
		},
		{
			"from": [2, 8.2, 6.85],
			"to": [7.25, 8.45, 8.35],
			"rotation": {"angle": 0, "axis": "y", "origin": [-2, -2.5, -0.65]},
			"faces": {
				"north": {"uv": [3.5, 4.5, 7, 5.75], "texture": "#texture"},
				"east": {"uv": [7, 4.5, 8.5, 5.75], "texture": "#texture"},
				"south": {"uv": [9, 4.5, 12.5, 5.75], "texture": "#texture"},
				"west": {"uv": [7.5, 4.5, 9, 5.75], "texture": "#texture"},
				"up": {"uv": [10, 8, 11, 9], "texture": "#texture"},
				"down": {"uv": [0, 0, 1, 1], "texture": "#texture"}
			}
		},
		{
			"from": [1.75, 8.175, 7],
			"to": [7.25, 8.65, 8.2],
			"rotation": {"angle": 0, "axis": "y", "origin": [-2, -2.5, -0.65]},
			"faces": {
				"north": {"uv": [9, 4.5, 14, 4.75], "texture": "#texture"},
				"east": {"uv": [7, 4.5, 8.5, 4.75], "texture": "#texture"},
				"south": {"uv": [2, 4.5, 7, 4.75], "texture": "#texture"},
				"west": {"uv": [7.5, 4.5, 9, 4.75], "texture": "#texture"},
				"up": {"uv": [10, 8, 11, 9], "texture": "#texture"},
				"down": {"uv": [14, 9, 9, 7.5], "texture": "#texture"}
			}
		},
		{
			"from": [0.525, 8.1, 7.1],
			"to": [1, 8.6, 7.35],
			"rotation": {"angle": 0, "axis": "y", "origin": [-2, -2.5, -0.65]},
			"faces": {
				"north": {"uv": [8, 4.5, 8.25, 5.5], "texture": "#texture"},
				"east": {"uv": [8, 4.5, 8.25, 5.5], "texture": "#texture"},
				"south": {"uv": [7.75, 4.5, 8, 5.5], "texture": "#texture"},
				"west": {"uv": [7.75, 4.5, 8, 5.5], "texture": "#texture"},
				"up": {"uv": [7.75, 4.75, 8, 5], "texture": "#texture"},
				"down": {"uv": [8.25, 5, 8, 4.75], "texture": "#texture"}
			}
		},
		{
			"from": [0.525, 8.1, 7.85],
			"to": [1, 8.6, 8.1],
			"rotation": {"angle": 0, "axis": "y", "origin": [-2, -2.5, -0.65]},
			"faces": {
				"north": {"uv": [8, 4.5, 8.25, 5.5], "texture": "#texture"},
				"east": {"uv": [7.25, 4.5, 7.5, 5.5], "texture": "#texture"},
				"south": {"uv": [7.75, 4.5, 8, 5.5], "texture": "#texture"},
				"west": {"uv": [8.5, 4.5, 8.75, 5.5], "texture": "#texture"},
				"up": {"uv": [7.75, 5.5, 8, 5.75], "texture": "#texture"},
				"down": {"uv": [8.25, 5.75, 8, 5.5], "texture": "#texture"}
			}
		},
		{
			"from": [9.75, 7, 7.1],
			"to": [11.65, 7.25, 8.1],
			"rotation": {"angle": 0, "axis": "y", "origin": [-2, -2.25, -0.65]},
			"faces": {
				"north": {"uv": [2.5, 7, 8.5, 7.25], "texture": "#texture"},
				"east": {"uv": [7.25, 7, 8.25, 7.25], "texture": "#texture"},
				"south": {"uv": [7.5, 7, 13.5, 7.25], "texture": "#texture"},
				"west": {"uv": [7.75, 7, 8.75, 7.25], "texture": "#texture"},
				"up": {"uv": [7.5, 7.75, 13.5, 8.75], "texture": "#texture"},
				"down": {"uv": [8.5, 8.75, 2.5, 7.75], "texture": "#texture"}
			}
		},
		{
			"from": [0.525, 7.85, 7.35],
			"to": [1, 8.1, 7.85],
			"rotation": {"angle": 0, "axis": "y", "origin": [-2, -2.5, -0.65]},
			"faces": {
				"north": {"uv": [4, 1, 5, 2], "texture": "#texture"},
				"east": {"uv": [7.5, 5.25, 8, 5.5], "texture": "#texture"},
				"south": {"uv": [10, 1, 11, 2], "texture": "#texture"},
				"west": {"uv": [8, 5.25, 8.5, 5.5], "texture": "#texture"},
				"up": {"uv": [7.75, 5, 8, 5.5], "texture": "#texture"},
				"down": {"uv": [8.25, 5.5, 8, 5], "texture": "#texture"}
			}
		},
		{
			"from": [2, 7.45, 7.85],
			"to": [10.7, 8.2, 8.475],
			"rotation": {"angle": 0, "axis": "y", "origin": [-2, -2.5, -0.65]},
			"faces": {
				"north": {"uv": [3.5, 4.75, 14, 5.75], "texture": "#texture"},
				"east": {"uv": [6.75, 4.75, 7.5, 5.75], "texture": "#texture"},
				"south": {"uv": [2, 4.75, 12.5, 5.75], "texture": "#texture"},
				"west": {"uv": [8.5, 4.75, 9.25, 5.75], "texture": "#texture"},
				"up": {"uv": [2, 8.5, 12.5, 9.25], "texture": "#texture"},
				"down": {"uv": [14, 9.25, 3.5, 8.5], "texture": "#texture"}
			}
		},
		{
			"from": [8.1, 7.475, 6.7],
			"to": [8.475, 8.175, 8.5],
			"rotation": {"angle": 0, "axis": "y", "origin": [-2, -2.5, -0.65]},
			"faces": {
				"north": {"uv": [7, 6, 9, 7], "texture": "#texture"},
				"east": {"uv": [6.75, 4.75, 7.5, 5.75], "texture": "#texture"},
				"south": {"uv": [7, 6, 9, 7], "texture": "#texture"},
				"west": {"uv": [8.5, 4.75, 9.25, 5.75], "texture": "#texture"},
				"up": {"uv": [2, 8.5, 12.5, 9.25], "texture": "#texture"},
				"down": {"uv": [14, 9.25, 3.5, 8.5], "texture": "#texture"}
			}
		},
		{
			"from": [8.475, 7.475, 6.7],
			"to": [8.85, 8.175, 8.5],
			"rotation": {"angle": 0, "axis": "y", "origin": [-2, -2.5, -0.65]},
			"faces": {
				"north": {"uv": [7, 6, 9, 7], "texture": "#texture"},
				"east": {"uv": [6.75, 4.75, 7.5, 5.75], "texture": "#texture"},
				"south": {"uv": [7, 6, 9, 7], "texture": "#texture"},
				"west": {"uv": [8.5, 4.75, 9.25, 5.75], "texture": "#texture"},
				"up": {"uv": [2, 8.5, 12.5, 9.25], "texture": "#texture"},
				"down": {"uv": [14, 9.25, 3.5, 8.5], "texture": "#texture"}
			}
		},
		{
			"from": [8.85, 7.475, 6.7],
			"to": [9.225, 8.175, 8.5],
			"rotation": {"angle": 0, "axis": "y", "origin": [-2, -2.5, -0.65]},
			"faces": {
				"north": {"uv": [7, 6, 9, 7], "texture": "#texture"},
				"east": {"uv": [6.75, 4.75, 7.5, 5.75], "texture": "#texture"},
				"south": {"uv": [7, 6, 9, 7], "texture": "#texture"},
				"west": {"uv": [8.5, 4.75, 9.25, 5.75], "texture": "#texture"},
				"up": {"uv": [2, 8.5, 12.5, 9.25], "texture": "#texture"},
				"down": {"uv": [14, 9.25, 3.5, 8.5], "texture": "#texture"}
			}
		},
		{
			"from": [9.225, 7.475, 6.7],
			"to": [9.6, 8.175, 8.5],
			"rotation": {"angle": 0, "axis": "y", "origin": [-2, -2.5, -0.65]},
			"faces": {
				"north": {"uv": [7, 6, 9, 7], "texture": "#texture"},
				"east": {"uv": [6.75, 4.75, 7.5, 5.75], "texture": "#texture"},
				"south": {"uv": [7, 6, 9, 7], "texture": "#texture"},
				"west": {"uv": [8.5, 4.75, 9.25, 5.75], "texture": "#texture"},
				"up": {"uv": [2, 8.5, 12.5, 9.25], "texture": "#texture"},
				"down": {"uv": [14, 9.25, 3.5, 8.5], "texture": "#texture"}
			}
		},
		{
			"from": [7.725, 7.475, 6.7],
			"to": [8.1, 8.175, 8.5],
			"rotation": {"angle": 0, "axis": "y", "origin": [-2, -2.5, -0.65]},
			"faces": {
				"north": {"uv": [7, 6, 9, 7], "texture": "#texture"},
				"east": {"uv": [6.75, 4.75, 7.5, 5.75], "texture": "#texture"},
				"south": {"uv": [7, 6, 9, 7], "texture": "#texture"},
				"west": {"uv": [8.5, 4.75, 9.25, 5.75], "texture": "#texture"},
				"up": {"uv": [2, 8.5, 12.5, 9.25], "texture": "#texture"},
				"down": {"uv": [14, 9.25, 3.5, 8.5], "texture": "#texture"}
			}
		},
		{
			"from": [7.35, 7.475, 6.7],
			"to": [7.725, 8.175, 8.5],
			"rotation": {"angle": 0, "axis": "y", "origin": [-2, -2.5, -0.65]},
			"faces": {
				"north": {"uv": [7, 6, 9, 7], "texture": "#texture"},
				"east": {"uv": [6.75, 4.75, 7.5, 5.75], "texture": "#texture"},
				"south": {"uv": [7, 6, 9, 7], "texture": "#texture"},
				"west": {"uv": [8.5, 4.75, 9.25, 5.75], "texture": "#texture"},
				"up": {"uv": [2, 8.5, 12.5, 9.25], "texture": "#texture"},
				"down": {"uv": [14, 9.25, 3.5, 8.5], "texture": "#texture"}
			}
		},
		{
			"from": [1, 7.45, 6.85],
			"to": [2.05, 8.2, 7.35],
			"rotation": {"angle": 0, "axis": "y", "origin": [-2, -2.5, -0.65]},
			"faces": {
				"north": {"uv": [3.5, 4.75, 14, 5.75], "texture": "#texture"},
				"east": {"uv": [8, 4.75, 8.75, 5.75], "texture": "#texture"},
				"south": {"uv": [2, 4.75, 12.5, 5.75], "texture": "#texture"},
				"west": {"uv": [7.25, 4.75, 8, 5.75], "texture": "#texture"},
				"up": {"uv": [2, 7.25, 12.5, 8], "texture": "#texture"},
				"down": {"uv": [14, 8, 3.5, 7.25], "texture": "#texture"}
			}
		},
		{
			"from": [1, 7.45, 7.85],
			"to": [2.05, 8.2, 8.35],
			"rotation": {"angle": 0, "axis": "y", "origin": [-2, -2.5, -0.65]},
			"faces": {
				"north": {"uv": [3.5, 4.75, 14, 5.75], "texture": "#texture"},
				"east": {"uv": [6.75, 4.75, 7.5, 5.75], "texture": "#texture"},
				"south": {"uv": [2, 4.75, 12.5, 5.75], "texture": "#texture"},
				"west": {"uv": [8.5, 4.75, 9.25, 5.75], "texture": "#texture"},
				"up": {"uv": [2, 8.5, 12.5, 9.25], "texture": "#texture"},
				"down": {"uv": [14, 9.25, 3.5, 8.5], "texture": "#texture"}
			}
		},
		{
			"from": [0.525, 8.6, 7.35],
			"to": [1, 8.85, 7.85],
			"rotation": {"angle": 0, "axis": "y", "origin": [-2, -2.5, -0.65]},
			"faces": {
				"north": {"uv": [8, 5, 9, 6], "texture": "#texture"},
				"east": {"uv": [4, 1, 5, 2], "texture": "#texture"},
				"south": {"uv": [10, 1, 11, 2], "texture": "#texture"},
				"west": {"uv": [8, 4.5, 8.5, 4.75], "texture": "#texture"},
				"up": {"uv": [7.75, 5, 8, 5.5], "texture": "#texture"},
				"down": {"uv": [8.25, 5.5, 8, 5], "texture": "#texture"}
			}
		},
		{
			"from": [5.65, 5.25, 7.3],
			"to": [5.9, 6.5, 7.9],
			"rotation": {"angle": 0, "axis": "y", "origin": [-2.1, -2.25, -0.65]},
			"faces": {
				"north": {"uv": [7.75, 7.25, 8, 8.5], "texture": "#texture"},
				"east": {"uv": [7.5, 7.25, 8, 8.5], "texture": "#texture"},
				"south": {"uv": [8, 7.25, 8.25, 8.5], "texture": "#texture"},
				"west": {"uv": [8, 7.25, 8.5, 8.5], "texture": "#texture"},
				"down": {"uv": [8, 8.5, 7.75, 8], "texture": "#texture"}
			}
		},
		{
			"from": [7.775, 5, 7.3],
			"to": [8.4, 5.25, 7.9],
			"rotation": {"angle": 0, "axis": "y", "origin": [-2.1, -2.25, -0.65]},
			"faces": {
				"north": {"uv": [5.75, 8.5, 7.75, 8.75], "texture": "#texture"},
				"south": {"uv": [8.25, 8.5, 10.25, 8.75], "texture": "#texture"},
				"west": {"uv": [8, 8.5, 8.5, 8.75], "texture": "#texture"},
				"up": {"uv": [8.25, 8, 10.25, 8.5], "texture": "#texture"},
				"down": {"uv": [7.75, 8.5, 5.75, 8], "texture": "#texture"}
			}
		},
		{
			"from": [5.65, 5, 7.3],
			"to": [6.225, 5.25, 7.9],
			"rotation": {"angle": 0, "axis": "y", "origin": [-2.1, -2.25, -0.65]},
			"faces": {
				"north": {"uv": [5.75, 8.5, 7.75, 8.75], "texture": "#texture"},
				"east": {"uv": [8, 8, 9, 9], "texture": "#texture"},
				"south": {"uv": [8.25, 8.5, 10.25, 8.75], "texture": "#texture"},
				"west": {"uv": [8, 8.5, 8.5, 8.75], "texture": "#texture"},
				"up": {"uv": [8.25, 8, 10.25, 8.5], "texture": "#texture"},
				"down": {"uv": [7.75, 8.5, 5.75, 8], "texture": "#texture"}
			}
		},
		{
			"from": [5.575, 6.25, 7.3],
			"to": [5.65, 6.5, 7.9],
			"rotation": {"angle": 0, "axis": "y", "origin": [-2.1, -2.25, -0.65]},
			"faces": {
				"north": {"uv": [5.75, 8.5, 7.75, 8.75], "texture": "#texture"},
				"east": {"uv": [5, 8, 6, 9], "texture": "#texture"},
				"south": {"uv": [8.25, 8.5, 10.25, 8.75], "texture": "#texture"},
				"west": {"uv": [8, 8.5, 8.5, 8.75], "texture": "#texture"},
				"up": {"uv": [8.25, 8, 10.25, 8.5], "texture": "#texture"},
				"down": {"uv": [7.75, 8.5, 5.75, 8], "texture": "#texture"}
			}
		},
		{
			"from": [5.575, 5, 7.3],
			"to": [5.65, 5.25, 7.9],
			"rotation": {"angle": 0, "axis": "y", "origin": [-2.1, -2.25, -0.65]},
			"faces": {
				"north": {"uv": [5.75, 8.5, 7.75, 8.75], "texture": "#texture"},
				"east": {"uv": [8, 8, 9, 9], "texture": "#texture"},
				"south": {"uv": [8.25, 8.5, 10.25, 8.75], "texture": "#texture"},
				"west": {"uv": [8, 8.5, 8.5, 8.75], "texture": "#texture"},
				"up": {"uv": [8.25, 8, 10.25, 8.5], "texture": "#texture"},
				"down": {"uv": [7.75, 8.5, 5.75, 8], "texture": "#texture"}
			}
		},
		{
			"from": [6.15, 4.75, 7.3],
			"to": [7.85, 5, 7.9],
			"rotation": {"angle": 0, "axis": "y", "origin": [-2.1, -2.25, -0.65]},
			"faces": {
				"north": {"uv": [5.75, 8.5, 7.75, 8.75], "texture": "#texture"},
				"east": {"uv": [8, 8, 9, 9], "texture": "#texture"},
				"south": {"uv": [8.25, 8.5, 10.25, 8.75], "texture": "#texture"},
				"west": {"uv": [8, 8.5, 8.5, 8.75], "texture": "#texture"},
				"up": {"uv": [8.25, 8, 10.25, 8.5], "texture": "#texture"},
				"down": {"uv": [7.75, 8.5, 5.75, 8], "texture": "#texture"}
			}
		},
		{
			"from": [8.5, 6.25, 7.1],
			"to": [11.25, 6.5, 8.1],
			"rotation": {"angle": 0, "axis": "y", "origin": [-2, -2.5, -0.65]},
			"faces": {
				"north": {"uv": [2.75, 7.25, 5.5, 7.5], "texture": "#texture"},
				"east": {"uv": [7.25, 7.25, 8.25, 7.5], "texture": "#texture"},
				"south": {"uv": [10.5, 7.25, 13.25, 7.5], "texture": "#texture"},
				"down": {"uv": [5.5, 8.75, 2.75, 7.75], "texture": "#texture"}
			}
		},
		{
			"from": [10.6, 8.15, 7.35],
			"to": [11.475, 8.55, 7.85],
			"rotation": {"angle": 22.5, "axis": "z", "origin": [10.75, 8, 7.35]},
			"faces": {
				"north": {"uv": [7.5, 10.75, 8.75, 11.25], "texture": "#texture"},
				"east": {"uv": [7.25, 10.75, 8.25, 11.25], "texture": "#texture"},
				"south": {"uv": [14.25, 10.75, 15.5, 11.25], "texture": "#texture"},
				"up": {"uv": [14.25, 7.75, 15.5, 8.75], "texture": "#texture"},
				"down": {"uv": [1.75, 8.75, 0.5, 7.75], "texture": "#texture"}
			}
		},
		{
			"from": [13.6875, 1.3625, 7.125],
			"to": [13.9625, 2.8625, 8.075],
			"rotation": {"angle": 22.5, "axis": "z", "origin": [-2, -2.5, -0.65]},
			"faces": {
				"north": {"uv": [2.25, 11.75, 4.75, 12.5], "texture": "#texture"},
				"east": {"uv": [7.25, 11.75, 8.25, 12.5], "texture": "#texture"},
				"south": {"uv": [11.25, 11.75, 13.75, 12.5], "texture": "#texture"},
				"west": {"uv": [7.75, 11.75, 8.75, 12.5], "texture": "#texture"},
				"up": {"uv": [11.25, 7.75, 13.75, 8.75], "texture": "#texture"},
				"down": {"uv": [4.75, 8.75, 2.25, 7.75], "texture": "#texture"}
			}
		},
		{
			"from": [14.5375, -3.5125, 7.125],
			"to": [14.8125, -3.0125, 8.075],
			"rotation": {"angle": 45, "axis": "z", "origin": [-2, -2.5, -0.65]},
			"faces": {
				"north": {"uv": [2.25, 11.75, 4.75, 12.5], "texture": "#texture"},
				"east": {"uv": [7.25, 11.75, 8.25, 12.5], "texture": "#texture"},
				"south": {"uv": [11.25, 11.75, 13.75, 12.5], "texture": "#texture"},
				"west": {"uv": [7.75, 11.75, 8.75, 12.5], "texture": "#texture"},
				"up": {"uv": [11.25, 7.75, 13.75, 8.75], "texture": "#texture"},
				"down": {"uv": [4.75, 8.75, 2.25, 7.75], "texture": "#texture"}
			}
		},
		{
			"from": [8.25, 6.5, 6.9],
			"to": [11.275, 7.4, 8.3],
			"rotation": {"angle": 0, "axis": "y", "origin": [-2, -2.5, -0.65]},
			"faces": {
				"north": {"uv": [3.25, 4.75, 3.5, 6.75], "texture": "#texture"},
				"east": {"uv": [7.25, 4.75, 8.25, 6.75], "texture": "#texture"},
				"south": {"uv": [12.5, 4.75, 12.75, 6.75], "texture": "#texture"},
				"west": {"uv": [7.75, 4.75, 8.75, 6.75], "texture": "#texture"},
				"up": {"uv": [12.5, 7.75, 12.75, 8.75], "texture": "#texture"},
				"down": {"uv": [8, 6, 9, 7], "texture": "#texture"}
			}
		},
		{
			"from": [10.3, 7.3, 6.9],
			"to": [11.05, 7.85, 8.3],
			"rotation": {"angle": 0, "axis": "y", "origin": [-2, -2.5, -0.65]},
			"faces": {
				"north": {"uv": [3.25, 4.75, 3.5, 6.75], "texture": "#texture"},
				"east": {"uv": [7.25, 4.75, 8.25, 6.75], "texture": "#texture"},
				"south": {"uv": [12.5, 4.75, 12.75, 6.75], "texture": "#texture"},
				"west": {"uv": [7.75, 4.75, 8.75, 6.75], "texture": "#texture"},
				"up": {"uv": [12.5, 7.75, 12.75, 8.75], "texture": "#texture"}
			}
		},
		{
			"from": [10.3, 7.85, 6.875],
			"to": [10.85, 8.3, 8.325],
			"rotation": {"angle": 0, "axis": "y", "origin": [-2, -2.5, -0.65]},
			"faces": {
				"north": {"uv": [3.25, 4.75, 3.5, 6.75], "texture": "#texture"},
				"east": {"uv": [7.25, 4.75, 8.25, 6.75], "texture": "#texture"},
				"south": {"uv": [12.5, 4.75, 12.75, 6.75], "texture": "#texture"},
				"west": {"uv": [7.75, 4.75, 8.75, 6.75], "texture": "#texture"},
				"up": {"uv": [12.5, 7.75, 12.75, 8.75], "texture": "#texture"}
			}
		},
		{
			"from": [10.5, 8.3, 6.875],
			"to": [10.7, 8.675, 8.325],
			"rotation": {"angle": 0, "axis": "y", "origin": [-2, -2.5, -0.65]},
			"faces": {
				"north": {"uv": [3.25, 4.75, 3.5, 6.75], "texture": "#texture"},
				"east": {"uv": [7.25, 4.75, 8.25, 6.75], "texture": "#texture"},
				"south": {"uv": [12.5, 4.75, 12.75, 6.75], "texture": "#texture"},
				"west": {"uv": [7.75, 4.75, 8.75, 6.75], "texture": "#texture"},
				"up": {"uv": [12.5, 7.75, 12.75, 8.75], "texture": "#texture"}
			}
		},
		{
			"from": [9.975, 2.35, 6.8],
			"to": [10.4, 2.775, 8.4],
			"rotation": {"angle": 0, "axis": "y", "origin": [4, -2.25, -0.65]},
			"faces": {
				"north": {"uv": [3, 9.5, 4.75, 11.75], "texture": "#texture"},
				"east": {"uv": [7, 9.5, 8.5, 11.75], "texture": "#texture"},
				"south": {"uv": [11.25, 9.5, 13, 11.75], "texture": "#texture"},
				"west": {"uv": [7.5, 9.5, 9, 11.75], "texture": "#texture"},
				"up": {"uv": [11.25, 7.5, 13, 9], "texture": "#texture"},
				"down": {"uv": [4.75, 9, 3, 7.5], "texture": "#texture"}
			}
		},
		{
			"from": [8.75, 1.5, 7.1],
			"to": [10.75, 3, 8.1],
			"rotation": {"angle": 0, "axis": "y", "origin": [4, -2.25, -0.65]},
			"faces": {
				"north": {"uv": [2.75, 9.75, 5.25, 12], "texture": "#texture"},
				"east": {"uv": [7.25, 9.75, 8.25, 12], "texture": "#texture"},
				"south": {"uv": [10.75, 9.75, 13.25, 12], "texture": "#texture"},
				"west": {"uv": [7.75, 9.75, 8.75, 12], "texture": "#texture"},
				"down": {"uv": [5.25, 8.75, 2.75, 7.75], "texture": "#texture"}
			}
		},
		{
			"from": [8.75, 4.75, 7.1],
			"to": [11, 5, 8.1],
			"rotation": {"angle": 0, "axis": "y", "origin": [4, -2.25, -0.65]},
			"faces": {
				"north": {"uv": [3, 8.5, 5.5, 9.25], "texture": "#dark wood blade"},
				"east": {"uv": [7.25, 8.5, 8.25, 9.25], "texture": "#dark wood blade"},
				"south": {"uv": [10.5, 8.5, 13, 9.25], "texture": "#dark wood blade"},
				"west": {"uv": [0, 0, 0, 0], "texture": "#dark wood blade"},
				"up": {"uv": [0, 0, 0, 0], "texture": "#dark wood blade"},
				"down": {"uv": [0, 0, 0, 0], "texture": "#dark wood blade"}
			}
		},
		{
			"from": [9, 2.75, 7.1],
			"to": [11.25, 4.75, 8.1],
			"rotation": {"angle": 0, "axis": "y", "origin": [4, -2.25, -0.65]},
			"faces": {
				"north": {"uv": [2.75, 9.25, 5.5, 9.75], "texture": "#dark wood blade"},
				"east": {"uv": [7.25, 9.25, 8.25, 9.75], "texture": "#dark wood blade"},
				"south": {"uv": [10.5, 9.25, 13.25, 9.75], "texture": "#dark wood blade"},
				"west": {"uv": [7.75, 9.25, 8.75, 9.75], "texture": "#dark wood blade"},
				"up": {"uv": [10.5, 7.75, 13.25, 8.75], "texture": "#dark wood blade"},
				"down": {"uv": [5.5, 8.75, 2.75, 7.75], "texture": "#dark wood blade"}
			}
		},
		{
			"from": [9, 1.75, 6.85],
			"to": [11, 2, 8.35],
			"rotation": {"angle": 0, "axis": "y", "origin": [4, -2.25, -0.65]},
			"faces": {
				"north": {"uv": [3, 9.5, 4.75, 11.75], "texture": "#dark wood blade"},
				"east": {"uv": [7, 9.5, 8.5, 11.75], "texture": "#dark wood blade"},
				"south": {"uv": [11.25, 9.5, 13, 11.75], "texture": "#dark wood blade"},
				"west": {"uv": [7.5, 9.5, 9, 11.75], "texture": "#dark wood blade"},
				"up": {"uv": [11.25, 7.5, 13, 9], "texture": "#dark wood blade"},
				"down": {"uv": [4.75, 9, 3, 7.5], "texture": "#dark wood blade"}
			}
		},
		{
			"from": [11.25, 2, 6.85],
			"to": [11.5, 2.75, 8.35],
			"rotation": {"angle": 0, "axis": "y", "origin": [4, -2.25, -0.65]},
			"faces": {
				"north": {"uv": [3, 9.5, 4.75, 11.75], "texture": "#dark wood blade"},
				"east": {"uv": [7, 9.5, 8.5, 11.75], "texture": "#dark wood blade"},
				"south": {"uv": [11.25, 9.5, 13, 11.75], "texture": "#dark wood blade"},
				"west": {"uv": [7.5, 9.5, 9, 11.75], "texture": "#dark wood blade"},
				"up": {"uv": [11.25, 7.5, 13, 9], "texture": "#dark wood blade"},
				"down": {"uv": [4.75, 9, 3, 7.5], "texture": "#dark wood blade"}
			}
		},
		{
			"from": [10.5, 1.75, 7.1],
			"to": [11.5, 3, 8.1],
			"rotation": {"angle": 0, "axis": "y", "origin": [4, -2.25, -0.65]},
			"faces": {
				"north": {"uv": [2.75, 9.75, 5.25, 12], "texture": "#dark wood blade"},
				"east": {"uv": [7.25, 9.75, 8.25, 12], "texture": "#dark wood blade"},
				"south": {"uv": [10.75, 9.75, 13.25, 12], "texture": "#dark wood blade"},
				"west": {"uv": [7.75, 9.75, 8.75, 12], "texture": "#dark wood blade"},
				"up": {"uv": [0, 0, 1, 1], "texture": "#dark wood blade"},
				"down": {"uv": [5.25, 8.75, 2.75, 7.75], "texture": "#dark wood blade"}
			}
		},
		{
			"from": [11.25, 3, 7.1],
			"to": [11.5, 4, 8.1],
			"rotation": {"angle": 0, "axis": "y", "origin": [4, -2.25, -0.65]},
			"faces": {
				"north": {"uv": [3, 8.5, 5.5, 9.25], "texture": "#dark wood blade"},
				"east": {"uv": [7.25, 8.5, 8.25, 9.25], "texture": "#dark wood blade"},
				"south": {"uv": [10.5, 8.5, 13, 9.25], "texture": "#dark wood blade"},
				"west": {"uv": [0, 0, 1, 1], "texture": "#dark wood blade"},
				"up": {"uv": [0, 0, 1, 1], "texture": "#dark wood blade"},
				"down": {"uv": [0, 0, 1, 1], "texture": "#dark wood blade"}
			}
		},
		{
			"from": [9, 2, 6.85],
			"to": [11.25, 4, 8.35],
			"rotation": {"angle": 0, "axis": "y", "origin": [4, -2.25, -0.65]},
			"faces": {
				"north": {"uv": [6.35, 3.175, 8.1, 5.425], "texture": "#dark wood blade"},
				"east": {"uv": [7, 9.5, 8.5, 11.75], "texture": "#dark wood blade"},
				"south": {"uv": [7.75, 3.2, 9.7, 5.45], "texture": "#dark wood blade"},
				"west": {"uv": [7.5, 9.5, 9, 11.75], "texture": "#dark wood blade"},
				"up": {"uv": [11.25, 7.5, 13, 9], "texture": "#dark wood blade"},
				"down": {"uv": [4.75, 9, 3, 7.5], "texture": "#dark wood blade"}
			}
		},
		{
			"from": [8.75, 3.25, 6.85],
			"to": [11, 6.475, 8.35],
			"rotation": {"angle": 0, "axis": "y", "origin": [4, -2.25, -0.65]},
			"faces": {
				"north": {"uv": [6.5, 0, 8.5, 4], "texture": "#dark wood blade"},
				"east": {"uv": [7.25, 0, 8.25, 4], "texture": "#dark wood blade"},
				"south": {"uv": [7.5, 0, 9.5, 4], "texture": "#dark wood blade"},
				"west": {"uv": [7.75, 0, 8.75, 4], "texture": "#dark wood blade"},
				"up": {"uv": [7.5, 7.75, 9.5, 8.75], "texture": "#dark wood blade"},
				"down": {"uv": [8.5, 8.75, 6.5, 7.75], "texture": "#dark wood blade"}
			}
		},
		{
			"from": [8.5, 3, 7.1],
			"to": [11, 4.75, 8.1],
			"rotation": {"angle": 0, "axis": "y", "origin": [4, -2.25, -0.65]},
			"faces": {
				"north": {"uv": [2.75, 9.25, 5.5, 9.75], "texture": "#texture"},
				"east": {"uv": [7.25, 9.25, 8.25, 9.75], "texture": "#texture"},
				"south": {"uv": [10.5, 9.25, 13.25, 9.75], "texture": "#texture"},
				"west": {"uv": [7.75, 9.25, 8.75, 9.75], "texture": "#texture"},
				"up": {"uv": [10.5, 7.75, 13.25, 8.75], "texture": "#texture"},
				"down": {"uv": [5.5, 8.75, 2.75, 7.75], "texture": "#texture"}
			}
		},
		{
			"from": [8.75, 4.75, 7.1],
			"to": [11.25, 5, 8.1],
			"rotation": {"angle": 0, "axis": "y", "origin": [4, -2.25, -0.65]},
			"faces": {
				"north": {"uv": [3, 8.5, 5.5, 9.25], "texture": "#dark wood blade"},
				"east": {"uv": [7.25, 8.5, 8.25, 9.25], "texture": "#dark wood blade"},
				"south": {"uv": [10.5, 8.5, 13, 9.25], "texture": "#dark wood blade"},
				"west": {"uv": [0, 0, 1, 1], "texture": "#dark wood blade"},
				"up": {"uv": [0, 0, 1, 1], "texture": "#dark wood blade"},
				"down": {"uv": [0, 0, 1, 1], "texture": "#dark wood blade"}
			}
		},
		{
			"from": [8.25, 4.5, 7.1],
			"to": [8.75, 6.5, 8.1],
			"rotation": {"angle": 0, "axis": "y", "origin": [4, -2.25, -0.65]},
			"faces": {
				"north": {"uv": [5.5, 7.25, 5.75, 9.25], "texture": "#texture"},
				"east": {"uv": [7.25, 7.25, 8.25, 9.25], "texture": "#texture"},
				"south": {"uv": [10.25, 7.25, 10.5, 9.25], "texture": "#texture"},
				"west": {"uv": [7.75, 7.25, 8.75, 9.25], "texture": "#texture"},
				"down": {"uv": [5.75, 8.75, 5.5, 7.75], "texture": "#texture"}
			}
		},
		{
			"from": [9.375, 5.825, 6.8],
			"to": [9.8, 6.25, 8.4],
			"rotation": {"angle": 0, "axis": "y", "origin": [4, -2.25, -0.65]},
			"faces": {
				"north": {"uv": [3, 9.5, 4.75, 11.75], "texture": "#texture"},
				"east": {"uv": [7, 9.5, 8.5, 11.75], "texture": "#texture"},
				"south": {"uv": [11.25, 9.5, 13, 11.75], "texture": "#texture"},
				"west": {"uv": [7.5, 9.5, 9, 11.75], "texture": "#texture"},
				"up": {"uv": [11.25, 7.5, 13, 9], "texture": "#texture"},
				"down": {"uv": [4.75, 9, 3, 7.5], "texture": "#texture"}
			}
		},
		{
			"from": [7.45, 5.1, 7.375],
			"to": [7.7, 6.6, 7.825],
			"rotation": {"angle": -22.5, "axis": "z", "origin": [7.9, 6.75, 7.35]},
			"faces": {
				"north": {"uv": [7.75, 1.25, 8.25, 2.75], "texture": "#texture"},
				"east": {"uv": [7.25, 1.25, 8.25, 2.75], "texture": "#texture"},
				"south": {"uv": [7.75, 1.25, 8.25, 2.75], "texture": "#texture"},
				"west": {"uv": [7.75, 1.25, 8.75, 2.75], "texture": "#texture"},
				"down": {"uv": [8.25, 8.75, 7.75, 7.75], "texture": "#texture"}
			}
		},
		{
			"from": [9.65, 9.025, 7.225],
			"to": [9.95, 9.25, 7.475],
			"rotation": {"angle": 0, "axis": "y", "origin": [-2, -2.5, -0.65]},
			"faces": {
				"north": {"uv": [15, 10, 14, 9], "rotation": 90, "texture": "#dark wood blade"},
				"east": {"uv": [14, 10, 15, 9], "rotation": 90, "texture": "#dark wood blade"},
				"south": {"uv": [14, 10, 15, 9], "rotation": 90, "texture": "#dark wood blade"},
				"west": {"uv": [14, 10, 15, 9], "rotation": 90, "texture": "#dark wood blade"},
				"up": {"uv": [14, 10, 15, 9], "rotation": 90, "texture": "#dark wood blade"}
			}
		},
		{
			"from": [9.65, 9.025, 7.725],
			"to": [9.95, 9.25, 7.975],
			"rotation": {"angle": 0, "axis": "y", "origin": [-2, -2.5, -0.65]},
			"faces": {
				"north": {"uv": [15, 10, 14, 9], "rotation": 90, "texture": "#dark wood blade"},
				"east": {"uv": [14, 10, 15, 9], "rotation": 90, "texture": "#dark wood blade"},
				"south": {"uv": [14, 10, 15, 9], "rotation": 90, "texture": "#dark wood blade"},
				"west": {"uv": [14, 10, 15, 9], "rotation": 90, "texture": "#dark wood blade"},
				"up": {"uv": [14, 10, 15, 9], "rotation": 90, "texture": "#dark wood blade"}
			}
		},
		{
			"from": [9.65, 9.025, 7.475],
			"to": [9.95, 9.075, 7.725],
			"rotation": {"angle": 0, "axis": "y", "origin": [-2, -2.5, -0.65]},
			"faces": {
				"north": {"uv": [15, 10, 14, 9], "rotation": 90, "texture": "#dark wood blade"},
				"east": {"uv": [14, 10, 15, 9], "rotation": 90, "texture": "#dark wood blade"},
				"south": {"uv": [14, 10, 15, 9], "rotation": 90, "texture": "#dark wood blade"},
				"west": {"uv": [14, 10, 15, 9], "rotation": 90, "texture": "#dark wood blade"},
				"up": {"uv": [14, 10, 15, 9], "rotation": 90, "texture": "#dark wood blade"}
			}
		},
		{
			"from": [10.5, 6.75, 7],
			"to": [12.075, 7, 8.2],
			"rotation": {"angle": 0, "axis": "y", "origin": [-2, -2.5, -0.65]},
			"faces": {
				"north": {"uv": [2, 6.75, 3.5, 7], "texture": "#texture"},
				"east": {"uv": [7.25, 6.75, 8.25, 7], "texture": "#texture"},
				"south": {"uv": [12.5, 6.75, 14, 7], "texture": "#texture"},
				"up": {"uv": [12.5, 7.75, 14, 8.75], "texture": "#texture"},
				"down": {"uv": [3.5, 8.75, 2, 7.75], "texture": "#texture"}
			}
		},
		{
			"from": [5.275, 6.5, 7.1],
			"to": [11.4, 6.75, 8.1],
			"rotation": {"angle": 0, "axis": "y", "origin": [-2.1, -2.25, -0.65]},
			"faces": {
				"north": {"uv": [2.5, 7, 8.5, 7.25], "texture": "#texture"},
				"east": {"uv": [7.25, 7, 8.25, 7.25], "texture": "#texture"},
				"south": {"uv": [7.5, 7, 13.5, 7.25], "texture": "#texture"},
				"west": {"uv": [7.75, 7, 8.75, 7.25], "texture": "#texture"},
				"up": {"uv": [7.5, 7.75, 13.5, 8.75], "texture": "#texture"},
				"down": {"uv": [8.5, 8.75, 2.5, 7.75], "texture": "#texture"}
			}
		},
		{
			"from": [9.75, 6.5, 7.1],
			"to": [11.625, 6.75, 8.1],
			"rotation": {"angle": 0, "axis": "y", "origin": [-2, -2.25, -0.65]},
			"faces": {
				"north": {"uv": [2.5, 7, 8.5, 7.25], "texture": "#texture"},
				"east": {"uv": [7.25, 7, 8.25, 7.25], "texture": "#texture"},
				"south": {"uv": [7.5, 7, 13.5, 7.25], "texture": "#texture"},
				"west": {"uv": [7.75, 7, 8.75, 7.25], "texture": "#texture"},
				"up": {"uv": [7.5, 7.75, 13.5, 8.75], "texture": "#texture"},
				"down": {"uv": [8.5, 8.75, 2.5, 7.75], "texture": "#texture"}
			}
		},
		{
			"from": [8.5, 6.475, 6.85],
			"to": [11.2, 6.875, 8.35],
			"rotation": {"angle": 0, "axis": "y", "origin": [-2, -2.5, -0.65]},
			"faces": {
				"north": {"uv": [3, 9.5, 4.75, 11.75], "texture": "#dark wood blade"},
				"east": {"uv": [7, 9.5, 8.5, 11.75], "texture": "#dark wood blade"},
				"south": {"uv": [11.25, 9.5, 13, 11.75], "texture": "#dark wood blade"},
				"west": {"uv": [7.5, 9.5, 9, 11.75], "texture": "#dark wood blade"},
				"up": {"uv": [11.25, 7.5, 13, 9], "texture": "#dark wood blade"},
				"down": {"uv": [4.75, 9, 3, 7.5], "texture": "#dark wood blade"}
			}
		},
		{
			"from": [8.5, 4.75, 6.85],
			"to": [8.75, 6.75, 8.35],
			"rotation": {"angle": 0, "axis": "y", "origin": [4, -2.25, -0.65]},
			"faces": {
				"north": {"uv": [3, 9.5, 4.75, 11.75], "texture": "#dark wood blade"},
				"east": {"uv": [7, 9.5, 8.5, 11.75], "texture": "#dark wood blade"},
				"south": {"uv": [11.25, 9.5, 13, 11.75], "texture": "#dark wood blade"},
				"west": {"uv": [7.5, 9.5, 9, 11.75], "texture": "#dark wood blade"},
				"up": {"uv": [11.25, 7.5, 13, 9], "texture": "#dark wood blade"},
				"down": {"uv": [4.75, 9, 3, 7.5], "texture": "#dark wood blade"}
			}
		}
	],
	"gui_light": "front",
	"display": {
		"thirdperson_righthand": {
			"rotation": [0, -102, 0],
			"translation": [-0.25, 1.25, 0.5],
			"scale": [0.8, 0.8, 0.72]
		},
		"thirdperson_lefthand": {
			"rotation": [0, 78, 0],
			"translation": [0.25, 1.25, 0.5],
			"scale": [0.8, 0.8, 0.72]
		},
		"firstperson_righthand": {
			"rotation": [180, -79.97, 180],
			"translation": [0.912, 7.1, 0.1],
			"scale": [0.97, 0.97, 0.99]
		},
		"firstperson_lefthand": {
			"rotation": [0, 80.15, 0],
			"translation": [1.54, 5.55, 0.25],
			"scale": [0.97, 0.97, 0.99]
		},
		"ground": {
			"translation": [1.75, 2.75, 0],
			"scale": [1, 1, 0.9]
		},
		"gui": {
			"rotation": [0, 0, -45],
			"translation": [1.75, 0.25, 0],
			"scale": [0.91, 0.91, 1]
		},
		"fixed": {
			"rotation": [0, 180, -45],
			"translation": [-1.5, 0.5, 0],
			"scale": [1.12, 1.12, 0.99]
		}
	}
}