{
	"credit": "Made by SrDarmith - YouTube: Mainclay",
	"textures": {
		"2": "item/door_iron_lower",
		"particle": "item/anvil_1",
		"texture": "item/anvil_1",
		"dark wood blade": "item/hardened_clay_stained_gray"
	},
	"elements": [
		{
			"from": [0.775, 11.45, 8.025],
			"to": [1.3, 11.95, 8.225],
			"rotation": {"angle": 0, "axis": "y", "origin": [0, 1.25, 0]},
			"faces": {
				"north": {"uv": [5, 16, 4, 15], "texture": "#texture", "cullface": "west"},
				"east": {"uv": [5, 16, 4, 15], "texture": "#texture", "cullface": "west"},
				"south": {"uv": [5, 16, 4, 15], "texture": "#texture", "cullface": "west"},
				"west": {"uv": [5, 16, 4, 15], "texture": "#texture", "cullface": "west"},
				"up": {"uv": [5, 16, 4, 15], "texture": "#texture", "cullface": "west"}
			}
		},
		{
			"from": [10.025, 7.75, 7.75],
			"to": [10.275, 8, 8.5],
			"rotation": {"angle": 0, "axis": "z", "origin": [0, 0.9, 0]},
			"faces": {
				"north": {"uv": [1.5, 15.5, 3.75, 15.75], "texture": "#texture"},
				"east": {"uv": [7.5, 10.75, 11.25, 14], "texture": "#texture"},
				"south": {"uv": [8.75, 13.75, 13, 14], "texture": "#texture"},
				"up": {"uv": [9.75, 11.75, 13, 13.5], "texture": "#texture"}
			}
		},
		{
			"from": [10.025, 8.925, 7.45],
			"to": [10.275, 9.175, 8.8],
			"rotation": {"angle": 0, "axis": "y", "origin": [0, 0.9, 0]},
			"faces": {
				"north": {"uv": [1.5, 15.5, 2.75, 15.75], "texture": "#texture"},
				"east": {"uv": [7.5, 10.75, 11.25, 14], "texture": "#texture"},
				"south": {"uv": [8.75, 13.75, 10, 14], "texture": "#texture"},
				"west": {"uv": [0, 2, 3, 5], "texture": "#texture"},
				"up": {"uv": [9.75, 11.75, 13, 13.5], "texture": "#texture"},
				"down": {"uv": [0, 2, 3, 5], "texture": "#texture"}
			}
		},
		{
			"from": [11.275, 8.925, 7.45],
			"to": [11.525, 9.175, 8.8],
			"rotation": {"angle": 0, "axis": "y", "origin": [0, 0.9, 0]},
			"faces": {
				"north": {"uv": [2.4, 15.75, 3.65, 16], "texture": "#texture"},
				"east": {"uv": [7.5, 10.75, 11.25, 14], "texture": "#texture"},
				"south": {"uv": [2, 15.75, 3.25, 16], "texture": "#texture"},
				"west": {"uv": [0, 2, 3, 5], "texture": "#texture"},
				"up": {"uv": [9.75, 11.75, 13, 13.5], "texture": "#texture"},
				"down": {"uv": [0, 2, 3, 5], "texture": "#texture"}
			}
		},
		{
			"from": [10.025, 7.5, 7.75],
			"to": [11.525, 7.75, 8.5],
			"rotation": {"angle": 0, "axis": "z", "origin": [0, 0.9, 0]},
			"faces": {
				"north": {"uv": [0, 15.75, 3.75, 16], "texture": "#texture"},
				"east": {"uv": [7.5, 11, 11.25, 14.25], "texture": "#texture"},
				"south": {"uv": [8.75, 14, 14.5, 14.25], "texture": "#texture"},
				"west": {"uv": [7.75, 11, 11.5, 14.25], "texture": "#texture"},
				"up": {"uv": [9.75, 11.75, 14.5, 13.5], "texture": "#texture"},
				"down": {"uv": [9.25, 13.5, 4.5, 9.75], "texture": "#texture"}
			}
		},
		{
			"from": [11.525, 7.75, 7.75],
			"to": [11.775, 9, 8.5],
			"rotation": {"angle": 0, "axis": "z", "origin": [0, 0.9, 0]},
			"faces": {
				"north": {"uv": [0, 14.75, 3.25, 16], "texture": "#texture"},
				"east": {"uv": [7.5, 9.75, 11.25, 14], "texture": "#texture"},
				"south": {"uv": [10.5, 12.75, 14.75, 14], "texture": "#texture"},
				"west": {"uv": [7.75, 9.75, 11.5, 14], "texture": "#texture"},
				"up": {"uv": [0, 4, 3, 5], "texture": "#texture"},
				"down": {"uv": [7.5, 13.5, 4.25, 9.75], "texture": "#texture"}
			}
		},
		{
			"from": [11.425, 8.175, 8],
			"to": [11.675, 9.675, 8.25],
			"rotation": {"angle": -22.5, "axis": "z", "origin": [11, 9.65, 8]},
			"faces": {
				"north": {"uv": [12, 7.25, 16, 8.5], "texture": "#texture"},
				"east": {"uv": [7.75, 4.25, 11, 8.5], "texture": "#texture"},
				"south": {"uv": [12, 7.25, 16, 8.5], "texture": "#texture"},
				"west": {"uv": [8, 4.25, 11.25, 8.5], "texture": "#texture"},
				"down": {"uv": [0, 2, 3, 5], "texture": "#texture"}
			}
		},
		{
			"from": [12.3, 7.625, 7.4],
			"to": [13.75, 8.35, 8.85],
			"rotation": {"angle": 0, "axis": "y", "origin": [0, -5.85, 0]},
			"faces": {
				"north": {"uv": [1.5, 7.5, 4.75, 11.15], "texture": "#dark wood blade"},
				"east": {"uv": [13.2, 4.2, 15.4, 6.85], "texture": "#dark wood blade"},
				"south": {"uv": [12.25, 7.5, 15.5, 11.15], "texture": "#dark wood blade"},
				"west": {"uv": [7.75, 4.4, 8.5, 6.85], "texture": "#dark wood blade"},
				"up": {"uv": [0, 0, 1, 1], "texture": "#dark wood blade"},
				"down": {"uv": [4.75, 11.9, 1.5, 7.25], "texture": "#dark wood blade"}
			}
		},
		{
			"from": [12.4, 6.9, 7.4],
			"to": [14, 7.625, 8.85],
			"rotation": {"angle": 0, "axis": "y", "origin": [0, -5.85, 0]},
			"faces": {
				"north": {"uv": [1.5, 7.5, 4.75, 11.15], "texture": "#dark wood blade"},
				"east": {"uv": [13.2, 4.2, 15.4, 6.85], "texture": "#dark wood blade"},
				"south": {"uv": [12.25, 7.5, 15.5, 11.15], "texture": "#dark wood blade"},
				"west": {"uv": [7.75, 4.4, 8.5, 6.85], "texture": "#dark wood blade"},
				"up": {"uv": [0, 0, 1, 1], "texture": "#dark wood blade"},
				"down": {"uv": [4.75, 11.9, 1.5, 7.25], "texture": "#dark wood blade"}
			}
		},
		{
			"from": [12.5, 6.175, 7.4],
			"to": [14.225, 6.9, 8.85],
			"rotation": {"angle": 0, "axis": "y", "origin": [0, -5.85, 0]},
			"faces": {
				"north": {"uv": [1.5, 7.5, 4.75, 11.15], "texture": "#dark wood blade"},
				"east": {"uv": [13.2, 4.2, 15.4, 6.85], "texture": "#dark wood blade"},
				"south": {"uv": [12.25, 7.5, 15.5, 11.15], "texture": "#dark wood blade"},
				"west": {"uv": [7.75, 4.4, 8.5, 6.85], "texture": "#dark wood blade"},
				"up": {"uv": [0, 0, 1, 1], "texture": "#dark wood blade"},
				"down": {"uv": [4.75, 11.9, 1.5, 7.25], "texture": "#dark wood blade"}
			}
		},
		{
			"from": [13.275, 6.2, 7.375],
			"to": [13.6, 6.425, 8.875],
			"rotation": {"angle": 0, "axis": "y", "origin": [0, -5.85, 0]},
			"faces": {
				"north": {"uv": [5.2, 3.5, 8.45, 7.15], "texture": "#texture"},
				"east": {"uv": [13.2, 4.2, 15.4, 6.85], "texture": "#texture"},
				"south": {"uv": [5.25, 3.5, 8.5, 7.15], "texture": "#texture"},
				"west": {"uv": [7.75, 4.4, 8.5, 6.85], "texture": "#texture"},
				"up": {"uv": [0, 0, 1, 1], "texture": "#texture"},
				"down": {"uv": [6.75, 13.9, 3.5, 9.25], "texture": "#texture"}
			}
		},
		{
			"from": [13.325, 6.15, 7.375],
			"to": [13.55, 6.475, 8.875],
			"rotation": {"angle": 0, "axis": "y", "origin": [0, -5.85, 0]},
			"faces": {
				"north": {"uv": [5.2, 3.5, 8.45, 7.15], "texture": "#texture"},
				"east": {"uv": [13.2, 4.2, 15.4, 6.85], "texture": "#texture"},
				"south": {"uv": [5.25, 3.5, 8.5, 7.15], "texture": "#texture"},
				"west": {"uv": [7.75, 4.4, 8.5, 6.85], "texture": "#texture"},
				"up": {"uv": [0, 0, 1, 1], "texture": "#texture"},
				"down": {"uv": [6.75, 13.9, 3.5, 9.25], "texture": "#texture"}
			}
		},
		{
			"from": [12.6, 5.45, 7.4],
			"to": [14.45, 6.175, 8.85],
			"rotation": {"angle": 0, "axis": "y", "origin": [0, -5.85, 0]},
			"faces": {
				"north": {"uv": [1.5, 7.5, 4.75, 11.15], "texture": "#dark wood blade"},
				"east": {"uv": [13.2, 4.2, 15.4, 6.85], "texture": "#dark wood blade"},
				"south": {"uv": [12.25, 7.5, 15.5, 11.15], "texture": "#dark wood blade"},
				"west": {"uv": [7.75, 4.4, 8.5, 6.85], "texture": "#dark wood blade"},
				"up": {"uv": [0, 0, 1, 1], "texture": "#dark wood blade"},
				"down": {"uv": [4.75, 11.9, 1.5, 7.25], "texture": "#dark wood blade"}
			}
		},
		{
			"from": [12.725, 4.725, 7.4],
			"to": [14.675, 5.45, 8.85],
			"rotation": {"angle": 0, "axis": "y", "origin": [0, -5.85, 0]},
			"faces": {
				"north": {"uv": [1.5, 7.5, 4.75, 11.15], "texture": "#dark wood blade"},
				"east": {"uv": [13.2, 4.2, 15.4, 6.85], "texture": "#dark wood blade"},
				"south": {"uv": [12.25, 7.5, 15.5, 11.15], "texture": "#dark wood blade"},
				"west": {"uv": [7.75, 4.4, 8.5, 6.85], "texture": "#dark wood blade"},
				"up": {"uv": [0, 0, 1, 1], "texture": "#dark wood blade"},
				"down": {"uv": [4.75, 11.9, 1.5, 7.25], "texture": "#dark wood blade"}
			}
		},
		{
			"from": [14.45, 5.45, 7.4],
			"to": [14.675, 5.6, 8.85],
			"rotation": {"angle": 0, "axis": "y", "origin": [0, -6, 0]},
			"faces": {
				"north": {"uv": [1.5, 7.5, 4.75, 11.15], "texture": "#dark wood blade"},
				"east": {"uv": [7, 7.5, 9.75, 11.15], "texture": "#dark wood blade"},
				"south": {"uv": [12.25, 7.5, 15.5, 11.15], "texture": "#dark wood blade"},
				"west": {"uv": [7.25, 7.5, 10, 11.15], "texture": "#dark wood blade"},
				"up": {"uv": [0, 0, 1, 1], "texture": "#dark wood blade"},
				"down": {"uv": [4.75, 11.9, 1.5, 7.25], "texture": "#dark wood blade"}
			}
		},
		{
			"from": [14.225, 6.125, 7.4],
			"to": [14.45, 6.275, 8.85],
			"rotation": {"angle": 0, "axis": "y", "origin": [0, -6, 0]},
			"faces": {
				"north": {"uv": [1.5, 7.5, 4.75, 11.15], "texture": "#dark wood blade"},
				"east": {"uv": [7, 7.5, 9.75, 11.15], "texture": "#dark wood blade"},
				"south": {"uv": [12.25, 7.5, 15.5, 11.15], "texture": "#dark wood blade"},
				"west": {"uv": [7.25, 7.5, 10, 11.15], "texture": "#dark wood blade"},
				"up": {"uv": [0, 0, 1, 1], "texture": "#dark wood blade"},
				"down": {"uv": [4.75, 11.9, 1.5, 7.25], "texture": "#dark wood blade"}
			}
		},
		{
			"from": [14, 6.825, 7.4],
			"to": [14.225, 6.975, 8.85],
			"rotation": {"angle": 0, "axis": "y", "origin": [0, -6, 0]},
			"faces": {
				"north": {"uv": [1.5, 7.5, 4.75, 11.15], "texture": "#dark wood blade"},
				"east": {"uv": [7, 7.5, 9.75, 11.15], "texture": "#dark wood blade"},
				"south": {"uv": [12.25, 7.5, 15.5, 11.15], "texture": "#dark wood blade"},
				"west": {"uv": [7.25, 7.5, 10, 11.15], "texture": "#dark wood blade"},
				"up": {"uv": [0, 0, 1, 1], "texture": "#dark wood blade"},
				"down": {"uv": [4.75, 11.9, 1.5, 7.25], "texture": "#dark wood blade"}
			}
		},
		{
			"from": [12.9, 4.5, 7.4],
			"to": [14.5, 4.725, 8.85],
			"rotation": {"angle": 0, "axis": "y", "origin": [0, -5.85, 0]},
			"faces": {
				"north": {"uv": [1.5, 7.5, 4.75, 11.15], "texture": "#dark wood blade"},
				"east": {"uv": [13.2, 4.2, 15.4, 6.85], "texture": "#dark wood blade"},
				"south": {"uv": [12.25, 7.5, 15.5, 11.15], "texture": "#dark wood blade"},
				"west": {"uv": [7.75, 4.4, 8.5, 6.85], "texture": "#dark wood blade"},
				"up": {"uv": [0, 0, 1, 1], "texture": "#dark wood blade"},
				"down": {"uv": [4.75, 11.9, 1.5, 7.25], "texture": "#dark wood blade"}
			}
		},
		{
			"from": [13.5, 4.1, 7.9],
			"to": [14, 4.5, 8.35],
			"rotation": {"angle": 0, "axis": "y", "origin": [0, -5.85, 0]},
			"faces": {
				"north": {"uv": [1.5, 7.5, 3.75, 8.25], "texture": "#texture"},
				"east": {"uv": [7, 7.5, 8.75, 8.25], "texture": "#texture"},
				"south": {"uv": [12.25, 7.5, 14.5, 8.25], "texture": "#texture"},
				"west": {"uv": [7.25, 7.5, 9, 8.25], "texture": "#texture"},
				"up": {"uv": [0, 0, 1, 1], "texture": "#texture"},
				"down": {"uv": [3.75, 9, 1.5, 7.25], "texture": "#texture"}
			}
		},
		{
			"from": [13.15, 4.35, 7.4],
			"to": [14.225, 4.5, 8.85],
			"rotation": {"angle": 0, "axis": "y", "origin": [0, -5.85, 0]},
			"faces": {
				"north": {"uv": [1.5, 7.5, 4.75, 11.15], "texture": "#dark wood blade"},
				"east": {"uv": [13.2, 4.2, 15.4, 6.85], "texture": "#dark wood blade"},
				"south": {"uv": [12.25, 7.5, 15.5, 11.15], "texture": "#dark wood blade"},
				"west": {"uv": [7.75, 4.4, 8.5, 6.85], "texture": "#dark wood blade"},
				"up": {"uv": [0, 0, 1, 1], "texture": "#dark wood blade"},
				"down": {"uv": [4.75, 11.9, 1.5, 7.25], "texture": "#dark wood blade"}
			}
		},
		{
			"from": [11.275, 7.75, 7.75],
			"to": [11.525, 8, 8.5],
			"rotation": {"angle": 0, "axis": "z", "origin": [0, 0.9, 0]},
			"faces": {
				"north": {"uv": [0, 15.5, 2.25, 15.75], "texture": "#texture"},
				"south": {"uv": [10.25, 13.75, 14.5, 14], "texture": "#texture"},
				"west": {"uv": [7.75, 10.75, 11.5, 14], "texture": "#texture"},
				"up": {"uv": [11.25, 11.75, 14.5, 13.5], "texture": "#texture"}
			}
		},
		{
			"from": [7.425, 10.4, 7.35],
			"to": [12.775, 10.75, 8.9],
			"rotation": {"angle": 0, "axis": "y", "origin": [0, 1.25, 0]},
			"faces": {
				"north": {"uv": [0, 16, 1.75, 15.75], "texture": "#texture"},
				"east": {"uv": [0, 15.75, 1.75, 16], "texture": "#texture"},
				"south": {"uv": [0, 15.75, 1.75, 16], "texture": "#texture"},
				"west": {"uv": [0, 15.75, 1.75, 16], "texture": "#texture"},
				"up": {"uv": [0, 16, 1.75, 15.75], "texture": "#texture"},
				"down": {"uv": [1.75, 16, 0, 15.75], "texture": "#texture"}
			}
		},
		{
			"from": [8, 7.5, 7.45],
			"to": [10.025, 10.5, 8.8],
			"rotation": {"angle": 0, "axis": "y", "origin": [0, 1.15, 0]},
			"faces": {
				"north": {"uv": [4, 16, 0, 14], "texture": "#texture"},
				"east": {"uv": [7, 7, 11.75, 11.25], "texture": "#texture"},
				"south": {"uv": [0, 14, 4, 16], "texture": "#texture"},
				"west": {"uv": [10.25, 7, 12, 11.25], "texture": "#texture"},
				"up": {"uv": [8, 11.25, 11.75, 14], "texture": "#texture"},
				"down": {"uv": [11, 14, 7.25, 9.25], "texture": "#texture"}
			}
		},
		{
			"from": [7.825, 7.5, 7.575],
			"to": [10.025, 10.5, 8.675],
			"rotation": {"angle": 0, "axis": "y", "origin": [0, 1.15, 0]},
			"faces": {
				"north": {"uv": [0, 16, 1, 13], "texture": "#texture"},
				"east": {"uv": [7, 7, 11.75, 11.25], "texture": "#texture"},
				"south": {"uv": [0, 13, 1, 16], "texture": "#texture"},
				"west": {"uv": [1, 13, 2, 16], "texture": "#texture"},
				"up": {"uv": [8, 11.25, 11.75, 14], "texture": "#texture"},
				"down": {"uv": [11, 14, 7.25, 9.25], "texture": "#texture"}
			}
		},
		{
			"from": [7.725, 7.5, 7.45],
			"to": [8, 7.85, 8.8],
			"rotation": {"angle": 0, "axis": "y", "origin": [0, 1.15, 0]},
			"faces": {
				"north": {"uv": [0, 16, 0.75, 15.25], "texture": "#texture"},
				"east": {"uv": [0, 16, 0.75, 15.25], "texture": "#texture"},
				"south": {"uv": [0, 16, 0.75, 15.25], "texture": "#texture"},
				"west": {"uv": [1, 16, 1.75, 15.25], "texture": "#texture"},
				"up": {"uv": [0, 16, 0.75, 15.25], "texture": "#texture"},
				"down": {"uv": [0, 15.25, 0.75, 16], "texture": "#texture"}
			}
		},
		{
			"from": [7.45, 10.225, 7.45],
			"to": [8, 10.6, 8.8],
			"rotation": {"angle": 0, "axis": "y", "origin": [0, 1.15, 0]},
			"faces": {
				"north": {"uv": [0, 16, 0.75, 15.25], "texture": "#texture"},
				"east": {"uv": [0, 16, 0.75, 15.25], "texture": "#texture"},
				"south": {"uv": [0, 16, 0.75, 15.25], "texture": "#texture"},
				"west": {"uv": [1, 16, 1.75, 15.25], "texture": "#texture"},
				"up": {"uv": [0, 16, 0.75, 15.25], "texture": "#texture"},
				"down": {"uv": [0, 15.25, 0.75, 16], "texture": "#texture"}
			}
		},
		{
			"from": [7.275, 10.75, 7.4],
			"to": [7.95, 11.4, 8.85],
			"rotation": {"angle": 0, "axis": "y", "origin": [0, 1.25, 0]},
			"faces": {
				"north": {"uv": [0, 16, 2, 14], "texture": "#texture"},
				"east": {"uv": [0, 16, 2, 14], "texture": "#texture"},
				"south": {"uv": [0, 16, 2, 14], "texture": "#texture"},
				"west": {"uv": [0, 16, 2, 14], "texture": "#texture"},
				"up": {"uv": [0, 16, 2, 14], "texture": "#texture"},
				"down": {"uv": [0, 16, 2, 14], "texture": "#texture"}
			}
		},
		{
			"from": [7.95, 10.75, 8.65],
			"to": [9.45, 11.25, 8.85],
			"rotation": {"angle": 0, "axis": "y", "origin": [0, 1.25, 0]},
			"faces": {
				"north": {"uv": [0, 16, 2, 14], "texture": "#texture"},
				"east": {"uv": [0, 16, 2, 14], "texture": "#texture"},
				"south": {"uv": [0, 16, 2, 14], "texture": "#texture"},
				"west": {"uv": [0, 16, 2, 14], "texture": "#texture"},
				"up": {"uv": [0, 16, 2, 14], "texture": "#texture"},
				"down": {"uv": [0, 16, 2, 14], "texture": "#texture"}
			}
		},
		{
			"from": [9.45, 10.75, 8.65],
			"to": [9.9, 11.425, 8.85],
			"rotation": {"angle": 0, "axis": "y", "origin": [0, 1.25, 0]},
			"faces": {
				"north": {"uv": [0, 16, 2, 14], "texture": "#texture"},
				"east": {"uv": [0, 16, 2, 14], "texture": "#texture"},
				"south": {"uv": [0, 16, 2, 14], "texture": "#texture"},
				"west": {"uv": [0, 16, 2, 14], "texture": "#texture"},
				"up": {"uv": [0, 16, 2, 14], "texture": "#texture"},
				"down": {"uv": [0, 16, 2, 14], "texture": "#texture"}
			}
		},
		{
			"from": [9.45, 10.75, 7.4],
			"to": [9.9, 11.425, 7.6],
			"rotation": {"angle": 0, "axis": "y", "origin": [0, 1.25, 0]},
			"faces": {
				"north": {"uv": [0, 16, 2, 14], "texture": "#texture"},
				"east": {"uv": [5, 7, 7.75, 8.25], "texture": "#texture"},
				"south": {"uv": [6, 7, 7.75, 8.25], "texture": "#texture"},
				"west": {"uv": [5.25, 7, 8, 8.25], "texture": "#texture"},
				"up": {"uv": [6, 11.25, 7.75, 11], "texture": "#texture"},
				"down": {"uv": [7, 11, 5.25, 9.25], "texture": "#texture"}
			}
		},
		{
			"from": [7.95, 10.75, 7.4],
			"to": [9.45, 11.25, 7.6],
			"rotation": {"angle": 0, "axis": "y", "origin": [0, 1.25, 0]},
			"faces": {
				"north": {"uv": [0, 16, 2, 14], "texture": "#texture"},
				"east": {"uv": [5, 7, 7.75, 8.25], "texture": "#texture"},
				"south": {"uv": [6, 7, 7.75, 8.25], "texture": "#texture"},
				"west": {"uv": [5.25, 7, 8, 8.25], "texture": "#texture"},
				"up": {"uv": [6, 11.25, 7.75, 11], "texture": "#texture"},
				"down": {"uv": [7, 11, 5.25, 9.25], "texture": "#texture"}
			}
		},
		{
			"from": [9.7, 10.75, 7.675],
			"to": [11.9, 11.475, 8.575],
			"rotation": {"angle": 0, "axis": "y", "origin": [0, 1.25, 0]},
			"faces": {
				"north": {"uv": [9.25, 10, 10, 11.25], "texture": "#2"},
				"east": {"uv": [9, 10, 10.75, 11.25], "texture": "#2"},
				"south": {"uv": [10, 10, 10.75, 11.25], "texture": "#2"},
				"west": {"uv": [9.25, 10, 11, 11.25], "texture": "#2"},
				"up": {"uv": [10, 12.25, 10.75, 14], "texture": "#2"},
				"down": {"uv": [10, 14, 9.25, 12.25], "texture": "#2"}
			}
		},
		{
			"from": [9.9, 10.75, 7.4],
			"to": [12.975, 11.475, 8.85],
			"rotation": {"angle": 0, "axis": "y", "origin": [0, 1.25, 0]},
			"faces": {
				"north": {"uv": [0, 16, 2, 14], "texture": "#texture"},
				"east": {"uv": [0, 16, 2, 14], "texture": "#texture"},
				"south": {"uv": [0, 16, 2, 14], "texture": "#texture"},
				"west": {"uv": [0, 16, 2, 14], "texture": "#texture"},
				"up": {"uv": [0, 16, 2, 14], "texture": "#texture"},
				"down": {"uv": [0, 16, 2, 14], "texture": "#texture"}
			}
		},
		{
			"from": [10.025, 9.175, 7.45],
			"to": [11.525, 10.5, 8.8],
			"rotation": {"angle": 0, "axis": "y", "origin": [0, 1.15, 0]},
			"faces": {
				"north": {"uv": [2, 16, 4, 14], "texture": "#texture"},
				"east": {"uv": [7, 7, 11.75, 11.25], "texture": "#texture"},
				"south": {"uv": [2, 14.05, 4.05, 16], "texture": "#texture"},
				"west": {"uv": [7.25, 7, 12, 11.25], "texture": "#texture"},
				"up": {"uv": [8, 11.25, 11.75, 14], "texture": "#texture"},
				"down": {"uv": [11, 14, 7.25, 9.25], "texture": "#texture"}
			}
		},
		{
			"from": [11.525, 8.6, 7.45],
			"to": [11.775, 10.5, 8.8],
			"rotation": {"angle": 0, "axis": "y", "origin": [0, 1.15, 0]},
			"faces": {
				"north": {"uv": [2, 16, 3, 14], "texture": "#texture"},
				"east": {"uv": [7, 7, 11.75, 11.25], "texture": "#texture"},
				"south": {"uv": [2, 14.05, 2.95, 16], "texture": "#texture"},
				"west": {"uv": [7.25, 7, 12, 11.25], "texture": "#texture"},
				"up": {"uv": [8, 11.25, 11.75, 14], "texture": "#texture"},
				"down": {"uv": [11, 14, 7.25, 9.25], "texture": "#texture"}
			}
		},
		{
			"from": [11.775, 8.85, 7.45],
			"to": [12.2, 9.5, 8.8],
			"rotation": {"angle": 0, "axis": "y", "origin": [0, 1.15, 0]},
			"faces": {
				"north": {"uv": [0, 14, 3.75, 16], "texture": "#texture"},
				"east": {"uv": [7, 7, 11.75, 11.25], "texture": "#texture"},
				"south": {"uv": [3.75, 14, 0, 16], "texture": "#texture"},
				"west": {"uv": [7.25, 7, 12, 11.25], "texture": "#texture"},
				"up": {"uv": [8, 11.25, 11.75, 14], "texture": "#texture"},
				"down": {"uv": [11, 14, 7.25, 9.25], "texture": "#texture"}
			}
		},
		{
			"from": [11.775, 8.425, 7.45],
			"to": [12.2, 8.85, 8.8],
			"rotation": {"angle": 0, "axis": "y", "origin": [0, 1.15, 0]},
			"faces": {
				"north": {"uv": [0, 16, 4, 14], "texture": "#texture"},
				"east": {"uv": [7, 7, 11.75, 11.25], "texture": "#texture"},
				"south": {"uv": [4, 14, 0, 16], "texture": "#texture"},
				"west": {"uv": [7.25, 7, 12, 11.25], "texture": "#texture"},
				"up": {"uv": [8, 11.25, 11.75, 14], "texture": "#texture"},
				"down": {"uv": [11, 14, 7.25, 9.25], "texture": "#texture"}
			}
		},
		{
			"from": [13.775, 8.725, 7.45],
			"to": [13.95, 9.775, 8.8],
			"rotation": {"angle": 0, "axis": "y", "origin": [0, 1.15, 0]},
			"faces": {
				"north": {"uv": [0, 14, 2.75, 16], "texture": "#texture"},
				"east": {"uv": [1.75, 14, 2.75, 16], "texture": "#texture"},
				"south": {"uv": [3.75, 14, 1, 16], "texture": "#texture"},
				"west": {"uv": [7.25, 7, 12, 11.25], "texture": "#texture"},
				"up": {"uv": [8, 11.25, 11.75, 14], "texture": "#texture"},
				"down": {"uv": [11, 14, 7.25, 9.25], "texture": "#texture"}
			}
		},
		{
			"from": [12.2, 8.35, 7.45],
			"to": [13.775, 9.5, 8.8],
			"rotation": {"angle": 0, "axis": "y", "origin": [0, 1.15, 0]},
			"faces": {
				"north": {"uv": [0, 14, 2.75, 16], "texture": "#texture"},
				"east": {"uv": [1.75, 14, 2.75, 16], "texture": "#texture"},
				"south": {"uv": [3.75, 14, 1, 16], "texture": "#texture"},
				"west": {"uv": [7.25, 7, 12, 11.25], "texture": "#texture"},
				"up": {"uv": [8, 11.25, 11.75, 14], "texture": "#texture"},
				"down": {"uv": [11, 14, 7.25, 9.25], "texture": "#texture"}
			}
		},
		{
			"from": [11.775, 9.5, 7.45],
			"to": [13.775, 10.25, 8.8],
			"rotation": {"angle": 0, "axis": "y", "origin": [0, 1.25, 0]},
			"faces": {
				"north": {"uv": [0, 14.75, 2.75, 16], "texture": "#texture"},
				"east": {"uv": [1.75, 14, 2.75, 16], "texture": "#texture"},
				"south": {"uv": [3.75, 14.75, 1, 16], "texture": "#texture"},
				"west": {"uv": [7.25, 7, 12, 11.25], "texture": "#texture"},
				"up": {"uv": [8, 11.25, 11.75, 14], "texture": "#texture"},
				"down": {"uv": [11, 14, 7.25, 9.25], "texture": "#texture"}
			}
		},
		{
			"from": [11.775, 10.25, 7.45],
			"to": [13.275, 10.5, 8.8],
			"rotation": {"angle": 0, "axis": "y", "origin": [0, 1.25, 0]},
			"faces": {
				"north": {"uv": [0, 16, 4, 14], "texture": "#texture"},
				"east": {"uv": [7, 7, 11.75, 11.25], "texture": "#texture"},
				"south": {"uv": [4.95, 14.05, 1, 16], "texture": "#texture"},
				"west": {"uv": [7.25, 7, 12, 11.25], "texture": "#texture"},
				"up": {"uv": [8, 11.25, 11.75, 14], "texture": "#texture"},
				"down": {"uv": [11, 14, 7.25, 9.25], "texture": "#texture"}
			}
		},
		{
			"from": [9.9, 10.5, 7.475],
			"to": [13.275, 11.6, 8.775],
			"rotation": {"angle": 0, "axis": "y", "origin": [0, 1.25, 0]},
			"faces": {
				"north": {"uv": [4, 16, 0, 14], "texture": "#texture"},
				"east": {"uv": [4, 16, 0, 14], "texture": "#texture"},
				"south": {"uv": [0, 16, 4, 14], "texture": "#texture"},
				"west": {"uv": [4, 16, 0, 14], "texture": "#texture"},
				"up": {"uv": [4, 16, 0, 14], "texture": "#texture"},
				"down": {"uv": [4, 16, 0, 14], "texture": "#texture"}
			}
		},
		{
			"from": [11.15, 11.05, 7.525],
			"to": [14.525, 11.525, 8.725],
			"rotation": {"angle": 0, "axis": "y", "origin": [0, 1.25, 0]},
			"faces": {
				"north": {"uv": [4, 16, 0, 14], "texture": "#texture"},
				"east": {"uv": [4, 16, 0, 14], "texture": "#texture"},
				"south": {"uv": [0, 16, 4, 14], "texture": "#texture"},
				"west": {"uv": [4, 16, 0, 14], "texture": "#texture"},
				"up": {"uv": [4, 16, 0, 14], "texture": "#texture"},
				"down": {"uv": [4, 16, 0, 14], "texture": "#texture"}
			}
		},
		{
			"from": [10.575, 11.525, 7.7],
			"to": [13.025, 11.875, 8.55],
			"rotation": {"angle": 0, "axis": "y", "origin": [0, 1.25, 0]},
			"faces": {
				"north": {"uv": [4, 16, 0, 14], "texture": "#texture"},
				"east": {"uv": [4, 16, 0, 14], "texture": "#texture"},
				"south": {"uv": [4, 16, 0, 14], "texture": "#texture"},
				"west": {"uv": [4, 16, 0, 14], "texture": "#texture"},
				"up": {"uv": [4, 16, 0, 14], "texture": "#texture"},
				"down": {"uv": [4, 16, 0, 14], "texture": "#texture"}
			}
		},
		{
			"from": [12.9, 11.775, 8.25],
			"to": [13.1, 12.025, 8.55],
			"rotation": {"angle": 0, "axis": "y", "origin": [0, 1.25, 0]},
			"faces": {
				"north": {"uv": [4, 16, 0, 14], "texture": "#texture"},
				"east": {"uv": [4, 16, 0, 14], "texture": "#texture"},
				"south": {"uv": [4, 16, 0, 14], "texture": "#texture"},
				"west": {"uv": [4, 16, 0, 14], "texture": "#texture"},
				"up": {"uv": [4, 16, 0, 14], "texture": "#texture"},
				"down": {"uv": [4, 16, 0, 14], "texture": "#texture"}
			}
		},
		{
			"from": [10.75, 11.875, 7.7],
			"to": [10.9, 11.975, 8.55],
			"rotation": {"angle": 0, "axis": "y", "origin": [0, 1.25, 0]},
			"faces": {
				"north": {"uv": [4, 16, 0, 14], "texture": "#texture"},
				"east": {"uv": [4, 16, 0, 14], "texture": "#texture"},
				"south": {"uv": [4, 16, 0, 14], "texture": "#texture"},
				"west": {"uv": [4, 16, 0, 14], "texture": "#texture"},
				"up": {"uv": [4, 16, 0, 14], "texture": "#texture"},
				"down": {"uv": [4, 16, 0, 14], "texture": "#texture"}
			}
		},
		{
			"from": [12.875, 11.775, 7.7],
			"to": [13.1, 12.025, 8],
			"rotation": {"angle": 0, "axis": "y", "origin": [0, 1.25, 0]},
			"faces": {
				"north": {"uv": [4, 16, 0, 14], "texture": "#texture"},
				"east": {"uv": [4, 16, 0, 14], "texture": "#texture"},
				"south": {"uv": [4, 16, 0, 14], "texture": "#texture"},
				"west": {"uv": [4, 16, 0, 14], "texture": "#texture"},
				"up": {"uv": [4, 16, 0, 14], "texture": "#texture"},
				"down": {"uv": [4, 16, 0, 14], "texture": "#texture"}
			}
		},
		{
			"from": [3.35, 18.275, 7.5],
			"to": [3.95, 18.725, 8.75],
			"rotation": {"angle": -45, "axis": "z", "origin": [0, 1.25, 0]},
			"faces": {
				"north": {"uv": [8.25, 3, 10, 2.25], "texture": "#texture"},
				"east": {"uv": [5, 6, 7.75, 8.25], "texture": "#texture"},
				"south": {"uv": [6, 6, 7.75, 8.25], "texture": "#texture"},
				"west": {"uv": [5.25, 6, 8, 8.25], "texture": "#texture"},
				"up": {"uv": [6, 10.25, 7.75, 11], "texture": "#texture"},
				"down": {"uv": [7, 11, 5.25, 8.25], "texture": "#texture"}
			}
		},
		{
			"from": [3.425, 18.2, 7.5],
			"to": [3.875, 18.8, 8.75],
			"rotation": {"angle": -45, "axis": "z", "origin": [0, 1.25, 0]},
			"faces": {
				"north": {"uv": [8.25, 3, 10, 2.25], "texture": "#texture"},
				"east": {"uv": [5, 6, 7.75, 8.25], "texture": "#texture"},
				"south": {"uv": [6, 6, 7.75, 8.25], "texture": "#texture"},
				"west": {"uv": [5.25, 6, 8, 8.25], "texture": "#texture"},
				"up": {"uv": [6, 10.25, 7.75, 11], "texture": "#texture"},
				"down": {"uv": [7, 11, 5.25, 8.25], "texture": "#texture"}
			}
		},
		{
			"from": [3.175, 17.925, 7.625],
			"to": [3.5, 18.575, 8.625],
			"rotation": {"angle": -45, "axis": "z", "origin": [0, 1.25, 0]},
			"faces": {
				"north": {"uv": [8.25, 3, 10, 2.25], "texture": "#texture"},
				"east": {"uv": [5, 6, 7.75, 8.25], "texture": "#texture"},
				"south": {"uv": [6, 6, 7.75, 8.25], "texture": "#texture"},
				"west": {"uv": [5.25, 6, 8, 8.25], "texture": "#texture"},
				"up": {"uv": [6, 10.25, 7.75, 11], "texture": "#texture"},
				"down": {"uv": [7, 11, 5.25, 8.25], "texture": "#texture"}
			}
		},
		{
			"from": [13.875, 10, 7.5],
			"to": [14.175, 10.35, 8.75],
			"rotation": {"angle": 0, "axis": "y", "origin": [0, 1.25, 0]},
			"faces": {
				"north": {"uv": [8.25, 3, 10, 2.25], "texture": "#texture"},
				"east": {"uv": [5, 6, 7.75, 8.25], "texture": "#texture"},
				"south": {"uv": [6, 6, 7.75, 8.25], "texture": "#texture"},
				"west": {"uv": [5.25, 6, 8, 8.25], "texture": "#texture"},
				"up": {"uv": [6, 10.25, 7.75, 11], "texture": "#texture"},
				"down": {"uv": [7, 11, 5.25, 8.25], "texture": "#texture"}
			}
		},
		{
			"from": [13.525, 10.025, 7.6],
			"to": [14.075, 10.325, 8.65],
			"rotation": {"angle": 0, "axis": "y", "origin": [0, 1.25, 0]},
			"faces": {
				"north": {"uv": [8.25, 3, 10, 2.25], "texture": "#texture"},
				"east": {"uv": [5, 6, 7.75, 8.25], "texture": "#texture"},
				"south": {"uv": [6, 6, 7.75, 8.25], "texture": "#texture"},
				"west": {"uv": [5.25, 6, 8, 8.25], "texture": "#texture"},
				"up": {"uv": [6, 10.25, 7.75, 11], "texture": "#texture"},
				"down": {"uv": [7, 11, 5.25, 8.25], "texture": "#texture"}
			}
		},
		{
			"from": [3.25, 17.325, 7.6],
			"to": [3.65, 18.775, 8.65],
			"rotation": {"angle": -45, "axis": "z", "origin": [0, 1.25, 0]},
			"faces": {
				"north": {"uv": [8.25, 4, 10, 2.25], "texture": "#texture"},
				"east": {"uv": [5, 7, 7.75, 8.25], "texture": "#texture"},
				"south": {"uv": [6, 7, 7.75, 8.25], "texture": "#texture"},
				"west": {"uv": [5.25, 7, 8, 8.25], "texture": "#texture"},
				"up": {"uv": [6, 11.25, 7.75, 11], "texture": "#texture"},
				"down": {"uv": [7, 11, 5.25, 9.25], "texture": "#texture"}
			}
		},
		{
			"from": [6.825, 11.225, 7.8],
			"to": [7.7, 11.575, 8.45],
			"rotation": {"angle": 0, "axis": "y", "origin": [5, 0, 0]},
			"faces": {
				"north": {"uv": [2, 16, 0, 14], "texture": "#texture", "cullface": "west"},
				"east": {"uv": [0, 14, 2, 16], "texture": "#texture"},
				"south": {"uv": [2, 16, 0, 14], "texture": "#texture", "cullface": "west"},
				"west": {"uv": [2, 16, 0, 14], "texture": "#texture", "cullface": "west"},
				"up": {"uv": [2, 16, 0, 14], "texture": "#texture", "cullface": "west"},
				"down": {"uv": [2, 16, 0, 14], "texture": "#texture", "cullface": "west"}
			}
		},
		{
			"from": [6.825, 10.4, 7.8],
			"to": [7.95, 10.75, 8.45],
			"rotation": {"angle": 0, "axis": "y", "origin": [5, 0, 0]},
			"faces": {
				"north": {"uv": [2, 16, 0, 14], "texture": "#texture", "cullface": "west"},
				"east": {"uv": [0, 14, 2, 16], "texture": "#texture"},
				"south": {"uv": [2, 16, 0, 14], "texture": "#texture", "cullface": "west"},
				"west": {"uv": [2, 16, 0, 14], "texture": "#texture", "cullface": "west"},
				"up": {"uv": [2, 16, 0, 14], "texture": "#texture", "cullface": "west"},
				"down": {"uv": [2, 16, 0, 14], "texture": "#texture", "cullface": "west"}
			}
		},
		{
			"from": [6.825, 10.65, 8.35],
			"to": [7.7, 11.3, 8.7],
			"rotation": {"angle": 0, "axis": "x", "origin": [5, 0, 0]},
			"faces": {
				"north": {"uv": [2, 16, 0, 14], "rotation": 180, "texture": "#texture", "cullface": "west"},
				"east": {"uv": [0, 14, 2, 16], "rotation": 270, "texture": "#texture"},
				"south": {"uv": [2, 16, 0, 14], "texture": "#texture", "cullface": "west"},
				"west": {"uv": [2, 16, 0, 14], "rotation": 90, "texture": "#texture", "cullface": "west"},
				"up": {"uv": [2, 16, 0, 14], "rotation": 180, "texture": "#texture", "cullface": "west"},
				"down": {"uv": [2, 16, 0, 14], "texture": "#texture", "cullface": "west"}
			}
		},
		{
			"from": [6.825, 10.65, 7.55],
			"to": [7.7, 11.3, 7.9],
			"rotation": {"angle": 0, "axis": "y", "origin": [5, 0, 0]},
			"faces": {
				"north": {"uv": [2, 16, 0, 14], "rotation": 180, "texture": "#texture", "cullface": "west"},
				"east": {"uv": [0, 14, 2, 16], "rotation": 270, "texture": "#texture"},
				"south": {"uv": [2, 16, 0, 14], "texture": "#texture", "cullface": "west"},
				"west": {"uv": [2, 16, 0, 14], "rotation": 90, "texture": "#texture", "cullface": "west"},
				"up": {"uv": [2, 16, 0, 14], "rotation": 180, "texture": "#texture", "cullface": "west"},
				"down": {"uv": [2, 16, 0, 14], "texture": "#texture", "cullface": "west"}
			}
		},
		{
			"from": [0.675, 11.2, 7.875],
			"to": [7.8, 11.45, 8.375],
			"rotation": {"angle": 0, "axis": "y", "origin": [5, 0, 0]},
			"faces": {
				"north": {"uv": [0, 14.75, 5, 15], "texture": "#texture", "cullface": "west"},
				"east": {"uv": [0, 0, 1, 1], "texture": "#texture"},
				"south": {"uv": [0, 14.75, 5, 15], "texture": "#texture", "cullface": "west"},
				"west": {"uv": [3, 14.75, 0.75, 15], "texture": "#texture", "cullface": "west"},
				"up": {"uv": [0, 15, 5, 15.75], "texture": "#texture", "cullface": "west"},
				"down": {"uv": [5, 15.75, 0, 15], "texture": "#texture", "cullface": "west"}
			}
		},
		{
			"from": [0.675, 10.725, 7.65],
			"to": [7.8, 11.225, 7.9],
			"rotation": {"angle": 0, "axis": "y", "origin": [5, 0, 0]},
			"faces": {
				"north": {"uv": [0, 15, 5, 15.75], "texture": "#texture", "cullface": "west"},
				"south": {"uv": [0, 15, 5, 15.75], "texture": "#texture", "cullface": "west"},
				"west": {"uv": [2.75, 15, 0, 15.75], "texture": "#texture", "cullface": "west"},
				"up": {"uv": [0, 14.75, 5, 15], "texture": "#texture", "cullface": "west"},
				"down": {"uv": [5, 15, 0, 14.75], "texture": "#texture", "cullface": "west"}
			}
		},
		{
			"from": [0.675, 10.5, 7.875],
			"to": [7.8, 10.75, 8.375],
			"rotation": {"angle": 0, "axis": "y", "origin": [5, 0, 0]},
			"faces": {
				"north": {"uv": [0, 15.75, 5, 16], "texture": "#texture", "cullface": "west"},
				"south": {"uv": [0, 15.75, 5, 16], "texture": "#texture", "cullface": "west"},
				"west": {"uv": [3, 15.75, 0.75, 16], "texture": "#texture", "cullface": "west"},
				"up": {"uv": [0, 15, 5, 15.75], "texture": "#texture", "cullface": "west"},
				"down": {"uv": [5, 15.75, 0, 15], "texture": "#texture", "cullface": "west"}
			}
		},
		{
			"from": [0.675, 10.725, 8.35],
			"to": [7.8, 11.225, 8.6],
			"rotation": {"angle": 0, "axis": "y", "origin": [5, 0, 0]},
			"faces": {
				"north": {"uv": [0, 15, 5, 15.75], "texture": "#texture", "cullface": "west"},
				"south": {"uv": [0, 15, 5, 15.75], "texture": "#texture", "cullface": "west"},
				"west": {"uv": [3.75, 15, 1, 15.75], "texture": "#texture", "cullface": "west"},
				"up": {"uv": [0, 15.75, 5, 16], "texture": "#texture", "cullface": "west"},
				"down": {"uv": [5, 16, 0, 15.75], "texture": "#texture", "cullface": "west"}
			}
		}
	],
	"gui_light": "front",
	"display": {
		"thirdperson_righthand": {
			"rotation": [0, -90, 0],
			"translation": [0, -1, -2.5],
			"scale": [0.88, 0.88, 0.86]
		},
		"thirdperson_lefthand": {
			"rotation": [0, 90, 0],
			"translation": [-0.25, -1, -2.5],
			"scale": [0.88, 0.88, 0.86]
		},
		"firstperson_righthand": {
			"rotation": [0, -90, 0],
			"translation": [0, 1.75, -3.5],
			"scale": [0.87, 0.87, 0.85]
		},
		"firstperson_lefthand": {
			"rotation": [0, 90, 0],
			"translation": [0, 1.75, -3.5],
			"scale": [0.87, 0.87, 0.85]
		},
		"ground": {
			"translation": [-0.5, 0, 0],
			"scale": [0.94, 0.94, 0.89]
		},
		"gui": {
			"rotation": [0, 0, -45],
			"translation": [-1.5, -0.25, 0],
			"scale": [0.9, 0.9, 0.9]
		},
		"fixed": {
			"rotation": [0, 180, -45],
			"translation": [2.1, -0.45, -1.1],
			"scale": [1.18, 1.18, 1.13]
		}
	}
}