{
	"credit": "Made by SrDarmith - YouTube: Mainclay",
	"textures": {
		"2": "item/door_iron_lower",
		"particle": "item/anvil_1",
		"texture": "item/anvil_1",
		"dark wood blade": "item/darkwood1"
	},
	"elements": [
		{
			"from": [1.35, 8.825, 7.5],
			"to": [1.825, 9.2, 7.7],
			"rotation": {"angle": 0, "axis": "y", "origin": [-4, -0.625, -0.525]},
			"faces": {
				"north": {"uv": [5, 16, 4, 15], "texture": "#texture", "cullface": "west"},
				"east": {"uv": [5, 16, 4, 15], "texture": "#texture", "cullface": "west"},
				"south": {"uv": [5, 16, 4, 15], "texture": "#texture", "cullface": "west"},
				"west": {"uv": [5, 16, 4, 15], "texture": "#texture", "cullface": "west"},
				"up": {"uv": [5, 16, 4, 15], "texture": "#texture", "cullface": "west"}
			}
		},
		{
			"from": [6.025, 5.95, 7.225],
			"to": [6.275, 6.2, 7.975],
			"rotation": {"angle": 0, "axis": "z", "origin": [-4, -0.9, -0.525]},
			"faces": {
				"north": {"uv": [1.5, 15.5, 3.75, 15.75], "texture": "#texture"},
				"east": {"uv": [7.5, 10.75, 11.25, 14], "texture": "#texture"},
				"south": {"uv": [8.75, 13.75, 13, 14], "texture": "#texture"},
				"west": {"uv": [8, 11, 9, 12], "texture": "#texture"},
				"up": {"uv": [9.75, 11.75, 13, 13.5], "texture": "#texture"},
				"down": {"uv": [8, 11, 9, 12], "texture": "#texture"}
			}
		},
		{
			"from": [5.4, 7.05, 7.175],
			"to": [6.275, 7.3, 8.025],
			"rotation": {"angle": 0, "axis": "y", "origin": [-4, -0.975, -0.525]},
			"faces": {
				"north": {"uv": [1.5, 15.5, 2.75, 15.75], "texture": "#texture"},
				"east": {"uv": [7.5, 10.75, 11.25, 14], "texture": "#texture"},
				"south": {"uv": [8.75, 13.75, 10, 14], "texture": "#texture"},
				"west": {"uv": [0, 2, 3, 5], "texture": "#texture"},
				"up": {"uv": [9.75, 11.75, 13, 13.5], "texture": "#texture"},
				"down": {"uv": [0, 2, 3, 5], "texture": "#texture"}
			}
		},
		{
			"from": [7.275, 7.05, 7.175],
			"to": [7.525, 7.3, 8.025],
			"rotation": {"angle": 0, "axis": "y", "origin": [-4, -0.975, -0.525]},
			"faces": {
				"north": {"uv": [2.4, 15.75, 3.65, 16], "texture": "#texture"},
				"east": {"uv": [7.5, 10.75, 11.25, 14], "texture": "#texture"},
				"south": {"uv": [2, 15.75, 3.25, 16], "texture": "#texture"},
				"west": {"uv": [0, 2, 3, 5], "texture": "#texture"},
				"up": {"uv": [9.75, 11.75, 13, 13.5], "texture": "#texture"},
				"down": {"uv": [0, 2, 3, 5], "texture": "#texture"}
			}
		},
		{
			"from": [6.275, 5.7, 7.225],
			"to": [7.275, 5.95, 7.975],
			"rotation": {"angle": 0, "axis": "z", "origin": [-4, -0.9, -0.525]},
			"faces": {
				"north": {"uv": [0, 15.75, 3.75, 16], "texture": "#texture"},
				"east": {"uv": [7.5, 11, 11.25, 14.25], "texture": "#texture"},
				"south": {"uv": [8.75, 14, 14.5, 14.25], "texture": "#texture"},
				"west": {"uv": [7.75, 11, 11.5, 14.25], "texture": "#texture"},
				"up": {"uv": [9.75, 11.75, 14.5, 13.5], "texture": "#texture"},
				"down": {"uv": [9.25, 13.5, 4.5, 9.75], "texture": "#texture"}
			}
		},
		{
			"from": [7.525, 6.1, 7.225],
			"to": [8.175, 7.375, 7.975],
			"rotation": {"angle": 0, "axis": "z", "origin": [-4, -0.9, -0.525]},
			"faces": {
				"north": {"uv": [0, 14.75, 3.25, 16], "texture": "#texture"},
				"east": {"uv": [7.5, 9.75, 11.25, 14], "texture": "#texture"},
				"south": {"uv": [10.5, 12.75, 14.75, 14], "texture": "#texture"},
				"west": {"uv": [7.75, 9.75, 11.5, 14], "texture": "#texture"},
				"up": {"uv": [0, 4, 3, 5], "texture": "#texture"},
				"down": {"uv": [7.5, 13.5, 4.25, 9.75], "texture": "#texture"}
			}
		},
		{
			"from": [5.775, 6.2, 7.225],
			"to": [6.025, 7.125, 7.975],
			"rotation": {"angle": 0, "axis": "y", "origin": [-4, -0.9, -0.525]},
			"faces": {
				"north": {"uv": [0, 14.75, 3.25, 16], "texture": "#texture"},
				"east": {"uv": [7.5, 9.75, 11.25, 14], "texture": "#texture"},
				"south": {"uv": [10.5, 12.75, 14.75, 14], "texture": "#texture"},
				"west": {"uv": [7.75, 9.75, 11.5, 14], "texture": "#texture"},
				"up": {"uv": [0, 4, 3, 5], "texture": "#texture"},
				"down": {"uv": [7.5, 13.5, 4.25, 9.75], "texture": "#texture"}
			}
		},
		{
			"from": [7.425, 6.375, 7.475],
			"to": [7.675, 7.625, 7.725],
			"rotation": {"angle": -22.5, "axis": "z", "origin": [7, 7.85, 7.475]},
			"faces": {
				"north": {"uv": [12, 7.25, 16, 8.5], "texture": "#texture"},
				"east": {"uv": [7.75, 4.25, 11, 8.5], "texture": "#texture"},
				"south": {"uv": [12, 7.25, 16, 8.5], "texture": "#texture"},
				"west": {"uv": [8, 4.25, 11.25, 8.5], "texture": "#texture"},
				"down": {"uv": [0, 2, 3, 5], "texture": "#texture"}
			}
		},
		{
			"from": [7.8, 6.35, 6.875],
			"to": [10.25, 7.075, 8.325],
			"rotation": {"angle": 0, "axis": "y", "origin": [-4, -7.725, -0.525]},
			"faces": {
				"north": {"uv": [8, 3, 13, 1], "texture": "#dark wood blade"},
				"east": {"uv": [8, 3, 13, 1], "texture": "#dark wood blade"},
				"south": {"uv": [13, 3, 8, 1], "texture": "#dark wood blade"},
				"west": {"uv": [8, 3, 13, 1], "texture": "#dark wood blade"},
				"up": {"uv": [0, 0, 1, 1], "texture": "#dark wood blade"},
				"down": {"uv": [8, 3, 13, 1], "texture": "#dark wood blade"}
			}
		},
		{
			"from": [8.125, 5.625, 6.875],
			"to": [10.525, 6.35, 8.325],
			"rotation": {"angle": 0, "axis": "y", "origin": [-4, -7.725, -0.525]},
			"faces": {
				"north": {"uv": [4, 5, 9, 3], "texture": "#dark wood blade"},
				"east": {"uv": [4, 5, 9, 3], "texture": "#dark wood blade"},
				"south": {"uv": [9, 5, 4, 3], "texture": "#dark wood blade"},
				"west": {"uv": [4, 5, 9, 3], "texture": "#dark wood blade"},
				"up": {"uv": [0, 0, 1, 1], "texture": "#dark wood blade"},
				"down": {"uv": [4, 5, 9, 3], "texture": "#dark wood blade"}
			}
		},
		{
			"from": [8.425, 4.9, 6.875],
			"to": [10.775, 5.625, 8.325],
			"rotation": {"angle": 0, "axis": "y", "origin": [-4, -7.725, -0.525]},
			"faces": {
				"north": {"uv": [5, 7, 10, 5], "texture": "#dark wood blade"},
				"east": {"uv": [5, 7, 10, 5], "texture": "#dark wood blade"},
				"south": {"uv": [10, 7, 5, 5], "texture": "#dark wood blade"},
				"west": {"uv": [5, 7, 10, 5], "texture": "#dark wood blade"},
				"up": {"uv": [0, 0, 1, 1], "texture": "#dark wood blade"},
				"down": {"uv": [5, 7, 10, 5], "texture": "#dark wood blade"}
			}
		},
		{
			"from": [8.725, 4.175, 6.875],
			"to": [11.1, 4.9, 8.325],
			"rotation": {"angle": 0, "axis": "y", "origin": [-4, -7.725, -0.525]},
			"faces": {
				"north": {"uv": [6, 9, 11, 7], "texture": "#dark wood blade"},
				"east": {"uv": [6, 9, 11, 7], "texture": "#dark wood blade"},
				"south": {"uv": [11, 9, 6, 7], "texture": "#dark wood blade"},
				"west": {"uv": [6, 9, 11, 7], "texture": "#dark wood blade"},
				"up": {"uv": [0, 0, 1, 1], "texture": "#dark wood blade"},
				"down": {"uv": [6, 9, 11, 7], "texture": "#dark wood blade"}
			}
		},
		{
			"from": [9.05, 3.45, 6.875],
			"to": [11.1, 4.175, 8.325],
			"rotation": {"angle": 0, "axis": "y", "origin": [-4, -7.725, -0.525]},
			"faces": {
				"north": {"uv": [8, 15, 13, 13], "texture": "#dark wood blade"},
				"east": {"uv": [8, 15, 13, 13], "texture": "#dark wood blade"},
				"south": {"uv": [13, 15, 8, 13], "texture": "#dark wood blade"},
				"west": {"uv": [8, 15, 13, 13], "texture": "#dark wood blade"},
				"up": {"uv": [0, 0, 1, 1], "texture": "#dark wood blade"},
				"down": {"uv": [8, 15, 13, 13], "texture": "#dark wood blade"}
			}
		},
		{
			"from": [9.175, 3.2, 6.875],
			"to": [10.875, 3.45, 8.325],
			"rotation": {"angle": 0, "axis": "y", "origin": [-4, -7.725, -0.525]},
			"faces": {
				"north": {"uv": [1.5, 9.5, 4.75, 11.15], "texture": "#texture"},
				"east": {"uv": [13.2, 4.2, 15.4, 6.85], "texture": "#texture"},
				"south": {"uv": [12.25, 9.5, 15.5, 11.15], "texture": "#texture"},
				"west": {"uv": [7.75, 4.4, 8.5, 6.85], "texture": "#texture"},
				"up": {"uv": [0, 0, 1, 1], "texture": "#texture"},
				"down": {"uv": [4.75, 11.9, 1.5, 9.25], "texture": "#texture"}
			}
		},
		{
			"from": [9.4, 2.95, 6.875],
			"to": [10.625, 3.2, 8.325],
			"rotation": {"angle": 0, "axis": "y", "origin": [-4, -7.725, -0.525]},
			"faces": {
				"north": {"uv": [1.5, 9.5, 4.75, 11.15], "texture": "#texture"},
				"east": {"uv": [13.2, 4.2, 15.4, 6.85], "texture": "#texture"},
				"south": {"uv": [12.25, 9.5, 15.5, 11.15], "texture": "#texture"},
				"west": {"uv": [7.75, 4.4, 8.5, 6.85], "texture": "#texture"},
				"up": {"uv": [0, 0, 1, 1], "texture": "#texture"},
				"down": {"uv": [4.75, 11.9, 1.5, 9.25], "texture": "#texture"}
			}
		},
		{
			"from": [7.55, 7.075, 6.875],
			"to": [10.5, 7.4, 8.325],
			"rotation": {"angle": 0, "axis": "y", "origin": [-4, -7.725, -0.525]},
			"faces": {
				"north": {"uv": [6, 6, 11, 5], "texture": "#dark wood blade"},
				"east": {"uv": [6, 6, 11, 5], "texture": "#dark wood blade"},
				"south": {"uv": [11, 6, 6, 5], "texture": "#dark wood blade"},
				"west": {"uv": [6, 6, 11, 5], "texture": "#dark wood blade"},
				"up": {"uv": [6, 5, 7, 6], "texture": "#dark wood blade"},
				"down": {"uv": [6, 6, 11, 5], "texture": "#dark wood blade"}
			}
		},
		{
			"from": [9.975, 3.575, 6.85],
			"to": [10.2, 4, 8.35],
			"rotation": {"angle": 0, "axis": "y", "origin": [-4, -7.725, -0.525]},
			"faces": {
				"north": {"uv": [5.2, 4, 8.45, 6.9], "texture": "#texture"},
				"east": {"uv": [13.2, 4.2, 15.4, 6.85], "texture": "#texture"},
				"south": {"uv": [5.25, 4, 8.5, 6.9], "texture": "#texture"},
				"west": {"uv": [7.75, 4.4, 8.5, 6.85], "texture": "#texture"},
				"up": {"uv": [6, 4, 7, 5], "texture": "#texture"},
				"down": {"uv": [10.75, 13.9, 7.5, 9.25], "texture": "#texture"}
			}
		},
		{
			"from": [9.875, 3.675, 6.85],
			"to": [10.3, 3.9, 8.35],
			"rotation": {"angle": 0, "axis": "y", "origin": [-4, -7.725, -0.525]},
			"faces": {
				"north": {"uv": [5.2, 4, 8.45, 6.9], "texture": "#texture"},
				"east": {"uv": [13.2, 4.2, 15.4, 6.85], "texture": "#texture"},
				"south": {"uv": [5.25, 4, 8.5, 6.9], "texture": "#texture"},
				"west": {"uv": [7.75, 4.4, 8.5, 6.85], "texture": "#texture"},
				"up": {"uv": [6, 4, 7, 5], "texture": "#texture"},
				"down": {"uv": [10.75, 13.9, 7.5, 9.25], "texture": "#texture"}
			}
		},
		{
			"from": [9.575, 8.5, 7.8],
			"to": [10.05, 9.2, 8.4],
			"rotation": {"angle": 0, "axis": "y", "origin": [-4, -7.725, -0.525]},
			"faces": {
				"north": {"uv": [9, 9, 7, 7], "texture": "#texture"},
				"east": {"uv": [9, 9, 7, 7], "texture": "#texture"},
				"south": {"uv": [9, 9, 7, 7], "texture": "#texture"},
				"west": {"uv": [9, 9, 7, 7], "texture": "#texture"},
				"up": {"uv": [9, 9, 7, 7], "texture": "#texture"},
				"down": {"uv": [9, 9, 7, 7], "texture": "#texture"}
			}
		},
		{
			"from": [9.475, 8.6, 6.8],
			"to": [10.15, 9.1, 7.4],
			"rotation": {"angle": 0, "axis": "y", "origin": [-4, -7.725, -0.525]},
			"faces": {
				"north": {"uv": [9, 9, 7, 7], "texture": "#texture"},
				"east": {"uv": [9, 9, 7, 7], "texture": "#texture"},
				"south": {"uv": [9, 9, 7, 7], "texture": "#texture"},
				"west": {"uv": [9, 9, 7, 7], "texture": "#texture"},
				"up": {"uv": [9, 9, 7, 7], "texture": "#texture"},
				"down": {"uv": [9, 9, 7, 7], "texture": "#texture"}
			}
		},
		{
			"from": [9.575, 8.5, 6.8],
			"to": [10.05, 9.2, 7.4],
			"rotation": {"angle": 0, "axis": "y", "origin": [-4, -7.725, -0.525]},
			"faces": {
				"north": {"uv": [9, 9, 7, 7], "texture": "#texture"},
				"east": {"uv": [9, 9, 7, 7], "texture": "#texture"},
				"south": {"uv": [9, 9, 7, 7], "texture": "#texture"},
				"west": {"uv": [9, 9, 7, 7], "texture": "#texture"},
				"up": {"uv": [9, 9, 7, 7], "texture": "#texture"},
				"down": {"uv": [9, 9, 7, 7], "texture": "#texture"}
			}
		},
		{
			"from": [9.475, 8.6, 7.8],
			"to": [10.15, 9.1, 8.4],
			"rotation": {"angle": 0, "axis": "y", "origin": [-4, -7.725, -0.525]},
			"faces": {
				"north": {"uv": [9, 9, 7, 7], "texture": "#texture"},
				"east": {"uv": [9, 9, 7, 7], "texture": "#texture"},
				"south": {"uv": [9, 9, 7, 7], "texture": "#texture"},
				"west": {"uv": [9, 9, 7, 7], "texture": "#texture"},
				"up": {"uv": [9, 9, 7, 7], "texture": "#texture"},
				"down": {"uv": [9, 9, 7, 7], "texture": "#texture"}
			}
		},
		{
			"from": [7.275, 5.95, 7.225],
			"to": [7.525, 6.2, 7.975],
			"rotation": {"angle": 0, "axis": "z", "origin": [-4, -0.9, -0.525]},
			"faces": {
				"north": {"uv": [0, 15.5, 2.25, 15.75], "texture": "#texture"},
				"east": {"uv": [9, 12, 10, 13], "texture": "#texture"},
				"south": {"uv": [10.25, 13.75, 14.5, 14], "texture": "#texture"},
				"west": {"uv": [7.75, 10.75, 11.5, 14], "texture": "#texture"},
				"up": {"uv": [11.25, 11.75, 14.5, 13.5], "texture": "#texture"},
				"down": {"uv": [9, 12, 10, 13], "texture": "#texture"}
			}
		},
		{
			"from": [5.4, 7.4, 6.825],
			"to": [10.475, 7.875, 8.375],
			"rotation": {"angle": 0, "axis": "y", "origin": [-4, -0.625, -0.525]},
			"faces": {
				"north": {"uv": [0, 16, 1.75, 15.75], "texture": "#texture"},
				"east": {"uv": [0, 15.75, 1.75, 16], "texture": "#texture"},
				"south": {"uv": [0, 15.75, 1.75, 16], "texture": "#texture"},
				"west": {"uv": [13, 15, 14, 16], "texture": "#texture"},
				"up": {"uv": [0, 16, 1.75, 15.75], "texture": "#texture"},
				"down": {"uv": [1.75, 16, 0, 15.75], "texture": "#texture"}
			}
		},
		{
			"from": [5.4, 7.3, 6.95],
			"to": [10.9, 7.55, 8.25],
			"rotation": {"angle": 0, "axis": "y", "origin": [-4, -0.725, -0.525]},
			"faces": {
				"north": {"uv": [2, 16, 4, 14], "texture": "#texture"},
				"east": {"uv": [7, 7, 11.75, 11.25], "texture": "#texture"},
				"south": {"uv": [2, 14.05, 4.05, 16], "texture": "#texture"},
				"west": {"uv": [14, 16, 13, 15], "texture": "#texture"},
				"up": {"uv": [8, 11.25, 11.75, 14], "texture": "#texture"},
				"down": {"uv": [11, 14, 7.25, 9.25], "texture": "#texture"}
			}
		},
		{
			"from": [5.375, 7.525, 6.95],
			"to": [11.275, 8.875, 8.25],
			"rotation": {"angle": 0, "axis": "y", "origin": [-4, -0.625, -0.525]},
			"faces": {
				"north": {"uv": [4, 16, 0, 14], "texture": "#texture"},
				"east": {"uv": [4, 16, 0, 14], "texture": "#texture"},
				"south": {"uv": [0, 16, 4, 14], "texture": "#texture"},
				"west": {"uv": [13, 15, 14, 16], "texture": "#texture"},
				"up": {"uv": [4, 16, 0, 14], "texture": "#texture"},
				"down": {"uv": [4, 16, 0, 14], "texture": "#texture"}
			}
		},
		{
			"from": [7.6, 8.675, 7.075],
			"to": [10.025, 9.025, 8.1],
			"rotation": {"angle": 0, "axis": "y", "origin": [-4, -0.625, -0.525]},
			"faces": {
				"north": {"uv": [4, 16, 0, 14], "texture": "#texture"},
				"east": {"uv": [4, 16, 0, 14], "texture": "#texture"},
				"south": {"uv": [4, 16, 0, 14], "texture": "#texture"},
				"west": {"uv": [4, 16, 0, 14], "texture": "#texture"},
				"up": {"uv": [4, 16, 0, 14], "texture": "#texture"},
				"down": {"uv": [4, 16, 0, 14], "texture": "#texture"}
			}
		},
		{
			"from": [5.4, 8.675, 7.175],
			"to": [6.15, 8.975, 8.025],
			"rotation": {"angle": 0, "axis": "y", "origin": [-4, -0.625, -0.525]},
			"faces": {
				"north": {"uv": [4, 16, 0, 14], "texture": "#texture"},
				"east": {"uv": [4, 16, 0, 14], "texture": "#texture"},
				"south": {"uv": [4, 16, 0, 14], "texture": "#texture"},
				"west": {"uv": [4, 16, 0, 14], "texture": "#texture"},
				"up": {"uv": [4, 16, 0, 14], "texture": "#texture"},
				"down": {"uv": [4, 16, 0, 14], "texture": "#texture"}
			}
		},
		{
			"from": [10.15, 8.725, 7.075],
			"to": [11.2, 9.075, 8.125],
			"rotation": {"angle": 0, "axis": "y", "origin": [-4, -0.625, -0.525]},
			"faces": {
				"north": {"uv": [4, 16, 0, 14], "texture": "#texture"},
				"east": {"uv": [4, 16, 0, 14], "texture": "#texture"},
				"south": {"uv": [4, 16, 0, 14], "texture": "#texture"},
				"west": {"uv": [4, 16, 0, 14], "texture": "#texture"},
				"up": {"uv": [4, 16, 0, 14], "texture": "#texture"},
				"down": {"uv": [4, 16, 0, 14], "texture": "#texture"}
			}
		},
		{
			"from": [6.075, 8.65, 7.175],
			"to": [7.6, 8.925, 8.025],
			"rotation": {"angle": 0, "axis": "y", "origin": [-4, -0.625, -0.525]},
			"faces": {
				"north": {"uv": [4, 16, 0, 14], "texture": "#2"},
				"east": {"uv": [4, 16, 0, 14], "texture": "#2"},
				"south": {"uv": [4, 16, 0, 14], "texture": "#2"},
				"west": {"uv": [4, 16, 0, 14], "texture": "#2"},
				"up": {"uv": [4, 16, 0, 14], "texture": "#2"},
				"down": {"uv": [4, 16, 0, 14], "texture": "#2"}
			}
		},
		{
			"from": [10.775, 8.975, 7.725],
			"to": [10.975, 9.25, 8.125],
			"rotation": {"angle": 0, "axis": "y", "origin": [-4, -0.625, -0.525]},
			"faces": {
				"north": {"uv": [4, 16, 0, 14], "texture": "#texture"},
				"east": {"uv": [4, 16, 0, 14], "texture": "#texture"},
				"south": {"uv": [4, 16, 0, 14], "texture": "#texture"},
				"west": {"uv": [4, 16, 0, 14], "texture": "#texture"},
				"up": {"uv": [4, 16, 0, 14], "texture": "#texture"},
				"down": {"uv": [4, 16, 0, 14], "texture": "#texture"}
			}
		},
		{
			"from": [10.75, 8.775, 7.075],
			"to": [10.975, 9.25, 7.475],
			"rotation": {"angle": 0, "axis": "y", "origin": [-4, -0.625, -0.525]},
			"faces": {
				"north": {"uv": [4, 16, 0, 14], "texture": "#texture"},
				"east": {"uv": [4, 16, 0, 14], "texture": "#texture"},
				"south": {"uv": [4, 16, 0, 14], "texture": "#texture"},
				"west": {"uv": [4, 16, 0, 14], "texture": "#texture"},
				"up": {"uv": [4, 16, 0, 14], "texture": "#texture"},
				"down": {"uv": [4, 16, 0, 14], "texture": "#texture"}
			}
		},
		{
			"from": [1.675, 8.575, 7.35],
			"to": [8.3, 8.775, 7.85],
			"rotation": {"angle": 0, "axis": "y", "origin": [1, -1.875, -0.525]},
			"faces": {
				"north": {"uv": [0, 14.75, 5, 15], "texture": "#texture", "cullface": "west"},
				"east": {"uv": [0, 0, 0, 0], "texture": "#texture"},
				"south": {"uv": [0, 14.75, 5, 15], "texture": "#texture", "cullface": "west"},
				"west": {"uv": [3, 14.75, 0.75, 15], "texture": "#texture", "cullface": "west"},
				"up": {"uv": [0, 15, 5, 15.75], "texture": "#texture", "cullface": "west"},
				"down": {"uv": [5, 15.75, 0, 15], "texture": "#texture", "cullface": "west"}
			}
		},
		{
			"from": [1.175, 7.85, 7.275],
			"to": [2.05, 8.125, 7.925],
			"rotation": {"angle": 0, "axis": "y", "origin": [1, -1.875, -0.525]},
			"faces": {
				"north": {"uv": [0, 15.75, 3, 16], "texture": "#texture", "cullface": "west"},
				"east": {"uv": [0, 15, 1, 16], "texture": "#texture"},
				"south": {"uv": [0, 15.75, 3, 16], "texture": "#texture", "cullface": "west"},
				"west": {"uv": [1, 15.75, 0.75, 16], "texture": "#texture", "cullface": "west"},
				"up": {"uv": [0, 15, 3, 15.75], "texture": "#texture", "cullface": "west"},
				"down": {"uv": [3, 15.75, 0, 15], "texture": "#texture", "cullface": "west"}
			}
		},
		{
			"from": [1.175, 8.025, 7.825],
			"to": [2.05, 8.675, 8.1],
			"rotation": {"angle": 0, "axis": "y", "origin": [1, -1.875, -0.525]},
			"faces": {
				"north": {"uv": [0, 15, 3, 15.75], "texture": "#texture", "cullface": "west"},
				"east": {"uv": [0, 15, 1, 16], "texture": "#texture"},
				"south": {"uv": [0, 15, 3, 15.75], "texture": "#texture", "cullface": "west"},
				"west": {"uv": [1.75, 15, 1, 15.75], "texture": "#texture", "cullface": "west"},
				"up": {"uv": [0, 15.75, 3, 16], "texture": "#texture", "cullface": "west"},
				"down": {"uv": [3, 16, 0, 15.75], "texture": "#texture", "cullface": "west"}
			}
		},
		{
			"from": [1.175, 8.025, 7.1],
			"to": [2.05, 8.675, 7.375],
			"rotation": {"angle": 0, "axis": "y", "origin": [1, -1.875, -0.525]},
			"faces": {
				"north": {"uv": [0, 15, 3, 15.75], "texture": "#texture", "cullface": "west"},
				"east": {"uv": [0, 15, 1, 16], "texture": "#texture"},
				"south": {"uv": [0, 15, 3, 15.75], "texture": "#texture", "cullface": "west"},
				"west": {"uv": [0.75, 15, 0, 15.75], "texture": "#texture", "cullface": "west"},
				"up": {"uv": [0, 14.75, 3, 15], "texture": "#texture", "cullface": "west"},
				"down": {"uv": [3, 15, 0, 14.75], "texture": "#texture", "cullface": "west"}
			}
		},
		{
			"from": [1.175, 8.575, 7.275],
			"to": [2.05, 8.85, 7.925],
			"rotation": {"angle": 0, "axis": "y", "origin": [1, -1.875, -0.525]},
			"faces": {
				"north": {"uv": [0, 14.75, 3, 15], "texture": "#texture", "cullface": "west"},
				"east": {"uv": [0, 15, 1, 16], "texture": "#texture"},
				"south": {"uv": [0, 14.75, 3, 15], "texture": "#texture", "cullface": "west"},
				"west": {"uv": [1, 14.75, 0.75, 15], "texture": "#texture", "cullface": "west"},
				"up": {"uv": [0, 15, 3, 15.75], "texture": "#texture", "cullface": "west"},
				"down": {"uv": [3, 15.75, 0, 15], "texture": "#texture", "cullface": "west"}
			}
		},
		{
			"from": [1.675, 8.1, 7.175],
			"to": [8.3, 8.6, 7.375],
			"rotation": {"angle": 0, "axis": "y", "origin": [1, -1.875, -0.525]},
			"faces": {
				"north": {"uv": [0, 15, 5, 15.75], "texture": "#texture", "cullface": "west"},
				"south": {"uv": [0, 15, 5, 15.75], "texture": "#texture", "cullface": "west"},
				"west": {"uv": [2.75, 15, 0, 15.75], "texture": "#texture", "cullface": "west"},
				"up": {"uv": [0, 14.75, 5, 15], "texture": "#texture", "cullface": "west"},
				"down": {"uv": [5, 15, 0, 14.75], "texture": "#texture", "cullface": "west"}
			}
		},
		{
			"from": [1.675, 7.925, 7.35],
			"to": [8.3, 8.125, 7.85],
			"rotation": {"angle": 0, "axis": "y", "origin": [1, -1.875, -0.525]},
			"faces": {
				"north": {"uv": [0, 15.75, 5, 16], "texture": "#texture", "cullface": "west"},
				"south": {"uv": [0, 15.75, 5, 16], "texture": "#texture", "cullface": "west"},
				"west": {"uv": [3, 15.75, 0.75, 16], "texture": "#texture", "cullface": "west"},
				"up": {"uv": [0, 15, 5, 15.75], "texture": "#texture", "cullface": "west"},
				"down": {"uv": [5, 15.75, 0, 15], "texture": "#texture", "cullface": "west"}
			}
		},
		{
			"from": [1.675, 8.1, 7.825],
			"to": [8.3, 8.6, 8.025],
			"rotation": {"angle": 0, "axis": "y", "origin": [1, -1.875, -0.525]},
			"faces": {
				"north": {"uv": [0, 15, 5, 15.75], "texture": "#texture", "cullface": "west"},
				"south": {"uv": [0, 15, 5, 15.75], "texture": "#texture", "cullface": "west"},
				"west": {"uv": [3.75, 15, 1, 15.75], "texture": "#texture", "cullface": "west"},
				"up": {"uv": [0, 15.75, 5, 16], "texture": "#texture", "cullface": "west"},
				"down": {"uv": [5, 16, 0, 15.75], "texture": "#texture", "cullface": "west"}
			}
		}
	],
	"gui_light": "front",
	"display": {
		"thirdperson_righthand": {
			"rotation": [0, -102, 0],
			"translation": [-0.25, 0.75, 0.75],
			"scale": [0.89, 0.89, 0.89]
		},
		"thirdperson_lefthand": {
			"rotation": [0, 78, 0],
			"translation": [0.5, 0.75, 0.75],
			"scale": [0.89, 0.89, 0.89]
		},
		"firstperson_righthand": {
			"rotation": [180, -79.97, 180],
			"translation": [0.912, 7.1, 0.1],
			"scale": [0.97, 0.97, 0.99]
		},
		"firstperson_lefthand": {
			"rotation": [0, 80.15, 0],
			"translation": [1.54, 5.55, 0.25],
			"scale": [0.97, 0.97, 0.99]
		},
		"ground": {
			"translation": [1.25, 1.25, 0],
			"scale": [0.94, 0.94, 0.94]
		},
		"gui": {
			"rotation": [0, 0, -45],
			"translation": [1.25, 0.25, 0],
			"scale": [0.99, 0.99, 0.9]
		},
		"fixed": {
			"rotation": [0, 180, -45],
			"translation": [-1.4, -0.2, -1.1],
			"scale": [1.25, 1.25, 1.25]
		}
	}
}