{
	"credit": "Made by SrDarmith - YouTube: Mainclay",
	"textures": {
		"particle": "item/anvil_1",
		"texture": "item/anvil_1",
		"wood door texture": "item/door_wood_lower"
	},
	"elements": [
		{
			"from": [10, 7.475, 7.525],
			"to": [12, 7.725, 8.475],
			"faces": {
				"north": {"uv": [4, 8.5, 4.75, 8.75], "texture": "#wood door texture"},
				"east": {"uv": [0, 0, 0, 0], "texture": "#wood door texture"},
				"south": {"uv": [11.25, 8.5, 12, 8.75], "texture": "#wood door texture"},
				"west": {"uv": [7.25, 8.5, 8.75, 8.75], "texture": "#wood door texture"},
				"down": {"uv": [4.75, 8.75, 4, 7.25], "texture": "#wood door texture"}
			}
		},
		{
			"from": [12, 7.5, 7.1],
			"to": [14, 8.75, 8.9],
			"faces": {
				"north": {"uv": [1, 7.25, 4, 8.5], "texture": "#texture"},
				"east": {"uv": [0, 0, 0, 0], "texture": "#texture"},
				"south": {"uv": [12, 7.25, 15, 8.5], "texture": "#texture"},
				"west": {"uv": [0, 0, 0, 0], "texture": "#texture"},
				"up": {"uv": [12, 7, 15, 9], "texture": "#texture"},
				"down": {"uv": [4, 9, 1, 7], "texture": "#texture"}
			}
		},
		{
			"from": [15.175, 9.25, 7.25],
			"to": [15.75, 9.75, 8.75],
			"faces": {
				"north": {"uv": [1, 6.25, 1.5, 6.5], "texture": "#texture"},
				"east": {"uv": [7.5, 6.25, 8.5, 6.5], "texture": "#texture"},
				"south": {"uv": [14.5, 6.25, 15, 6.5], "texture": "#texture"},
				"west": {"uv": [7.5, 6.25, 8.5, 6.5], "texture": "#texture"},
				"up": {"uv": [14.5, 7.5, 15, 8.5], "texture": "#texture"}
			}
		},
		{
			"from": [13.75, 6.5, 7.5],
			"to": [14, 7.25, 8.5],
			"rotation": {"angle": 0, "axis": "y", "origin": [0.5, 0.25, 0]},
			"faces": {
				"north": {"uv": [2.5, 8.75, 2.75, 10], "texture": "#texture"},
				"east": {"uv": [7.5, 8.75, 8.5, 10], "texture": "#texture"},
				"south": {"uv": [13.25, 8.75, 13.5, 10], "texture": "#texture"},
				"west": {"uv": [7.5, 8.75, 8.5, 10], "texture": "#texture"},
				"up": {"uv": [0, 0, 0, 0], "texture": "#texture"},
				"down": {"uv": [2.75, 8.5, 2.5, 7.5], "texture": "#texture"}
			}
		},
		{
			"from": [14.25, 6, 7.5],
			"to": [15.5, 6.25, 8.5],
			"rotation": {"angle": 0, "axis": "y", "origin": [0.5, 0.25, 0]},
			"faces": {
				"north": {"uv": [0.75, 10, 2.5, 10.25], "texture": "#texture"},
				"east": {"uv": [7.5, 10, 8.5, 10.25], "texture": "#texture"},
				"south": {"uv": [13.5, 10, 15.25, 10.25], "texture": "#texture"},
				"west": {"uv": [7.5, 10, 8.5, 10.25], "texture": "#texture"},
				"up": {"uv": [13.5, 7.5, 15.25, 8.5], "texture": "#texture"},
				"down": {"uv": [2.5, 8.5, 0.75, 7.5], "texture": "#texture"}
			}
		},
		{
			"from": [15.2, 9.5, 8.75],
			"to": [15.8, 9.9, 9],
			"rotation": {"angle": 0, "axis": "y", "origin": [-3.1, 6.55, -0.25]},
			"faces": {
				"north": {"uv": [0.75, 10, 2.5, 10.25], "texture": "#texture"},
				"east": {"uv": [7.5, 10, 8.5, 10.25], "texture": "#texture"},
				"south": {"uv": [13.5, 10, 15.25, 10.25], "texture": "#texture"},
				"west": {"uv": [7.5, 10, 8.5, 10.25], "texture": "#texture"},
				"up": {"uv": [13.5, 7.5, 15.25, 8.5], "texture": "#texture"},
				"down": {"uv": [2.5, 8.5, 0.75, 7.5], "texture": "#texture"}
			}
		},
		{
			"from": [7.8, 22, 8.75],
			"to": [8.175, 22.8, 9],
			"rotation": {"angle": -45, "axis": "z", "origin": [-3.1, 6.55, -0.25]},
			"faces": {
				"north": {"uv": [0.75, 10, 2.5, 10.25], "rotation": 90, "texture": "#texture"},
				"east": {"uv": [2.5, 8.5, 0.75, 7.5], "rotation": 270, "texture": "#texture"},
				"south": {"uv": [13.5, 10, 15.25, 10.25], "rotation": 270, "texture": "#texture"},
				"west": {"uv": [13.5, 7.5, 15.25, 8.5], "rotation": 270, "texture": "#texture"},
				"up": {"uv": [7.5, 10, 8.5, 10.25], "rotation": 270, "texture": "#texture"},
				"down": {"uv": [7.5, 10, 8.5, 10.25], "rotation": 270, "texture": "#texture"}
			}
		},
		{
			"from": [14.3, 16.775, 7.825],
			"to": [14.65, 16.95, 8.175],
			"rotation": {"angle": -22.5, "axis": "z", "origin": [-3.1, 6.8, 0]},
			"faces": {
				"north": {"uv": [0.75, 10, 2.5, 10.25], "rotation": 90, "texture": "#texture"},
				"east": {"uv": [2.5, 8.5, 0.75, 7.5], "rotation": 270, "texture": "#texture"},
				"south": {"uv": [13.5, 10, 15.25, 10.25], "rotation": 270, "texture": "#texture"},
				"west": {"uv": [13.5, 7.5, 15.25, 8.5], "rotation": 270, "texture": "#texture"},
				"up": {"uv": [7.5, 10, 8.5, 10.25], "rotation": 270, "texture": "#texture"},
				"down": {"uv": [7.5, 10, 8.5, 10.25], "rotation": 270, "texture": "#texture"}
			}
		},
		{
			"from": [15.25, 9.7, 7.5],
			"to": [15.5, 9.975, 8.5],
			"rotation": {"angle": 0, "axis": "y", "origin": [-3.1, 6.8, 0]},
			"faces": {
				"north": {"uv": [0.75, 10, 2.5, 10.25], "rotation": 90, "texture": "#texture"},
				"east": {"uv": [2.5, 8.5, 0.75, 7.5], "rotation": 270, "texture": "#texture"},
				"south": {"uv": [13.5, 10, 15.25, 10.25], "rotation": 270, "texture": "#texture"},
				"west": {"uv": [13.5, 7.5, 15.25, 8.5], "rotation": 270, "texture": "#texture"},
				"up": {"uv": [7.5, 10, 8.5, 10.25], "rotation": 270, "texture": "#texture"},
				"down": {"uv": [7.5, 10, 8.5, 10.25], "rotation": 270, "texture": "#texture"}
			}
		},
		{
			"from": [13.175, 17.125, 8.75],
			"to": [13.575, 17.4, 9],
			"rotation": {"angle": -22.5, "axis": "z", "origin": [-3.1, 6.55, -0.25]},
			"faces": {
				"north": {"uv": [0.75, 10, 2.5, 10.25], "rotation": 90, "texture": "#texture"},
				"east": {"uv": [2.5, 8.5, 0.75, 7.5], "rotation": 270, "texture": "#texture"},
				"south": {"uv": [13.5, 10, 15.25, 10.25], "rotation": 270, "texture": "#texture"},
				"west": {"uv": [13.5, 7.5, 15.25, 8.5], "rotation": 270, "texture": "#texture"},
				"up": {"uv": [7.5, 10, 8.5, 10.25], "rotation": 270, "texture": "#texture"},
				"down": {"uv": [7.5, 10, 8.5, 10.25], "rotation": 270, "texture": "#texture"}
			}
		},
		{
			"from": [15.075, 8.35, 8.75],
			"to": [15.9, 9.15, 9],
			"rotation": {"angle": 0, "axis": "y", "origin": [0, -0.25, -0.25]},
			"faces": {
				"north": {"uv": [0.75, 10, 2.5, 10.25], "texture": "#texture"},
				"east": {"uv": [7.5, 10, 8.5, 10.25], "texture": "#texture"},
				"south": {"uv": [13.5, 10, 15.25, 10.25], "texture": "#texture"},
				"west": {"uv": [7.5, 10, 8.5, 10.25], "texture": "#texture"},
				"up": {"uv": [13.5, 7.5, 15.25, 8.5], "texture": "#texture"},
				"down": {"uv": [2.5, 8.5, 0.75, 7.5], "texture": "#texture"}
			}
		},
		{
			"from": [15.25, 9.15, 8.75],
			"to": [15.75, 9.5, 9],
			"rotation": {"angle": 0, "axis": "y", "origin": [0, -0.25, -0.25]},
			"faces": {
				"north": {"uv": [0.75, 10, 2.5, 10.25], "texture": "#texture"},
				"east": {"uv": [7.5, 10, 8.5, 10.25], "texture": "#texture"},
				"south": {"uv": [13.5, 10, 15.25, 10.25], "texture": "#texture"},
				"west": {"uv": [7.5, 10, 8.5, 10.25], "texture": "#texture"},
				"up": {"uv": [13.5, 7.5, 15.25, 8.5], "texture": "#texture"},
				"down": {"uv": [2.5, 8.5, 0.75, 7.5], "texture": "#texture"}
			}
		},
		{
			"from": [15.75, 6.5, 7.5],
			"to": [16, 7.25, 8.5],
			"rotation": {"angle": 0, "axis": "y", "origin": [0.5, 0.25, 0]},
			"faces": {
				"north": {"uv": [0.5, 9, 0.75, 10], "texture": "#texture"},
				"east": {"uv": [7.5, 9, 8.5, 10], "texture": "#texture"},
				"south": {"uv": [15.25, 9, 15.5, 10], "texture": "#texture"},
				"west": {"uv": [7.5, 9, 8.5, 10], "texture": "#texture"},
				"up": {"uv": [0, 0, 0, 0], "texture": "#texture"},
				"down": {"uv": [0.75, 8.5, 0.5, 7.5], "texture": "#texture"}
			}
		},
		{
			"from": [16, 7, 7.5],
			"to": [16.5, 7.25, 8.5],
			"rotation": {"angle": 0, "axis": "y", "origin": [0.5, 0.25, 0]},
			"faces": {
				"north": {"uv": [0.5, 9, 0.75, 10], "texture": "#texture"},
				"east": {"uv": [7.5, 9, 8.5, 10], "texture": "#texture"},
				"south": {"uv": [15.25, 9, 15.5, 10], "texture": "#texture"},
				"west": {"uv": [7.5, 9, 8.5, 10], "texture": "#texture"},
				"up": {"uv": [0, 0, 0, 0], "texture": "#texture"},
				"down": {"uv": [0.75, 8.5, 0.5, 7.5], "texture": "#texture"}
			}
		},
		{
			"from": [15.2, 6.55, 7.75],
			"to": [15.375, 7.775, 8.25],
			"rotation": {"angle": 0, "axis": "y", "origin": [15.15, 7.8, 7.75]},
			"faces": {
				"north": {"uv": [0.75, 2, 1.25, 3.25], "texture": "#texture"},
				"east": {"uv": [7.75, 2, 8.25, 3.25], "texture": "#texture"},
				"south": {"uv": [14.75, 2, 15.25, 3.25], "texture": "#texture"},
				"west": {"uv": [7.75, 2, 8.25, 3.25], "texture": "#texture"},
				"down": {"uv": [1.25, 8.25, 0.75, 7.75], "texture": "#texture"}
			}
		},
		{
			"from": [14.975, 6.575, 7.75],
			"to": [15.15, 7.8, 8.25],
			"rotation": {"angle": -22.5, "axis": "z", "origin": [15.15, 7.8, 7.75]},
			"faces": {
				"north": {"uv": [0.75, 2, 1.25, 3.25], "texture": "#texture"},
				"east": {"uv": [7.75, 2, 8.25, 3.25], "texture": "#texture"},
				"south": {"uv": [14.75, 2, 15.25, 3.25], "texture": "#texture"},
				"west": {"uv": [7.75, 2, 8.25, 3.25], "texture": "#texture"},
				"down": {"uv": [1.25, 8.25, 0.75, 7.75], "texture": "#texture"}
			}
		},
		{
			"from": [15.5, 6.25, 7.5],
			"to": [15.75, 6.5, 8.5],
			"rotation": {"angle": 0, "axis": "y", "origin": [0.5, 0.25, 0]},
			"faces": {
				"north": {"uv": [0.75, 9.75, 1, 10], "texture": "#texture"},
				"east": {"uv": [0, 0, 0, 0], "texture": "#texture"},
				"south": {"uv": [15, 9.75, 15.25, 10], "texture": "#texture"},
				"west": {"uv": [7.5, 9.75, 8.5, 10], "texture": "#texture"},
				"up": {"uv": [15, 7.5, 15.25, 8.5], "texture": "#texture"},
				"down": {"uv": [0, 0, 0, 0], "texture": "#texture"}
			}
		},
		{
			"from": [5, 8.475, 7.1],
			"to": [12, 8.725, 8.9],
			"faces": {
				"north": {"uv": [6, 7.25, 12.25, 7.5], "texture": "#wood door texture"},
				"south": {"uv": [3.75, 7.25, 10, 7.5], "texture": "#wood door texture"},
				"west": {"uv": [6.75, 7.25, 9.25, 7.5], "texture": "#wood door texture"},
				"up": {"uv": [3.75, 6.75, 10, 9.25], "texture": "#wood door texture"},
				"down": {"uv": [12.25, 9.25, 6, 6.75], "texture": "#wood door texture"}
			}
		},
		{
			"from": [5.5, 8.225, 7.15],
			"to": [12, 8.475, 8.85],
			"faces": {
				"north": {"uv": [6, 7.5, 11.5, 7.75], "texture": "#wood door texture"},
				"south": {"uv": [4.5, 7.5, 10, 7.75], "texture": "#wood door texture"},
				"west": {"uv": [6.75, 7.5, 9.25, 7.75], "texture": "#wood door texture"},
				"down": {"uv": [11.5, 9.25, 6, 6.75], "texture": "#wood door texture"}
			}
		},
		{
			"from": [6.5, 7.975, 7.225],
			"to": [12, 8.225, 8.775],
			"faces": {
				"north": {"uv": [6, 7.75, 10.25, 8], "texture": "#wood door texture"},
				"south": {"uv": [5.75, 7.75, 10, 8], "texture": "#wood door texture"},
				"west": {"uv": [6.75, 7.75, 9.25, 8], "texture": "#wood door texture"},
				"down": {"uv": [10.25, 9.25, 6, 6.75], "texture": "#wood door texture"}
			}
		},
		{
			"from": [8, 7.725, 7.35],
			"to": [12, 7.975, 8.65],
			"faces": {
				"north": {"uv": [6, 8, 8.5, 8.25], "texture": "#wood door texture"},
				"south": {"uv": [7.5, 8, 10, 8.25], "texture": "#wood door texture"},
				"west": {"uv": [7, 8, 9, 8.25], "texture": "#wood door texture"},
				"down": {"uv": [8.5, 9, 6, 7], "texture": "#wood door texture"}
			}
		},
		{
			"from": [14, 7.25, 7.5],
			"to": [14.25, 7.5, 8.5],
			"rotation": {"angle": 0, "axis": "y", "origin": [0.5, 0.25, 0]},
			"faces": {
				"north": {"uv": [2.25, 9.75, 2.5, 10], "texture": "#texture"},
				"east": {"uv": [7.5, 9.75, 8.5, 10], "texture": "#texture"},
				"south": {"uv": [13.5, 9.75, 13.75, 10], "texture": "#texture"},
				"west": {"uv": [0, 0, 0, 0], "texture": "#texture"},
				"up": {"uv": [13.5, 7.5, 13.75, 8.5], "texture": "#texture"},
				"down": {"uv": [0, 0, 0, 0], "texture": "#texture"}
			}
		},
		{
			"name": "Element",
			"from": [14.75, 9.525, 7.225],
			"to": [15.2, 9.775, 8.775],
			"faces": {
				"north": {"uv": [16, 5.75, 16, 6], "texture": "#texture"},
				"east": {"uv": [7.75, 5.75, 8.25, 6], "texture": "#texture"},
				"south": {"uv": [0, 5.75, 0, 6], "texture": "#texture"},
				"west": {"uv": [7.75, 5.75, 8.25, 6], "texture": "#texture", "cullface": "west"},
				"up": {"uv": [0, 7.75, 0, 8.25], "texture": "#texture"},
				"down": {"uv": [16, 8.25, 16, 7.75], "texture": "#texture"}
			}
		},
		{
			"name": "Element",
			"from": [14.75, 8.975, 6.975],
			"to": [15.2, 9.525, 7.225],
			"faces": {
				"north": {"uv": [0, 7.75, 0, 8.25], "rotation": 180, "texture": "#texture"},
				"east": {"uv": [7.75, 5.75, 8.25, 6], "rotation": 90, "texture": "#texture"},
				"south": {"uv": [16, 8.25, 16, 7.75], "texture": "#texture"},
				"west": {"uv": [7.75, 5.75, 8.25, 6], "rotation": 270, "texture": "#texture", "cullface": "west"},
				"up": {"uv": [0, 5.75, 0, 6], "texture": "#texture"},
				"down": {"uv": [16, 5.75, 16, 6], "rotation": 180, "texture": "#texture"}
			}
		},
		{
			"name": "Element",
			"from": [14.75, 8.975, 8.775],
			"to": [15.2, 9.525, 9.025],
			"faces": {
				"north": {"uv": [0, 7.75, 0, 8.25], "rotation": 180, "texture": "#texture"},
				"east": {"uv": [7.75, 5.75, 8.25, 6], "rotation": 90, "texture": "#texture"},
				"south": {"uv": [16, 8.25, 16, 7.75], "texture": "#texture"},
				"west": {"uv": [7.75, 5.75, 8.25, 6], "rotation": 270, "texture": "#texture", "cullface": "west"},
				"up": {"uv": [0, 5.75, 0, 6], "texture": "#texture"},
				"down": {"uv": [16, 5.75, 16, 6], "rotation": 180, "texture": "#texture"}
			}
		},
		{
			"name": "Element",
			"from": [14.75, 8.725, 7.225],
			"to": [15.2, 8.975, 8.775],
			"faces": {
				"north": {"uv": [16, 5.75, 16, 6], "texture": "#texture"},
				"east": {"uv": [7.75, 5.75, 8.25, 6], "texture": "#texture"},
				"south": {"uv": [0, 5.75, 0, 6], "texture": "#texture"},
				"west": {"uv": [7.75, 5.75, 8.25, 6], "texture": "#texture", "cullface": "west"},
				"up": {"uv": [0, 7.75, 0, 8.25], "texture": "#texture"},
				"down": {"uv": [16, 8.25, 16, 7.75], "texture": "#texture"}
			}
		},
		{
			"from": [15.75, 9.1, 7.25],
			"to": [16.25, 9.5, 8.75],
			"faces": {
				"north": {"uv": [1, 6.25, 1.5, 6.5], "texture": "#wood door texture"},
				"east": {"uv": [7.5, 6.25, 8.5, 6.5], "texture": "#wood door texture"},
				"south": {"uv": [14.5, 6.25, 15, 6.5], "texture": "#wood door texture"},
				"west": {"uv": [7.5, 6.25, 8.5, 6.5], "texture": "#wood door texture"},
				"up": {"uv": [14.5, 7.5, 15, 8.5], "texture": "#wood door texture"}
			}
		},
		{
			"from": [7.8, 22, 7],
			"to": [8.175, 22.8, 7.25],
			"rotation": {"angle": -45, "axis": "z", "origin": [-3.1, 6.55, -2]},
			"faces": {
				"north": {"uv": [0.75, 10, 2.5, 10.25], "rotation": 90, "texture": "#texture"},
				"east": {"uv": [2.5, 8.5, 0.75, 7.5], "rotation": 270, "texture": "#texture"},
				"south": {"uv": [13.5, 10, 15.25, 10.25], "rotation": 270, "texture": "#texture"},
				"west": {"uv": [13.5, 7.5, 15.25, 8.5], "rotation": 270, "texture": "#texture"},
				"up": {"uv": [7.5, 10, 8.5, 10.25], "rotation": 270, "texture": "#texture"},
				"down": {"uv": [7.5, 10, 8.5, 10.25], "rotation": 270, "texture": "#texture"}
			}
		},
		{
			"from": [13.175, 17.125, 7],
			"to": [13.575, 17.4, 7.25],
			"rotation": {"angle": -22.5, "axis": "z", "origin": [-3.1, 6.55, -2]},
			"faces": {
				"north": {"uv": [0.75, 10, 2.5, 10.25], "rotation": 90, "texture": "#texture"},
				"east": {"uv": [2.5, 8.5, 0.75, 7.5], "rotation": 270, "texture": "#texture"},
				"south": {"uv": [13.5, 10, 15.25, 10.25], "rotation": 270, "texture": "#texture"},
				"west": {"uv": [13.5, 7.5, 15.25, 8.5], "rotation": 270, "texture": "#texture"},
				"up": {"uv": [7.5, 10, 8.5, 10.25], "rotation": 270, "texture": "#texture"},
				"down": {"uv": [7.5, 10, 8.5, 10.25], "rotation": 270, "texture": "#texture"}
			}
		},
		{
			"from": [15.2, 9.5, 7],
			"to": [15.8, 9.9, 7.25],
			"rotation": {"angle": 0, "axis": "y", "origin": [-3.1, 6.55, -2]},
			"faces": {
				"north": {"uv": [0.75, 10, 2.5, 10.25], "texture": "#texture"},
				"east": {"uv": [7.5, 10, 8.5, 10.25], "texture": "#texture"},
				"south": {"uv": [13.5, 10, 15.25, 10.25], "texture": "#texture"},
				"west": {"uv": [7.5, 10, 8.5, 10.25], "texture": "#texture"},
				"up": {"uv": [13.5, 7.5, 15.25, 8.5], "texture": "#texture"},
				"down": {"uv": [2.5, 8.5, 0.75, 7.5], "texture": "#texture"}
			}
		},
		{
			"from": [15.25, 9.15, 7],
			"to": [15.75, 9.5, 7.25],
			"rotation": {"angle": 0, "axis": "y", "origin": [0, -0.25, -2]},
			"faces": {
				"north": {"uv": [0.75, 10, 2.5, 10.25], "texture": "#texture"},
				"east": {"uv": [7.5, 10, 8.5, 10.25], "texture": "#texture"},
				"south": {"uv": [13.5, 10, 15.25, 10.25], "texture": "#texture"},
				"west": {"uv": [7.5, 10, 8.5, 10.25], "texture": "#texture"},
				"up": {"uv": [13.5, 7.5, 15.25, 8.5], "texture": "#texture"},
				"down": {"uv": [2.5, 8.5, 0.75, 7.5], "texture": "#texture"}
			}
		},
		{
			"from": [15.075, 8.35, 7],
			"to": [15.9, 9.15, 7.25],
			"rotation": {"angle": 0, "axis": "y", "origin": [0, -0.25, -2]},
			"faces": {
				"north": {"uv": [0.75, 10, 2.5, 10.25], "texture": "#texture"},
				"east": {"uv": [7.5, 10, 8.5, 10.25], "texture": "#texture"},
				"south": {"uv": [13.5, 10, 15.25, 10.25], "texture": "#texture"},
				"west": {"uv": [7.5, 10, 8.5, 10.25], "texture": "#texture"},
				"up": {"uv": [13.5, 7.5, 15.25, 8.5], "texture": "#texture"},
				"down": {"uv": [2.5, 8.5, 0.75, 7.5], "texture": "#texture"}
			}
		},
		{
			"from": [16.25, 8.825, 7.25],
			"to": [16.75, 9.225, 8.75],
			"faces": {
				"north": {"uv": [1, 6.25, 1.5, 6.5], "texture": "#wood door texture"},
				"east": {"uv": [7.5, 6.25, 8.5, 6.5], "texture": "#wood door texture"},
				"south": {"uv": [14.5, 6.25, 15, 6.5], "texture": "#wood door texture"},
				"west": {"uv": [7.5, 6.25, 8.5, 6.5], "texture": "#wood door texture"},
				"up": {"uv": [14.5, 7.5, 15, 8.5], "texture": "#wood door texture"}
			}
		},
		{
			"from": [12.8, 16.525, 7.75],
			"to": [14.675, 16.8, 8.25],
			"rotation": {"angle": -22.5, "axis": "z", "origin": [-3.1, 6.8, 0]},
			"faces": {
				"north": {"uv": [0.75, 10, 2.5, 10.25], "rotation": 90, "texture": "#texture"},
				"east": {"uv": [2.5, 8.5, 0.75, 7.5], "rotation": 270, "texture": "#texture"},
				"south": {"uv": [13.5, 10, 15.25, 10.25], "rotation": 270, "texture": "#texture"},
				"west": {"uv": [13.5, 7.5, 15.25, 8.5], "rotation": 270, "texture": "#texture"},
				"up": {"uv": [7.5, 10, 8.5, 10.25], "rotation": 270, "texture": "#texture"},
				"down": {"uv": [7.5, 10, 8.5, 10.25], "rotation": 270, "texture": "#texture"}
			}
		},
		{
			"from": [16.9, 7.6, 7.375],
			"to": [18.675, 9.45, 8.625],
			"rotation": {"angle": -22.5, "axis": "z", "origin": [15.425, 9.275, 7.25]},
			"faces": {
				"north": {"uv": [11.75, 5, 15, 6.75], "texture": "#wood door texture", "cullface": "east"},
				"east": {"uv": [7.25, 6.75, 8.75, 8.5], "texture": "#wood door texture", "cullface": "east"},
				"south": {"uv": [11.75, 5, 15, 6.75], "texture": "#wood door texture", "cullface": "east"},
				"west": {"uv": [7.25, 6.75, 8.75, 8.5], "texture": "#wood door texture", "cullface": "east"},
				"up": {"uv": [11.75, 0, 15, 1.5], "texture": "#wood door texture", "cullface": "east"},
				"down": {"uv": [11.75, 0, 15, 1.5], "texture": "#wood door texture", "cullface": "east"}
			}
		},
		{
			"from": [15.4, 7.575, 7.25],
			"to": [16.9, 9.425, 8.75],
			"rotation": {"angle": -22.5, "axis": "z", "origin": [15.5, 9.25, 7.25]},
			"faces": {
				"north": {"uv": [11.75, 5, 15, 6.75], "texture": "#wood door texture", "cullface": "east"},
				"east": {"uv": [7.25, 6.75, 8.75, 8.5], "texture": "#wood door texture", "cullface": "east"},
				"south": {"uv": [11.75, 5, 15, 6.75], "texture": "#wood door texture", "cullface": "east"},
				"west": {"uv": [7.25, 6.75, 8.75, 8.5], "texture": "#wood door texture", "cullface": "east"},
				"up": {"uv": [11.75, 0, 15, 1.5], "texture": "#wood door texture", "cullface": "east"},
				"down": {"uv": [11.75, 0, 15, 1.5], "texture": "#wood door texture", "cullface": "east"}
			}
		},
		{
			"from": [17, 4.925, 7.5],
			"to": [18.825, 7.175, 8.5],
			"rotation": {"angle": 45, "axis": "z", "origin": [17.425, 7.275, 7.5]},
			"faces": {
				"north": {"uv": [11, 9.75, 12.5, 12.25], "texture": "#wood door texture", "cullface": "east"},
				"east": {"uv": [7.5, 9.75, 8.5, 12.25], "texture": "#wood door texture", "cullface": "east"},
				"south": {"uv": [11, 9.75, 12.5, 12.25], "texture": "#wood door texture", "cullface": "east"},
				"west": {"uv": [7.5, 9.75, 8.5, 12.25], "texture": "#wood door texture", "cullface": "east"},
				"up": {"uv": [11, 7.5, 12.5, 8.5], "texture": "#wood door texture", "cullface": "east"},
				"down": {"uv": [11, 7.5, 12.5, 8.5], "texture": "#wood door texture", "cullface": "east"}
			}
		},
		{
			"from": [14, 6.25, 7.5],
			"to": [14.25, 6.5, 8.5],
			"rotation": {"angle": 0, "axis": "y", "origin": [0.5, 0.25, 0]},
			"faces": {
				"north": {"uv": [2.25, 9.75, 2.5, 10], "texture": "#texture"},
				"east": {"uv": [7.5, 9.75, 8.5, 10], "texture": "#texture"},
				"south": {"uv": [13.5, 9.75, 13.75, 10], "texture": "#texture"},
				"west": {"uv": [0, 0, 0, 0], "texture": "#texture"},
				"up": {"uv": [13.5, 7.5, 13.75, 8.5], "texture": "#texture"},
				"down": {"uv": [0, 0, 0, 0], "texture": "#texture"}
			}
		},
		{
			"from": [14, 6.25, 7.5],
			"to": [14.25, 6.5, 8.5],
			"rotation": {"angle": 0, "axis": "y", "origin": [0.5, 0.25, 0]},
			"faces": {
				"north": {"uv": [2.25, 9.75, 2.5, 10], "texture": "#texture"},
				"east": {"uv": [7.5, 9.75, 8.5, 10], "texture": "#texture"},
				"south": {"uv": [13.5, 9.75, 13.75, 10], "texture": "#texture"},
				"up": {"uv": [13.5, 7.5, 13.75, 8.5], "texture": "#texture"}
			}
		},
		{
			"from": [14, 7.5, 7.15],
			"to": [15.25, 8.75, 8.85],
			"faces": {
				"north": {"uv": [4, 7.25, 6.25, 7.5], "texture": "#texture"},
				"east": {"uv": [0, 0, 0, 0], "texture": "#texture"},
				"south": {"uv": [4.75, 7.25, 6, 7.5], "texture": "#texture"},
				"west": {"uv": [3.75, 7.25, 6.25, 7.5], "texture": "#texture"},
				"up": {"uv": [3.75, 6.75, 6, 9.25], "texture": "#texture"},
				"down": {"uv": [5.25, 9.25, 4, 6.75], "texture": "#texture"}
			}
		},
		{
			"from": [15.25, 7.75, 7.15],
			"to": [16.25, 8.75, 8.85],
			"faces": {
				"north": {"uv": [4, 7.25, 6.25, 7.5], "texture": "#texture"},
				"east": {"uv": [0, 0, 0, 0], "texture": "#texture"},
				"south": {"uv": [4.75, 7.25, 6, 7.5], "texture": "#texture"},
				"west": {"uv": [3.75, 7.25, 6.25, 7.5], "texture": "#texture"},
				"up": {"uv": [3.75, 6.75, 6, 9.25], "texture": "#texture"},
				"down": {"uv": [5.25, 9.25, 4, 6.75], "texture": "#texture"}
			}
		},
		{
			"name": "Element",
			"from": [3.275, 9.525, 7.225],
			"to": [14.725, 9.775, 7.825],
			"faces": {
				"north": {"uv": [16, 5.75, 16, 6], "texture": "#texture"},
				"east": {"uv": [7.75, 5.75, 8.25, 6], "texture": "#texture"},
				"south": {"uv": [0, 5.75, 0, 6], "texture": "#texture"},
				"west": {"uv": [7.75, 5.75, 8.25, 6], "texture": "#texture", "cullface": "west"},
				"up": {"uv": [0, 7.75, 0, 8.25], "texture": "#texture"},
				"down": {"uv": [16, 8.25, 16, 7.75], "texture": "#texture"}
			}
		},
		{
			"name": "Element",
			"from": [3.275, 8.975, 6.975],
			"to": [14.725, 9.525, 7.225],
			"faces": {
				"north": {"uv": [0, 7.75, 0, 8.25], "rotation": 180, "texture": "#texture"},
				"east": {"uv": [7.75, 5.75, 8.25, 6], "rotation": 90, "texture": "#texture"},
				"south": {"uv": [16, 8.25, 16, 7.75], "texture": "#texture"},
				"west": {"uv": [7.75, 5.75, 8.25, 6], "rotation": 270, "texture": "#texture", "cullface": "west"},
				"up": {"uv": [0, 5.75, 0, 6], "texture": "#texture"},
				"down": {"uv": [16, 5.75, 16, 6], "rotation": 180, "texture": "#texture"}
			}
		},
		{
			"name": "Element",
			"from": [3.275, 8.9, 7.775],
			"to": [14.725, 9.875, 8.025],
			"faces": {
				"north": {"uv": [0, 7.75, 0, 8.25], "rotation": 180, "texture": "#texture"},
				"east": {"uv": [7.75, 5.75, 8.25, 6], "rotation": 90, "texture": "#texture"},
				"south": {"uv": [16, 8.25, 16, 7.75], "texture": "#texture"},
				"west": {"uv": [7.75, 5.75, 8.25, 6], "rotation": 270, "texture": "#texture", "cullface": "west"},
				"up": {"uv": [0, 5.75, 0, 6], "texture": "#texture"},
				"down": {"uv": [16, 5.75, 16, 6], "rotation": 180, "texture": "#texture"}
			}
		},
		{
			"name": "Element",
			"from": [3.275, 8.725, 7.225],
			"to": [14.725, 8.975, 7.825],
			"faces": {
				"north": {"uv": [16, 5.75, 16, 6], "texture": "#texture"},
				"east": {"uv": [7.75, 5.75, 8.25, 6], "texture": "#texture"},
				"south": {"uv": [0, 5.75, 0, 6], "texture": "#texture"},
				"west": {"uv": [7.75, 5.75, 8.25, 6], "texture": "#texture", "cullface": "west"},
				"up": {"uv": [0, 7.75, 0, 8.25], "texture": "#texture"},
				"down": {"uv": [16, 8.25, 16, 7.75], "texture": "#texture"}
			}
		},
		{
			"name": "Element",
			"from": [3.275, 9.525, 8.175],
			"to": [14.725, 9.775, 8.775],
			"faces": {
				"north": {"uv": [16, 5.75, 16, 6], "texture": "#texture"},
				"east": {"uv": [7.75, 5.75, 8.25, 6], "texture": "#texture"},
				"south": {"uv": [0, 5.75, 0, 6], "texture": "#texture"},
				"west": {"uv": [7.75, 5.75, 8.25, 6], "texture": "#texture", "cullface": "west"},
				"up": {"uv": [0, 7.75, 0, 8.25], "texture": "#texture"},
				"down": {"uv": [16, 8.25, 16, 7.75], "texture": "#texture"}
			}
		},
		{
			"name": "Element",
			"from": [3.275, 8.9, 7.975],
			"to": [14.725, 9.875, 8.225],
			"faces": {
				"north": {"uv": [0, 7.75, 0, 8.25], "rotation": 180, "texture": "#texture"},
				"east": {"uv": [7.75, 5.75, 8.25, 6], "rotation": 90, "texture": "#texture"},
				"south": {"uv": [16, 8.25, 16, 7.75], "texture": "#texture"},
				"west": {"uv": [7.75, 5.75, 8.25, 6], "rotation": 270, "texture": "#texture", "cullface": "west"},
				"up": {"uv": [0, 5.75, 0, 6], "texture": "#texture"},
				"down": {"uv": [16, 5.75, 16, 6], "rotation": 180, "texture": "#texture"}
			}
		},
		{
			"name": "Element",
			"from": [3.275, 8.975, 8.775],
			"to": [14.725, 9.525, 9.025],
			"faces": {
				"north": {"uv": [0, 7.75, 0, 8.25], "rotation": 180, "texture": "#texture"},
				"east": {"uv": [7.75, 5.75, 8.25, 6], "rotation": 90, "texture": "#texture"},
				"south": {"uv": [16, 8.25, 16, 7.75], "texture": "#texture"},
				"west": {"uv": [7.75, 5.75, 8.25, 6], "rotation": 270, "texture": "#texture", "cullface": "west"},
				"up": {"uv": [0, 5.75, 0, 6], "texture": "#texture"},
				"down": {"uv": [16, 5.75, 16, 6], "rotation": 180, "texture": "#texture"}
			}
		},
		{
			"name": "Element",
			"from": [3.275, 8.725, 8.175],
			"to": [14.725, 8.975, 8.775],
			"faces": {
				"north": {"uv": [16, 5.75, 16, 6], "texture": "#texture"},
				"east": {"uv": [7.75, 5.75, 8.25, 6], "texture": "#texture"},
				"south": {"uv": [0, 5.75, 0, 6], "texture": "#texture"},
				"west": {"uv": [7.75, 5.75, 8.25, 6], "texture": "#texture", "cullface": "west"},
				"up": {"uv": [0, 7.75, 0, 8.25], "texture": "#texture"},
				"down": {"uv": [16, 8.25, 16, 7.75], "texture": "#texture"}
			}
		},
		{
			"name": "Element",
			"from": [3.35, 9.825, 7.925],
			"to": [3.575, 9.975, 8.075],
			"faces": {
				"north": {"uv": [0, 7.75, 0, 8.25], "rotation": 180, "texture": "#texture"},
				"east": {"uv": [7.75, 5.75, 8.25, 6], "rotation": 90, "texture": "#texture"},
				"south": {"uv": [16, 8.25, 16, 7.75], "texture": "#texture"},
				"west": {"uv": [7.75, 5.75, 8.25, 6], "rotation": 270, "texture": "#texture", "cullface": "west"},
				"up": {"uv": [0, 5.75, 0, 6], "texture": "#texture"},
				"down": {"uv": [16, 5.75, 16, 6], "rotation": 180, "texture": "#texture"}
			}
		}
	],
	"gui_light": "front",
	"display": {
		"thirdperson_righthand": {
			"rotation": [0, -90, 0],
			"translation": [0, 0.5, -7],
			"scale": [0.99, 0.99, 0.99]
		},
		"thirdperson_lefthand": {
			"rotation": [0, 90, 0],
			"translation": [0, 0.5, -7],
			"scale": [0.99, 0.99, 0.99]
		},
		"firstperson_righthand": {
			"rotation": [0, -90, 0],
			"translation": [0, 2.75, -6.75],
			"scale": [1, 1, 1.01]
		},
		"firstperson_lefthand": {
			"rotation": [0, 90, 0],
			"translation": [0, 2.75, -6.75],
			"scale": [1, 1, 1.01]
		},
		"ground": {
			"translation": [-4, 0.25, 0]
		},
		"gui": {
			"rotation": [0, 0, -45],
			"translation": [-2.5, 2.5, 0],
			"scale": [0.94, 0.95, 0.9]
		},
		"fixed": {
			"rotation": [0, 180, -45],
			"translation": [3.25, 3, 0],
			"scale": [1.18, 1.19, 1.15]
		}
	}
}