{
	"credit": "Made by SrDarmith - YouTube: Mainclay",
	"textures": {
		"1": "item/coal_block",
		"2": "item/door_iron_lower",
		"particle": "item/coal_block",
		"texture": "item/lightguntexture"
	},
	"elements": [
		{
			"from": [1.5, 9.675, 7.875],
			"to": [1.75, 9.975, 8.125],
			"faces": {
				"north": {"uv": [16, 5.5, 15, 5.75], "texture": "#texture", "cullface": "west"},
				"east": {"uv": [7.875, 5.5, 8.125, 5.75], "texture": "#texture", "cullface": "west"},
				"south": {"uv": [0, 5.5, 1, 5.75], "texture": "#texture", "cullface": "west"},
				"west": {"uv": [7.875, 5.5, 8.125, 5.75], "texture": "#texture", "cullface": "west"},
				"up": {"uv": [0, 7.875, 1, 8.125], "texture": "#texture", "cullface": "west"}
			}
		},
		{
			"from": [2, 8.25, 7.75],
			"to": [2.75, 8.75, 8.25],
			"faces": {
				"north": {"uv": [16, 7.5, 15, 8], "texture": "#texture", "cullface": "west"},
				"east": {"uv": [0, 0, 0, 0], "texture": "#texture"},
				"south": {"uv": [0, 7.5, 1, 8], "texture": "#texture", "cullface": "west"},
				"west": {"uv": [7.75, 7.5, 8.25, 8], "texture": "#texture", "cullface": "west"}
			}
		},
		{
			"from": [8.25, 8.55, 7.025],
			"to": [11.25, 9.55, 7.925],
			"faces": {
				"north": {"uv": [10.25, 4.4, 10.75, 4.9], "texture": "#2"},
				"east": {"uv": [10, 4, 11, 5], "texture": "#2"},
				"south": {"uv": [10.35, 4.1, 10.7, 5.1], "texture": "#2"},
				"west": {"uv": [10.3, 4.1, 10.7, 4.9], "texture": "#2"},
				"up": {"uv": [10.35, 4.3, 10.6, 5], "texture": "#2"},
				"down": {"uv": [10.8, 5, 10.25, 4.1], "texture": "#2"}
			}
		},
		{
			"from": [8, 7.25, 7.325],
			"to": [16, 7.5, 8.675],
			"faces": {
				"north": {"uv": [5.75, 8.5, 12.5, 8.75], "texture": "#texture"},
				"south": {"uv": [8.5, 8.5, 15.25, 8.75], "texture": "#texture"},
				"west": {"uv": [7.25, 8.5, 8.75, 8.75], "texture": "#texture"},
				"down": {"uv": [7.5, 8.75, 0.75, 7.25], "texture": "#texture"}
			}
		},
		{
			"from": [8, 9.75, 7.55],
			"to": [14.5, 10, 8.45],
			"faces": {
				"north": {"uv": [1, 6, 1.5, 6.25], "texture": "#texture"},
				"east": {"uv": [7.75, 6, 8.25, 6.25], "texture": "#texture"},
				"south": {"uv": [14.5, 6, 15, 6.25], "texture": "#texture"},
				"west": {"uv": [7.75, 6, 8.25, 6.25], "texture": "#texture"},
				"up": {"uv": [14.5, 7.75, 15, 8.25], "texture": "#texture"}
			}
		},
		{
			"from": [8, 9.5, 7.275],
			"to": [15.5, 9.75, 8.75],
			"faces": {
				"north": {"uv": [1, 6.25, 1.5, 6.5], "texture": "#texture"},
				"east": {"uv": [7.5, 6.25, 8.5, 6.5], "texture": "#texture"},
				"south": {"uv": [14.5, 6.25, 15, 6.5], "texture": "#texture"},
				"west": {"uv": [7.5, 6.25, 8.5, 6.5], "texture": "#texture"},
				"up": {"uv": [14.5, 7.5, 15, 8.5], "texture": "#texture"}
			}
		},
		{
			"from": [15.25, 7.5, 7.075],
			"to": [16, 9.5, 8.925],
			"faces": {
				"north": {"uv": [1, 6.5, 1.75, 9], "texture": "#texture"},
				"east": {"uv": [7.25, 6.5, 8.75, 9], "texture": "#texture", "cullface": "east"},
				"south": {"uv": [14.25, 6.5, 15, 9], "texture": "#texture"},
				"west": {"uv": [7.25, 6.5, 8.75, 9], "texture": "#texture"},
				"up": {"uv": [15.25, 7.25, 16, 8.75], "texture": "#texture"},
				"down": {"uv": [1.75, 8.75, 1, 7.25], "texture": "#texture"}
			}
		},
		{
			"from": [16.275, 6.025, 7.25],
			"to": [18.675, 7.75, 8.75],
			"rotation": {"angle": -22.5, "axis": "z", "origin": [20.5, 9.325, 7.25]},
			"faces": {
				"north": {"uv": [9, 11.4, 9.65, 11.95], "texture": "#1", "cullface": "east"},
				"east": {"uv": [9, 11.35, 9.7, 11.9], "texture": "#1", "cullface": "east"},
				"south": {"uv": [9, 11.3, 9.75, 11.85], "texture": "#1", "cullface": "east"},
				"west": {"uv": [9, 11.35, 9.6, 11.9], "texture": "#1", "cullface": "east"},
				"up": {"uv": [9, 11.3, 9.75, 12], "texture": "#1", "cullface": "east"},
				"down": {"uv": [9, 11.3, 9.75, 12], "texture": "#1", "cullface": "east"}
			}
		},
		{
			"from": [16.35, 6.15, 7.375],
			"to": [18.1, 10.4, 8.625],
			"rotation": {"angle": 22.5, "axis": "z", "origin": [22.5, 7.325, 7.5]},
			"faces": {
				"north": {"uv": [9, 11.15, 9.8, 11.95], "texture": "#1", "cullface": "east"},
				"east": {"uv": [9, 11.15, 9.8, 11.95], "texture": "#1", "cullface": "east"},
				"south": {"uv": [9, 11.15, 9.7, 11.95], "texture": "#1", "cullface": "east"},
				"west": {"uv": [9, 11.15, 9.7, 11.95], "texture": "#1", "cullface": "east"},
				"up": {"uv": [9, 11.2, 9.8, 12], "texture": "#1", "cullface": "east"},
				"down": {"uv": [9, 11.2, 9.8, 12], "texture": "#1", "cullface": "east"}
			}
		},
		{
			"from": [13.75, 6.25, 7.5],
			"to": [14, 6.5, 8.5],
			"rotation": {"angle": 0, "axis": "y", "origin": [0.25, 0, 0]},
			"faces": {
				"north": {"uv": [2.25, 9.75, 2.5, 10], "texture": "#texture"},
				"east": {"uv": [7.5, 9.75, 8.5, 10], "texture": "#texture"},
				"south": {"uv": [13.5, 9.75, 13.75, 10], "texture": "#texture"},
				"up": {"uv": [13.5, 7.5, 13.75, 8.5], "texture": "#texture"}
			}
		},
		{
			"from": [13.5, 6.25, 7.5],
			"to": [13.75, 7.5, 8.5],
			"rotation": {"angle": 0, "axis": "y", "origin": [0.25, 0, 0]},
			"faces": {
				"north": {"uv": [2.5, 8.75, 2.75, 10], "texture": "#texture"},
				"east": {"uv": [7.5, 8.75, 8.5, 10], "texture": "#texture"},
				"south": {"uv": [13.25, 8.75, 13.5, 10], "texture": "#texture"},
				"west": {"uv": [7.5, 8.75, 8.5, 10], "texture": "#texture"},
				"down": {"uv": [2.75, 8.5, 2.5, 7.5], "texture": "#texture"}
			}
		},
		{
			"from": [13.75, 6, 7.5],
			"to": [15.5, 6.25, 8.5],
			"rotation": {"angle": 0, "axis": "y", "origin": [0.25, 0, 0]},
			"faces": {
				"north": {"uv": [0.75, 10, 2.5, 10.25], "texture": "#texture"},
				"east": {"uv": [7.5, 10, 8.5, 10.25], "texture": "#texture"},
				"south": {"uv": [13.5, 10, 15.25, 10.25], "texture": "#texture"},
				"west": {"uv": [7.5, 10, 8.5, 10.25], "texture": "#texture"},
				"up": {"uv": [13.5, 7.5, 15.25, 8.5], "texture": "#texture"},
				"down": {"uv": [2.5, 8.5, 0.75, 7.5], "texture": "#texture"}
			}
		},
		{
			"from": [15.5, 6.25, 7.5],
			"to": [15.75, 7.25, 8.5],
			"rotation": {"angle": 0, "axis": "y", "origin": [0.25, 0, 0]},
			"faces": {
				"north": {"uv": [0.5, 9, 0.75, 10], "texture": "#texture"},
				"east": {"uv": [7.5, 9, 8.5, 10], "texture": "#texture"},
				"south": {"uv": [15.25, 9, 15.5, 10], "texture": "#texture"},
				"west": {"uv": [7.5, 9, 8.5, 10], "texture": "#texture"},
				"down": {"uv": [0.75, 8.5, 0.5, 7.5], "texture": "#texture"}
			}
		},
		{
			"from": [15.05, 6.625, 7.75],
			"to": [15.3, 7.875, 8.25],
			"rotation": {"angle": -22.5, "axis": "z", "origin": [14.75, 7.5, 7.75]},
			"faces": {
				"north": {"uv": [0.75, 2, 1.25, 3.25], "texture": "#texture"},
				"east": {"uv": [7.75, 2, 8.25, 3.25], "texture": "#texture"},
				"south": {"uv": [14.75, 2, 15.25, 3.25], "texture": "#texture"},
				"west": {"uv": [7.75, 2, 8.25, 3.25], "texture": "#texture"},
				"down": {"uv": [1.25, 8.25, 0.75, 7.75], "texture": "#texture"}
			}
		},
		{
			"from": [2, 7.3, 7.425],
			"to": [2.75, 8.45, 8.575],
			"faces": {
				"north": {"uv": [16, 6.75, 15, 8.25], "texture": "#texture", "cullface": "west"},
				"east": {"uv": [7.5, 6.75, 8.5, 8.25], "texture": "#texture", "cullface": "west"},
				"south": {"uv": [0, 6.75, 1, 8.25], "texture": "#texture", "cullface": "west"},
				"west": {"uv": [7.5, 6.75, 8.5, 8.25], "texture": "#texture", "cullface": "west"},
				"up": {"uv": [0, 7.5, 1, 8.5], "texture": "#texture", "cullface": "west"},
				"down": {"uv": [16, 8.5, 15, 7.5], "texture": "#texture", "cullface": "west"}
			}
		},
		{
			"from": [15.25, 6.25, 7.5],
			"to": [15.5, 6.5, 8.5],
			"rotation": {"angle": 0, "axis": "y", "origin": [0.25, 0, 0]},
			"faces": {
				"north": {"uv": [0.75, 9.75, 1, 10], "texture": "#texture"},
				"south": {"uv": [15, 9.75, 15.25, 10], "texture": "#texture"},
				"west": {"uv": [7.5, 9.75, 8.5, 10], "texture": "#texture"},
				"up": {"uv": [15, 7.5, 15.25, 8.5], "texture": "#texture"}
			}
		},
		{
			"name": "Element",
			"from": [1, 9.425, 7.725],
			"to": [10.95, 9.675, 8.275],
			"faces": {
				"north": {"uv": [16, 5.75, 15, 6], "texture": "#texture"},
				"east": {"uv": [7.75, 5.75, 8.25, 6], "texture": "#texture"},
				"south": {"uv": [0, 5.75, 1, 6], "texture": "#texture"},
				"west": {"uv": [7.75, 5.75, 8.25, 6], "texture": "#texture", "cullface": "west"},
				"up": {"uv": [0, 7.75, 1, 9.25], "texture": "#texture"},
				"down": {"uv": [16, 8.25, 15, 7.75], "texture": "#texture"}
			}
		},
		{
			"name": "Element",
			"from": [1, 8.875, 7.475],
			"to": [10.95, 9.425, 7.725],
			"faces": {
				"north": {"uv": [0, 7.75, 1, 8.25], "rotation": 180, "texture": "#texture"},
				"east": {"uv": [7.75, 5.75, 8.25, 6], "rotation": 90, "texture": "#texture"},
				"south": {"uv": [16, 8.25, 15, 7.75], "texture": "#texture"},
				"west": {"uv": [7.75, 5.75, 8.25, 6], "rotation": 270, "texture": "#texture", "cullface": "west"},
				"up": {"uv": [0, 5.75, 1, 7], "texture": "#texture"},
				"down": {"uv": [16, 5.75, 15, 6], "rotation": 180, "texture": "#texture"}
			}
		},
		{
			"name": "Element",
			"from": [1, 8.875, 8.275],
			"to": [10.95, 9.425, 8.525],
			"faces": {
				"north": {"uv": [0, 7.75, 1, 8.25], "rotation": 180, "texture": "#texture"},
				"east": {"uv": [7.75, 5.75, 8.25, 6], "rotation": 90, "texture": "#texture"},
				"south": {"uv": [16, 8.25, 15, 7.75], "texture": "#texture"},
				"west": {"uv": [7.75, 5.75, 8.25, 6], "rotation": 270, "texture": "#texture", "cullface": "west"},
				"up": {"uv": [0, 5.75, 1, 6], "texture": "#texture"},
				"down": {"uv": [16, 5.75, 15, 6], "rotation": 180, "texture": "#texture"}
			}
		},
		{
			"name": "Element",
			"from": [1, 8.625, 7.725],
			"to": [10.95, 8.875, 8.275],
			"faces": {
				"north": {"uv": [16, 5.75, 15, 6], "texture": "#texture"},
				"east": {"uv": [7.75, 5.75, 8.25, 6], "texture": "#texture"},
				"south": {"uv": [0, 5.75, 1, 6], "texture": "#texture"},
				"west": {"uv": [7.75, 5.75, 8.25, 6], "texture": "#texture", "cullface": "west"},
				"up": {"uv": [0, 7.75, 1, 9.25], "texture": "#texture"},
				"down": {"uv": [16, 8.25, 15, 7.75], "texture": "#texture"}
			}
		},
		{
			"name": "Element",
			"from": [2.75, 8.4, 7.775],
			"to": [9.45, 8.625, 8.225],
			"faces": {
				"north": {"uv": [16, 5.75, 15, 6], "texture": "#texture"},
				"east": {"uv": [7.75, 5.75, 8.25, 6], "texture": "#texture"},
				"south": {"uv": [1, 5.75, 0, 6], "texture": "#texture"},
				"west": {"uv": [7.75, 5.75, 8.25, 6], "texture": "#texture", "cullface": "west"},
				"up": {"uv": [1, 7.75, 0, 8.25], "texture": "#texture"},
				"down": {"uv": [16, 8.25, 15, 7.75], "texture": "#texture"}
			}
		},
		{
			"name": "Element",
			"from": [1.25, 7.6, 7.475],
			"to": [9.7, 8.15, 7.975],
			"faces": {
				"north": {"uv": [0, 7.75, 1, 8.25], "rotation": 180, "texture": "#texture"},
				"east": {"uv": [7.75, 5.75, 8.25, 6], "rotation": 90, "texture": "#texture"},
				"south": {"uv": [16, 8.25, 15, 7.75], "texture": "#texture"},
				"west": {"uv": [7.75, 5.75, 8.25, 6], "rotation": 270, "texture": "#texture", "cullface": "west"},
				"up": {"uv": [0, 5.75, 1, 7], "texture": "#texture"},
				"down": {"uv": [16, 5.75, 15, 6], "rotation": 180, "texture": "#texture"}
			}
		},
		{
			"name": "Element",
			"from": [1.25, 7.6, 8.025],
			"to": [9.7, 8.15, 8.525],
			"faces": {
				"north": {"uv": [0, 7.75, 1, 8.25], "rotation": 180, "texture": "#texture"},
				"east": {"uv": [7.75, 5.75, 8.25, 6], "rotation": 90, "texture": "#texture"},
				"south": {"uv": [16, 8.25, 15, 7.75], "texture": "#texture"},
				"west": {"uv": [7.75, 5.75, 8.25, 6], "rotation": 270, "texture": "#texture", "cullface": "west"},
				"up": {"uv": [0, 5.75, 1, 6], "texture": "#texture"},
				"down": {"uv": [16, 5.75, 15, 6], "rotation": 180, "texture": "#texture"}
			}
		},
		{
			"name": "Element",
			"from": [1.25, 7.35, 7.725],
			"to": [9.7, 7.85, 8.275],
			"faces": {
				"north": {"uv": [16, 5.75, 15, 6], "texture": "#texture"},
				"east": {"uv": [7.75, 5.75, 8.25, 6], "texture": "#texture"},
				"south": {"uv": [0, 5.75, 1, 6], "texture": "#texture"},
				"west": {"uv": [7.75, 5.75, 8.25, 6], "texture": "#texture", "cullface": "west"},
				"up": {"uv": [0, 7.75, 1, 9.25], "texture": "#texture"},
				"down": {"uv": [16, 8.25, 15, 7.75], "texture": "#texture"}
			}
		},
		{
			"from": [1, 7.625, 7.75],
			"to": [1.75, 8.125, 8.25],
			"faces": {
				"north": {"uv": [16, 7.5, 15, 8], "texture": "#texture", "cullface": "west"},
				"south": {"uv": [0, 7.5, 1, 8], "texture": "#texture", "cullface": "west"},
				"west": {"uv": [7.75, 7.5, 8.25, 8], "texture": "#texture", "cullface": "west"},
				"up": {"uv": [0, 0, 1, 1], "texture": "#texture"}
			}
		},
		{
			"name": "Element",
			"from": [1.25, 7.9, 7.725],
			"to": [9.7, 8.4, 8.275],
			"faces": {
				"north": {"uv": [16, 5.75, 15, 6], "texture": "#texture"},
				"east": {"uv": [7.75, 5.75, 8.25, 6], "texture": "#texture"},
				"south": {"uv": [0, 5.75, 1, 6], "texture": "#texture"},
				"west": {"uv": [7.75, 5.75, 8.25, 6], "texture": "#texture", "cullface": "west"},
				"up": {"uv": [0, 7.75, 1, 9.25], "texture": "#texture"},
				"down": {"uv": [16, 8.25, 15, 7.75], "texture": "#texture"}
			}
		},
		{
			"from": [8, 7.5, 7.075],
			"to": [15.25, 9.5, 8.925],
			"faces": {
				"north": {"uv": [4, 13, 7, 14], "texture": "#texture"},
				"south": {"uv": [4, 13, 7, 14], "texture": "#texture"},
				"west": {"uv": [4, 13, 7, 14], "texture": "#texture"},
				"up": {"uv": [4, 13, 7, 14], "texture": "#texture"},
				"down": {"uv": [7, 14, 4, 13], "texture": "#texture"}
			}
		},
		{
			"from": [3, 8.3, 7.45],
			"to": [5, 8.625, 8.55],
			"faces": {
				"north": {"uv": [8, 12.45, 8.45, 12.5], "texture": "#1"},
				"east": {"uv": [8, 12.25, 8.7, 12.7], "texture": "#1"},
				"south": {"uv": [8, 12.25, 8.75, 12.5], "texture": "#1"},
				"west": {"uv": [8, 12.25, 8.8, 12.5], "texture": "#1"},
				"up": {"uv": [8, 12.2, 8.8, 12.9], "texture": "#1"},
				"down": {"uv": [8.85, 12.8, 8, 12.3], "texture": "#1"}
			}
		},
		{
			"from": [3, 8.05, 7.2],
			"to": [5, 8.375, 8.8],
			"faces": {
				"north": {"uv": [8, 12.25, 8.75, 12.75], "texture": "#1"},
				"east": {"uv": [8, 12.25, 8.4, 12.75], "texture": "#1"},
				"south": {"uv": [8, 12.25, 8.65, 12.75], "texture": "#1"},
				"west": {"uv": [8, 12.25, 8.6, 12.75], "texture": "#1"},
				"up": {"uv": [8, 12, 8.7, 13], "texture": "#1"},
				"down": {"uv": [8.75, 12.75, 8, 12.25], "texture": "#1"}
			}
		},
		{
			"from": [3, 7.55, 7.1],
			"to": [5, 8.125, 8.9],
			"faces": {
				"north": {"uv": [8, 12.2, 8.85, 12.95], "texture": "#1"},
				"east": {"uv": [8, 12.2, 8.7, 12.95], "texture": "#1"},
				"south": {"uv": [8, 12.2, 8.85, 12.95], "texture": "#1"},
				"west": {"uv": [8, 12.2, 8.8, 12.95], "texture": "#1"},
				"up": {"uv": [8, 12.2, 8.85, 12.9], "texture": "#1"},
				"down": {"uv": [8.75, 12.9, 8, 12.3], "texture": "#1"}
			}
		},
		{
			"from": [3, 7.05, 7.45],
			"to": [5, 7.375, 8.55],
			"faces": {
				"north": {"uv": [8, 12.25, 8.4, 12.7], "texture": "#1"},
				"east": {"uv": [8, 12.25, 8.6, 12.6], "texture": "#1"},
				"south": {"uv": [8, 12.25, 8.85, 12.7], "texture": "#1"},
				"west": {"uv": [8, 12.25, 8.7, 12.6], "texture": "#1"},
				"down": {"uv": [8.65, 12.7, 8, 12.2], "texture": "#1"}
			}
		},
		{
			"from": [3.5, 3.8, 7.7],
			"to": [4.5, 7.375, 8.3],
			"faces": {
				"north": {"uv": [9, 12.25, 9.4, 12.7], "texture": "#1"},
				"east": {"uv": [9, 12.25, 9.6, 12.6], "texture": "#1"},
				"south": {"uv": [9, 12.25, 9.85, 12.7], "texture": "#1"},
				"west": {"uv": [9, 12.25, 9.7, 12.6], "texture": "#1"},
				"down": {"uv": [9.65, 12.7, 9, 12.2], "texture": "#1"}
			}
		},
		{
			"from": [3.65, 3.8, 7.55],
			"to": [4.35, 7.375, 8.45],
			"faces": {
				"north": {"uv": [9, 12.25, 9.4, 12.7], "texture": "#1"},
				"east": {"uv": [9, 12.25, 9.6, 12.6], "texture": "#1"},
				"south": {"uv": [9, 12.25, 9.85, 12.7], "texture": "#1"},
				"west": {"uv": [9, 12.25, 9.7, 12.6], "texture": "#1"},
				"down": {"uv": [9.65, 12.7, 9, 12.2], "texture": "#1"}
			}
		},
		{
			"from": [3, 7.3, 7.2],
			"to": [5, 7.625, 8.8],
			"faces": {
				"north": {"uv": [8, 12.15, 8.65, 12.75], "texture": "#1"},
				"east": {"uv": [8.05, 12.15, 8.55, 12.65], "texture": "#1"},
				"south": {"uv": [8, 12.15, 8.65, 12.65], "texture": "#1"},
				"west": {"uv": [8, 12.15, 8.6, 12.65], "texture": "#1"},
				"down": {"uv": [8.75, 12.85, 8, 12.05], "texture": "#1"}
			}
		},
		{
			"from": [3, 6.95, 7.7],
			"to": [5, 7.05, 8.3],
			"faces": {
				"north": {"uv": [8, 12.25, 8.4, 12.7], "texture": "#1"},
				"east": {"uv": [8, 12.25, 8.6, 12.6], "texture": "#1"},
				"south": {"uv": [8, 12.25, 8.85, 12.7], "texture": "#1"},
				"west": {"uv": [8, 12.25, 8.7, 12.6], "texture": "#1"},
				"down": {"uv": [8.65, 12.7, 8, 12.2], "texture": "#1"}
			}
		}
	],
	"gui_light": "front",
	"display": {
		"thirdperson_righthand": {
			"rotation": [0, -90, 0],
			"translation": [0, 0.75, -5.5],
			"scale": [0.85, 0.91, 0.9]
		},
		"thirdperson_lefthand": {
			"rotation": [0, 90, 0],
			"translation": [0, 0.75, -5.5],
			"scale": [0.85, 0.91, 0.9]
		},
		"firstperson_righthand": {
			"rotation": [0, -90, 0],
			"translation": [0, 3, -6],
			"scale": [0.95, 1.01, 1]
		},
		"firstperson_lefthand": {
			"rotation": [0, 90, 0],
			"translation": [0, 3, -6],
			"scale": [0.95, 1.01, 1]
		},
		"ground": {
			"translation": [-2.25, 0.5, 0],
			"scale": [0.95, 1.01, 1]
		},
		"gui": {
			"rotation": [0, 0, -45],
			"translation": [-0.5, 2, 0],
			"scale": [0.92, 0.93, 0.9]
		},
		"fixed": {
			"rotation": [0, 180, -45],
			"translation": [1, 2.75, 0],
			"scale": [1.29, 1.35, 1.34]
		}
	}
}