{
	"credit": "Made by SrDarmith - YouTube: Mainclay",
	"textures": {
		"1": "item/sandstone_smooth",
		"particle": "item/sandstone_smooth",
		"texture": "item/anvil_1"
	},
	"elements": [
		{
			"from": [4.55, 7.975, 7.175],
			"to": [16.725, 8.225, 8.025],
			"rotation": {"angle": 0, "axis": "y", "origin": [0.55, -3.35, -0.4]},
			"faces": {
				"north": {"uv": [1, 6, 1.5, 6.25], "texture": "#texture"},
				"east": {"uv": [7.75, 6, 8.25, 6.25], "texture": "#texture"},
				"south": {"uv": [14.5, 6, 15, 6.25], "texture": "#texture"},
				"west": {"uv": [7.75, 6, 8.25, 6.25], "texture": "#texture"},
				"up": {"uv": [14.5, 7.75, 15, 8.25], "texture": "#texture"},
				"down": {"uv": [1, 6, 2, 7], "texture": "#texture"}
			}
		},
		{
			"from": [8.95, 4.725, 7.175],
			"to": [9.1, 4.875, 8.025],
			"rotation": {"angle": 0, "axis": "x", "origin": [0.55, -3.475, -0.4]},
			"faces": {
				"north": {"uv": [14.5, 6, 15, 6.25], "rotation": 180, "texture": "#texture"},
				"east": {"uv": [7.75, 6, 8.25, 6.25], "rotation": 180, "texture": "#texture"},
				"south": {"uv": [1, 6, 1.5, 6.25], "rotation": 180, "texture": "#texture"},
				"west": {"uv": [7.75, 6, 8.25, 6.25], "rotation": 180, "texture": "#texture"},
				"down": {"uv": [14.5, 7.75, 15, 8.25], "texture": "#texture"}
			}
		},
		{
			"from": [8.65, 4.725, 7.175],
			"to": [8.8, 4.875, 8.025],
			"rotation": {"angle": 0, "axis": "x", "origin": [0.55, -3.475, -0.4]},
			"faces": {
				"north": {"uv": [14.5, 6, 15, 6.25], "rotation": 180, "texture": "#texture"},
				"east": {"uv": [7.75, 6, 8.25, 6.25], "rotation": 180, "texture": "#texture"},
				"south": {"uv": [1, 6, 1.5, 6.25], "rotation": 180, "texture": "#texture"},
				"west": {"uv": [7.75, 6, 8.25, 6.25], "rotation": 180, "texture": "#texture"},
				"down": {"uv": [14.5, 7.75, 15, 8.25], "texture": "#texture"}
			}
		},
		{
			"from": [9.55, 4.725, 7.175],
			"to": [9.7, 4.875, 8.025],
			"rotation": {"angle": 0, "axis": "y", "origin": [0.55, -3.475, -0.4]},
			"faces": {
				"north": {"uv": [14.5, 6, 15, 6.25], "rotation": 180, "texture": "#texture"},
				"east": {"uv": [7.75, 6, 8.25, 6.25], "rotation": 180, "texture": "#texture"},
				"south": {"uv": [1, 6, 1.5, 6.25], "rotation": 180, "texture": "#texture"},
				"west": {"uv": [7.75, 6, 8.25, 6.25], "rotation": 180, "texture": "#texture"},
				"down": {"uv": [14.5, 7.75, 15, 8.25], "texture": "#texture"}
			}
		},
		{
			"from": [9.25, 4.725, 7.175],
			"to": [9.4, 4.875, 8.025],
			"rotation": {"angle": 0, "axis": "y", "origin": [0.55, -3.475, -0.4]},
			"faces": {
				"north": {"uv": [14.5, 6, 15, 6.25], "rotation": 180, "texture": "#texture"},
				"east": {"uv": [7.75, 6, 8.25, 6.25], "rotation": 180, "texture": "#texture"},
				"south": {"uv": [1, 6, 1.5, 6.25], "rotation": 180, "texture": "#texture"},
				"west": {"uv": [7.75, 6, 8.25, 6.25], "rotation": 180, "texture": "#texture"},
				"down": {"uv": [14.5, 7.75, 15, 8.25], "texture": "#texture"}
			}
		},
		{
			"from": [8.35, 4.725, 7.175],
			"to": [8.5, 4.875, 8.025],
			"rotation": {"angle": 0, "axis": "x", "origin": [0.55, -3.475, -0.4]},
			"faces": {
				"north": {"uv": [14.5, 6, 15, 6.25], "rotation": 180, "texture": "#texture"},
				"east": {"uv": [7.75, 6, 8.25, 6.25], "rotation": 180, "texture": "#texture"},
				"south": {"uv": [1, 6, 1.5, 6.25], "rotation": 180, "texture": "#texture"},
				"west": {"uv": [7.75, 6, 8.25, 6.25], "rotation": 180, "texture": "#texture"},
				"down": {"uv": [14.5, 7.75, 15, 8.25], "texture": "#texture"}
			}
		},
		{
			"from": [8.05, 4.725, 7.175],
			"to": [8.2, 4.875, 8.025],
			"rotation": {"angle": 0, "axis": "x", "origin": [0.55, -3.475, -0.4]},
			"faces": {
				"north": {"uv": [14.5, 6, 15, 6.25], "rotation": 180, "texture": "#texture"},
				"east": {"uv": [7.75, 6, 8.25, 6.25], "rotation": 180, "texture": "#texture"},
				"south": {"uv": [1, 6, 1.5, 6.25], "rotation": 180, "texture": "#texture"},
				"west": {"uv": [7.75, 6, 8.25, 6.25], "rotation": 180, "texture": "#texture"},
				"down": {"uv": [14.5, 7.75, 15, 8.25], "texture": "#texture"}
			}
		},
		{
			"from": [7.75, 4.725, 7.175],
			"to": [7.9, 4.875, 8.025],
			"rotation": {"angle": 0, "axis": "x", "origin": [0.55, -3.475, -0.4]},
			"faces": {
				"north": {"uv": [14.5, 6, 15, 6.25], "rotation": 180, "texture": "#texture"},
				"east": {"uv": [7.75, 6, 8.25, 6.25], "rotation": 180, "texture": "#texture"},
				"south": {"uv": [1, 6, 1.5, 6.25], "rotation": 180, "texture": "#texture"},
				"west": {"uv": [7.75, 6, 8.25, 6.25], "rotation": 180, "texture": "#texture"},
				"down": {"uv": [14.5, 7.75, 15, 8.25], "texture": "#texture"}
			}
		},
		{
			"from": [7.45, 4.725, 7.175],
			"to": [7.6, 4.875, 8.025],
			"rotation": {"angle": 0, "axis": "x", "origin": [0.55, -3.475, -0.4]},
			"faces": {
				"north": {"uv": [14.5, 6, 15, 6.25], "rotation": 180, "texture": "#texture"},
				"east": {"uv": [7.75, 6, 8.25, 6.25], "rotation": 180, "texture": "#texture"},
				"south": {"uv": [1, 6, 1.5, 6.25], "rotation": 180, "texture": "#texture"},
				"west": {"uv": [7.75, 6, 8.25, 6.25], "rotation": 180, "texture": "#texture"},
				"down": {"uv": [14.5, 7.75, 15, 8.25], "texture": "#texture"}
			}
		},
		{
			"from": [7.15, 4.725, 7.175],
			"to": [7.3, 4.875, 8.025],
			"rotation": {"angle": 0, "axis": "x", "origin": [0.55, -3.475, -0.4]},
			"faces": {
				"north": {"uv": [14.5, 6, 15, 6.25], "rotation": 180, "texture": "#texture"},
				"east": {"uv": [7.75, 6, 8.25, 6.25], "rotation": 180, "texture": "#texture"},
				"south": {"uv": [1, 6, 1.5, 6.25], "rotation": 180, "texture": "#texture"},
				"west": {"uv": [7.75, 6, 8.25, 6.25], "rotation": 180, "texture": "#texture"},
				"down": {"uv": [14.5, 7.75, 15, 8.25], "texture": "#texture"}
			}
		},
		{
			"from": [6.85, 4.725, 7.175],
			"to": [7, 4.875, 8.025],
			"rotation": {"angle": 0, "axis": "x", "origin": [0.55, -3.475, -0.4]},
			"faces": {
				"north": {"uv": [14.5, 6, 15, 6.25], "rotation": 180, "texture": "#texture"},
				"east": {"uv": [7.75, 6, 8.25, 6.25], "rotation": 180, "texture": "#texture"},
				"south": {"uv": [1, 6, 1.5, 6.25], "rotation": 180, "texture": "#texture"},
				"west": {"uv": [7.75, 6, 8.25, 6.25], "rotation": 180, "texture": "#texture"},
				"down": {"uv": [14.5, 7.75, 15, 8.25], "texture": "#texture"}
			}
		},
		{
			"from": [6.55, 4.725, 7.175],
			"to": [6.7, 4.875, 8.025],
			"rotation": {"angle": 0, "axis": "x", "origin": [0.55, -3.475, -0.4]},
			"faces": {
				"north": {"uv": [14.5, 6, 15, 6.25], "rotation": 180, "texture": "#texture"},
				"east": {"uv": [7.75, 6, 8.25, 6.25], "rotation": 180, "texture": "#texture"},
				"south": {"uv": [1, 6, 1.5, 6.25], "rotation": 180, "texture": "#texture"},
				"west": {"uv": [7.75, 6, 8.25, 6.25], "rotation": 180, "texture": "#texture"},
				"down": {"uv": [14.5, 7.75, 15, 8.25], "texture": "#texture"}
			}
		},
		{
			"from": [6.55, 4.875, 7.175],
			"to": [9.7, 5.125, 8.025],
			"rotation": {"angle": 0, "axis": "x", "origin": [0.55, -3.475, -0.4]},
			"faces": {
				"north": {"uv": [14.5, 6, 15, 6.25], "rotation": 180, "texture": "#texture"},
				"east": {"uv": [7.75, 6, 8.25, 6.25], "rotation": 180, "texture": "#texture"},
				"south": {"uv": [1, 6, 1.5, 6.25], "rotation": 180, "texture": "#texture"},
				"west": {"uv": [7.75, 6, 8.25, 6.25], "rotation": 180, "texture": "#texture"},
				"up": {"uv": [0, 0, 0, 0], "texture": "#texture"},
				"down": {"uv": [14.5, 7.75, 15, 8.25], "texture": "#texture"}
			}
		},
		{
			"from": [4.55, 7.725, 7.05],
			"to": [4.9, 7.975, 8.15],
			"rotation": {"angle": 0, "axis": "y", "origin": [0.55, -3.35, -0.4]},
			"faces": {
				"north": {"uv": [1, 6, 1.5, 6.25], "texture": "#texture"},
				"east": {"uv": [7.75, 6, 8.25, 6.25], "texture": "#texture"},
				"south": {"uv": [14.5, 6, 15, 6.25], "texture": "#texture"},
				"west": {"uv": [7.75, 6, 8.25, 6.25], "texture": "#texture"},
				"up": {"uv": [14.5, 7.75, 15, 8.25], "texture": "#texture"},
				"down": {"uv": [1, 6, 2, 7], "texture": "#texture"}
			}
		},
		{
			"from": [4.55, 5.15, 6.675],
			"to": [4.9, 7.725, 8.525],
			"rotation": {"angle": 0, "axis": "y", "origin": [0.55, -3.35, -0.4]},
			"faces": {
				"north": {"uv": [1, 6, 1.5, 6.25], "texture": "#texture"},
				"east": {"uv": [7.75, 6, 8.25, 6.25], "texture": "#texture"},
				"south": {"uv": [14.5, 6, 15, 6.25], "texture": "#texture"},
				"west": {"uv": [7.75, 6, 8.25, 6.25], "texture": "#texture"},
				"up": {"uv": [14.5, 7.75, 15, 8.25], "texture": "#texture"},
				"down": {"uv": [1, 6, 2, 7], "texture": "#texture"}
			}
		},
		{
			"from": [4.55, 5.4, 6.425],
			"to": [4.9, 7.475, 8.775],
			"rotation": {"angle": 0, "axis": "y", "origin": [0.55, -3.35, -0.4]},
			"faces": {
				"north": {"uv": [1, 6, 1.5, 6.25], "texture": "#texture"},
				"east": {"uv": [7.75, 6, 8.25, 6.25], "texture": "#texture"},
				"south": {"uv": [14.5, 6, 15, 6.25], "texture": "#texture"},
				"west": {"uv": [7.75, 6, 8.25, 6.25], "texture": "#texture"},
				"up": {"uv": [14.5, 7.75, 15, 8.25], "texture": "#texture"},
				"down": {"uv": [1, 6, 2, 7], "texture": "#texture"}
			}
		},
		{
			"from": [4.475, 5.225, 6.8],
			"to": [5.4, 6.375, 8.4],
			"rotation": {"angle": 0, "axis": "y", "origin": [0.55, -3.35, -0.4]},
			"faces": {
				"north": {"uv": [1, 6, 1.5, 6.25], "texture": "#texture"},
				"east": {"uv": [7.75, 6, 8.25, 6.25], "texture": "#texture"},
				"south": {"uv": [14.5, 6, 15, 6.25], "texture": "#texture"},
				"west": {"uv": [7.75, 6, 8.25, 6.25], "texture": "#texture"},
				"up": {"uv": [14.5, 7.75, 15, 8.25], "texture": "#texture"},
				"down": {"uv": [1, 6, 2, 7], "texture": "#texture"}
			}
		},
		{
			"from": [4.475, 5.475, 6.55],
			"to": [5.4, 6.125, 8.65],
			"rotation": {"angle": 0, "axis": "y", "origin": [0.55, -3.35, -0.4]},
			"faces": {
				"north": {"uv": [1, 6, 1.5, 6.25], "texture": "#texture"},
				"east": {"uv": [7.75, 6, 8.25, 6.25], "texture": "#texture"},
				"south": {"uv": [14.5, 6, 15, 6.25], "texture": "#texture"},
				"west": {"uv": [7.75, 6, 8.25, 6.25], "texture": "#texture"},
				"up": {"uv": [14.5, 7.75, 15, 8.25], "texture": "#texture"},
				"down": {"uv": [1, 6, 2, 7], "texture": "#texture"}
			}
		},
		{
			"from": [17, 7.7, 7.3],
			"to": [21.75, 8.1, 7.9],
			"rotation": {"angle": 0, "axis": "y", "origin": [1, -3.35, -0.4]},
			"faces": {
				"north": {"uv": [1, 6, 1.5, 6.25], "texture": "#texture"},
				"east": {"uv": [7.75, 6, 8.25, 6.25], "texture": "#texture"},
				"south": {"uv": [14.5, 6, 15, 6.25], "texture": "#texture"},
				"west": {"uv": [7.75, 6, 8.25, 6.25], "texture": "#texture"},
				"up": {"uv": [14.5, 7.75, 15, 8.25], "texture": "#texture"}
			}
		},
		{
			"from": [15.8, 14.775, 7.3],
			"to": [16.8, 15.175, 7.9],
			"rotation": {"angle": -22.5, "axis": "z", "origin": [1, -3.35, -0.4]},
			"faces": {
				"north": {"uv": [1, 6, 1.5, 6.25], "texture": "#texture"},
				"east": {"uv": [7.75, 6, 8.25, 6.25], "texture": "#texture"},
				"south": {"uv": [14.5, 6, 15, 6.25], "texture": "#texture"},
				"west": {"uv": [7.75, 6, 8.25, 6.25], "texture": "#texture"},
				"up": {"uv": [14.5, 7.75, 15, 8.25], "texture": "#texture"}
			}
		},
		{
			"from": [16.1, 7.575, 7.425],
			"to": [16.725, 7.975, 7.775],
			"rotation": {"angle": 0, "axis": "y", "origin": [1.25, -3.35, -0.4]},
			"faces": {
				"north": {"uv": [1, 6, 1.5, 6.25], "texture": "#texture"},
				"east": {"uv": [7.75, 6, 8.25, 6.25], "texture": "#texture"},
				"south": {"uv": [14.5, 6, 15, 6.25], "texture": "#texture"},
				"west": {"uv": [7.75, 6, 8.25, 6.25], "texture": "#texture"},
				"up": {"uv": [14.5, 7.75, 15, 8.25], "texture": "#texture"}
			}
		},
		{
			"from": [14.15, 7.75, 7.425],
			"to": [14.4, 7.975, 7.775],
			"rotation": {"angle": 0, "axis": "y", "origin": [1.25, -3.35, -0.4]},
			"faces": {
				"north": {"uv": [1, 6, 1.5, 6.25], "texture": "#1"},
				"east": {"uv": [7.75, 6, 8.25, 6.25], "texture": "#1"},
				"south": {"uv": [14.5, 6, 15, 6.25], "texture": "#1"},
				"west": {"uv": [7.75, 6, 8.25, 6.25], "texture": "#1"},
				"up": {"uv": [14.5, 7.75, 15, 8.25], "texture": "#1"}
			}
		},
		{
			"from": [16.925, 7.75, 7.175],
			"to": [17.175, 7.975, 8.025],
			"rotation": {"angle": 0, "axis": "y", "origin": [1.25, -3.35, -0.4]},
			"faces": {
				"north": {"uv": [1, 6, 1.5, 6.25], "texture": "#1"},
				"east": {"uv": [7.75, 6, 8.25, 6.25], "texture": "#1"},
				"south": {"uv": [14.5, 6, 15, 6.25], "texture": "#1"},
				"west": {"uv": [7.75, 6, 8.25, 6.25], "texture": "#1"},
				"up": {"uv": [14.5, 7.75, 15, 8.25], "texture": "#1"}
			}
		},
		{
			"from": [19.575, 7.75, 7.175],
			"to": [20.2, 7.975, 8.025],
			"rotation": {"angle": 0, "axis": "y", "origin": [1.25, -3.35, -0.4]},
			"faces": {
				"north": {"uv": [1, 6, 1.5, 6.25], "texture": "#1"},
				"east": {"uv": [7.75, 6, 8.25, 6.25], "texture": "#1"},
				"south": {"uv": [14.5, 6, 15, 6.25], "texture": "#1"},
				"west": {"uv": [7.75, 6, 8.25, 6.25], "texture": "#1"},
				"up": {"uv": [14.5, 7.75, 15, 8.25], "texture": "#1"}
			}
		},
		{
			"from": [9.425, 7.7, 7.425],
			"to": [9.675, 7.925, 7.775],
			"rotation": {"angle": 0, "axis": "y", "origin": [0.55, -3.35, -0.4]},
			"faces": {
				"north": {"uv": [1, 6, 1.5, 6.25], "texture": "#1"},
				"east": {"uv": [7.75, 6, 8.25, 6.25], "texture": "#1"},
				"south": {"uv": [14.5, 6, 15, 6.25], "texture": "#1"},
				"west": {"uv": [7.75, 6, 8.25, 6.25], "texture": "#1"},
				"up": {"uv": [14.5, 7.75, 15, 8.25], "texture": "#1"}
			}
		},
		{
			"from": [7.675, 7.7, 7.425],
			"to": [7.925, 7.925, 7.775],
			"rotation": {"angle": 0, "axis": "y", "origin": [0.55, -3.35, -0.4]},
			"faces": {
				"north": {"uv": [1, 6, 1.5, 6.25], "texture": "#1"},
				"east": {"uv": [7.75, 6, 8.25, 6.25], "texture": "#1"},
				"south": {"uv": [14.5, 6, 15, 6.25], "texture": "#1"},
				"west": {"uv": [7.75, 6, 8.25, 6.25], "texture": "#1"},
				"up": {"uv": [14.5, 7.75, 15, 8.25], "texture": "#1"}
			}
		},
		{
			"from": [5.925, 7.7, 7.425],
			"to": [6.175, 7.925, 7.775],
			"rotation": {"angle": 0, "axis": "y", "origin": [0.55, -3.35, -0.4]},
			"faces": {
				"north": {"uv": [1, 6, 1.5, 6.25], "texture": "#1"},
				"east": {"uv": [7.75, 6, 8.25, 6.25], "texture": "#1"},
				"south": {"uv": [14.5, 6, 15, 6.25], "texture": "#1"},
				"west": {"uv": [7.75, 6, 8.25, 6.25], "texture": "#1"},
				"up": {"uv": [14.5, 7.75, 15, 8.25], "texture": "#1"}
			}
		},
		{
			"from": [4.55, 8.225, 7.175],
			"to": [4.7, 8.375, 8.025],
			"rotation": {"angle": 0, "axis": "y", "origin": [0.55, -3.35, -0.4]},
			"faces": {
				"north": {"uv": [1, 6, 1.5, 6.25], "texture": "#texture"},
				"east": {"uv": [7.75, 6, 8.25, 6.25], "texture": "#texture"},
				"south": {"uv": [14.5, 6, 15, 6.25], "texture": "#texture"},
				"west": {"uv": [7.75, 6, 8.25, 6.25], "texture": "#texture"},
				"up": {"uv": [14.5, 7.75, 15, 8.25], "texture": "#texture"}
			}
		},
		{
			"from": [13.85, 8.225, 7.175],
			"to": [14, 8.375, 8.025],
			"rotation": {"angle": 0, "axis": "y", "origin": [0.55, -3.35, -0.4]},
			"faces": {
				"north": {"uv": [1, 6, 1.5, 6.25], "texture": "#texture"},
				"east": {"uv": [7.75, 6, 8.25, 6.25], "texture": "#texture"},
				"south": {"uv": [14.5, 6, 15, 6.25], "texture": "#texture"},
				"west": {"uv": [7.75, 6, 8.25, 6.25], "texture": "#texture"},
				"up": {"uv": [14.5, 7.75, 15, 8.25], "texture": "#texture"}
			}
		},
		{
			"from": [13.55, 8.225, 7.175],
			"to": [13.7, 8.375, 8.025],
			"rotation": {"angle": 0, "axis": "y", "origin": [0.55, -3.35, -0.4]},
			"faces": {
				"north": {"uv": [1, 6, 1.5, 6.25], "texture": "#texture"},
				"east": {"uv": [7.75, 6, 8.25, 6.25], "texture": "#texture"},
				"south": {"uv": [14.5, 6, 15, 6.25], "texture": "#texture"},
				"west": {"uv": [7.75, 6, 8.25, 6.25], "texture": "#texture"},
				"up": {"uv": [14.5, 7.75, 15, 8.25], "texture": "#texture"}
			}
		},
		{
			"from": [13.25, 8.225, 7.175],
			"to": [13.4, 8.375, 8.025],
			"rotation": {"angle": 0, "axis": "y", "origin": [0.55, -3.35, -0.4]},
			"faces": {
				"north": {"uv": [1, 6, 1.5, 6.25], "texture": "#texture"},
				"east": {"uv": [7.75, 6, 8.25, 6.25], "texture": "#texture"},
				"south": {"uv": [14.5, 6, 15, 6.25], "texture": "#texture"},
				"west": {"uv": [7.75, 6, 8.25, 6.25], "texture": "#texture"},
				"up": {"uv": [14.5, 7.75, 15, 8.25], "texture": "#texture"}
			}
		},
		{
			"from": [12.95, 8.225, 7.175],
			"to": [13.1, 8.375, 8.025],
			"rotation": {"angle": 0, "axis": "y", "origin": [0.55, -3.35, -0.4]},
			"faces": {
				"north": {"uv": [1, 6, 1.5, 6.25], "texture": "#texture"},
				"east": {"uv": [7.75, 6, 8.25, 6.25], "texture": "#texture"},
				"south": {"uv": [14.5, 6, 15, 6.25], "texture": "#texture"},
				"west": {"uv": [7.75, 6, 8.25, 6.25], "texture": "#texture"},
				"up": {"uv": [14.5, 7.75, 15, 8.25], "texture": "#texture"}
			}
		},
		{
			"from": [12.65, 8.225, 7.175],
			"to": [12.8, 8.375, 8.025],
			"rotation": {"angle": 0, "axis": "y", "origin": [0.55, -3.35, -0.4]},
			"faces": {
				"north": {"uv": [1, 6, 1.5, 6.25], "texture": "#texture"},
				"east": {"uv": [7.75, 6, 8.25, 6.25], "texture": "#texture"},
				"south": {"uv": [14.5, 6, 15, 6.25], "texture": "#texture"},
				"west": {"uv": [7.75, 6, 8.25, 6.25], "texture": "#texture"},
				"up": {"uv": [14.5, 7.75, 15, 8.25], "texture": "#texture"}
			}
		},
		{
			"from": [15.375, 8.225, 7.175],
			"to": [15.525, 8.375, 8.025],
			"rotation": {"angle": 0, "axis": "y", "origin": [0.55, -3.35, -0.4]},
			"faces": {
				"north": {"uv": [1, 6, 1.5, 6.25], "texture": "#texture"},
				"east": {"uv": [7.75, 6, 8.25, 6.25], "texture": "#texture"},
				"south": {"uv": [14.5, 6, 15, 6.25], "texture": "#texture"},
				"west": {"uv": [7.75, 6, 8.25, 6.25], "texture": "#texture"},
				"up": {"uv": [14.5, 7.75, 15, 8.25], "texture": "#texture"}
			}
		},
		{
			"from": [15.075, 8.225, 7.175],
			"to": [15.225, 8.375, 8.025],
			"rotation": {"angle": 0, "axis": "y", "origin": [0.55, -3.35, -0.4]},
			"faces": {
				"north": {"uv": [1, 6, 1.5, 6.25], "texture": "#texture"},
				"east": {"uv": [7.75, 6, 8.25, 6.25], "texture": "#texture"},
				"south": {"uv": [14.5, 6, 15, 6.25], "texture": "#texture"},
				"west": {"uv": [7.75, 6, 8.25, 6.25], "texture": "#texture"},
				"up": {"uv": [14.5, 7.75, 15, 8.25], "texture": "#texture"}
			}
		},
		{
			"from": [14.775, 8.225, 7.175],
			"to": [14.925, 8.375, 8.025],
			"rotation": {"angle": 0, "axis": "y", "origin": [0.55, -3.35, -0.4]},
			"faces": {
				"north": {"uv": [1, 6, 1.5, 6.25], "texture": "#texture"},
				"east": {"uv": [7.75, 6, 8.25, 6.25], "texture": "#texture"},
				"south": {"uv": [14.5, 6, 15, 6.25], "texture": "#texture"},
				"west": {"uv": [7.75, 6, 8.25, 6.25], "texture": "#texture"},
				"up": {"uv": [14.5, 7.75, 15, 8.25], "texture": "#texture"}
			}
		},
		{
			"from": [15.975, 8.225, 7.175],
			"to": [16.125, 8.375, 8.025],
			"rotation": {"angle": 0, "axis": "y", "origin": [0.55, -3.35, -0.4]},
			"faces": {
				"north": {"uv": [1, 6, 1.5, 6.25], "texture": "#texture"},
				"east": {"uv": [7.75, 6, 8.25, 6.25], "texture": "#texture"},
				"south": {"uv": [14.5, 6, 15, 6.25], "texture": "#texture"},
				"west": {"uv": [7.75, 6, 8.25, 6.25], "texture": "#texture"},
				"up": {"uv": [14.5, 7.75, 15, 8.25], "texture": "#texture"}
			}
		},
		{
			"from": [15.675, 8.225, 7.175],
			"to": [15.825, 8.375, 8.025],
			"rotation": {"angle": 0, "axis": "y", "origin": [0.55, -3.35, -0.4]},
			"faces": {
				"north": {"uv": [1, 6, 1.5, 6.25], "texture": "#texture"},
				"east": {"uv": [7.75, 6, 8.25, 6.25], "texture": "#texture"},
				"south": {"uv": [14.5, 6, 15, 6.25], "texture": "#texture"},
				"west": {"uv": [7.75, 6, 8.25, 6.25], "texture": "#texture"},
				"up": {"uv": [14.5, 7.75, 15, 8.25], "texture": "#texture"}
			}
		},
		{
			"from": [16.575, 8.225, 7.175],
			"to": [16.725, 8.375, 8.025],
			"rotation": {"angle": 0, "axis": "y", "origin": [0.55, -3.35, -0.4]},
			"faces": {
				"north": {"uv": [1, 6, 1.5, 6.25], "texture": "#texture"},
				"east": {"uv": [7.75, 6, 8.25, 6.25], "texture": "#texture"},
				"south": {"uv": [14.5, 6, 15, 6.25], "texture": "#texture"},
				"west": {"uv": [7.75, 6, 8.25, 6.25], "texture": "#texture"},
				"up": {"uv": [14.5, 7.75, 15, 8.25], "texture": "#texture"}
			}
		},
		{
			"from": [16.275, 8.225, 7.175],
			"to": [16.425, 8.375, 8.025],
			"rotation": {"angle": 0, "axis": "y", "origin": [0.55, -3.35, -0.4]},
			"faces": {
				"north": {"uv": [1, 6, 1.5, 6.25], "texture": "#texture"},
				"east": {"uv": [7.75, 6, 8.25, 6.25], "texture": "#texture"},
				"south": {"uv": [14.5, 6, 15, 6.25], "texture": "#texture"},
				"west": {"uv": [7.75, 6, 8.25, 6.25], "texture": "#texture"},
				"up": {"uv": [14.5, 7.75, 15, 8.25], "texture": "#texture"}
			}
		},
		{
			"from": [14.475, 8.225, 7.175],
			"to": [14.625, 8.375, 8.025],
			"rotation": {"angle": 0, "axis": "y", "origin": [0.55, -3.35, -0.4]},
			"faces": {
				"north": {"uv": [1, 6, 1.5, 6.25], "texture": "#texture"},
				"east": {"uv": [7.75, 6, 8.25, 6.25], "texture": "#texture"},
				"south": {"uv": [14.5, 6, 15, 6.25], "texture": "#texture"},
				"west": {"uv": [7.75, 6, 8.25, 6.25], "texture": "#texture"},
				"up": {"uv": [14.5, 7.75, 15, 8.25], "texture": "#texture"}
			}
		},
		{
			"from": [14.175, 8.225, 7.175],
			"to": [14.325, 8.375, 8.025],
			"rotation": {"angle": 0, "axis": "y", "origin": [0.55, -3.35, -0.4]},
			"faces": {
				"north": {"uv": [1, 6, 1.5, 6.25], "texture": "#texture"},
				"east": {"uv": [7.75, 6, 8.25, 6.25], "texture": "#texture"},
				"south": {"uv": [14.5, 6, 15, 6.25], "texture": "#texture"},
				"west": {"uv": [7.75, 6, 8.25, 6.25], "texture": "#texture"},
				"up": {"uv": [14.5, 7.75, 15, 8.25], "texture": "#texture"}
			}
		},
		{
			"from": [12.35, 8.225, 7.175],
			"to": [12.5, 8.375, 8.025],
			"rotation": {"angle": 0, "axis": "y", "origin": [0.55, -3.35, -0.4]},
			"faces": {
				"north": {"uv": [1, 6, 1.5, 6.25], "texture": "#texture"},
				"east": {"uv": [7.75, 6, 8.25, 6.25], "texture": "#texture"},
				"south": {"uv": [14.5, 6, 15, 6.25], "texture": "#texture"},
				"west": {"uv": [7.75, 6, 8.25, 6.25], "texture": "#texture"},
				"up": {"uv": [14.5, 7.75, 15, 8.25], "texture": "#texture"}
			}
		},
		{
			"from": [12.05, 8.225, 7.175],
			"to": [12.2, 8.375, 8.025],
			"rotation": {"angle": 0, "axis": "y", "origin": [0.55, -3.35, -0.4]},
			"faces": {
				"north": {"uv": [1, 6, 1.5, 6.25], "texture": "#texture"},
				"east": {"uv": [7.75, 6, 8.25, 6.25], "texture": "#texture"},
				"south": {"uv": [14.5, 6, 15, 6.25], "texture": "#texture"},
				"west": {"uv": [7.75, 6, 8.25, 6.25], "texture": "#texture"},
				"up": {"uv": [14.5, 7.75, 15, 8.25], "texture": "#texture"}
			}
		},
		{
			"from": [11.75, 8.225, 7.175],
			"to": [11.9, 8.375, 8.025],
			"rotation": {"angle": 0, "axis": "y", "origin": [0.55, -3.35, -0.4]},
			"faces": {
				"north": {"uv": [1, 6, 1.5, 6.25], "texture": "#texture"},
				"east": {"uv": [7.75, 6, 8.25, 6.25], "texture": "#texture"},
				"south": {"uv": [14.5, 6, 15, 6.25], "texture": "#texture"},
				"west": {"uv": [7.75, 6, 8.25, 6.25], "texture": "#texture"},
				"up": {"uv": [14.5, 7.75, 15, 8.25], "texture": "#texture"}
			}
		},
		{
			"from": [11.45, 8.225, 7.175],
			"to": [11.6, 8.375, 8.025],
			"rotation": {"angle": 0, "axis": "y", "origin": [0.55, -3.35, -0.4]},
			"faces": {
				"north": {"uv": [1, 6, 1.5, 6.25], "texture": "#texture"},
				"east": {"uv": [7.75, 6, 8.25, 6.25], "texture": "#texture"},
				"south": {"uv": [14.5, 6, 15, 6.25], "texture": "#texture"},
				"west": {"uv": [7.75, 6, 8.25, 6.25], "texture": "#texture"},
				"up": {"uv": [14.5, 7.75, 15, 8.25], "texture": "#texture"}
			}
		},
		{
			"from": [11.15, 8.225, 7.175],
			"to": [11.3, 8.375, 8.025],
			"rotation": {"angle": 0, "axis": "y", "origin": [0.55, -3.35, -0.4]},
			"faces": {
				"north": {"uv": [1, 6, 1.5, 6.25], "texture": "#texture"},
				"east": {"uv": [7.75, 6, 8.25, 6.25], "texture": "#texture"},
				"south": {"uv": [14.5, 6, 15, 6.25], "texture": "#texture"},
				"west": {"uv": [7.75, 6, 8.25, 6.25], "texture": "#texture"},
				"up": {"uv": [14.5, 7.75, 15, 8.25], "texture": "#texture"}
			}
		},
		{
			"from": [10.85, 8.225, 7.175],
			"to": [11, 8.375, 8.025],
			"rotation": {"angle": 0, "axis": "y", "origin": [0.55, -3.35, -0.4]},
			"faces": {
				"north": {"uv": [1, 6, 1.5, 6.25], "texture": "#texture"},
				"east": {"uv": [7.75, 6, 8.25, 6.25], "texture": "#texture"},
				"south": {"uv": [14.5, 6, 15, 6.25], "texture": "#texture"},
				"west": {"uv": [7.75, 6, 8.25, 6.25], "texture": "#texture"},
				"up": {"uv": [14.5, 7.75, 15, 8.25], "texture": "#texture"}
			}
		},
		{
			"from": [10.55, 8.225, 7.175],
			"to": [10.7, 8.375, 8.025],
			"rotation": {"angle": 0, "axis": "y", "origin": [0.55, -3.35, -0.4]},
			"faces": {
				"north": {"uv": [1, 6, 1.5, 6.25], "texture": "#texture"},
				"east": {"uv": [7.75, 6, 8.25, 6.25], "texture": "#texture"},
				"south": {"uv": [14.5, 6, 15, 6.25], "texture": "#texture"},
				"west": {"uv": [7.75, 6, 8.25, 6.25], "texture": "#texture"},
				"up": {"uv": [14.5, 7.75, 15, 8.25], "texture": "#texture"}
			}
		},
		{
			"from": [10.25, 8.225, 7.175],
			"to": [10.4, 8.375, 8.025],
			"rotation": {"angle": 0, "axis": "y", "origin": [0.55, -3.35, -0.4]},
			"faces": {
				"north": {"uv": [1, 6, 1.5, 6.25], "texture": "#texture"},
				"east": {"uv": [7.75, 6, 8.25, 6.25], "texture": "#texture"},
				"south": {"uv": [14.5, 6, 15, 6.25], "texture": "#texture"},
				"west": {"uv": [7.75, 6, 8.25, 6.25], "texture": "#texture"},
				"up": {"uv": [14.5, 7.75, 15, 8.25], "texture": "#texture"}
			}
		},
		{
			"from": [9.95, 8.225, 7.175],
			"to": [10.1, 8.375, 8.025],
			"rotation": {"angle": 0, "axis": "y", "origin": [0.55, -3.35, -0.4]},
			"faces": {
				"north": {"uv": [1, 6, 1.5, 6.25], "texture": "#texture"},
				"east": {"uv": [7.75, 6, 8.25, 6.25], "texture": "#texture"},
				"south": {"uv": [14.5, 6, 15, 6.25], "texture": "#texture"},
				"west": {"uv": [7.75, 6, 8.25, 6.25], "texture": "#texture"},
				"up": {"uv": [14.5, 7.75, 15, 8.25], "texture": "#texture"}
			}
		},
		{
			"from": [9.65, 8.225, 7.175],
			"to": [9.8, 8.375, 8.025],
			"rotation": {"angle": 0, "axis": "y", "origin": [0.55, -3.35, -0.4]},
			"faces": {
				"north": {"uv": [1, 6, 1.5, 6.25], "texture": "#texture"},
				"east": {"uv": [7.75, 6, 8.25, 6.25], "texture": "#texture"},
				"south": {"uv": [14.5, 6, 15, 6.25], "texture": "#texture"},
				"west": {"uv": [7.75, 6, 8.25, 6.25], "texture": "#texture"},
				"up": {"uv": [14.5, 7.75, 15, 8.25], "texture": "#texture"}
			}
		},
		{
			"from": [9.35, 8.225, 7.175],
			"to": [9.5, 8.375, 8.025],
			"rotation": {"angle": 0, "axis": "y", "origin": [0.55, -3.35, -0.4]},
			"faces": {
				"north": {"uv": [1, 6, 1.5, 6.25], "texture": "#texture"},
				"east": {"uv": [7.75, 6, 8.25, 6.25], "texture": "#texture"},
				"south": {"uv": [14.5, 6, 15, 6.25], "texture": "#texture"},
				"west": {"uv": [7.75, 6, 8.25, 6.25], "texture": "#texture"},
				"up": {"uv": [14.5, 7.75, 15, 8.25], "texture": "#texture"}
			}
		},
		{
			"from": [9.05, 8.225, 7.175],
			"to": [9.2, 8.375, 8.025],
			"rotation": {"angle": 0, "axis": "y", "origin": [0.55, -3.35, -0.4]},
			"faces": {
				"north": {"uv": [1, 6, 1.5, 6.25], "texture": "#texture"},
				"east": {"uv": [7.75, 6, 8.25, 6.25], "texture": "#texture"},
				"south": {"uv": [14.5, 6, 15, 6.25], "texture": "#texture"},
				"west": {"uv": [7.75, 6, 8.25, 6.25], "texture": "#texture"},
				"up": {"uv": [14.5, 7.75, 15, 8.25], "texture": "#texture"}
			}
		},
		{
			"from": [8.75, 8.225, 7.175],
			"to": [8.9, 8.375, 8.025],
			"rotation": {"angle": 0, "axis": "y", "origin": [0.55, -3.35, -0.4]},
			"faces": {
				"north": {"uv": [1, 6, 1.5, 6.25], "texture": "#texture"},
				"east": {"uv": [7.75, 6, 8.25, 6.25], "texture": "#texture"},
				"south": {"uv": [14.5, 6, 15, 6.25], "texture": "#texture"},
				"west": {"uv": [7.75, 6, 8.25, 6.25], "texture": "#texture"},
				"up": {"uv": [14.5, 7.75, 15, 8.25], "texture": "#texture"}
			}
		},
		{
			"from": [8.45, 8.225, 7.175],
			"to": [8.6, 8.375, 8.025],
			"rotation": {"angle": 0, "axis": "y", "origin": [0.55, -3.35, -0.4]},
			"faces": {
				"north": {"uv": [1, 6, 1.5, 6.25], "texture": "#texture"},
				"east": {"uv": [7.75, 6, 8.25, 6.25], "texture": "#texture"},
				"south": {"uv": [14.5, 6, 15, 6.25], "texture": "#texture"},
				"west": {"uv": [7.75, 6, 8.25, 6.25], "texture": "#texture"},
				"up": {"uv": [14.5, 7.75, 15, 8.25], "texture": "#texture"}
			}
		},
		{
			"from": [8.15, 8.225, 7.175],
			"to": [8.3, 8.375, 8.025],
			"rotation": {"angle": 0, "axis": "y", "origin": [0.55, -3.35, -0.4]},
			"faces": {
				"north": {"uv": [1, 6, 1.5, 6.25], "texture": "#texture"},
				"east": {"uv": [7.75, 6, 8.25, 6.25], "texture": "#texture"},
				"south": {"uv": [14.5, 6, 15, 6.25], "texture": "#texture"},
				"west": {"uv": [7.75, 6, 8.25, 6.25], "texture": "#texture"},
				"up": {"uv": [14.5, 7.75, 15, 8.25], "texture": "#texture"}
			}
		},
		{
			"from": [7.85, 8.225, 7.175],
			"to": [8, 8.375, 8.025],
			"rotation": {"angle": 0, "axis": "y", "origin": [0.55, -3.35, -0.4]},
			"faces": {
				"north": {"uv": [1, 6, 1.5, 6.25], "texture": "#texture"},
				"east": {"uv": [7.75, 6, 8.25, 6.25], "texture": "#texture"},
				"south": {"uv": [14.5, 6, 15, 6.25], "texture": "#texture"},
				"west": {"uv": [7.75, 6, 8.25, 6.25], "texture": "#texture"},
				"up": {"uv": [14.5, 7.75, 15, 8.25], "texture": "#texture"}
			}
		},
		{
			"from": [7.55, 8.225, 7.175],
			"to": [7.7, 8.375, 8.025],
			"rotation": {"angle": 0, "axis": "y", "origin": [0.55, -3.35, -0.4]},
			"faces": {
				"north": {"uv": [1, 6, 1.5, 6.25], "texture": "#texture"},
				"east": {"uv": [7.75, 6, 8.25, 6.25], "texture": "#texture"},
				"south": {"uv": [14.5, 6, 15, 6.25], "texture": "#texture"},
				"west": {"uv": [7.75, 6, 8.25, 6.25], "texture": "#texture"},
				"up": {"uv": [14.5, 7.75, 15, 8.25], "texture": "#texture"}
			}
		},
		{
			"from": [7.25, 8.225, 7.175],
			"to": [7.4, 8.375, 8.025],
			"rotation": {"angle": 0, "axis": "y", "origin": [0.55, -3.35, -0.4]},
			"faces": {
				"north": {"uv": [1, 6, 1.5, 6.25], "texture": "#texture"},
				"east": {"uv": [7.75, 6, 8.25, 6.25], "texture": "#texture"},
				"south": {"uv": [14.5, 6, 15, 6.25], "texture": "#texture"},
				"west": {"uv": [7.75, 6, 8.25, 6.25], "texture": "#texture"},
				"up": {"uv": [14.5, 7.75, 15, 8.25], "texture": "#texture"}
			}
		},
		{
			"from": [6.95, 8.225, 7.175],
			"to": [7.1, 8.375, 8.025],
			"rotation": {"angle": 0, "axis": "y", "origin": [0.55, -3.35, -0.4]},
			"faces": {
				"north": {"uv": [1, 6, 1.5, 6.25], "texture": "#texture"},
				"east": {"uv": [7.75, 6, 8.25, 6.25], "texture": "#texture"},
				"south": {"uv": [14.5, 6, 15, 6.25], "texture": "#texture"},
				"west": {"uv": [7.75, 6, 8.25, 6.25], "texture": "#texture"},
				"up": {"uv": [14.5, 7.75, 15, 8.25], "texture": "#texture"}
			}
		},
		{
			"from": [6.65, 8.225, 7.175],
			"to": [6.8, 8.375, 8.025],
			"rotation": {"angle": 0, "axis": "y", "origin": [0.55, -3.35, -0.4]},
			"faces": {
				"north": {"uv": [1, 6, 1.5, 6.25], "texture": "#texture"},
				"east": {"uv": [7.75, 6, 8.25, 6.25], "texture": "#texture"},
				"south": {"uv": [14.5, 6, 15, 6.25], "texture": "#texture"},
				"west": {"uv": [7.75, 6, 8.25, 6.25], "texture": "#texture"},
				"up": {"uv": [14.5, 7.75, 15, 8.25], "texture": "#texture"}
			}
		},
		{
			"from": [6.35, 8.225, 7.175],
			"to": [6.5, 8.375, 8.025],
			"rotation": {"angle": 0, "axis": "y", "origin": [0.55, -3.35, -0.4]},
			"faces": {
				"north": {"uv": [1, 6, 1.5, 6.25], "texture": "#texture"},
				"east": {"uv": [7.75, 6, 8.25, 6.25], "texture": "#texture"},
				"south": {"uv": [14.5, 6, 15, 6.25], "texture": "#texture"},
				"west": {"uv": [7.75, 6, 8.25, 6.25], "texture": "#texture"},
				"up": {"uv": [14.5, 7.75, 15, 8.25], "texture": "#texture"}
			}
		},
		{
			"from": [6.05, 8.225, 7.175],
			"to": [6.2, 8.375, 8.025],
			"rotation": {"angle": 0, "axis": "y", "origin": [0.55, -3.35, -0.4]},
			"faces": {
				"north": {"uv": [1, 6, 1.5, 6.25], "texture": "#texture"},
				"east": {"uv": [7.75, 6, 8.25, 6.25], "texture": "#texture"},
				"south": {"uv": [14.5, 6, 15, 6.25], "texture": "#texture"},
				"west": {"uv": [7.75, 6, 8.25, 6.25], "texture": "#texture"},
				"up": {"uv": [14.5, 7.75, 15, 8.25], "texture": "#texture"}
			}
		},
		{
			"from": [5.75, 8.225, 7.175],
			"to": [5.9, 8.375, 8.025],
			"rotation": {"angle": 0, "axis": "y", "origin": [0.55, -3.35, -0.4]},
			"faces": {
				"north": {"uv": [1, 6, 1.5, 6.25], "texture": "#texture"},
				"east": {"uv": [7.75, 6, 8.25, 6.25], "texture": "#texture"},
				"south": {"uv": [14.5, 6, 15, 6.25], "texture": "#texture"},
				"west": {"uv": [7.75, 6, 8.25, 6.25], "texture": "#texture"},
				"up": {"uv": [14.5, 7.75, 15, 8.25], "texture": "#texture"}
			}
		},
		{
			"from": [5.45, 8.225, 7.175],
			"to": [5.6, 8.375, 8.025],
			"rotation": {"angle": 0, "axis": "y", "origin": [0.55, -3.35, -0.4]},
			"faces": {
				"north": {"uv": [1, 6, 1.5, 6.25], "texture": "#texture"},
				"east": {"uv": [7.75, 6, 8.25, 6.25], "texture": "#texture"},
				"south": {"uv": [14.5, 6, 15, 6.25], "texture": "#texture"},
				"west": {"uv": [7.75, 6, 8.25, 6.25], "texture": "#texture"},
				"up": {"uv": [14.5, 7.75, 15, 8.25], "texture": "#texture"}
			}
		},
		{
			"from": [5.15, 8.225, 7.175],
			"to": [5.3, 8.375, 8.025],
			"rotation": {"angle": 0, "axis": "y", "origin": [0.55, -3.35, -0.4]},
			"faces": {
				"north": {"uv": [1, 6, 1.5, 6.25], "texture": "#texture"},
				"east": {"uv": [7.75, 6, 8.25, 6.25], "texture": "#texture"},
				"south": {"uv": [14.5, 6, 15, 6.25], "texture": "#texture"},
				"west": {"uv": [7.75, 6, 8.25, 6.25], "texture": "#texture"},
				"up": {"uv": [14.5, 7.75, 15, 8.25], "texture": "#texture"}
			}
		},
		{
			"from": [4.85, 8.225, 7.175],
			"to": [5, 8.375, 8.025],
			"rotation": {"angle": 0, "axis": "y", "origin": [0.55, -3.35, -0.4]},
			"faces": {
				"north": {"uv": [1, 6, 1.5, 6.25], "texture": "#texture"},
				"east": {"uv": [7.75, 6, 8.25, 6.25], "texture": "#texture"},
				"south": {"uv": [14.5, 6, 15, 6.25], "texture": "#texture"},
				"west": {"uv": [7.75, 6, 8.25, 6.25], "texture": "#texture"},
				"up": {"uv": [14.5, 7.75, 15, 8.25], "texture": "#texture"}
			}
		},
		{
			"from": [17.3, 1.325, 6.975],
			"to": [17.575, 3.225, 8.225],
			"rotation": {"angle": 22.5, "axis": "z", "origin": [16.75, 5.975, 6.85]},
			"faces": {
				"north": {"uv": [8, 10.4, 9.65, 11.95], "rotation": 270, "texture": "#texture", "cullface": "east"},
				"east": {"uv": [8, 10.3, 9.75, 12], "rotation": 90, "texture": "#texture", "cullface": "east"},
				"south": {"uv": [8, 10.3, 9.75, 11.85], "rotation": 90, "texture": "#texture", "cullface": "east"},
				"west": {"uv": [8, 10.3, 9.75, 12], "rotation": 90, "texture": "#texture", "cullface": "east"},
				"up": {"uv": [8, 10.35, 9.6, 11.9], "rotation": 90, "texture": "#texture", "cullface": "east"},
				"down": {"uv": [8, 10.35, 9.7, 11.9], "rotation": 90, "texture": "#texture", "cullface": "east"}
			}
		},
		{
			"from": [17.3, 3.225, 6.975],
			"to": [17.575, 4.225, 8.225],
			"rotation": {"angle": 22.5, "axis": "z", "origin": [16.75, 5.975, 6.85]},
			"faces": {
				"north": {"uv": [8, 11.4, 8.65, 11.95], "rotation": 270, "texture": "#1", "cullface": "east"},
				"east": {"uv": [9, 11.3, 9.75, 12], "rotation": 90, "texture": "#1", "cullface": "east"},
				"south": {"uv": [9, 11.3, 9.75, 11.85], "rotation": 90, "texture": "#1", "cullface": "east"},
				"west": {"uv": [9, 11.3, 9.75, 12], "rotation": 90, "texture": "#1", "cullface": "east"},
				"up": {"uv": [9, 11.35, 9.6, 11.9], "rotation": 90, "texture": "#1", "cullface": "east"},
				"down": {"uv": [9, 11.35, 9.7, 11.9], "rotation": 90, "texture": "#1", "cullface": "east"}
			}
		},
		{
			"from": [15.8, 0.575, 6.975],
			"to": [17.3, 4.475, 8.225],
			"rotation": {"angle": 22.5, "axis": "z", "origin": [16.75, 5.975, 6.85]},
			"faces": {
				"north": {"uv": [8, 10.4, 9.65, 11.95], "rotation": 270, "texture": "#1", "cullface": "east"},
				"east": {"uv": [8, 10.3, 9.75, 12], "rotation": 90, "texture": "#1", "cullface": "east"},
				"south": {"uv": [8, 10.3, 9.75, 11.85], "rotation": 90, "texture": "#1", "cullface": "east"},
				"west": {"uv": [8, 10.3, 9.75, 12], "rotation": 90, "texture": "#1", "cullface": "east"},
				"up": {"uv": [8, 10.35, 9.6, 11.9], "rotation": 90, "texture": "#1", "cullface": "east"},
				"down": {"uv": [8, 10.35, 9.7, 11.9], "rotation": 90, "texture": "#1", "cullface": "east"}
			}
		},
		{
			"from": [17.3, 0.575, 6.975],
			"to": [17.55, 1.325, 8.225],
			"rotation": {"angle": 22.5, "axis": "z", "origin": [16.75, 5.975, 6.85]},
			"faces": {
				"north": {"uv": [9, 11.4, 9.65, 11.95], "rotation": 270, "texture": "#1", "cullface": "east"},
				"east": {"uv": [9, 11.3, 9.75, 12], "rotation": 90, "texture": "#1", "cullface": "east"},
				"south": {"uv": [8, 11.3, 8.75, 11.85], "rotation": 90, "texture": "#1", "cullface": "east"},
				"west": {"uv": [9, 11.3, 9.75, 12], "rotation": 90, "texture": "#1", "cullface": "east"},
				"up": {"uv": [9, 11.35, 9.6, 11.9], "rotation": 90, "texture": "#1", "cullface": "east"},
				"down": {"uv": [9, 11.35, 9.7, 11.9], "rotation": 90, "texture": "#1", "cullface": "east"}
			}
		},
		{
			"from": [7.15, 3.65, 6.95],
			"to": [9.175, 4.025, 8.2],
			"rotation": {"angle": 22.5, "axis": "z", "origin": [15.05, 5.6, 6.85]},
			"faces": {
				"north": {"uv": [8, 10.4, 9.65, 11.95], "rotation": 270, "texture": "#1", "cullface": "east"},
				"east": {"uv": [8, 10.3, 9.75, 12], "rotation": 90, "texture": "#1", "cullface": "east"},
				"south": {"uv": [8, 10.3, 9.75, 11.85], "rotation": 90, "texture": "#1", "cullface": "east"},
				"west": {"uv": [8, 10.3, 9.75, 12], "rotation": 90, "texture": "#1", "cullface": "east"},
				"up": {"uv": [8, 10.35, 9.6, 11.9], "rotation": 90, "texture": "#1", "cullface": "east"},
				"down": {"uv": [8, 10.35, 9.7, 11.9], "rotation": 90, "texture": "#1", "cullface": "east"}
			}
		},
		{
			"from": [7.4, 4.025, 6.95],
			"to": [8.925, 7.275, 8.2],
			"rotation": {"angle": 22.5, "axis": "z", "origin": [15.05, 5.6, 6.85]},
			"faces": {
				"north": {"uv": [8, 10.4, 9.65, 11.95], "rotation": 270, "texture": "#1", "cullface": "east"},
				"east": {"uv": [8, 10.3, 9.75, 12], "rotation": 90, "texture": "#1", "cullface": "east"},
				"south": {"uv": [8, 10.3, 9.75, 11.85], "rotation": 90, "texture": "#1", "cullface": "east"},
				"west": {"uv": [8, 10.3, 9.75, 12], "rotation": 90, "texture": "#1", "cullface": "east"},
				"up": {"uv": [8, 10.35, 9.6, 11.9], "rotation": 90, "texture": "#1", "cullface": "east"},
				"down": {"uv": [8, 10.35, 9.7, 11.9], "rotation": 90, "texture": "#1", "cullface": "east"}
			}
		},
		{
			"from": [7.4, 7.275, 6.95],
			"to": [7.975, 7.775, 8.2],
			"rotation": {"angle": 22.5, "axis": "z", "origin": [15.05, 5.6, 6.85]},
			"faces": {
				"north": {"uv": [9, 11.4, 9.65, 11.95], "rotation": 270, "texture": "#1", "cullface": "east"},
				"east": {"uv": [9, 11.3, 9.75, 12], "rotation": 90, "texture": "#1", "cullface": "east"},
				"south": {"uv": [9, 11.3, 9.75, 11.85], "rotation": 90, "texture": "#1", "cullface": "east"},
				"west": {"uv": [9, 11.3, 9.75, 12], "rotation": 90, "texture": "#1", "cullface": "east"},
				"up": {"uv": [9, 11.35, 9.6, 11.9], "rotation": 90, "texture": "#1", "cullface": "east"},
				"down": {"uv": [9, 11.35, 9.7, 11.9], "rotation": 90, "texture": "#1", "cullface": "east"}
			}
		},
		{
			"from": [7.9, 7.275, 6.95],
			"to": [8.225, 7.525, 8.2],
			"rotation": {"angle": 22.5, "axis": "z", "origin": [15.05, 5.6, 6.85]},
			"faces": {
				"north": {"uv": [9, 11.4, 9.65, 11.95], "rotation": 270, "texture": "#1", "cullface": "east"},
				"east": {"uv": [9, 11.3, 9.75, 12], "rotation": 90, "texture": "#1", "cullface": "east"},
				"south": {"uv": [9, 11.3, 9.75, 11.85], "rotation": 90, "texture": "#1", "cullface": "east"},
				"west": {"uv": [9, 11.3, 9.75, 12], "rotation": 90, "texture": "#1", "cullface": "east"},
				"up": {"uv": [9, 11.35, 9.6, 11.9], "rotation": 90, "texture": "#1", "cullface": "east"},
				"down": {"uv": [9, 11.35, 9.7, 11.9], "rotation": 90, "texture": "#1", "cullface": "east"}
			}
		},
		{
			"from": [15.55, 0.2, 6.975],
			"to": [17.825, 0.575, 8.225],
			"rotation": {"angle": 22.5, "axis": "z", "origin": [16.75, 5.975, 6.85]},
			"faces": {
				"north": {"uv": [8, 10.4, 9.65, 11.95], "rotation": 270, "texture": "#1", "cullface": "east"},
				"east": {"uv": [8, 10.3, 9.75, 12], "rotation": 90, "texture": "#1", "cullface": "east"},
				"south": {"uv": [8, 10.3, 9.75, 11.85], "rotation": 90, "texture": "#1", "cullface": "east"},
				"west": {"uv": [8, 10.3, 9.75, 12], "rotation": 90, "texture": "#1", "cullface": "east"},
				"up": {"uv": [8, 10.35, 9.6, 11.9], "rotation": 90, "texture": "#1", "cullface": "east"},
				"down": {"uv": [8, 10.35, 9.7, 11.9], "rotation": 90, "texture": "#1", "cullface": "east"}
			}
		},
		{
			"from": [16.475, -2.975, 7.1],
			"to": [16.725, -1.225, 8.1],
			"rotation": {"angle": 22.5, "axis": "z", "origin": [1.25, -3.175, -0.4]},
			"faces": {
				"north": {"uv": [2.5, 8.75, 2.75, 10], "texture": "#1"},
				"east": {"uv": [7.5, 8.75, 8.5, 10], "texture": "#1"},
				"south": {"uv": [13.25, 8.75, 13.5, 10], "texture": "#1"},
				"west": {"uv": [7.5, 8.75, 8.5, 10], "texture": "#1"},
				"down": {"uv": [2.75, 8.5, 2.5, 7.5], "texture": "#1"}
			}
		},
		{
			"from": [15.25, 2.825, 7.1],
			"to": [17.5, 3.075, 8.1],
			"rotation": {"angle": 0, "axis": "y", "origin": [1.25, -3.175, -0.4]},
			"faces": {
				"north": {"uv": [0.75, 10, 2.5, 10.25], "texture": "#1"},
				"east": {"uv": [7.5, 10, 8.5, 10.25], "texture": "#1"},
				"south": {"uv": [13.5, 10, 15.25, 10.25], "texture": "#1"},
				"west": {"uv": [7.5, 10, 8.5, 10.25], "texture": "#1"},
				"up": {"uv": [13.5, 7.5, 15.25, 8.5], "texture": "#1"},
				"down": {"uv": [2.5, 8.5, 0.75, 7.5], "texture": "#1"}
			}
		},
		{
			"from": [16.55, 3.525, 7.35],
			"to": [17.375, 4.775, 7.85],
			"rotation": {"angle": -22.5, "axis": "z", "origin": [15.675, 4.3, 7.35]},
			"faces": {
				"north": {"uv": [0.75, 2, 1.25, 3.25], "texture": "#texture"},
				"east": {"uv": [7.75, 2, 8.25, 3.25], "texture": "#texture"},
				"south": {"uv": [14.75, 2, 15.25, 3.25], "texture": "#texture"},
				"west": {"uv": [7.75, 2, 8.25, 3.25], "texture": "#texture"},
				"down": {"uv": [1.25, 8.25, 0.75, 7.75], "texture": "#texture"}
			}
		},
		{
			"from": [16.15, 3.375, 7.35],
			"to": [16.525, 4.6, 7.85],
			"rotation": {"angle": 22.5, "axis": "z", "origin": [15.675, 4.3, 7.35]},
			"faces": {
				"north": {"uv": [0.75, 2, 1.25, 3.25], "texture": "#texture"},
				"east": {"uv": [7.75, 2, 8.25, 3.25], "texture": "#texture"},
				"south": {"uv": [14.75, 2, 15.25, 3.25], "texture": "#texture"},
				"west": {"uv": [7.75, 2, 8.25, 3.25], "texture": "#texture"},
				"down": {"uv": [1.25, 8.25, 0.75, 7.75], "texture": "#texture"}
			}
		},
		{
			"name": "Element",
			"from": [4.1, 7.325, 6.85],
			"to": [14.05, 7.575, 7.4],
			"rotation": {"angle": 0, "axis": "y", "origin": [0.55, -3.35, -0.4]},
			"faces": {
				"north": {"uv": [16, 5.75, 15, 6], "texture": "#texture"},
				"east": {"uv": [7.75, 5.75, 8.25, 6], "texture": "#texture"},
				"south": {"uv": [0, 5.75, 1, 6], "texture": "#texture"},
				"west": {"uv": [7.75, 5.75, 8.25, 6], "texture": "#texture", "cullface": "west"},
				"up": {"uv": [0, 7.75, 1, 8.25], "texture": "#texture"},
				"down": {"uv": [16, 8.25, 15, 7.75], "texture": "#texture"}
			}
		},
		{
			"name": "Element",
			"from": [4.25, 5.275, 7.8],
			"to": [13.2, 6.325, 8.35],
			"rotation": {"angle": 0, "axis": "y", "origin": [0.55, -3.35, -0.4]},
			"faces": {
				"north": {"uv": [16, 5.75, 15, 6], "texture": "#texture"},
				"east": {"uv": [7.75, 5.75, 8.25, 6], "texture": "#texture"},
				"south": {"uv": [0, 5.75, 1, 6], "texture": "#texture"},
				"west": {"uv": [7.75, 5.75, 8.25, 6], "texture": "#texture", "cullface": "west"},
				"up": {"uv": [0, 7.75, 1, 8.25], "texture": "#texture"},
				"down": {"uv": [16, 8.25, 15, 7.75], "texture": "#texture"}
			}
		},
		{
			"from": [4.15, 5.55, 7.825],
			"to": [4.9, 6.05, 8.325],
			"rotation": {"angle": 0, "axis": "y", "origin": [0.55, -3.35, -0.4]},
			"faces": {
				"north": {"uv": [16, 7.5, 15, 8], "texture": "#texture", "cullface": "west"},
				"south": {"uv": [0, 7.5, 1, 8], "texture": "#texture", "cullface": "west"},
				"west": {"uv": [7.75, 7.5, 8.25, 8], "texture": "#texture", "cullface": "west"},
				"up": {"uv": [0, 0, 1, 1], "texture": "#texture"},
				"down": {"uv": [0, 0, 1, 1], "texture": "#texture"}
			}
		},
		{
			"from": [4.525, 6.8, 6.875],
			"to": [5.275, 7.3, 7.375],
			"rotation": {"angle": 0, "axis": "y", "origin": [0.55, -3.35, -0.4]},
			"faces": {
				"north": {"uv": [16, 12, 15, 11], "texture": "#texture", "cullface": "west"},
				"south": {"uv": [16, 11, 15, 12], "texture": "#texture", "cullface": "west"},
				"west": {"uv": [16, 11, 15, 12], "texture": "#texture", "cullface": "west"},
				"up": {"uv": [16, 11, 15, 12], "texture": "#texture"}
			}
		},
		{
			"from": [4.525, 6.8, 7.825],
			"to": [5.275, 7.3, 8.325],
			"rotation": {"angle": 0, "axis": "y", "origin": [0.55, -3.35, -0.4]},
			"faces": {
				"north": {"uv": [16, 12, 15, 11], "texture": "#texture", "cullface": "west"},
				"south": {"uv": [16, 11, 15, 12], "texture": "#texture", "cullface": "west"},
				"west": {"uv": [16, 11, 15, 12], "texture": "#texture", "cullface": "west"},
				"up": {"uv": [16, 11, 15, 12], "texture": "#texture"}
			}
		},
		{
			"name": "Element",
			"from": [4.1, 6.525, 7.8],
			"to": [14.05, 6.775, 8.35],
			"rotation": {"angle": 0, "axis": "y", "origin": [0.55, -3.35, -0.4]},
			"faces": {
				"north": {"uv": [16, 5.75, 15, 6], "texture": "#texture"},
				"east": {"uv": [7.75, 5.75, 8.25, 6], "texture": "#texture"},
				"south": {"uv": [0, 5.75, 1, 6], "texture": "#texture"},
				"west": {"uv": [7.75, 5.75, 8.25, 6], "texture": "#texture", "cullface": "west"},
				"up": {"uv": [0, 7.75, 1, 8.25], "texture": "#texture"},
				"down": {"uv": [16, 8.25, 15, 7.75], "texture": "#texture"}
			}
		},
		{
			"name": "Element",
			"from": [4.1, 6.775, 8.35],
			"to": [14.05, 7.325, 8.6],
			"rotation": {"angle": 0, "axis": "y", "origin": [0.55, -3.35, -0.4]},
			"faces": {
				"north": {"uv": [0, 7.75, 1, 8.25], "rotation": 180, "texture": "#texture"},
				"east": {"uv": [7.75, 5.75, 8.25, 6], "rotation": 90, "texture": "#texture"},
				"south": {"uv": [16, 8.25, 15, 7.75], "texture": "#texture"},
				"west": {"uv": [7.75, 5.75, 8.25, 6], "rotation": 270, "texture": "#texture", "cullface": "west"},
				"up": {"uv": [0, 5.75, 1, 6], "texture": "#texture"},
				"down": {"uv": [16, 5.75, 15, 6], "rotation": 180, "texture": "#texture"}
			}
		},
		{
			"name": "Element",
			"from": [4.1, 6.775, 7.55],
			"to": [14.05, 7.325, 7.8],
			"rotation": {"angle": 0, "axis": "y", "origin": [0.55, -3.35, -0.4]},
			"faces": {
				"north": {"uv": [0, 7.75, 1, 8.25], "rotation": 180, "texture": "#texture"},
				"east": {"uv": [7.75, 5.75, 8.25, 6], "rotation": 90, "texture": "#texture"},
				"south": {"uv": [16, 8.25, 15, 7.75], "texture": "#texture"},
				"west": {"uv": [7.75, 5.75, 8.25, 6], "rotation": 270, "texture": "#texture", "cullface": "west"},
				"up": {"uv": [0, 5.75, 1, 6], "texture": "#texture"},
				"down": {"uv": [16, 5.75, 15, 6], "rotation": 180, "texture": "#texture"}
			}
		},
		{
			"name": "Element",
			"from": [4.1, 7.325, 7.8],
			"to": [14.05, 7.575, 8.35],
			"rotation": {"angle": 0, "axis": "y", "origin": [0.55, -3.35, -0.4]},
			"faces": {
				"north": {"uv": [16, 5.75, 15, 6], "texture": "#texture"},
				"east": {"uv": [7.75, 5.75, 8.25, 6], "texture": "#texture"},
				"south": {"uv": [0, 5.75, 1, 6], "texture": "#texture"},
				"west": {"uv": [7.75, 5.75, 8.25, 6], "texture": "#texture", "cullface": "west"},
				"up": {"uv": [0, 7.75, 1, 8.25], "texture": "#texture"},
				"down": {"uv": [16, 8.25, 15, 7.75], "texture": "#texture"}
			}
		},
		{
			"name": "Element",
			"from": [4.1, 6.775, 6.6],
			"to": [14.05, 7.325, 6.85],
			"rotation": {"angle": 0, "axis": "y", "origin": [0.55, -3.35, -0.4]},
			"faces": {
				"north": {"uv": [0, 7.75, 1, 8.25], "rotation": 180, "texture": "#texture"},
				"east": {"uv": [7.75, 5.75, 8.25, 6], "rotation": 90, "texture": "#texture"},
				"south": {"uv": [16, 8.25, 15, 7.75], "texture": "#texture"},
				"west": {"uv": [7.75, 5.75, 8.25, 6], "rotation": 270, "texture": "#texture", "cullface": "west"},
				"up": {"uv": [0, 5.75, 1, 6], "texture": "#texture"},
				"down": {"uv": [16, 5.75, 15, 6], "rotation": 180, "texture": "#texture"}
			}
		},
		{
			"name": "Element",
			"from": [4.1, 6.775, 7.4],
			"to": [14.05, 7.325, 7.65],
			"rotation": {"angle": 0, "axis": "y", "origin": [0.55, -3.35, -0.4]},
			"faces": {
				"north": {"uv": [0, 7.75, 1, 8.25], "rotation": 180, "texture": "#texture"},
				"east": {"uv": [7.75, 5.75, 8.25, 6], "rotation": 90, "texture": "#texture"},
				"south": {"uv": [16, 8.25, 15, 7.75], "texture": "#texture"},
				"west": {"uv": [7.75, 5.75, 8.25, 6], "rotation": 270, "texture": "#texture", "cullface": "west"},
				"up": {"uv": [0, 5.75, 1, 6], "texture": "#texture"},
				"down": {"uv": [16, 5.75, 15, 6], "rotation": 180, "texture": "#texture"}
			}
		},
		{
			"name": "Element",
			"from": [4.1, 6.525, 6.85],
			"to": [14.05, 6.775, 7.4],
			"rotation": {"angle": 0, "axis": "y", "origin": [0.55, -3.35, -0.4]},
			"faces": {
				"north": {"uv": [16, 5.75, 15, 6], "texture": "#texture"},
				"east": {"uv": [7.75, 5.75, 8.25, 6], "texture": "#texture"},
				"south": {"uv": [0, 5.75, 1, 6], "texture": "#texture"},
				"west": {"uv": [7.75, 5.75, 8.25, 6], "texture": "#texture", "cullface": "west"},
				"up": {"uv": [0, 7.75, 1, 8.25], "texture": "#texture"},
				"down": {"uv": [16, 8.25, 15, 7.75], "texture": "#texture"}
			}
		},
		{
			"name": "Element",
			"from": [4.25, 5.525, 6.6],
			"to": [13.2, 6.075, 8.6],
			"rotation": {"angle": 0, "axis": "y", "origin": [0.55, -3.35, -0.4]},
			"faces": {
				"north": {"uv": [0, 7.75, 1, 8.25], "rotation": 180, "texture": "#texture"},
				"east": {"uv": [7.75, 5.75, 8.25, 6], "rotation": 90, "texture": "#texture"},
				"south": {"uv": [16, 8.25, 15, 7.75], "texture": "#texture"},
				"west": {"uv": [7.75, 5.75, 8.25, 6], "rotation": 270, "texture": "#texture", "cullface": "west"},
				"up": {"uv": [0, 5.75, 1, 6], "texture": "#texture"},
				"down": {"uv": [16, 5.75, 15, 6], "rotation": 180, "texture": "#texture"}
			}
		},
		{
			"name": "Element",
			"from": [4.25, 5.275, 6.85],
			"to": [13.2, 6.325, 7.4],
			"rotation": {"angle": 0, "axis": "y", "origin": [0.55, -3.35, -0.4]},
			"faces": {
				"north": {"uv": [16, 5.75, 15, 6], "texture": "#texture"},
				"east": {"uv": [7.75, 5.75, 8.25, 6], "texture": "#texture"},
				"south": {"uv": [0, 5.75, 1, 6], "texture": "#texture"},
				"west": {"uv": [7.75, 5.75, 8.25, 6], "texture": "#texture", "cullface": "west"},
				"up": {"uv": [0, 7.75, 1, 8.25], "texture": "#texture"},
				"down": {"uv": [16, 8.25, 15, 7.75], "texture": "#texture"}
			}
		},
		{
			"from": [4.15, 5.55, 6.875],
			"to": [4.9, 6.05, 7.375],
			"rotation": {"angle": 0, "axis": "y", "origin": [0.55, -3.35, -0.4]},
			"faces": {
				"north": {"uv": [16, 7.5, 15, 8], "texture": "#texture", "cullface": "west"},
				"south": {"uv": [0, 7.5, 1, 8], "texture": "#texture", "cullface": "west"},
				"west": {"uv": [7.75, 7.5, 8.25, 8], "texture": "#texture", "cullface": "west"},
				"up": {"uv": [0, 0, 1, 1], "texture": "#texture"},
				"down": {"uv": [0, 0, 1, 1], "texture": "#texture"}
			}
		},
		{
			"from": [14.5, 4.15, 6.55],
			"to": [20.25, 5.5, 8.65],
			"rotation": {"angle": 0, "axis": "y", "origin": [1, -3.35, -0.525]},
			"faces": {
				"north": {"uv": [6.5, 13, 13.75, 14.5], "texture": "#1"},
				"east": {"uv": [15, 13, 16, 14], "texture": "#1"},
				"south": {"uv": [8.75, 13, 16, 14.5], "texture": "#1"},
				"west": {"uv": [7.75, 13, 9.75, 14.5], "texture": "#1"},
				"up": {"uv": [8.75, 13, 16, 15], "texture": "#1"},
				"down": {"uv": [8.75, 15, 1.5, 13], "texture": "#1"}
			}
		},
		{
			"from": [19.25, 5.5, 6.55],
			"to": [20.25, 6.775, 8.65],
			"rotation": {"angle": 0, "axis": "y", "origin": [1, -3.35, -0.525]},
			"faces": {
				"north": {"uv": [11.75, 7, 13, 8.5], "texture": "#1"},
				"east": {"uv": [0, 0, 0, 0], "texture": "#1"},
				"south": {"uv": [14, 7, 15.25, 8.5], "texture": "#1"},
				"west": {"uv": [13, 7, 9, 8.5], "texture": "#1"},
				"up": {"uv": [14, 7, 15.25, 9], "texture": "#1"},
				"down": {"uv": [8, 9, 6.75, 7], "texture": "#1"}
			}
		},
		{
			"from": [13.975, 5.5, 6.8],
			"to": [19.5, 7.65, 8.4],
			"rotation": {"angle": 0, "axis": "y", "origin": [1, -3.35, -0.525]},
			"faces": {
				"north": {"uv": [6, 7, 13.25, 8.5], "texture": "#texture"},
				"east": {"uv": [0, 0, 0, 0], "texture": "#texture"},
				"south": {"uv": [8.25, 7, 15.5, 8.5], "texture": "#texture"},
				"west": {"uv": [7.25, 7, 9.25, 8.5], "texture": "#texture"},
				"up": {"uv": [8.25, 7, 15.5, 9], "texture": "#texture"},
				"down": {"uv": [8.25, 9, 1, 7], "texture": "#texture"}
			}
		},
		{
			"from": [10.525, 5.15, 6.8],
			"to": [14.05, 5.65, 8.4],
			"rotation": {"angle": 0, "axis": "y", "origin": [0.3, -3.35, -0.525]},
			"faces": {
				"north": {"uv": [6, 7, 13.25, 8.5], "texture": "#texture"},
				"east": {"uv": [0, 0, 0, 0], "texture": "#texture"},
				"south": {"uv": [8.25, 7, 15.5, 8.5], "texture": "#texture"},
				"west": {"uv": [7.25, 7, 9.25, 8.5], "texture": "#texture"},
				"up": {"uv": [8.25, 7, 15.5, 9], "texture": "#texture"},
				"down": {"uv": [8.25, 9, 1, 7], "texture": "#texture"}
			}
		},
		{
			"from": [6.275, 6.4, 6.8],
			"to": [9.625, 6.9, 8.4],
			"rotation": {"angle": 0, "axis": "y", "origin": [0.3, -3.35, -0.525]},
			"faces": {
				"north": {"uv": [6, 7, 13.25, 8.5], "texture": "#texture"},
				"east": {"uv": [0, 0, 0, 0], "texture": "#texture"},
				"south": {"uv": [8.25, 7, 15.5, 8.5], "texture": "#texture"},
				"west": {"uv": [7.25, 7, 9.25, 8.5], "texture": "#texture"},
				"up": {"uv": [8.25, 7, 15.5, 9], "texture": "#texture"},
				"down": {"uv": [8.25, 9, 1, 7], "texture": "#texture"}
			}
		},
		{
			"from": [14, 7.525, 6.55],
			"to": [20.25, 7.75, 8.65],
			"rotation": {"angle": 0, "axis": "y", "origin": [1, -3.35, -0.525]},
			"faces": {
				"north": {"uv": [6.5, 13, 13.75, 14.5], "texture": "#1"},
				"east": {"uv": [0, 0, 0, 0], "texture": "#1"},
				"south": {"uv": [8.75, 13, 16, 14.5], "texture": "#1"},
				"west": {"uv": [7.75, 13, 9.75, 14.5], "texture": "#1"},
				"up": {"uv": [8.75, 13, 16, 15], "texture": "#1"},
				"down": {"uv": [8.75, 15, 1.5, 13], "texture": "#1"}
			}
		},
		{
			"from": [14, 6.775, 6.55],
			"to": [20.25, 7.25, 8.65],
			"rotation": {"angle": 0, "axis": "y", "origin": [1, -3.35, -0.525]},
			"faces": {
				"north": {"uv": [6.5, 13, 13.75, 14.5], "texture": "#1"},
				"east": {"uv": [0, 0, 0, 0], "texture": "#1"},
				"south": {"uv": [8.75, 13, 16, 14.5], "texture": "#1"},
				"west": {"uv": [7.75, 13, 9.75, 14.5], "texture": "#1"},
				"up": {"uv": [8.75, 13, 16, 15], "texture": "#1"},
				"down": {"uv": [8.75, 15, 1.5, 13], "texture": "#1"}
			}
		},
		{
			"from": [14, 7.25, 6.55],
			"to": [14.75, 7.525, 8.65],
			"rotation": {"angle": 0, "axis": "y", "origin": [1, -3.35, -0.525]},
			"faces": {
				"north": {"uv": [11.5, 13, 13.75, 14.5], "texture": "#1"},
				"east": {"uv": [15, 13, 16, 14], "texture": "#1"},
				"south": {"uv": [13.75, 13, 16, 14.5], "texture": "#1"},
				"west": {"uv": [12.75, 13, 9.75, 14.5], "texture": "#1"},
				"up": {"uv": [13.75, 13, 16, 15], "texture": "#1"},
				"down": {"uv": [8.75, 15, 6.5, 13], "texture": "#1"}
			}
		},
		{
			"from": [16, 7.25, 6.55],
			"to": [16.5, 7.525, 8.65],
			"rotation": {"angle": 0, "axis": "y", "origin": [1, -3.35, -0.525]},
			"faces": {
				"north": {"uv": [11.5, 13, 13.75, 14.5], "texture": "#1"},
				"east": {"uv": [15, 13, 16, 14], "texture": "#1"},
				"south": {"uv": [13.75, 13, 16, 14.5], "texture": "#1"},
				"west": {"uv": [12.75, 13, 9.75, 14.5], "texture": "#1"},
				"up": {"uv": [13.75, 13, 16, 15], "texture": "#1"},
				"down": {"uv": [8.75, 15, 6.5, 13], "texture": "#1"}
			}
		},
		{
			"from": [17.75, 7.25, 6.55],
			"to": [18.25, 7.525, 8.65],
			"rotation": {"angle": 0, "axis": "y", "origin": [1, -3.35, -0.525]},
			"faces": {
				"north": {"uv": [11.5, 13, 13.75, 14.5], "texture": "#1"},
				"east": {"uv": [15, 13, 16, 14], "texture": "#1"},
				"south": {"uv": [13.75, 13, 16, 14.5], "texture": "#1"},
				"west": {"uv": [12.75, 13, 9.75, 14.5], "texture": "#1"},
				"up": {"uv": [13.75, 13, 16, 15], "texture": "#1"},
				"down": {"uv": [8.75, 15, 6.5, 13], "texture": "#1"}
			}
		},
		{
			"from": [19.5, 7.25, 6.55],
			"to": [20.25, 7.525, 8.65],
			"rotation": {"angle": 0, "axis": "y", "origin": [1, -3.35, -0.525]},
			"faces": {
				"north": {"uv": [11.5, 13, 13.75, 14.5], "texture": "#1"},
				"east": {"uv": [15, 13, 16, 14], "texture": "#1"},
				"south": {"uv": [13.75, 13, 16, 14.5], "texture": "#1"},
				"west": {"uv": [12.75, 13, 9.75, 14.5], "texture": "#1"},
				"up": {"uv": [13.75, 13, 16, 15], "texture": "#1"},
				"down": {"uv": [8.75, 15, 6.5, 13], "texture": "#1"}
			}
		},
		{
			"from": [10.05, 4.9, 6.4],
			"to": [14.8, 5.15, 8.8],
			"rotation": {"angle": 0, "axis": "y", "origin": [-1.2, -3.35, -0.525]},
			"faces": {
				"north": {"uv": [5.75, 13, 13, 14.5], "texture": "#1"},
				"east": {"uv": [15, 13, 16, 14], "texture": "#1"},
				"south": {"uv": [8, 13, 15.25, 14.5], "texture": "#1"},
				"west": {"uv": [7, 13, 9, 14.5], "texture": "#1"},
				"up": {"uv": [8, 13, 15.25, 15], "texture": "#1"},
				"down": {"uv": [8, 15, 0.75, 13], "texture": "#1"}
			}
		},
		{
			"from": [10.55, 5.4, 6.4],
			"to": [14.8, 6.65, 8.8],
			"rotation": {"angle": 0, "axis": "y", "origin": [-1.2, -3.35, -0.525]},
			"faces": {
				"north": {"uv": [5.75, 13, 13, 14.5], "texture": "#1"},
				"east": {"uv": [15, 13, 16, 14], "texture": "#1"},
				"south": {"uv": [8, 13, 15.25, 14.5], "texture": "#1"},
				"west": {"uv": [7, 13, 9, 14.5], "texture": "#1"},
				"up": {"uv": [8, 13, 15.25, 15], "texture": "#1"},
				"down": {"uv": [8, 15, 0.75, 13], "texture": "#1"}
			}
		},
		{
			"from": [14.05, 5.15, 6.4],
			"to": [14.8, 5.4, 8.8],
			"rotation": {"angle": 0, "axis": "y", "origin": [-1.2, -3.35, -0.525]},
			"faces": {
				"north": {"uv": [11.75, 13, 13, 13.5], "texture": "#1"},
				"east": {"uv": [15, 13, 16, 14], "texture": "#1"},
				"south": {"uv": [14, 13, 15.25, 13.5], "texture": "#1"},
				"west": {"uv": [13, 13, 9, 13.5], "texture": "#1"},
				"up": {"uv": [14, 13, 15.25, 14], "texture": "#1"},
				"down": {"uv": [8, 14, 6.75, 13], "texture": "#1"}
			}
		},
		{
			"from": [12.8, 5.15, 6.4],
			"to": [13.05, 5.4, 8.8],
			"rotation": {"angle": 0, "axis": "y", "origin": [-1.2, -3.35, -0.525]},
			"faces": {
				"north": {"uv": [11.75, 13, 13, 13.5], "texture": "#1"},
				"east": {"uv": [15, 13, 16, 14], "texture": "#1"},
				"south": {"uv": [14, 13, 15.25, 13.5], "texture": "#1"},
				"west": {"uv": [13, 13, 9, 13.5], "texture": "#1"},
				"up": {"uv": [14, 13, 15.25, 14], "texture": "#1"},
				"down": {"uv": [8, 14, 6.75, 13], "texture": "#1"}
			}
		},
		{
			"from": [11.55, 5.15, 6.4],
			"to": [11.8, 5.4, 8.8],
			"rotation": {"angle": 0, "axis": "y", "origin": [-1.2, -3.35, -0.525]},
			"faces": {
				"north": {"uv": [11.75, 13, 13, 13.5], "texture": "#1"},
				"east": {"uv": [15, 13, 16, 14], "texture": "#1"},
				"south": {"uv": [14, 13, 15.25, 13.5], "texture": "#1"},
				"west": {"uv": [13, 13, 9, 13.5], "texture": "#1"},
				"up": {"uv": [14, 13, 15.25, 14], "texture": "#1"},
				"down": {"uv": [8, 14, 6.75, 13], "texture": "#1"}
			}
		},
		{
			"from": [6.05, 6.4, 6.4],
			"to": [6.3, 6.65, 8.8],
			"rotation": {"angle": 0, "axis": "y", "origin": [-1.2, -3.35, -0.525]},
			"faces": {
				"north": {"uv": [10.75, 13, 13, 14.5], "texture": "#1"},
				"east": {"uv": [15, 13, 16, 14], "texture": "#1"},
				"south": {"uv": [13, 13, 15.25, 14.5], "texture": "#1"},
				"west": {"uv": [12, 13, 9, 14.5], "texture": "#1"},
				"up": {"uv": [13, 13, 15.25, 15], "texture": "#1"},
				"down": {"uv": [8, 15, 5.75, 13], "texture": "#1"}
			}
		},
		{
			"from": [7.175, 6.4, 6.4],
			"to": [7.425, 6.65, 8.8],
			"rotation": {"angle": 0, "axis": "y", "origin": [-1.2, -3.35, -0.525]},
			"faces": {
				"north": {"uv": [10.75, 13, 13, 14.5], "texture": "#1"},
				"east": {"uv": [15, 13, 16, 14], "texture": "#1"},
				"south": {"uv": [13, 13, 15.25, 14.5], "texture": "#1"},
				"west": {"uv": [12, 13, 9, 14.5], "texture": "#1"},
				"up": {"uv": [13, 13, 15.25, 15], "texture": "#1"},
				"down": {"uv": [8, 15, 5.75, 13], "texture": "#1"}
			}
		},
		{
			"from": [8.375, 6.4, 6.4],
			"to": [8.625, 6.65, 8.8],
			"rotation": {"angle": 0, "axis": "y", "origin": [-1.2, -3.35, -0.525]},
			"faces": {
				"north": {"uv": [10.75, 13, 13, 14.5], "texture": "#1"},
				"east": {"uv": [15, 13, 16, 14], "texture": "#1"},
				"south": {"uv": [13, 13, 15.25, 14.5], "texture": "#1"},
				"west": {"uv": [12, 13, 9, 14.5], "texture": "#1"},
				"up": {"uv": [13, 13, 15.25, 15], "texture": "#1"},
				"down": {"uv": [8, 15, 5.75, 13], "texture": "#1"}
			}
		},
		{
			"from": [6.05, 5.025, 6.4],
			"to": [10.55, 6.4, 8.8],
			"rotation": {"angle": 0, "axis": "y", "origin": [-1.2, -3.475, -0.525]},
			"faces": {
				"north": {"uv": [5.75, 13, 13, 14.5], "texture": "#1"},
				"east": {"uv": [15, 13, 16, 14], "texture": "#1"},
				"south": {"uv": [8, 13, 15.25, 14.5], "texture": "#1"},
				"west": {"uv": [7, 13, 9, 14.5], "texture": "#1"},
				"up": {"uv": [8, 13, 15.25, 15], "texture": "#1"},
				"down": {"uv": [8, 15, 0.75, 13], "texture": "#1"}
			}
		},
		{
			"from": [9.55, 6.4, 6.4],
			"to": [10.55, 6.65, 8.8],
			"rotation": {"angle": 0, "axis": "y", "origin": [-1.2, -3.35, -0.525]},
			"faces": {
				"north": {"uv": [10.75, 13, 13, 14.5], "texture": "#1"},
				"east": {"uv": [15, 13, 16, 14], "texture": "#1"},
				"south": {"uv": [13, 13, 15.25, 14.5], "texture": "#1"},
				"west": {"uv": [12, 13, 9, 14.5], "texture": "#1"},
				"up": {"uv": [13, 13, 15.25, 15], "texture": "#1"},
				"down": {"uv": [8, 15, 5.75, 13], "texture": "#1"}
			}
		},
		{
			"from": [6.05, 6.65, 6.4],
			"to": [9.8, 7.75, 8.8],
			"rotation": {"angle": 0, "axis": "y", "origin": [-1.2, -3.35, -0.525]},
			"faces": {
				"north": {"uv": [5.75, 13, 13, 14.5], "texture": "#1"},
				"east": {"uv": [15, 13, 16, 14], "texture": "#1"},
				"south": {"uv": [8, 13, 15.25, 14.5], "texture": "#1"},
				"west": {"uv": [7, 13, 9, 14.5], "texture": "#1"},
				"up": {"uv": [8, 13, 15.25, 15], "texture": "#1"},
				"down": {"uv": [8, 15, 0.75, 13], "texture": "#1"}
			}
		},
		{
			"from": [5.8, 6.4, 6.4],
			"to": [6.05, 7.75, 8.8],
			"rotation": {"angle": 0, "axis": "y", "origin": [-1.2, -3.35, -0.525]},
			"faces": {
				"north": {"uv": [11.75, 13, 12.75, 14.5], "texture": "#1"},
				"east": {"uv": [15, 13, 16, 14], "texture": "#1"},
				"south": {"uv": [14, 13, 15, 14.5], "texture": "#1"},
				"west": {"uv": [12.75, 13, 9, 14.5], "texture": "#1"},
				"up": {"uv": [14, 13, 15, 15], "texture": "#1"},
				"down": {"uv": [7.75, 15, 6.75, 13], "texture": "#1"}
			}
		},
		{
			"from": [7.05, 4.525, 6.775],
			"to": [9.05, 4.95, 8.4],
			"rotation": {"angle": 0, "axis": "y", "origin": [-0.7, -3.725, -0.525]},
			"faces": {
				"north": {"uv": [9.75, 7, 13, 7.5], "texture": "#1"},
				"east": {"uv": [14, 8, 15, 9], "texture": "#1"},
				"south": {"uv": [12, 7, 15.25, 7.5], "texture": "#1"},
				"west": {"uv": [11, 7, 9, 7.5], "texture": "#1"},
				"up": {"uv": [12, 7, 15.25, 8], "texture": "#1"},
				"down": {"uv": [8, 8, 4.75, 7], "texture": "#1"}
			}
		},
		{
			"from": [20.225, 4.975, 6.55],
			"to": [25.625, 7.75, 8.65],
			"rotation": {"angle": 0, "axis": "y", "origin": [1, -3.075, -0.525]},
			"faces": {
				"north": {"uv": [7.75, 7, 12, 8.75], "texture": "#1"},
				"east": {"uv": [14, 7, 15, 8], "texture": "#1"},
				"south": {"uv": [10, 7, 14.25, 8.75], "texture": "#1"},
				"west": {"uv": [9, 7, 8, 8.75], "texture": "#1"},
				"up": {"uv": [10, 7, 14.25, 9.25], "texture": "#1"},
				"down": {"uv": [7, 9.25, 2.75, 7], "texture": "#1"}
			}
		},
		{
			"from": [20.85, 12.6, 6.575],
			"to": [22.1, 16.675, 8.625],
			"rotation": {"angle": -22.5, "axis": "z", "origin": [1, -3.075, -0.525]},
			"faces": {
				"north": {"uv": [11.75, 7, 13, 8.5], "texture": "#1"},
				"east": {"uv": [14, 7, 15, 8], "texture": "#1"},
				"south": {"uv": [14, 7, 15.25, 8.5], "texture": "#1"},
				"west": {"uv": [13, 7, 9, 8.5], "texture": "#1"},
				"up": {"uv": [14, 7, 15.25, 9], "texture": "#1"},
				"down": {"uv": [8, 9, 6.75, 7], "texture": "#1"}
			}
		},
		{
			"from": [22.1, 12.6, 6.575],
			"to": [22.425, 16.675, 8.625],
			"rotation": {"angle": -22.5, "axis": "z", "origin": [1, -3.075, -0.525]},
			"faces": {
				"north": {"uv": [5, 15, 12.25, 15.5], "texture": "#texture"},
				"east": {"uv": [0, 15, 1, 16], "texture": "#texture"},
				"south": {"uv": [7.25, 15, 14.5, 15.5], "texture": "#texture"},
				"west": {"uv": [6.25, 15, 8.25, 15.5], "texture": "#texture"},
				"up": {"uv": [7.25, 15, 14.5, 16], "texture": "#texture"},
				"down": {"uv": [7.25, 16, 0, 15], "texture": "#texture"}
			}
		},
		{
			"from": [19.6, 13.35, 6.575],
			"to": [20.85, 16.35, 8.625],
			"rotation": {"angle": -22.5, "axis": "z", "origin": [1, -3.075, -0.525]},
			"faces": {
				"north": {"uv": [11.75, 7, 13, 8.5], "texture": "#1"},
				"east": {"uv": [14, 7, 15, 8], "texture": "#1"},
				"south": {"uv": [14, 7, 15.25, 8.5], "texture": "#1"},
				"west": {"uv": [13, 7, 9, 8.5], "texture": "#1"},
				"up": {"uv": [14, 7, 15.25, 9], "texture": "#1"},
				"down": {"uv": [8, 9, 6.75, 7], "texture": "#1"}
			}
		},
		{
			"from": [21.65, -3.475, 6.55],
			"to": [23.1, -2.725, 8.65],
			"rotation": {"angle": 22.5, "axis": "z", "origin": [1, -3.075, -0.525]},
			"faces": {
				"north": {"uv": [12, 7, 13, 8], "texture": "#1"},
				"east": {"uv": [0, 0, 0, 0], "texture": "#1"},
				"south": {"uv": [14, 7, 15, 8], "texture": "#1"},
				"west": {"uv": [13, 7, 9, 8.5], "texture": "#1"},
				"up": {"uv": [14, 7, 15.25, 9], "texture": "#1"},
				"down": {"uv": [8, 9, 6.75, 7], "texture": "#1"}
			}
		},
		{
			"from": [5.25, 8.525, 7.225],
			"to": [5.55, 9, 7.975],
			"rotation": {"angle": 0, "axis": "y", "origin": [1.25, -3.35, -0.4]},
			"faces": {
				"north": {"uv": [1, 6, 1.5, 6.25], "texture": "#texture"},
				"east": {"uv": [7.75, 6, 8.25, 6.25], "texture": "#texture"},
				"south": {"uv": [14.5, 6, 15, 6.25], "texture": "#texture"},
				"west": {"uv": [7.75, 6, 8.25, 6.25], "texture": "#texture"},
				"up": {"uv": [14.5, 7.75, 15, 8.25], "texture": "#texture"}
			}
		},
		{
			"from": [5.25, 9, 7.55],
			"to": [5.55, 9.3, 7.65],
			"rotation": {"angle": 0, "axis": "y", "origin": [1.25, -3.35, -0.4]},
			"faces": {
				"north": {"uv": [1, 6, 1.5, 6.25], "texture": "#texture"},
				"east": {"uv": [7.75, 6, 8.25, 6.25], "texture": "#texture"},
				"south": {"uv": [14.5, 6, 15, 6.25], "texture": "#texture"},
				"west": {"uv": [7.75, 6, 8.25, 6.25], "texture": "#texture"},
				"up": {"uv": [14.5, 7.75, 15, 8.25], "texture": "#texture"}
			}
		},
		{
			"from": [5.25, 8.9, 7.125],
			"to": [5.55, 9.5, 7.325],
			"rotation": {"angle": 0, "axis": "y", "origin": [1.25, -3.35, -0.4]},
			"faces": {
				"north": {"uv": [1, 6, 1.5, 6.25], "texture": "#texture"},
				"east": {"uv": [7.75, 6, 8.25, 6.25], "texture": "#texture"},
				"south": {"uv": [14.5, 6, 15, 6.25], "texture": "#texture"},
				"west": {"uv": [7.75, 6, 8.25, 6.25], "texture": "#texture"},
				"up": {"uv": [14.5, 7.75, 15, 8.25], "texture": "#texture"},
				"down": {"uv": [1, 6, 2, 7], "texture": "#texture"}
			}
		},
		{
			"from": [15.8, 8.225, 7.15],
			"to": [16.375, 8.625, 8.05],
			"rotation": {"angle": 0, "axis": "y", "origin": [1.25, -3.35, -0.4]},
			"faces": {
				"north": {"uv": [1, 6, 1.5, 6.25], "texture": "#texture"},
				"east": {"uv": [7.75, 6, 8.25, 6.25], "texture": "#texture"},
				"south": {"uv": [14.5, 6, 15, 6.25], "texture": "#texture"},
				"west": {"uv": [7.75, 6, 8.25, 6.25], "texture": "#texture"},
				"up": {"uv": [14.5, 7.75, 15, 8.25], "texture": "#texture"}
			}
		},
		{
			"from": [16.05, 8.625, 7.225],
			"to": [16.375, 8.85, 7.975],
			"rotation": {"angle": 0, "axis": "y", "origin": [1.25, -3.35, -0.4]},
			"faces": {
				"north": {"uv": [1, 6, 1.5, 6.25], "texture": "#texture"},
				"east": {"uv": [7.75, 6, 8.25, 6.25], "texture": "#texture"},
				"south": {"uv": [14.5, 6, 15, 6.25], "texture": "#texture"},
				"west": {"uv": [7.75, 6, 8.25, 6.25], "texture": "#texture"},
				"up": {"uv": [14.5, 7.75, 15, 8.25], "texture": "#texture"}
			}
		},
		{
			"from": [16.1, 8.85, 7.475],
			"to": [16.25, 9.1, 7.725],
			"rotation": {"angle": 0, "axis": "y", "origin": [1.25, -3.35, -0.4]},
			"faces": {
				"north": {"uv": [1, 6, 1.5, 6.25], "texture": "#texture"},
				"east": {"uv": [7.75, 6, 8.25, 6.25], "texture": "#texture"},
				"south": {"uv": [14.5, 6, 15, 6.25], "texture": "#texture"},
				"west": {"uv": [7.75, 6, 8.25, 6.25], "texture": "#texture"},
				"up": {"uv": [14.5, 7.75, 15, 8.25], "texture": "#texture"}
			}
		},
		{
			"from": [16.1, 9.4, 7.475],
			"to": [16.25, 9.5, 7.725],
			"rotation": {"angle": 0, "axis": "y", "origin": [1.25, -3.35, -0.4]},
			"faces": {
				"north": {"uv": [1, 6, 1.5, 6.25], "texture": "#texture"},
				"east": {"uv": [7.75, 6, 8.25, 6.25], "texture": "#texture"},
				"south": {"uv": [14.5, 6, 15, 6.25], "texture": "#texture"},
				"west": {"uv": [7.75, 6, 8.25, 6.25], "texture": "#texture"},
				"up": {"uv": [14.5, 7.75, 15, 8.25], "texture": "#texture"},
				"down": {"uv": [1, 6, 2, 7], "texture": "#texture"}
			}
		},
		{
			"from": [16.1, 9.1, 7.725],
			"to": [16.25, 9.4, 7.825],
			"rotation": {"angle": 0, "axis": "y", "origin": [1.25, -3.35, -0.4]},
			"faces": {
				"north": {"uv": [1, 6, 1.5, 6.25], "texture": "#texture"},
				"east": {"uv": [7.75, 6, 8.25, 6.25], "texture": "#texture"},
				"south": {"uv": [14.5, 6, 15, 6.25], "texture": "#texture"},
				"west": {"uv": [7.75, 6, 8.25, 6.25], "texture": "#texture"},
				"up": {"uv": [14.5, 7.75, 15, 8.25], "texture": "#texture"},
				"down": {"uv": [1, 6, 2, 7], "texture": "#texture"}
			}
		},
		{
			"from": [16.1, 9.1, 7.375],
			"to": [16.25, 9.4, 7.475],
			"rotation": {"angle": 0, "axis": "y", "origin": [1.25, -3.35, -0.4]},
			"faces": {
				"north": {"uv": [1, 6, 1.5, 6.25], "texture": "#texture"},
				"east": {"uv": [7.75, 6, 8.25, 6.25], "texture": "#texture"},
				"south": {"uv": [14.5, 6, 15, 6.25], "texture": "#texture"},
				"west": {"uv": [7.75, 6, 8.25, 6.25], "texture": "#texture"},
				"up": {"uv": [14.5, 7.75, 15, 8.25], "texture": "#texture"},
				"down": {"uv": [1, 6, 2, 7], "texture": "#texture"}
			}
		},
		{
			"from": [16.05, 8.75, 7.9],
			"to": [16.375, 9.525, 8.1],
			"rotation": {"angle": 0, "axis": "y", "origin": [1.25, -3.35, -0.4]},
			"faces": {
				"north": {"uv": [1, 6, 1.5, 6.25], "texture": "#texture"},
				"east": {"uv": [7.75, 6, 8.25, 6.25], "texture": "#texture"},
				"south": {"uv": [14.5, 6, 15, 6.25], "texture": "#texture"},
				"west": {"uv": [7.75, 6, 8.25, 6.25], "texture": "#texture"},
				"up": {"uv": [14.5, 7.75, 15, 8.25], "texture": "#texture"},
				"down": {"uv": [1, 6, 2, 7], "texture": "#texture"}
			}
		},
		{
			"from": [16.05, 8.75, 7.1],
			"to": [16.375, 9.525, 7.3],
			"rotation": {"angle": 0, "axis": "y", "origin": [1.25, -3.35, -0.4]},
			"faces": {
				"north": {"uv": [1, 6, 1.5, 6.25], "texture": "#texture"},
				"east": {"uv": [7.75, 6, 8.25, 6.25], "texture": "#texture"},
				"south": {"uv": [14.5, 6, 15, 6.25], "texture": "#texture"},
				"west": {"uv": [7.75, 6, 8.25, 6.25], "texture": "#texture"},
				"up": {"uv": [14.5, 7.75, 15, 8.25], "texture": "#texture"},
				"down": {"uv": [1, 6, 2, 7], "texture": "#texture"}
			}
		},
		{
			"from": [5.25, 8.9, 7.875],
			"to": [5.55, 9.5, 8.075],
			"rotation": {"angle": 0, "axis": "y", "origin": [1.25, -3.35, -0.4]},
			"faces": {
				"north": {"uv": [1, 6, 1.5, 6.25], "texture": "#texture"},
				"east": {"uv": [7.75, 6, 8.25, 6.25], "texture": "#texture"},
				"south": {"uv": [14.5, 6, 15, 6.25], "texture": "#texture"},
				"west": {"uv": [7.75, 6, 8.25, 6.25], "texture": "#texture"},
				"up": {"uv": [14.5, 7.75, 15, 8.25], "texture": "#texture"},
				"down": {"uv": [1, 6, 2, 7], "texture": "#texture"}
			}
		},
		{
			"from": [5, 8.225, 7.15],
			"to": [5.55, 8.625, 8.05],
			"rotation": {"angle": 0, "axis": "y", "origin": [1.25, -3.35, -0.4]},
			"faces": {
				"north": {"uv": [1, 6, 1.5, 6.25], "texture": "#texture"},
				"east": {"uv": [7.75, 6, 8.25, 6.25], "texture": "#texture"},
				"south": {"uv": [14.5, 6, 15, 6.25], "texture": "#texture"},
				"west": {"uv": [7.75, 6, 8.25, 6.25], "texture": "#texture"},
				"up": {"uv": [14.5, 7.75, 15, 8.25], "texture": "#texture"}
			}
		},
		{
			"from": [4.75, 8.225, 7.15],
			"to": [5, 8.475, 8.05],
			"rotation": {"angle": 0, "axis": "y", "origin": [1.25, -3.35, -0.4]},
			"faces": {
				"north": {"uv": [13, 5.25, 14, 5.75], "texture": "#texture"},
				"east": {"uv": [7.5, 5.25, 8.5, 5.75], "texture": "#texture"},
				"south": {"uv": [2, 5.25, 3, 5.75], "texture": "#texture"},
				"west": {"uv": [7.5, 5.25, 8.5, 5.75], "texture": "#texture"},
				"up": {"uv": [2, 7.5, 3, 8.5], "texture": "#texture"}
			}
		},
		{
			"from": [15.55, 8.225, 7.15],
			"to": [15.8, 8.475, 8.05],
			"rotation": {"angle": 0, "axis": "y", "origin": [1.25, -3.35, -0.4]},
			"faces": {
				"north": {"uv": [13, 5.25, 14, 5.75], "texture": "#texture"},
				"east": {"uv": [7.5, 5.25, 8.5, 5.75], "texture": "#texture"},
				"south": {"uv": [2, 5.25, 3, 5.75], "texture": "#texture"},
				"west": {"uv": [7.5, 5.25, 8.5, 5.75], "texture": "#texture"},
				"up": {"uv": [2, 7.5, 3, 8.5], "texture": "#texture"}
			}
		}
	],
	"gui_light": "front",
	"display": {
		"thirdperson_righthand": {
			"rotation": [0, -102, 0],
			"translation": [1.25, 3.5, -7],
			"scale": [0.87, 0.88, 0.88]
		},
		"thirdperson_lefthand": {
			"rotation": [0, 78, 0],
			"translation": [2, 3.5, -7],
			"scale": [0.87, 0.88, 0.88]
		},
		"firstperson_righthand": {
			"rotation": [180, -79.97, 180],
			"translation": [0.912, 7.1, 0.1],
			"scale": [0.97, 0.97, 0.99]
		},
		"firstperson_lefthand": {
			"rotation": [0, 80.15, 0],
			"translation": [1.54, 5.55, 0.25],
			"scale": [0.97, 0.97, 0.99]
		},
		"ground": {
			"translation": [-8.25, 4.5, 0],
			"scale": [0.99, 1, 1]
		},
		"gui": {
			"rotation": [0, 0, -45],
			"translation": [-3.5, 5.75, 0],
			"scale": [0.83, 0.84, 0.9]
		},
		"fixed": {
			"rotation": [0, 180, -45],
			"translation": [5, 8, 0],
			"scale": [1.17, 1.18, 1.21]
		}
	}
}