{
	"credit": "Made by SrDarmith - YouTube: Mainclay",
	"textures": {
		"2": "item/door_iron_lower",
		"particle": "item/anvil_1",
		"texture": "item/anvil_1",
		"wood door texture": "item/door_wood_lower"
	},
	"elements": [
		{
			"from": [14, 7.45, 7.175],
			"to": [16.35, 9.1, 8.825],
			"rotation": {"angle": 0, "axis": "y", "origin": [4, -1, 0]},
			"faces": {
				"north": {"uv": [6, 6.25, 9, 7.5], "texture": "#texture"},
				"east": {"uv": [6, 6, 7, 7], "texture": "#texture"},
				"south": {"uv": [6, 6.25, 9, 7.5], "texture": "#texture"},
				"west": {"uv": [6, 6, 7, 7], "texture": "#texture"},
				"up": {"uv": [6, 6, 9, 8], "texture": "#texture"},
				"down": {"uv": [9, 8, 6, 6], "texture": "#texture"}
			}
		},
		{
			"from": [14.425, 9.375, 7.5],
			"to": [16, 9.625, 8.5],
			"rotation": {"angle": 0, "axis": "y", "origin": [4, -1, 0]},
			"faces": {
				"north": {"uv": [1, 6.25, 1.5, 6.5], "texture": "#texture"},
				"east": {"uv": [7.5, 6.25, 8.5, 6.5], "texture": "#texture"},
				"south": {"uv": [14.5, 6.25, 15, 6.5], "texture": "#texture"},
				"west": {"uv": [7.5, 6.25, 8.5, 6.5], "texture": "#texture"},
				"up": {"uv": [14.5, 7.5, 15, 8.5], "texture": "#texture"},
				"down": {"uv": [14, 7, 15, 8], "texture": "#texture"}
			}
		},
		{
			"from": [15.425, 9.625, 8.175],
			"to": [15.75, 9.75, 8.5],
			"rotation": {"angle": 0, "axis": "y", "origin": [4, -1, 0]},
			"faces": {
				"north": {"uv": [1, 6.25, 1.5, 6.5], "texture": "#texture"},
				"east": {"uv": [7.5, 6.25, 8.5, 6.5], "texture": "#texture"},
				"south": {"uv": [14.5, 6.25, 15, 6.5], "texture": "#texture"},
				"west": {"uv": [7.5, 6.25, 8.5, 6.5], "texture": "#texture"},
				"up": {"uv": [14.5, 7.5, 15, 8.5], "texture": "#texture"},
				"down": {"uv": [14, 7, 15, 8], "texture": "#texture"}
			}
		},
		{
			"from": [15.425, 9.625, 7.5],
			"to": [15.75, 9.75, 7.825],
			"rotation": {"angle": 0, "axis": "y", "origin": [4, -1, 0]},
			"faces": {
				"north": {"uv": [1, 6.25, 1.5, 6.5], "texture": "#texture"},
				"east": {"uv": [7.5, 6.25, 8.5, 6.5], "texture": "#texture"},
				"south": {"uv": [14.5, 6.25, 15, 6.5], "texture": "#texture"},
				"west": {"uv": [7.5, 6.25, 8.5, 6.5], "texture": "#texture"},
				"up": {"uv": [14.5, 7.5, 15, 8.5], "texture": "#texture"},
				"down": {"uv": [14, 7, 15, 8], "texture": "#texture"}
			}
		},
		{
			"from": [14.6, 6.525, 7.5],
			"to": [14.85, 7.775, 8.5],
			"rotation": {"angle": 0, "axis": "y", "origin": [0.85, 0.525, 0]},
			"faces": {
				"north": {"uv": [2.5, 8.75, 2.75, 10], "texture": "#texture"},
				"east": {"uv": [7.5, 8.75, 8.5, 10], "texture": "#texture"},
				"south": {"uv": [13.25, 8.75, 13.5, 10], "texture": "#texture"},
				"west": {"uv": [7.5, 8.75, 8.5, 10], "texture": "#texture"},
				"up": {"uv": [7, 9, 8, 10], "texture": "#texture"},
				"down": {"uv": [2.75, 8.5, 2.5, 7.5], "texture": "#texture"}
			}
		},
		{
			"from": [14.85, 6.275, 7.5],
			"to": [16.1, 6.525, 8.5],
			"rotation": {"angle": 0, "axis": "y", "origin": [0.85, 0.525, 0]},
			"faces": {
				"north": {"uv": [0.75, 10, 2.5, 10.25], "texture": "#texture"},
				"east": {"uv": [7.5, 10, 8.5, 10.25], "texture": "#texture"},
				"south": {"uv": [13.5, 10, 15.25, 10.25], "texture": "#texture"},
				"west": {"uv": [7.5, 10, 8.5, 10.25], "texture": "#texture"},
				"up": {"uv": [13.5, 7.5, 15.25, 8.5], "texture": "#texture"},
				"down": {"uv": [2.5, 8.5, 0.75, 7.5], "texture": "#texture"}
			}
		},
		{
			"from": [15, 9.1, 7.5],
			"to": [15.5, 9.375, 8.5],
			"rotation": {"angle": 0, "axis": "y", "origin": [0.9, 5.8, 0]},
			"faces": {
				"north": {"uv": [0.75, 10, 2.5, 10.25], "rotation": 90, "texture": "#texture"},
				"east": {"uv": [2.5, 8.5, 0.75, 7.5], "rotation": 270, "texture": "#texture"},
				"south": {"uv": [13.5, 10, 15.25, 10.25], "rotation": 270, "texture": "#texture"},
				"west": {"uv": [13.5, 7.5, 15.25, 8.5], "rotation": 270, "texture": "#texture"},
				"up": {"uv": [7.5, 10, 8.5, 10.25], "rotation": 270, "texture": "#texture"},
				"down": {"uv": [7.5, 10, 8.5, 10.25], "rotation": 270, "texture": "#texture"}
			}
		},
		{
			"from": [16.1, 6.525, 7.5],
			"to": [16.35, 7.775, 8.5],
			"rotation": {"angle": 0, "axis": "y", "origin": [0.85, 0.525, 0]},
			"faces": {
				"north": {"uv": [0.5, 9, 0.75, 10], "texture": "#texture"},
				"east": {"uv": [7.5, 9, 8.5, 10], "texture": "#texture"},
				"south": {"uv": [15.25, 9, 15.5, 10], "texture": "#texture"},
				"west": {"uv": [7.5, 9, 8.5, 10], "texture": "#texture"},
				"up": {"uv": [7, 9, 8, 10], "texture": "#texture"},
				"down": {"uv": [0.75, 8.5, 0.5, 7.5], "texture": "#texture"}
			}
		},
		{
			"from": [15.825, 6.85, 7.75],
			"to": [16.05, 8.075, 8.25],
			"rotation": {"angle": -22.5, "axis": "z", "origin": [15.5, 8.075, 7.75]},
			"faces": {
				"north": {"uv": [0.75, 2, 1.25, 3.25], "texture": "#texture"},
				"east": {"uv": [7.75, 2, 8.25, 3.25], "texture": "#texture"},
				"south": {"uv": [14.75, 2, 15.25, 3.25], "texture": "#texture"},
				"west": {"uv": [7.75, 2, 8.25, 3.25], "texture": "#texture"},
				"down": {"uv": [1.25, 8.25, 0.75, 7.75], "texture": "#texture"}
			}
		},
		{
			"name": "Element",
			"from": [13.775, 6.95, 7.675],
			"to": [14.075, 9.6, 8.325],
			"rotation": {"angle": 0, "axis": "y", "origin": [4, -1, 0]},
			"faces": {
				"north": {"uv": [0, 16, 3, 15], "texture": "#2"},
				"east": {"uv": [0, 16, 1, 15], "texture": "#2"},
				"south": {"uv": [0, 16, 3, 15], "texture": "#2"},
				"west": {"uv": [0, 16, 1, 15], "texture": "#2", "cullface": "west"},
				"up": {"uv": [0, 7.75, 1, 8.25], "texture": "#2"},
				"down": {"uv": [0, 15, 3, 16], "texture": "#2"}
			}
		},
		{
			"name": "Element",
			"from": [13.775, 7.95, 6.675],
			"to": [14.075, 8.6, 9.325],
			"rotation": {"angle": 0, "axis": "y", "origin": [4, -1, 0]},
			"faces": {
				"north": {"uv": [0, 16, 3, 15], "rotation": 180, "texture": "#2"},
				"east": {"uv": [0, 16, 1, 15], "rotation": 90, "texture": "#2"},
				"south": {"uv": [0, 15, 3, 16], "texture": "#2"},
				"west": {"uv": [0, 16, 1, 15], "rotation": 270, "texture": "#2", "cullface": "west"},
				"up": {"uv": [0, 5.75, 1, 6], "texture": "#2"},
				"down": {"uv": [0, 16, 3, 15], "rotation": 180, "texture": "#2"}
			}
		},
		{
			"name": "Element",
			"from": [13.775, 7.2, 7.175],
			"to": [14.075, 9.35, 8.825],
			"rotation": {"angle": 0, "axis": "y", "origin": [4, -1, 0]},
			"faces": {
				"north": {"uv": [0, 16, 3, 15], "rotation": 180, "texture": "#2"},
				"east": {"uv": [0, 16, 1, 15], "rotation": 90, "texture": "#2"},
				"south": {"uv": [0, 15, 3, 16], "texture": "#2"},
				"west": {"uv": [0, 16, 1, 15], "rotation": 270, "texture": "#2", "cullface": "west"},
				"up": {"uv": [0, 5.75, 1, 6], "texture": "#2"},
				"down": {"uv": [0, 16, 3, 15], "rotation": 180, "texture": "#2"}
			}
		},
		{
			"name": "Element",
			"from": [13.775, 7.45, 6.925],
			"to": [14.075, 9.1, 9.075],
			"rotation": {"angle": 0, "axis": "y", "origin": [4, -1, 0]},
			"faces": {
				"north": {"uv": [0, 16, 3, 15], "rotation": 180, "texture": "#2"},
				"east": {"uv": [0, 16, 1, 15], "rotation": 90, "texture": "#2"},
				"south": {"uv": [0, 15, 3, 16], "texture": "#2"},
				"west": {"uv": [0, 16, 1, 15], "rotation": 270, "texture": "#2", "cullface": "west"},
				"up": {"uv": [0, 5.75, 1, 6], "texture": "#2"},
				"down": {"uv": [0, 16, 3, 15], "rotation": 180, "texture": "#2"}
			}
		},
		{
			"from": [17.15, 8.025, 7.4],
			"to": [18.8, 9.7, 8.6],
			"rotation": {"angle": -22.5, "axis": "z", "origin": [15.675, 9.525, 7.25]},
			"faces": {
				"north": {"uv": [11.75, 5, 15, 6.75], "texture": "#wood door texture", "cullface": "east"},
				"east": {"uv": [7.25, 6.75, 8.75, 8.5], "texture": "#wood door texture", "cullface": "east"},
				"south": {"uv": [11.75, 5, 15, 6.75], "texture": "#wood door texture", "cullface": "east"},
				"west": {"uv": [7.25, 6.75, 8.75, 8.5], "texture": "#wood door texture", "cullface": "east"},
				"up": {"uv": [11.75, 0, 15, 1.5], "texture": "#wood door texture", "cullface": "east"},
				"down": {"uv": [11.75, 0, 15, 1.5], "texture": "#wood door texture", "cullface": "east"}
			}
		},
		{
			"from": [16.35, 7.425, 7.325],
			"to": [17.1, 9.125, 8.675],
			"rotation": {"angle": 0, "axis": "z", "origin": [15.75, 9.5, 7.25]},
			"faces": {
				"north": {"uv": [11.75, 5, 15, 6.75], "texture": "#wood door texture", "cullface": "east"},
				"east": {"uv": [7.25, 6.75, 8.75, 8.5], "texture": "#wood door texture", "cullface": "east"},
				"south": {"uv": [11.75, 5, 15, 6.75], "texture": "#wood door texture", "cullface": "east"},
				"west": {"uv": [7.25, 6.75, 8.75, 8.5], "texture": "#wood door texture", "cullface": "east"},
				"up": {"uv": [11.75, 0, 15, 1.5], "texture": "#wood door texture", "cullface": "east"},
				"down": {"uv": [11.75, 0, 15, 1.5], "texture": "#wood door texture", "cullface": "east"}
			}
		},
		{
			"from": [17.425, 5.45, 7.475],
			"to": [19.025, 7.525, 8.525],
			"rotation": {"angle": 45, "axis": "z", "origin": [17.675, 7.525, 7.5]},
			"faces": {
				"north": {"uv": [11, 9.75, 12.5, 12.25], "texture": "#wood door texture", "cullface": "east"},
				"east": {"uv": [7.5, 9.75, 8.5, 12.25], "texture": "#wood door texture", "cullface": "east"},
				"south": {"uv": [11, 9.75, 12.5, 12.25], "texture": "#wood door texture", "cullface": "east"},
				"west": {"uv": [7.5, 9.75, 8.5, 12.25], "texture": "#wood door texture", "cullface": "east"},
				"up": {"uv": [11, 7.5, 12.5, 8.5], "texture": "#wood door texture", "cullface": "east"},
				"down": {"uv": [11, 7.5, 12.5, 8.5], "texture": "#wood door texture", "cullface": "east"}
			}
		},
		{
			"name": "Element",
			"from": [7.475, 2, 7.75],
			"to": [7.725, 10.2, 8.25],
			"rotation": {"angle": -22.5, "axis": "z", "origin": [4, -1, 0]},
			"faces": {
				"north": {"uv": [16, 16, 10, 14], "rotation": 90, "texture": "#texture"},
				"east": {"uv": [16, 12, 15, 11], "rotation": 270, "texture": "#texture"},
				"south": {"uv": [16, 16, 10, 14], "rotation": 270, "texture": "#texture"},
				"west": {"uv": [16, 16, 10, 14], "rotation": 270, "texture": "#texture"},
				"up": {"uv": [16, 16, 10, 14], "rotation": 270, "texture": "#texture"},
				"down": {"uv": [16, 16, 10, 14], "rotation": 270, "texture": "#texture", "cullface": "west"}
			}
		},
		{
			"name": "Element",
			"from": [9.725, 2, 7.75],
			"to": [9.975, 10.2, 8.25],
			"rotation": {"angle": -22.5, "axis": "z", "origin": [4, -1, 0]},
			"faces": {
				"north": {"uv": [16, 16, 10, 14], "rotation": 90, "texture": "#texture"},
				"east": {"uv": [16, 16, 10, 14], "rotation": 270, "texture": "#texture"},
				"south": {"uv": [16, 16, 10, 14], "rotation": 270, "texture": "#texture"},
				"west": {"uv": [16, 12, 15, 11], "rotation": 270, "texture": "#texture"},
				"up": {"uv": [16, 16, 10, 14], "rotation": 270, "texture": "#texture"},
				"down": {"uv": [16, 16, 10, 14], "rotation": 270, "texture": "#texture", "cullface": "west"}
			}
		},
		{
			"name": "Element",
			"from": [9.225, 2, 8.25],
			"to": [9.725, 10.2, 8.5],
			"rotation": {"angle": -22.5, "axis": "z", "origin": [4, -1, 0]},
			"faces": {
				"north": {"uv": [16, 12, 15, 11], "rotation": 270, "texture": "#texture"},
				"east": {"uv": [16, 16, 10, 14], "rotation": 90, "texture": "#texture"},
				"south": {"uv": [1, 13, 0, 11], "rotation": 90, "texture": "#texture"},
				"west": {"uv": [16, 16, 10, 14], "rotation": 270, "texture": "#texture"},
				"up": {"uv": [16, 16, 10, 14], "texture": "#texture"},
				"down": {"uv": [16, 16, 10, 14], "rotation": 180, "texture": "#texture", "cullface": "west"}
			}
		},
		{
			"name": "Element",
			"from": [9.225, 2, 7.5],
			"to": [9.725, 10.2, 7.75],
			"rotation": {"angle": -22.5, "axis": "z", "origin": [4, -1, 0]},
			"faces": {
				"north": {"uv": [1, 13, 0, 11], "rotation": 270, "texture": "#texture"},
				"east": {"uv": [16, 16, 10, 14], "rotation": 90, "texture": "#texture"},
				"south": {"uv": [16, 12, 15, 11], "rotation": 270, "texture": "#texture"},
				"west": {"uv": [16, 16, 10, 14], "rotation": 270, "texture": "#texture"},
				"up": {"uv": [16, 16, 10, 14], "texture": "#texture"},
				"down": {"uv": [16, 16, 10, 14], "rotation": 180, "texture": "#texture", "cullface": "west"}
			}
		},
		{
			"name": "Element",
			"from": [8.975, 2, 7.5],
			"to": [9.225, 10.2, 8.5],
			"rotation": {"angle": -22.5, "axis": "z", "origin": [4, -1, 0]},
			"faces": {
				"north": {"uv": [16, 16, 10, 14], "rotation": 90, "texture": "#texture"},
				"east": {"uv": [16, 12, 15, 11], "rotation": 270, "texture": "#texture"},
				"south": {"uv": [16, 16, 10, 14], "rotation": 270, "texture": "#texture"},
				"west": {"uv": [16, 12, 15, 11], "rotation": 270, "texture": "#texture"},
				"up": {"uv": [16, 16, 10, 14], "rotation": 270, "texture": "#texture"},
				"down": {"uv": [16, 16, 10, 14], "rotation": 270, "texture": "#texture", "cullface": "west"}
			}
		},
		{
			"name": "Element",
			"from": [8.475, 2, 7.5],
			"to": [8.975, 10.2, 7.75],
			"rotation": {"angle": -22.5, "axis": "z", "origin": [4, -1, 0]},
			"faces": {
				"north": {"uv": [16, 12, 15, 11], "rotation": 270, "texture": "#texture"},
				"east": {"uv": [16, 16, 10, 14], "rotation": 90, "texture": "#texture"},
				"south": {"uv": [16, 12, 15, 11], "rotation": 270, "texture": "#texture"},
				"west": {"uv": [16, 16, 10, 14], "rotation": 270, "texture": "#texture"},
				"up": {"uv": [16, 16, 10, 14], "texture": "#texture"},
				"down": {"uv": [16, 16, 10, 14], "rotation": 180, "texture": "#texture", "cullface": "west"}
			}
		},
		{
			"name": "Element",
			"from": [8.975, 2, 7],
			"to": [9.225, 10.2, 7.5],
			"rotation": {"angle": -22.5, "axis": "z", "origin": [4, -1, 0]},
			"faces": {
				"north": {"uv": [16, 16, 10, 14], "rotation": 90, "texture": "#texture"},
				"east": {"uv": [1, 13, 0, 11], "rotation": 90, "texture": "#texture"},
				"south": {"uv": [16, 16, 10, 14], "rotation": 270, "texture": "#texture"},
				"west": {"uv": [16, 12, 15, 11], "rotation": 270, "texture": "#texture"},
				"up": {"uv": [16, 16, 10, 14], "rotation": 270, "texture": "#texture"},
				"down": {"uv": [16, 16, 10, 14], "rotation": 270, "texture": "#texture", "cullface": "west"}
			}
		},
		{
			"name": "Element",
			"from": [8.475, 2, 6.75],
			"to": [8.975, 10.2, 7],
			"rotation": {"angle": -22.5, "axis": "z", "origin": [4, -1, 0]},
			"faces": {
				"north": {"uv": [16, 16, 10, 14], "rotation": 270, "texture": "#texture"},
				"east": {"uv": [16, 16, 10, 14], "rotation": 90, "texture": "#texture"},
				"south": {"uv": [16, 12, 15, 11], "rotation": 270, "texture": "#texture"},
				"west": {"uv": [16, 16, 10, 14], "rotation": 270, "texture": "#texture"},
				"up": {"uv": [16, 16, 10, 14], "texture": "#texture"},
				"down": {"uv": [16, 16, 10, 14], "rotation": 180, "texture": "#texture", "cullface": "west"}
			}
		},
		{
			"name": "Element",
			"from": [8.225, 2, 7],
			"to": [8.475, 10.2, 7.5],
			"rotation": {"angle": -22.5, "axis": "z", "origin": [4, -1, 0]},
			"faces": {
				"north": {"uv": [16, 16, 10, 14], "rotation": 90, "texture": "#texture"},
				"east": {"uv": [16, 12, 15, 11], "rotation": 270, "texture": "#texture"},
				"south": {"uv": [16, 16, 10, 14], "rotation": 270, "texture": "#texture"},
				"west": {"uv": [1, 13, 0, 11], "rotation": 270, "texture": "#texture"},
				"up": {"uv": [16, 16, 10, 14], "rotation": 270, "texture": "#texture"},
				"down": {"uv": [16, 16, 10, 14], "rotation": 270, "texture": "#texture", "cullface": "west"}
			}
		},
		{
			"name": "Element",
			"from": [8.975, 2, 8.5],
			"to": [9.225, 10.2, 9],
			"rotation": {"angle": -22.5, "axis": "z", "origin": [4, -1, 0]},
			"faces": {
				"north": {"uv": [16, 16, 10, 14], "rotation": 90, "texture": "#texture"},
				"east": {"uv": [1, 13, 0, 11], "rotation": 270, "texture": "#texture"},
				"south": {"uv": [16, 16, 10, 14], "rotation": 270, "texture": "#texture"},
				"west": {"uv": [16, 12, 15, 11], "rotation": 270, "texture": "#texture"},
				"up": {"uv": [16, 16, 10, 14], "rotation": 270, "texture": "#texture"},
				"down": {"uv": [16, 16, 10, 14], "rotation": 270, "texture": "#texture", "cullface": "west"}
			}
		},
		{
			"name": "Element",
			"from": [8.475, 2, 8.25],
			"to": [8.975, 10.2, 8.5],
			"rotation": {"angle": -22.5, "axis": "z", "origin": [4, -1, 0]},
			"faces": {
				"north": {"uv": [16, 12, 15, 11], "rotation": 270, "texture": "#texture"},
				"east": {"uv": [16, 16, 10, 14], "rotation": 90, "texture": "#texture"},
				"south": {"uv": [16, 12, 15, 11], "rotation": 270, "texture": "#texture"},
				"west": {"uv": [16, 16, 10, 14], "rotation": 270, "texture": "#texture"},
				"up": {"uv": [16, 16, 10, 14], "texture": "#texture"},
				"down": {"uv": [16, 16, 10, 14], "rotation": 180, "texture": "#texture", "cullface": "west"}
			}
		},
		{
			"name": "Element",
			"from": [8.475, 2, 9],
			"to": [8.975, 10.2, 9.25],
			"rotation": {"angle": -22.5, "axis": "z", "origin": [4, -1, 0]},
			"faces": {
				"north": {"uv": [16, 12, 15, 11], "rotation": 270, "texture": "#texture"},
				"east": {"uv": [16, 16, 10, 14], "rotation": 90, "texture": "#texture"},
				"south": {"uv": [16, 16, 10, 14], "rotation": 270, "texture": "#texture"},
				"west": {"uv": [16, 16, 10, 14], "rotation": 270, "texture": "#texture"},
				"up": {"uv": [16, 16, 10, 14], "texture": "#texture"},
				"down": {"uv": [16, 16, 10, 14], "rotation": 180, "texture": "#texture", "cullface": "west"}
			}
		},
		{
			"name": "Element",
			"from": [8.225, 2, 8.5],
			"to": [8.475, 10.2, 9],
			"rotation": {"angle": -22.5, "axis": "z", "origin": [4, -1, 0]},
			"faces": {
				"north": {"uv": [16, 16, 10, 14], "rotation": 90, "texture": "#texture"},
				"east": {"uv": [16, 12, 15, 11], "rotation": 270, "texture": "#texture"},
				"south": {"uv": [16, 16, 10, 14], "rotation": 270, "texture": "#texture"},
				"west": {"uv": [1, 13, 0, 11], "rotation": 90, "texture": "#texture"},
				"up": {"uv": [16, 16, 10, 14], "rotation": 270, "texture": "#texture"},
				"down": {"uv": [16, 16, 10, 14], "rotation": 270, "texture": "#texture", "cullface": "west"}
			}
		},
		{
			"name": "Element",
			"from": [8.225, 2, 7.5],
			"to": [8.475, 10.2, 8.5],
			"rotation": {"angle": -22.5, "axis": "z", "origin": [4, -1, 0]},
			"faces": {
				"north": {"uv": [16, 16, 10, 14], "rotation": 90, "texture": "#texture"},
				"east": {"uv": [16, 12, 15, 11], "rotation": 270, "texture": "#texture"},
				"south": {"uv": [16, 16, 10, 14], "rotation": 270, "texture": "#texture"},
				"west": {"uv": [16, 12, 15, 11], "rotation": 270, "texture": "#texture"},
				"up": {"uv": [16, 16, 10, 14], "rotation": 270, "texture": "#texture"},
				"down": {"uv": [16, 16, 10, 14], "rotation": 270, "texture": "#texture", "cullface": "west"}
			}
		},
		{
			"name": "Element",
			"from": [7.725, 2, 7.5],
			"to": [8.225, 10.2, 7.75],
			"rotation": {"angle": -22.5, "axis": "z", "origin": [4, -1, 0]},
			"faces": {
				"north": {"uv": [1, 13, 0, 11], "rotation": 90, "texture": "#texture"},
				"east": {"uv": [16, 16, 10, 14], "rotation": 90, "texture": "#texture"},
				"south": {"uv": [16, 12, 15, 11], "rotation": 270, "texture": "#texture"},
				"west": {"uv": [16, 16, 10, 14], "rotation": 270, "texture": "#texture"},
				"up": {"uv": [16, 16, 10, 14], "texture": "#texture"},
				"down": {"uv": [16, 16, 10, 14], "rotation": 180, "texture": "#texture", "cullface": "west"}
			}
		},
		{
			"name": "Element",
			"from": [7.725, 2, 8.25],
			"to": [8.225, 10.2, 8.5],
			"rotation": {"angle": -22.5, "axis": "z", "origin": [4, -1, 0]},
			"faces": {
				"north": {"uv": [15, 12, 16, 11], "rotation": 90, "texture": "#texture"},
				"east": {"uv": [16, 16, 10, 14], "rotation": 90, "texture": "#texture"},
				"south": {"uv": [1, 13, 0, 11], "rotation": 270, "texture": "#texture"},
				"west": {"uv": [16, 16, 10, 14], "rotation": 270, "texture": "#texture"},
				"up": {"uv": [16, 16, 10, 14], "texture": "#texture"},
				"down": {"uv": [16, 16, 10, 14], "rotation": 180, "texture": "#texture", "cullface": "west"}
			}
		}
	],
	"gui_light": "front",
	"display": {
		"thirdperson_righthand": {
			"rotation": [0, -90, 0],
			"translation": [0, 0.5, -8.75],
			"scale": [1.1, 1.1, 1.1]
		},
		"thirdperson_lefthand": {
			"rotation": [0, 90, 0],
			"translation": [0, 0.5, -8.75],
			"scale": [1.1, 1.1, 1.1]
		},
		"firstperson_righthand": {
			"rotation": [0, -90, -45],
			"translation": [0, 8.25, -6.5],
			"scale": [1.09, 1.09, 1.09]
		},
		"firstperson_lefthand": {
			"rotation": [0, 90, 45],
			"translation": [0, 8.25, -6.5],
			"scale": [1.09, 1.09, 1.09]
		},
		"ground": {
			"translation": [-5.5, -1, 0],
			"scale": [1.15, 1.15, 1.15]
		},
		"gui": {
			"rotation": [0, 0, -45],
			"translation": [-3.25, 3.5, 0],
			"scale": [1.09, 1.09, 0.9]
		},
		"fixed": {
			"rotation": [0, 180, -45],
			"translation": [4.5, 4.5, 0],
			"scale": [1.39, 1.39, 1.39]
		}
	}
}