{
	"credit": "Made by SrDarmith - YouTube: Mainclay",
	"textures": {
		"2": "item/door_iron_lower",
		"particle": "item/anvil_1",
		"texture": "item/anvil_1",
		"wood door texture": "item/door_wood_lower"
	},
	"elements": [
		{
			"from": [14, 6.7, 6.775],
			"to": [16.35, 8.35, 8.425],
			"rotation": {"angle": 0, "axis": "y", "origin": [4, -1.75, -0.4]},
			"faces": {
				"north": {"uv": [6, 6.25, 9, 7.5], "texture": "#texture"},
				"east": {"uv": [6, 6, 7, 7], "texture": "#texture"},
				"south": {"uv": [6, 6.25, 9, 7.5], "texture": "#texture"},
				"west": {"uv": [6, 6, 7, 7], "texture": "#texture"},
				"up": {"uv": [6, 6, 9, 8], "texture": "#texture"},
				"down": {"uv": [9, 8, 6, 6], "texture": "#texture"}
			}
		},
		{
			"from": [14.425, 8.625, 7.1],
			"to": [16, 8.875, 8.1],
			"rotation": {"angle": 0, "axis": "y", "origin": [4, -1.75, -0.4]},
			"faces": {
				"north": {"uv": [1, 6.25, 1.5, 6.5], "texture": "#texture"},
				"east": {"uv": [7.5, 6.25, 8.5, 6.5], "texture": "#texture"},
				"south": {"uv": [14.5, 6.25, 15, 6.5], "texture": "#texture"},
				"west": {"uv": [7.5, 6.25, 8.5, 6.5], "texture": "#texture"},
				"up": {"uv": [14.5, 7.5, 15, 8.5], "texture": "#texture"},
				"down": {"uv": [14, 7, 15, 8], "texture": "#texture"}
			}
		},
		{
			"from": [15.425, 8.875, 7.775],
			"to": [15.75, 9, 8.1],
			"rotation": {"angle": 0, "axis": "y", "origin": [4, -1.75, -0.4]},
			"faces": {
				"north": {"uv": [1, 6.25, 1.5, 6.5], "texture": "#texture"},
				"east": {"uv": [7.5, 6.25, 8.5, 6.5], "texture": "#texture"},
				"south": {"uv": [14.5, 6.25, 15, 6.5], "texture": "#texture"},
				"west": {"uv": [7.5, 6.25, 8.5, 6.5], "texture": "#texture"},
				"up": {"uv": [14.5, 7.5, 15, 8.5], "texture": "#texture"},
				"down": {"uv": [14, 7, 15, 8], "texture": "#texture"}
			}
		},
		{
			"from": [15.425, 8.875, 7.1],
			"to": [15.75, 9, 7.425],
			"rotation": {"angle": 0, "axis": "y", "origin": [4, -1.75, -0.4]},
			"faces": {
				"north": {"uv": [1, 6.25, 1.5, 6.5], "texture": "#texture"},
				"east": {"uv": [7.5, 6.25, 8.5, 6.5], "texture": "#texture"},
				"south": {"uv": [14.5, 6.25, 15, 6.5], "texture": "#texture"},
				"west": {"uv": [7.5, 6.25, 8.5, 6.5], "texture": "#texture"},
				"up": {"uv": [14.5, 7.5, 15, 8.5], "texture": "#texture"},
				"down": {"uv": [14, 7, 15, 8], "texture": "#texture"}
			}
		},
		{
			"from": [14.6, 5.775, 7.1],
			"to": [14.85, 7.025, 8.1],
			"rotation": {"angle": 0, "axis": "y", "origin": [0.85, -0.225, -0.4]},
			"faces": {
				"north": {"uv": [2.5, 8.75, 2.75, 10], "texture": "#texture"},
				"east": {"uv": [7.5, 8.75, 8.5, 10], "texture": "#texture"},
				"south": {"uv": [13.25, 8.75, 13.5, 10], "texture": "#texture"},
				"west": {"uv": [7.5, 8.75, 8.5, 10], "texture": "#texture"},
				"up": {"uv": [7, 9, 8, 10], "texture": "#texture"},
				"down": {"uv": [2.75, 8.5, 2.5, 7.5], "texture": "#texture"}
			}
		},
		{
			"from": [14.85, 5.525, 7.1],
			"to": [16.1, 5.775, 8.1],
			"rotation": {"angle": 0, "axis": "y", "origin": [0.85, -0.225, -0.4]},
			"faces": {
				"north": {"uv": [0.75, 10, 2.5, 10.25], "texture": "#texture"},
				"east": {"uv": [7.5, 10, 8.5, 10.25], "texture": "#texture"},
				"south": {"uv": [13.5, 10, 15.25, 10.25], "texture": "#texture"},
				"west": {"uv": [7.5, 10, 8.5, 10.25], "texture": "#texture"},
				"up": {"uv": [13.5, 7.5, 15.25, 8.5], "texture": "#texture"},
				"down": {"uv": [2.5, 8.5, 0.75, 7.5], "texture": "#texture"}
			}
		},
		{
			"from": [15, 8.35, 7.1],
			"to": [15.5, 8.625, 8.1],
			"rotation": {"angle": 0, "axis": "y", "origin": [0.9, 5.05, -0.4]},
			"faces": {
				"north": {"uv": [0.75, 10, 2.5, 10.25], "rotation": 90, "texture": "#texture"},
				"east": {"uv": [2.5, 8.5, 0.75, 7.5], "rotation": 270, "texture": "#texture"},
				"south": {"uv": [13.5, 10, 15.25, 10.25], "rotation": 270, "texture": "#texture"},
				"west": {"uv": [13.5, 7.5, 15.25, 8.5], "rotation": 270, "texture": "#texture"},
				"up": {"uv": [7.5, 10, 8.5, 10.25], "rotation": 270, "texture": "#texture"},
				"down": {"uv": [7.5, 10, 8.5, 10.25], "rotation": 270, "texture": "#texture"}
			}
		},
		{
			"from": [16.1, 5.775, 7.1],
			"to": [16.35, 7.025, 8.1],
			"rotation": {"angle": 0, "axis": "y", "origin": [0.85, -0.225, -0.4]},
			"faces": {
				"north": {"uv": [0.5, 9, 0.75, 10], "texture": "#texture"},
				"east": {"uv": [7.5, 9, 8.5, 10], "texture": "#texture"},
				"south": {"uv": [15.25, 9, 15.5, 10], "texture": "#texture"},
				"west": {"uv": [7.5, 9, 8.5, 10], "texture": "#texture"},
				"up": {"uv": [7, 9, 8, 10], "texture": "#texture"},
				"down": {"uv": [0.75, 8.5, 0.5, 7.5], "texture": "#texture"}
			}
		},
		{
			"from": [15.825, 6.1, 7.35],
			"to": [16.05, 7.325, 7.85],
			"rotation": {"angle": -22.5, "axis": "z", "origin": [15.5, 7.325, 7.35]},
			"faces": {
				"north": {"uv": [0.75, 2, 1.25, 3.25], "texture": "#texture"},
				"east": {"uv": [7.75, 2, 8.25, 3.25], "texture": "#texture"},
				"south": {"uv": [14.75, 2, 15.25, 3.25], "texture": "#texture"},
				"west": {"uv": [7.75, 2, 8.25, 3.25], "texture": "#texture"},
				"down": {"uv": [1.25, 8.25, 0.75, 7.75], "texture": "#texture"}
			}
		},
		{
			"name": "Element",
			"from": [5.575, 8.525, 7.35],
			"to": [13.775, 8.775, 7.85],
			"rotation": {"angle": 0, "axis": "y", "origin": [4, -1.75, -0.4]},
			"faces": {
				"north": {"uv": [16, 16, 10, 14], "texture": "#texture"},
				"east": {"uv": [16, 16, 10, 14], "texture": "#texture"},
				"south": {"uv": [16, 16, 10, 14], "texture": "#texture"},
				"west": {"uv": [16, 16, 10, 14], "texture": "#texture", "cullface": "west"},
				"up": {"uv": [16, 16, 10, 14], "texture": "#texture"},
				"down": {"uv": [16, 12, 15, 11], "texture": "#texture"}
			}
		},
		{
			"name": "Element",
			"from": [13.575, 6.525, 7.35],
			"to": [13.775, 8.525, 7.85],
			"rotation": {"angle": 0, "axis": "y", "origin": [4, -1.75, -0.4]},
			"faces": {
				"north": {"uv": [16, 16, 10, 14], "texture": "#texture"},
				"east": {"uv": [16, 16, 10, 14], "texture": "#texture"},
				"south": {"uv": [16, 16, 10, 14], "texture": "#texture"},
				"west": {"uv": [16, 12, 15, 11], "texture": "#texture", "cullface": "west"},
				"up": {"uv": [16, 16, 10, 14], "texture": "#texture"},
				"down": {"uv": [16, 12, 15, 11], "texture": "#texture"}
			}
		},
		{
			"name": "Element",
			"from": [13.575, 7.275, 6.6],
			"to": [13.775, 7.775, 8.6],
			"rotation": {"angle": 0, "axis": "y", "origin": [4, -1.75, -0.4]},
			"faces": {
				"north": {"uv": [16, 16, 10, 14], "texture": "#texture"},
				"east": {"uv": [16, 16, 10, 14], "texture": "#texture"},
				"south": {"uv": [16, 16, 10, 14], "texture": "#texture"},
				"west": {"uv": [16, 12, 15, 11], "texture": "#texture", "cullface": "west"},
				"up": {"uv": [16, 16, 10, 14], "texture": "#texture"},
				"down": {"uv": [16, 12, 15, 11], "texture": "#texture"}
			}
		},
		{
			"name": "Element",
			"from": [5.575, 6.275, 7.35],
			"to": [13.775, 6.525, 7.85],
			"rotation": {"angle": 0, "axis": "y", "origin": [4, -1.75, -0.4]},
			"faces": {
				"north": {"uv": [16, 16, 10, 14], "texture": "#texture"},
				"east": {"uv": [16, 16, 10, 14], "texture": "#texture"},
				"south": {"uv": [16, 16, 10, 14], "texture": "#texture"},
				"west": {"uv": [16, 16, 10, 14], "texture": "#texture", "cullface": "west"},
				"up": {"uv": [16, 12, 15, 11], "texture": "#texture"},
				"down": {"uv": [16, 16, 10, 14], "texture": "#texture"}
			}
		},
		{
			"name": "Element",
			"from": [5.575, 6.525, 7.85],
			"to": [13.775, 7.025, 8.1],
			"rotation": {"angle": 0, "axis": "y", "origin": [4, -1.75, -0.4]},
			"faces": {
				"north": {"uv": [16, 12, 15, 11], "rotation": 180, "texture": "#texture"},
				"east": {"uv": [16, 16, 10, 14], "rotation": 90, "texture": "#texture"},
				"south": {"uv": [1, 13, 0, 11], "rotation": 180, "texture": "#texture"},
				"west": {"uv": [16, 16, 10, 14], "rotation": 270, "texture": "#texture", "cullface": "west"},
				"up": {"uv": [16, 16, 10, 14], "texture": "#texture"},
				"down": {"uv": [16, 16, 10, 14], "rotation": 180, "texture": "#texture"}
			}
		},
		{
			"name": "Element",
			"from": [5.575, 6.525, 7.1],
			"to": [13.775, 7.025, 7.35],
			"rotation": {"angle": 0, "axis": "y", "origin": [4, -1.75, -0.4]},
			"faces": {
				"north": {"uv": [1, 13, 0, 11], "rotation": 180, "texture": "#texture"},
				"east": {"uv": [16, 16, 10, 14], "rotation": 90, "texture": "#texture"},
				"south": {"uv": [16, 12, 15, 11], "texture": "#texture"},
				"west": {"uv": [16, 16, 10, 14], "rotation": 270, "texture": "#texture", "cullface": "west"},
				"up": {"uv": [16, 16, 10, 14], "texture": "#texture"},
				"down": {"uv": [16, 16, 10, 14], "rotation": 180, "texture": "#texture"}
			}
		},
		{
			"name": "Element",
			"from": [5.575, 7.025, 7.1],
			"to": [13.775, 7.275, 8.1],
			"rotation": {"angle": 0, "axis": "y", "origin": [4, -1.75, -0.4]},
			"faces": {
				"north": {"uv": [16, 16, 10, 14], "texture": "#texture"},
				"east": {"uv": [16, 16, 10, 14], "texture": "#texture"},
				"south": {"uv": [16, 16, 10, 14], "texture": "#texture"},
				"west": {"uv": [16, 16, 10, 14], "texture": "#texture", "cullface": "west"},
				"up": {"uv": [16, 12, 15, 11], "texture": "#texture"},
				"down": {"uv": [16, 12, 15, 11], "texture": "#texture"}
			}
		},
		{
			"name": "Element",
			"from": [5.575, 7.275, 7.1],
			"to": [13.775, 7.775, 7.35],
			"rotation": {"angle": 0, "axis": "y", "origin": [4, -1.75, -0.4]},
			"faces": {
				"north": {"uv": [16, 12, 15, 11], "rotation": 180, "texture": "#texture"},
				"east": {"uv": [16, 16, 10, 14], "rotation": 90, "texture": "#texture"},
				"south": {"uv": [16, 12, 15, 11], "texture": "#texture"},
				"west": {"uv": [16, 16, 10, 14], "rotation": 270, "texture": "#texture", "cullface": "west"},
				"up": {"uv": [16, 16, 10, 14], "texture": "#texture"},
				"down": {"uv": [16, 16, 10, 14], "rotation": 180, "texture": "#texture"}
			}
		},
		{
			"name": "Element",
			"from": [5.575, 7.025, 6.6],
			"to": [13.775, 7.275, 7.1],
			"rotation": {"angle": 0, "axis": "y", "origin": [4, -1.75, -0.4]},
			"faces": {
				"north": {"uv": [16, 16, 10, 14], "texture": "#texture"},
				"east": {"uv": [16, 16, 10, 14], "texture": "#texture"},
				"south": {"uv": [16, 16, 10, 14], "texture": "#texture"},
				"west": {"uv": [16, 16, 10, 14], "texture": "#texture", "cullface": "west"},
				"up": {"uv": [16, 12, 15, 11], "texture": "#texture"},
				"down": {"uv": [1, 13, 0, 11], "rotation": 180, "texture": "#texture"}
			}
		},
		{
			"name": "Element",
			"from": [5.575, 7.275, 6.35],
			"to": [13.775, 7.775, 6.6],
			"rotation": {"angle": 0, "axis": "y", "origin": [4, -1.75, -0.4]},
			"faces": {
				"north": {"uv": [16, 16, 10, 14], "rotation": 180, "texture": "#texture"},
				"east": {"uv": [16, 16, 10, 14], "rotation": 90, "texture": "#texture"},
				"south": {"uv": [16, 12, 15, 11], "texture": "#texture"},
				"west": {"uv": [16, 16, 10, 14], "rotation": 270, "texture": "#texture", "cullface": "west"},
				"up": {"uv": [16, 16, 10, 14], "texture": "#texture"},
				"down": {"uv": [16, 16, 10, 14], "rotation": 180, "texture": "#texture"}
			}
		},
		{
			"name": "Element",
			"from": [13.775, 6.2, 7.275],
			"to": [14.075, 8.85, 7.925],
			"rotation": {"angle": 0, "axis": "y", "origin": [4, -1.75, -0.4]},
			"faces": {
				"north": {"uv": [0, 16, 3, 15], "texture": "#2"},
				"east": {"uv": [0, 16, 1, 15], "texture": "#2"},
				"south": {"uv": [0, 16, 3, 15], "texture": "#2"},
				"west": {"uv": [0, 16, 1, 15], "texture": "#2", "cullface": "west"},
				"up": {"uv": [0, 7.75, 1, 8.25], "texture": "#2"},
				"down": {"uv": [0, 15, 3, 16], "texture": "#2"}
			}
		},
		{
			"name": "Element",
			"from": [13.775, 7.2, 6.275],
			"to": [14.075, 7.85, 8.925],
			"rotation": {"angle": 0, "axis": "y", "origin": [4, -1.75, -0.4]},
			"faces": {
				"north": {"uv": [0, 16, 3, 15], "rotation": 180, "texture": "#2"},
				"east": {"uv": [0, 16, 1, 15], "rotation": 90, "texture": "#2"},
				"south": {"uv": [0, 15, 3, 16], "texture": "#2"},
				"west": {"uv": [0, 16, 1, 15], "rotation": 270, "texture": "#2", "cullface": "west"},
				"up": {"uv": [0, 5.75, 1, 6], "texture": "#2"},
				"down": {"uv": [0, 16, 3, 15], "rotation": 180, "texture": "#2"}
			}
		},
		{
			"name": "Element",
			"from": [13.775, 6.45, 6.775],
			"to": [14.075, 8.6, 8.425],
			"rotation": {"angle": 0, "axis": "y", "origin": [4, -1.75, -0.4]},
			"faces": {
				"north": {"uv": [0, 16, 3, 15], "rotation": 180, "texture": "#2"},
				"east": {"uv": [0, 16, 1, 15], "rotation": 90, "texture": "#2"},
				"south": {"uv": [0, 15, 3, 16], "texture": "#2"},
				"west": {"uv": [0, 16, 1, 15], "rotation": 270, "texture": "#2", "cullface": "west"},
				"up": {"uv": [0, 5.75, 1, 6], "texture": "#2"},
				"down": {"uv": [0, 16, 3, 15], "rotation": 180, "texture": "#2"}
			}
		},
		{
			"name": "Element",
			"from": [13.775, 6.7, 6.525],
			"to": [14.075, 8.35, 8.675],
			"rotation": {"angle": 0, "axis": "y", "origin": [4, -1.75, -0.4]},
			"faces": {
				"north": {"uv": [0, 16, 3, 15], "rotation": 180, "texture": "#2"},
				"east": {"uv": [0, 16, 1, 15], "rotation": 90, "texture": "#2"},
				"south": {"uv": [0, 15, 3, 16], "texture": "#2"},
				"west": {"uv": [0, 16, 1, 15], "rotation": 270, "texture": "#2", "cullface": "west"},
				"up": {"uv": [0, 5.75, 1, 6], "texture": "#2"},
				"down": {"uv": [0, 16, 3, 15], "rotation": 180, "texture": "#2"}
			}
		},
		{
			"name": "Element",
			"from": [5.575, 7.775, 6.6],
			"to": [13.775, 8.025, 7.1],
			"rotation": {"angle": 0, "axis": "y", "origin": [4, -1.75, -0.4]},
			"faces": {
				"north": {"uv": [16, 16, 10, 14], "texture": "#texture"},
				"east": {"uv": [16, 16, 10, 14], "texture": "#texture"},
				"south": {"uv": [16, 16, 10, 14], "texture": "#texture"},
				"west": {"uv": [16, 16, 10, 14], "texture": "#texture", "cullface": "west"},
				"up": {"uv": [1, 13, 0, 11], "texture": "#texture"},
				"down": {"uv": [16, 12, 15, 11], "texture": "#texture"}
			}
		},
		{
			"name": "Element",
			"from": [5.575, 7.025, 8.1],
			"to": [13.775, 7.275, 8.6],
			"rotation": {"angle": 0, "axis": "y", "origin": [4, -1.75, -0.4]},
			"faces": {
				"north": {"uv": [16, 16, 10, 14], "texture": "#texture"},
				"east": {"uv": [16, 16, 10, 14], "texture": "#texture"},
				"south": {"uv": [16, 16, 10, 14], "texture": "#texture"},
				"west": {"uv": [16, 16, 10, 14], "texture": "#texture", "cullface": "west"},
				"up": {"uv": [16, 12, 15, 11], "texture": "#texture"},
				"down": {"uv": [1, 13, 0, 11], "texture": "#texture"}
			}
		},
		{
			"name": "Element",
			"from": [5.575, 7.275, 7.85],
			"to": [13.775, 7.775, 8.1],
			"rotation": {"angle": 0, "axis": "y", "origin": [4, -1.75, -0.4]},
			"faces": {
				"north": {"uv": [16, 12, 15, 11], "rotation": 180, "texture": "#texture"},
				"east": {"uv": [16, 16, 10, 14], "rotation": 90, "texture": "#texture"},
				"south": {"uv": [16, 12, 15, 11], "texture": "#texture"},
				"west": {"uv": [16, 16, 10, 14], "rotation": 270, "texture": "#texture", "cullface": "west"},
				"up": {"uv": [16, 16, 10, 14], "texture": "#texture"},
				"down": {"uv": [16, 16, 10, 14], "rotation": 180, "texture": "#texture"}
			}
		},
		{
			"name": "Element",
			"from": [5.575, 7.275, 8.6],
			"to": [13.775, 7.775, 8.85],
			"rotation": {"angle": 0, "axis": "y", "origin": [4, -1.75, -0.4]},
			"faces": {
				"north": {"uv": [16, 12, 15, 11], "rotation": 180, "texture": "#texture"},
				"east": {"uv": [16, 16, 10, 14], "rotation": 90, "texture": "#texture"},
				"south": {"uv": [16, 16, 10, 14], "texture": "#texture"},
				"west": {"uv": [16, 16, 10, 14], "rotation": 270, "texture": "#texture", "cullface": "west"},
				"up": {"uv": [16, 16, 10, 14], "texture": "#texture"},
				"down": {"uv": [16, 16, 10, 14], "rotation": 180, "texture": "#texture"}
			}
		},
		{
			"name": "Element",
			"from": [5.575, 7.775, 8.1],
			"to": [13.775, 8.025, 8.6],
			"rotation": {"angle": 0, "axis": "y", "origin": [4, -1.75, -0.4]},
			"faces": {
				"north": {"uv": [16, 16, 10, 14], "texture": "#texture"},
				"east": {"uv": [16, 16, 10, 14], "texture": "#texture"},
				"south": {"uv": [16, 16, 10, 14], "texture": "#texture"},
				"west": {"uv": [16, 16, 10, 14], "texture": "#texture", "cullface": "west"},
				"up": {"uv": [1, 13, 0, 11], "rotation": 180, "texture": "#texture"},
				"down": {"uv": [16, 12, 15, 11], "texture": "#texture"}
			}
		},
		{
			"name": "Element",
			"from": [5.575, 7.775, 7.1],
			"to": [13.775, 8.025, 8.1],
			"rotation": {"angle": 0, "axis": "y", "origin": [4, -1.75, -0.4]},
			"faces": {
				"north": {"uv": [16, 16, 10, 14], "texture": "#texture"},
				"east": {"uv": [16, 16, 10, 14], "texture": "#texture"},
				"south": {"uv": [16, 16, 10, 14], "texture": "#texture"},
				"west": {"uv": [16, 16, 10, 14], "texture": "#texture", "cullface": "west"},
				"up": {"uv": [16, 12, 15, 11], "texture": "#texture"},
				"down": {"uv": [16, 12, 15, 11], "texture": "#texture"}
			}
		},
		{
			"name": "Element",
			"from": [5.575, 8.025, 7.1],
			"to": [13.775, 8.525, 7.35],
			"rotation": {"angle": 0, "axis": "y", "origin": [4, -1.75, -0.4]},
			"faces": {
				"north": {"uv": [1, 13, 0, 11], "texture": "#texture"},
				"east": {"uv": [16, 16, 10, 14], "rotation": 90, "texture": "#texture"},
				"south": {"uv": [16, 12, 15, 11], "texture": "#texture"},
				"west": {"uv": [16, 16, 10, 14], "rotation": 270, "texture": "#texture", "cullface": "west"},
				"up": {"uv": [16, 16, 10, 14], "texture": "#texture"},
				"down": {"uv": [16, 16, 10, 14], "rotation": 180, "texture": "#texture"}
			}
		},
		{
			"name": "Element",
			"from": [5.575, 8.025, 7.85],
			"to": [13.775, 8.525, 8.1],
			"rotation": {"angle": 0, "axis": "y", "origin": [4, -1.75, -0.4]},
			"faces": {
				"north": {"uv": [15, 12, 16, 11], "texture": "#texture"},
				"east": {"uv": [16, 16, 10, 14], "rotation": 90, "texture": "#texture"},
				"south": {"uv": [1, 13, 0, 11], "texture": "#texture"},
				"west": {"uv": [16, 16, 10, 14], "rotation": 270, "texture": "#texture", "cullface": "west"},
				"up": {"uv": [16, 16, 10, 14], "texture": "#texture"},
				"down": {"uv": [16, 16, 10, 14], "rotation": 180, "texture": "#texture"}
			}
		},
		{
			"from": [17.15, 7.275, 7],
			"to": [18.8, 8.95, 8.2],
			"rotation": {"angle": -22.5, "axis": "z", "origin": [15.675, 8.775, 6.85]},
			"faces": {
				"north": {"uv": [11.75, 5, 15, 6.75], "texture": "#wood door texture", "cullface": "east"},
				"east": {"uv": [7.25, 6.75, 8.75, 8.5], "texture": "#wood door texture", "cullface": "east"},
				"south": {"uv": [11.75, 5, 15, 6.75], "texture": "#wood door texture", "cullface": "east"},
				"west": {"uv": [7.25, 6.75, 8.75, 8.5], "texture": "#wood door texture", "cullface": "east"},
				"up": {"uv": [11.75, 0, 15, 1.5], "texture": "#wood door texture", "cullface": "east"},
				"down": {"uv": [11.75, 0, 15, 1.5], "texture": "#wood door texture", "cullface": "east"}
			}
		},
		{
			"from": [16.35, 6.675, 6.925],
			"to": [17.1, 8.375, 8.275],
			"rotation": {"angle": 0, "axis": "z", "origin": [15.75, 8.75, 6.85]},
			"faces": {
				"north": {"uv": [11.75, 5, 15, 6.75], "texture": "#wood door texture", "cullface": "east"},
				"east": {"uv": [7.25, 6.75, 8.75, 8.5], "texture": "#wood door texture", "cullface": "east"},
				"south": {"uv": [11.75, 5, 15, 6.75], "texture": "#wood door texture", "cullface": "east"},
				"west": {"uv": [7.25, 6.75, 8.75, 8.5], "texture": "#wood door texture", "cullface": "east"},
				"up": {"uv": [11.75, 0, 15, 1.5], "texture": "#wood door texture", "cullface": "east"},
				"down": {"uv": [11.75, 0, 15, 1.5], "texture": "#wood door texture", "cullface": "east"}
			}
		},
		{
			"from": [17.425, 4.7, 7.075],
			"to": [19.025, 6.775, 8.125],
			"rotation": {"angle": 45, "axis": "z", "origin": [17.675, 6.775, 7.1]},
			"faces": {
				"north": {"uv": [11, 9.75, 12.5, 12.25], "texture": "#wood door texture", "cullface": "east"},
				"east": {"uv": [7.5, 9.75, 8.5, 12.25], "texture": "#wood door texture", "cullface": "east"},
				"south": {"uv": [11, 9.75, 12.5, 12.25], "texture": "#wood door texture", "cullface": "east"},
				"west": {"uv": [7.5, 9.75, 8.5, 12.25], "texture": "#wood door texture", "cullface": "east"},
				"up": {"uv": [11, 7.5, 12.5, 8.5], "texture": "#wood door texture", "cullface": "east"},
				"down": {"uv": [11, 7.5, 12.5, 8.5], "texture": "#wood door texture", "cullface": "east"}
			}
		}
	],
	"gui_light": "front",
	"display": {
		"thirdperson_righthand": {
			"rotation": [0, -102, 0],
			"translation": [1.5, 1.5, -8.75],
			"scale": [1.1, 1.1, 1.1]
		},
		"thirdperson_lefthand": {
			"rotation": [0, 78, 0],
			"translation": [2.5, 1.5, -8.75],
			"scale": [1.1, 1.1, 1.1]
		},
		"firstperson_righthand": {
			"rotation": [180, -79.97, 180],
			"translation": [0.912, 7.1, 0.1],
			"scale": [0.97, 0.97, 0.99]
		},
		"firstperson_lefthand": {
			"rotation": [0, 80.15, 0],
			"translation": [1.54, 5.55, 0.25],
			"scale": [0.97, 0.97, 0.99]
		},
		"ground": {
			"translation": [-5.5, -0.5, 0],
			"scale": [1.15, 1.15, 1.15]
		},
		"gui": {
			"rotation": [0, 0, -45],
			"translation": [-2.75, 4.25, 0],
			"scale": [1.09, 1.09, 0.9]
		},
		"fixed": {
			"rotation": [0, 180, -45],
			"translation": [3.75, 5.5, 0],
			"scale": [1.39, 1.39, 1.39]
		}
	}
}