{
	"credit": "Made by SrDarmith - YouTube: Mainclay",
	"textures": {
		"1": "item/coal_block",
		"particle": "item/coal_block",
		"texture": "item/anvil_1"
	},
	"elements": [
		{
			"from": [-7.5, 8.65, 7.475],
			"to": [-7.3, 8.95, 7.725],
			"rotation": {"angle": 0, "axis": "y", "origin": [0, -1.025, -0.4]},
			"faces": {
				"north": {"uv": [16, 5.5, 15, 5.75], "texture": "#texture", "cullface": "west"},
				"east": {"uv": [7.875, 5.5, 8.125, 5.75], "texture": "#texture", "cullface": "west"},
				"south": {"uv": [0, 5.5, 1, 5.75], "texture": "#texture", "cullface": "west"},
				"west": {"uv": [7.875, 5.5, 8.125, 5.75], "texture": "#texture", "cullface": "west"},
				"up": {"uv": [0, 7.875, 1, 8.625], "texture": "#texture", "cullface": "west"}
			}
		},
		{
			"from": [-7.3, 8.9, 7.475],
			"to": [-7.1, 9.2, 7.725],
			"rotation": {"angle": 0, "axis": "y", "origin": [0, -1.025, -0.4]},
			"faces": {
				"north": {"uv": [16, 5.5, 15, 5.75], "texture": "#texture", "cullface": "west"},
				"east": {"uv": [7.875, 5.5, 8.125, 5.75], "texture": "#texture", "cullface": "west"},
				"south": {"uv": [0, 5.5, 1, 5.75], "texture": "#texture", "cullface": "west"},
				"west": {"uv": [7.875, 5.5, 8.125, 5.75], "texture": "#texture", "cullface": "west"},
				"up": {"uv": [0, 7.875, 1, 8.625], "texture": "#texture", "cullface": "west"}
			}
		},
		{
			"from": [-7.1, 9.125, 7.475],
			"to": [-6.9, 9.425, 7.725],
			"rotation": {"angle": 0, "axis": "y", "origin": [0, -1.025, -0.4]},
			"faces": {
				"north": {"uv": [16, 5.5, 15, 5.75], "texture": "#texture", "cullface": "west"},
				"east": {"uv": [7.875, 5.5, 8.125, 5.75], "texture": "#texture", "cullface": "west"},
				"south": {"uv": [0, 5.5, 1, 5.75], "texture": "#texture", "cullface": "west"},
				"west": {"uv": [7.875, 5.5, 8.125, 5.75], "texture": "#texture", "cullface": "west"},
				"up": {"uv": [0, 7.875, 1, 8.625], "texture": "#texture", "cullface": "west"}
			}
		},
		{
			"from": [-6.975, 8.625, 7.475],
			"to": [-6.775, 9.175, 7.725],
			"rotation": {"angle": 0, "axis": "y", "origin": [0, -1.025, -0.4]},
			"faces": {
				"north": {"uv": [16, 5.5, 15, 5.75], "texture": "#texture", "cullface": "west"},
				"east": {"uv": [7.875, 5.5, 8.125, 5.75], "texture": "#texture", "cullface": "west"},
				"south": {"uv": [0, 5.5, 1, 5.75], "texture": "#texture", "cullface": "west"},
				"west": {"uv": [7.875, 5.5, 8.125, 5.75], "texture": "#texture", "cullface": "west"},
				"up": {"uv": [0, 7.875, 1, 8.625], "texture": "#texture", "cullface": "west"}
			}
		},
		{
			"from": [-7.25, 7.225, 7.35],
			"to": [-6.5, 7.725, 7.85],
			"rotation": {"angle": 0, "axis": "y", "origin": [0, -1.025, -0.4]},
			"faces": {
				"north": {"uv": [16, 7.5, 15, 8], "texture": "#texture", "cullface": "west"},
				"east": {"uv": [0, 0, 1, 1], "texture": "#texture"},
				"south": {"uv": [0, 7.5, 1, 8], "texture": "#texture", "cullface": "west"},
				"west": {"uv": [7.75, 7.5, 8.25, 8], "texture": "#texture", "cullface": "west"}
			}
		},
		{
			"from": [8.25, 7.525, 6.625],
			"to": [11.25, 8.525, 7.525],
			"rotation": {"angle": 0, "axis": "y", "origin": [0, -1.025, -0.4]},
			"faces": {
				"north": {"uv": [10.25, 10.4, 10.75, 10.9], "texture": "#1"},
				"south": {"uv": [10.35, 10.1, 10.7, 11.1], "texture": "#1"},
				"west": {"uv": [10.3, 10.1, 10.7, 10.9], "texture": "#1"},
				"up": {"uv": [10.35, 10.3, 10.6, 11], "texture": "#1"},
				"down": {"uv": [10.8, 11, 10.25, 10.1], "texture": "#1"}
			}
		},
		{
			"from": [8, 6.225, 6.925],
			"to": [18, 6.475, 8.275],
			"rotation": {"angle": 0, "axis": "y", "origin": [0, -1.025, -0.4]},
			"faces": {
				"north": {"uv": [5.75, 8.5, 12.5, 8.75], "texture": "#texture"},
				"east": {"uv": [0, 0, 1, 1], "texture": "#texture"},
				"south": {"uv": [8.5, 8.5, 15.25, 8.75], "texture": "#texture"},
				"west": {"uv": [7.25, 8.5, 8.75, 8.75], "texture": "#texture"},
				"down": {"uv": [7.5, 8.75, 0.75, 7.25], "texture": "#texture"}
			}
		},
		{
			"from": [8, 8.65, 7.2],
			"to": [15.05, 8.9, 8],
			"rotation": {"angle": 0, "axis": "y", "origin": [0, -1.025, -0.4]},
			"faces": {
				"north": {"uv": [16, 12, 15, 11], "texture": "#texture"},
				"east": {"uv": [16, 12, 15, 11], "texture": "#texture"},
				"south": {"uv": [16, 12, 15, 11], "texture": "#texture"},
				"west": {"uv": [16, 12, 15, 11], "texture": "#texture"},
				"up": {"uv": [16, 12, 15, 11], "texture": "#texture"}
			}
		},
		{
			"from": [8, 8.9, 7.2],
			"to": [8.15, 9, 8],
			"rotation": {"angle": 0, "axis": "y", "origin": [0, -1.025, -0.4]},
			"faces": {
				"north": {"uv": [16, 12, 15, 11], "texture": "#texture"},
				"east": {"uv": [16, 12, 15, 11], "texture": "#texture"},
				"south": {"uv": [16, 12, 15, 11], "texture": "#texture"},
				"west": {"uv": [16, 12, 15, 11], "texture": "#texture"},
				"up": {"uv": [16, 12, 15, 11], "texture": "#texture"}
			}
		},
		{
			"from": [12.5, 8.9, 7.2],
			"to": [12.65, 9, 8],
			"rotation": {"angle": 0, "axis": "y", "origin": [0, -1.025, -0.4]},
			"faces": {
				"north": {"uv": [16, 12, 15, 11], "texture": "#texture"},
				"east": {"uv": [16, 12, 15, 11], "texture": "#texture"},
				"south": {"uv": [16, 12, 15, 11], "texture": "#texture"},
				"west": {"uv": [16, 12, 15, 11], "texture": "#texture"},
				"up": {"uv": [16, 12, 15, 11], "texture": "#texture"}
			}
		},
		{
			"from": [12.2, 8.9, 7.2],
			"to": [12.35, 9, 8],
			"rotation": {"angle": 0, "axis": "y", "origin": [0, -1.025, -0.4]},
			"faces": {
				"north": {"uv": [16, 12, 15, 11], "texture": "#texture"},
				"east": {"uv": [16, 12, 15, 11], "texture": "#texture"},
				"south": {"uv": [16, 12, 15, 11], "texture": "#texture"},
				"west": {"uv": [16, 12, 15, 11], "texture": "#texture"},
				"up": {"uv": [16, 12, 15, 11], "texture": "#texture"}
			}
		},
		{
			"from": [11.9, 8.9, 7.2],
			"to": [12.05, 9, 8],
			"rotation": {"angle": 0, "axis": "y", "origin": [0, -1.025, -0.4]},
			"faces": {
				"north": {"uv": [16, 12, 15, 11], "texture": "#texture"},
				"east": {"uv": [16, 12, 15, 11], "texture": "#texture"},
				"south": {"uv": [16, 12, 15, 11], "texture": "#texture"},
				"west": {"uv": [16, 12, 15, 11], "texture": "#texture"},
				"up": {"uv": [16, 12, 15, 11], "texture": "#texture"}
			}
		},
		{
			"from": [11.6, 8.9, 7.2],
			"to": [11.75, 9, 8],
			"rotation": {"angle": 0, "axis": "y", "origin": [0, -1.025, -0.4]},
			"faces": {
				"north": {"uv": [16, 12, 15, 11], "texture": "#texture"},
				"east": {"uv": [16, 12, 15, 11], "texture": "#texture"},
				"south": {"uv": [16, 12, 15, 11], "texture": "#texture"},
				"west": {"uv": [16, 12, 15, 11], "texture": "#texture"},
				"up": {"uv": [16, 12, 15, 11], "texture": "#texture"}
			}
		},
		{
			"from": [11.3, 8.9, 7.2],
			"to": [11.45, 9, 8],
			"rotation": {"angle": 0, "axis": "y", "origin": [0, -1.025, -0.4]},
			"faces": {
				"north": {"uv": [16, 12, 15, 11], "texture": "#texture"},
				"east": {"uv": [16, 12, 15, 11], "texture": "#texture"},
				"south": {"uv": [16, 12, 15, 11], "texture": "#texture"},
				"west": {"uv": [16, 12, 15, 11], "texture": "#texture"},
				"up": {"uv": [16, 12, 15, 11], "texture": "#texture"}
			}
		},
		{
			"from": [11, 8.9, 7.2],
			"to": [11.15, 9, 8],
			"rotation": {"angle": 0, "axis": "y", "origin": [0, -1.025, -0.4]},
			"faces": {
				"north": {"uv": [16, 12, 15, 11], "texture": "#texture"},
				"east": {"uv": [16, 12, 15, 11], "texture": "#texture"},
				"south": {"uv": [16, 12, 15, 11], "texture": "#texture"},
				"west": {"uv": [16, 12, 15, 11], "texture": "#texture"},
				"up": {"uv": [16, 12, 15, 11], "texture": "#texture"}
			}
		},
		{
			"from": [10.7, 8.9, 7.2],
			"to": [10.85, 9, 8],
			"rotation": {"angle": 0, "axis": "y", "origin": [0, -1.025, -0.4]},
			"faces": {
				"north": {"uv": [16, 12, 15, 11], "texture": "#texture"},
				"east": {"uv": [16, 12, 15, 11], "texture": "#texture"},
				"south": {"uv": [16, 12, 15, 11], "texture": "#texture"},
				"west": {"uv": [16, 12, 15, 11], "texture": "#texture"},
				"up": {"uv": [16, 12, 15, 11], "texture": "#texture"}
			}
		},
		{
			"from": [14.05, 8.9, 7.2],
			"to": [15.05, 9, 8],
			"rotation": {"angle": 0, "axis": "y", "origin": [0, -1.025, -0.4]},
			"faces": {
				"north": {"uv": [16, 12, 15, 11], "texture": "#texture"},
				"east": {"uv": [16, 12, 15, 11], "texture": "#texture"},
				"south": {"uv": [16, 12, 15, 11], "texture": "#texture"},
				"west": {"uv": [16, 12, 15, 11], "texture": "#texture"},
				"up": {"uv": [16, 12, 15, 11], "texture": "#texture"}
			}
		},
		{
			"from": [13.95, 8.9, 8],
			"to": [14.975, 9.2, 8.175],
			"rotation": {"angle": 0, "axis": "y", "origin": [0, -1.025, -0.4]},
			"faces": {
				"north": {"uv": [16, 12, 15, 11], "texture": "#texture"},
				"east": {"uv": [16, 12, 15, 11], "texture": "#texture"},
				"south": {"uv": [16, 12, 15, 11], "texture": "#texture"},
				"west": {"uv": [16, 12, 15, 11], "texture": "#texture"},
				"up": {"uv": [16, 12, 15, 11], "texture": "#texture"}
			}
		},
		{
			"from": [13.775, 8.65, 7.025],
			"to": [15.1, 8.95, 7.2],
			"rotation": {"angle": 0, "axis": "y", "origin": [0, -1.025, -0.4]},
			"faces": {
				"north": {"uv": [16, 12, 15, 11], "texture": "#texture"},
				"east": {"uv": [16, 12, 15, 11], "texture": "#texture"},
				"south": {"uv": [16, 12, 15, 11], "texture": "#texture"},
				"west": {"uv": [16, 12, 15, 11], "texture": "#texture"},
				"up": {"uv": [16, 12, 15, 11], "texture": "#texture"}
			}
		},
		{
			"from": [14.3, 9.15, 7.025],
			"to": [14.725, 9.425, 7.2],
			"rotation": {"angle": 0, "axis": "y", "origin": [0, -1.025, -0.4]},
			"faces": {
				"north": {"uv": [16, 12, 15, 11], "texture": "#texture"},
				"east": {"uv": [16, 12, 15, 11], "texture": "#texture"},
				"south": {"uv": [16, 12, 15, 11], "texture": "#texture"},
				"west": {"uv": [16, 12, 15, 11], "texture": "#texture"},
				"up": {"uv": [16, 12, 15, 11], "texture": "#texture"}
			}
		},
		{
			"from": [13.95, 8.9, 7.025],
			"to": [15.025, 9.2, 7.2],
			"rotation": {"angle": 0, "axis": "y", "origin": [0, -1.025, -0.4]},
			"faces": {
				"north": {"uv": [16, 12, 15, 11], "texture": "#texture"},
				"east": {"uv": [16, 12, 15, 11], "texture": "#texture"},
				"south": {"uv": [16, 12, 15, 11], "texture": "#texture"},
				"west": {"uv": [16, 12, 15, 11], "texture": "#texture"},
				"up": {"uv": [16, 12, 15, 11], "texture": "#texture"}
			}
		},
		{
			"from": [13.775, 8.65, 8],
			"to": [15.1, 8.95, 8.175],
			"rotation": {"angle": 0, "axis": "y", "origin": [0, -1.025, -0.4]},
			"faces": {
				"north": {"uv": [16, 12, 15, 11], "texture": "#texture"},
				"east": {"uv": [16, 12, 15, 11], "texture": "#texture"},
				"south": {"uv": [16, 12, 15, 11], "texture": "#texture"},
				"west": {"uv": [16, 12, 15, 11], "texture": "#texture"},
				"up": {"uv": [16, 12, 15, 11], "texture": "#texture"}
			}
		},
		{
			"from": [14.3, 9.15, 8],
			"to": [14.725, 9.425, 8.175],
			"rotation": {"angle": 0, "axis": "y", "origin": [0, -1.025, -0.4]},
			"faces": {
				"north": {"uv": [16, 12, 15, 11], "texture": "#texture"},
				"east": {"uv": [16, 12, 15, 11], "texture": "#texture"},
				"south": {"uv": [16, 12, 15, 11], "texture": "#texture"},
				"west": {"uv": [16, 12, 15, 11], "texture": "#texture"},
				"up": {"uv": [16, 12, 15, 11], "texture": "#texture"}
			}
		},
		{
			"from": [14.4, 9.375, 7.45],
			"to": [14.575, 9.525, 7.75],
			"rotation": {"angle": 0, "axis": "y", "origin": [0, -1.025, -0.4]},
			"faces": {
				"north": {"uv": [16, 12, 15, 11], "texture": "#texture"},
				"east": {"uv": [16, 12, 15, 11], "texture": "#texture"},
				"south": {"uv": [16, 12, 15, 11], "texture": "#texture"},
				"west": {"uv": [16, 12, 15, 11], "texture": "#texture"},
				"up": {"uv": [16, 12, 15, 11], "texture": "#texture"}
			}
		},
		{
			"from": [14.4, 9, 7.45],
			"to": [14.575, 9.15, 7.75],
			"rotation": {"angle": 0, "axis": "y", "origin": [0, -1.025, -0.4]},
			"faces": {
				"north": {"uv": [16, 12, 15, 11], "texture": "#texture"},
				"east": {"uv": [16, 12, 15, 11], "texture": "#texture"},
				"south": {"uv": [16, 12, 15, 11], "texture": "#texture"},
				"west": {"uv": [16, 12, 15, 11], "texture": "#texture"},
				"up": {"uv": [16, 12, 15, 11], "texture": "#texture"}
			}
		},
		{
			"from": [14.4, 9.125, 7.725],
			"to": [14.575, 9.4, 7.9],
			"rotation": {"angle": 0, "axis": "y", "origin": [0, -1.025, -0.4]},
			"faces": {
				"north": {"uv": [16, 12, 15, 11], "texture": "#texture"},
				"east": {"uv": [16, 12, 15, 11], "texture": "#texture"},
				"south": {"uv": [16, 12, 15, 11], "texture": "#texture"},
				"west": {"uv": [16, 12, 15, 11], "texture": "#texture"},
				"up": {"uv": [16, 12, 15, 11], "texture": "#texture"}
			}
		},
		{
			"from": [14.4, 9.125, 7.3],
			"to": [14.575, 9.4, 7.475],
			"rotation": {"angle": 0, "axis": "y", "origin": [0, -1.025, -0.4]},
			"faces": {
				"north": {"uv": [16, 12, 15, 11], "texture": "#texture"},
				"east": {"uv": [16, 12, 15, 11], "texture": "#texture"},
				"south": {"uv": [16, 12, 15, 11], "texture": "#texture"},
				"west": {"uv": [16, 12, 15, 11], "texture": "#texture"},
				"up": {"uv": [16, 12, 15, 11], "texture": "#texture"}
			}
		},
		{
			"from": [13.7, 8.9, 7.2],
			"to": [13.85, 9, 8],
			"rotation": {"angle": 0, "axis": "y", "origin": [0, -1.025, -0.4]},
			"faces": {
				"north": {"uv": [16, 12, 15, 11], "texture": "#texture"},
				"east": {"uv": [16, 12, 15, 11], "texture": "#texture"},
				"south": {"uv": [16, 12, 15, 11], "texture": "#texture"},
				"west": {"uv": [16, 12, 15, 11], "texture": "#texture"},
				"up": {"uv": [16, 12, 15, 11], "texture": "#texture"}
			}
		},
		{
			"from": [13.4, 8.9, 7.2],
			"to": [13.55, 9, 8],
			"rotation": {"angle": 0, "axis": "y", "origin": [0, -1.025, -0.4]},
			"faces": {
				"north": {"uv": [16, 12, 15, 11], "texture": "#texture"},
				"east": {"uv": [16, 12, 15, 11], "texture": "#texture"},
				"south": {"uv": [16, 12, 15, 11], "texture": "#texture"},
				"west": {"uv": [16, 12, 15, 11], "texture": "#texture"},
				"up": {"uv": [16, 12, 15, 11], "texture": "#texture"}
			}
		},
		{
			"from": [13.1, 8.9, 7.2],
			"to": [13.25, 9, 8],
			"rotation": {"angle": 0, "axis": "y", "origin": [0, -1.025, -0.4]},
			"faces": {
				"north": {"uv": [16, 12, 15, 11], "texture": "#texture"},
				"east": {"uv": [16, 12, 15, 11], "texture": "#texture"},
				"south": {"uv": [16, 12, 15, 11], "texture": "#texture"},
				"west": {"uv": [16, 12, 15, 11], "texture": "#texture"},
				"up": {"uv": [16, 12, 15, 11], "texture": "#texture"}
			}
		},
		{
			"from": [12.8, 8.9, 7.2],
			"to": [12.95, 9, 8],
			"rotation": {"angle": 0, "axis": "y", "origin": [0, -1.025, -0.4]},
			"faces": {
				"north": {"uv": [16, 12, 15, 11], "texture": "#texture"},
				"east": {"uv": [16, 12, 15, 11], "texture": "#texture"},
				"south": {"uv": [16, 12, 15, 11], "texture": "#texture"},
				"west": {"uv": [16, 12, 15, 11], "texture": "#texture"},
				"up": {"uv": [16, 12, 15, 11], "texture": "#texture"}
			}
		},
		{
			"from": [10.4, 8.9, 7.2],
			"to": [10.55, 9, 8],
			"rotation": {"angle": 0, "axis": "y", "origin": [0, -1.025, -0.4]},
			"faces": {
				"north": {"uv": [16, 12, 15, 11], "texture": "#texture"},
				"east": {"uv": [16, 12, 15, 11], "texture": "#texture"},
				"south": {"uv": [16, 12, 15, 11], "texture": "#texture"},
				"west": {"uv": [16, 12, 15, 11], "texture": "#texture"},
				"up": {"uv": [16, 12, 15, 11], "texture": "#texture"}
			}
		},
		{
			"from": [10.1, 8.9, 7.2],
			"to": [10.25, 9, 8],
			"rotation": {"angle": 0, "axis": "y", "origin": [0, -1.025, -0.4]},
			"faces": {
				"north": {"uv": [16, 12, 15, 11], "texture": "#texture"},
				"east": {"uv": [16, 12, 15, 11], "texture": "#texture"},
				"south": {"uv": [16, 12, 15, 11], "texture": "#texture"},
				"west": {"uv": [16, 12, 15, 11], "texture": "#texture"},
				"up": {"uv": [16, 12, 15, 11], "texture": "#texture"}
			}
		},
		{
			"from": [9.8, 8.9, 7.2],
			"to": [9.95, 9, 8],
			"rotation": {"angle": 0, "axis": "y", "origin": [0, -1.025, -0.4]},
			"faces": {
				"north": {"uv": [16, 12, 15, 11], "texture": "#texture"},
				"east": {"uv": [16, 12, 15, 11], "texture": "#texture"},
				"south": {"uv": [16, 12, 15, 11], "texture": "#texture"},
				"west": {"uv": [16, 12, 15, 11], "texture": "#texture"},
				"up": {"uv": [16, 12, 15, 11], "texture": "#texture"}
			}
		},
		{
			"from": [9.5, 8.9, 7.2],
			"to": [9.65, 9, 8],
			"rotation": {"angle": 0, "axis": "y", "origin": [0, -1.025, -0.4]},
			"faces": {
				"north": {"uv": [16, 12, 15, 11], "texture": "#texture"},
				"east": {"uv": [16, 12, 15, 11], "texture": "#texture"},
				"south": {"uv": [16, 12, 15, 11], "texture": "#texture"},
				"west": {"uv": [16, 12, 15, 11], "texture": "#texture"},
				"up": {"uv": [16, 12, 15, 11], "texture": "#texture"}
			}
		},
		{
			"from": [9.2, 8.9, 7.2],
			"to": [9.35, 9, 8],
			"rotation": {"angle": 0, "axis": "y", "origin": [0, -1.025, -0.4]},
			"faces": {
				"north": {"uv": [16, 12, 15, 11], "texture": "#texture"},
				"east": {"uv": [16, 12, 15, 11], "texture": "#texture"},
				"south": {"uv": [16, 12, 15, 11], "texture": "#texture"},
				"west": {"uv": [16, 12, 15, 11], "texture": "#texture"},
				"up": {"uv": [16, 12, 15, 11], "texture": "#texture"}
			}
		},
		{
			"from": [8.9, 8.9, 7.2],
			"to": [9.05, 9, 8],
			"rotation": {"angle": 0, "axis": "y", "origin": [0, -1.025, -0.4]},
			"faces": {
				"north": {"uv": [16, 12, 15, 11], "texture": "#texture"},
				"east": {"uv": [16, 12, 15, 11], "texture": "#texture"},
				"south": {"uv": [16, 12, 15, 11], "texture": "#texture"},
				"west": {"uv": [16, 12, 15, 11], "texture": "#texture"},
				"up": {"uv": [16, 12, 15, 11], "texture": "#texture"}
			}
		},
		{
			"from": [8.6, 8.9, 7.2],
			"to": [8.75, 9, 8],
			"rotation": {"angle": 0, "axis": "y", "origin": [0, -1.025, -0.4]},
			"faces": {
				"north": {"uv": [16, 12, 15, 11], "texture": "#texture"},
				"east": {"uv": [16, 12, 15, 11], "texture": "#texture"},
				"south": {"uv": [16, 12, 15, 11], "texture": "#texture"},
				"west": {"uv": [16, 12, 15, 11], "texture": "#texture"},
				"up": {"uv": [16, 12, 15, 11], "texture": "#texture"}
			}
		},
		{
			"from": [8.3, 8.9, 7.2],
			"to": [8.45, 9, 8],
			"rotation": {"angle": 0, "axis": "y", "origin": [0, -1.025, -0.4]},
			"faces": {
				"north": {"uv": [16, 12, 15, 11], "texture": "#texture"},
				"east": {"uv": [16, 12, 15, 11], "texture": "#texture"},
				"south": {"uv": [16, 12, 15, 11], "texture": "#texture"},
				"west": {"uv": [16, 12, 15, 11], "texture": "#texture"},
				"up": {"uv": [16, 12, 15, 11], "texture": "#texture"}
			}
		},
		{
			"from": [8, 8.475, 6.875],
			"to": [15.525, 8.725, 8.325],
			"rotation": {"angle": 0, "axis": "y", "origin": [0, -1.025, -0.4]},
			"faces": {
				"north": {"uv": [1, 6.25, 1.5, 6.5], "texture": "#texture"},
				"east": {"uv": [7.5, 6.25, 8.5, 6.5], "texture": "#texture"},
				"south": {"uv": [14.5, 6.25, 15, 6.5], "texture": "#texture"},
				"west": {"uv": [7.5, 6.25, 8.5, 6.5], "texture": "#texture"},
				"up": {"uv": [14.5, 7.5, 15, 8.5], "texture": "#texture"}
			}
		},
		{
			"from": [15.25, 6.475, 6.675],
			"to": [16, 8.475, 8.525],
			"rotation": {"angle": 0, "axis": "y", "origin": [0, -1.025, -0.4]},
			"faces": {
				"north": {"uv": [1, 6.5, 1.75, 9], "texture": "#texture"},
				"east": {"uv": [7.25, 6.5, 8.75, 9], "texture": "#texture", "cullface": "east"},
				"south": {"uv": [14.25, 6.5, 15, 9], "texture": "#texture"},
				"west": {"uv": [7.25, 6.5, 8.75, 9], "texture": "#texture"},
				"up": {"uv": [15.25, 7.25, 16, 8.75], "texture": "#texture"},
				"down": {"uv": [1.75, 8.75, 1, 7.25], "texture": "#texture"}
			}
		},
		{
			"from": [16, 6.475, 6.675],
			"to": [16.5, 8.225, 8.525],
			"rotation": {"angle": 0, "axis": "y", "origin": [0, -1.025, -0.4]},
			"faces": {
				"north": {"uv": [1, 6.5, 1.75, 9], "texture": "#texture"},
				"east": {"uv": [7.25, 6.5, 8.75, 9], "texture": "#texture", "cullface": "east"},
				"south": {"uv": [14.25, 6.5, 15, 9], "texture": "#texture"},
				"west": {"uv": [7.25, 6.5, 8.75, 9], "texture": "#texture"},
				"up": {"uv": [15.25, 7.25, 16, 8.75], "texture": "#texture"},
				"down": {"uv": [1.75, 8.75, 1, 7.25], "texture": "#texture"}
			}
		},
		{
			"from": [16.5, 6.475, 6.675],
			"to": [17, 7.975, 8.525],
			"rotation": {"angle": 0, "axis": "y", "origin": [0, -1.025, -0.4]},
			"faces": {
				"north": {"uv": [1, 6.5, 1.75, 9], "texture": "#texture"},
				"east": {"uv": [7.25, 6.5, 8.75, 9], "texture": "#texture", "cullface": "east"},
				"south": {"uv": [14.25, 6.5, 15, 9], "texture": "#texture"},
				"west": {"uv": [7.25, 6.5, 8.75, 9], "texture": "#texture"},
				"up": {"uv": [15.25, 7.25, 16, 8.75], "texture": "#texture"},
				"down": {"uv": [1.75, 8.75, 1, 7.25], "texture": "#texture"}
			}
		},
		{
			"from": [17, 6.475, 6.675],
			"to": [17.5, 7.725, 8.525],
			"rotation": {"angle": 0, "axis": "y", "origin": [0, -1.025, -0.4]},
			"faces": {
				"north": {"uv": [1, 6.5, 1.75, 9], "texture": "#texture"},
				"east": {"uv": [7.25, 6.5, 8.75, 9], "texture": "#texture", "cullface": "east"},
				"south": {"uv": [14.25, 6.5, 15, 9], "texture": "#texture"},
				"west": {"uv": [7.25, 6.5, 8.75, 9], "texture": "#texture"},
				"up": {"uv": [15.25, 7.25, 16, 8.75], "texture": "#texture"},
				"down": {"uv": [1.75, 8.75, 1, 7.25], "texture": "#texture"}
			}
		},
		{
			"from": [17.5, 6.475, 6.675],
			"to": [18, 7.475, 8.525],
			"rotation": {"angle": 0, "axis": "y", "origin": [0, -1.025, -0.4]},
			"faces": {
				"north": {"uv": [1, 6.5, 1.75, 9], "texture": "#texture"},
				"east": {"uv": [7.25, 6.5, 8.75, 9], "texture": "#texture", "cullface": "east"},
				"south": {"uv": [14.25, 6.5, 15, 9], "texture": "#texture"},
				"west": {"uv": [7.25, 6.5, 8.75, 9], "texture": "#texture"},
				"up": {"uv": [15.25, 7.25, 16, 8.75], "texture": "#texture"},
				"down": {"uv": [1.75, 8.75, 1, 7.25], "texture": "#texture"}
			}
		},
		{
			"from": [21.275, 8.075, 7.175],
			"to": [27.025, 9.05, 8.025],
			"rotation": {"angle": -22.5, "axis": "z", "origin": [16, 17.025, 6.85]},
			"faces": {
				"north": {"uv": [15, 11.4, 15.65, 11.95], "texture": "#texture", "cullface": "east"},
				"east": {"uv": [15, 11.35, 15.7, 11.9], "texture": "#texture", "cullface": "east"},
				"south": {"uv": [15, 11.3, 15.75, 11.85], "texture": "#texture", "cullface": "east"},
				"west": {"uv": [15, 11.35, 15.6, 11.9], "texture": "#texture", "cullface": "east"},
				"up": {"uv": [15, 11.3, 15.75, 12], "texture": "#texture", "cullface": "east"},
				"down": {"uv": [15, 11.3, 15.75, 12], "texture": "#texture", "cullface": "east"}
			}
		},
		{
			"from": [21.75, 5.975, 6.85],
			"to": [22.5, 7.425, 8.35],
			"rotation": {"angle": 0, "axis": "y", "origin": [0.25, 7.85, -0.4]},
			"faces": {
				"north": {"uv": [5, 16, 4, 15], "texture": "#texture", "cullface": "east"},
				"east": {"uv": [5, 16, 4, 15], "texture": "#texture"},
				"south": {"uv": [5, 16, 4, 15], "texture": "#texture", "cullface": "east"},
				"west": {"uv": [5, 16, 4, 15], "texture": "#texture", "cullface": "east"},
				"up": {"uv": [5, 16, 4, 15], "texture": "#texture", "cullface": "east"},
				"down": {"uv": [5, 16, 4, 15], "texture": "#texture", "cullface": "east"}
			}
		},
		{
			"from": [21, 7.6, 7.1],
			"to": [21.75, 7.85, 8.1],
			"rotation": {"angle": 0, "axis": "y", "origin": [0.25, 7.85, -0.4]},
			"faces": {
				"north": {"uv": [5, 16, 4, 15], "texture": "#texture", "cullface": "east"},
				"east": {"uv": [5, 16, 4, 15], "texture": "#texture"},
				"south": {"uv": [5, 16, 4, 15], "texture": "#texture", "cullface": "east"},
				"west": {"uv": [5, 16, 4, 15], "texture": "#texture", "cullface": "east"},
				"up": {"uv": [4, 16, 5, 15], "texture": "#texture", "cullface": "east"}
			}
		},
		{
			"from": [21, 5.6, 6.85],
			"to": [21.75, 7.6, 8.35],
			"rotation": {"angle": 0, "axis": "y", "origin": [0.25, 7.85, -0.4]},
			"faces": {
				"north": {"uv": [5, 16, 4, 15], "texture": "#texture", "cullface": "east"},
				"east": {"uv": [5, 16, 4, 15], "texture": "#texture"},
				"south": {"uv": [5, 16, 4, 15], "texture": "#texture", "cullface": "east"},
				"west": {"uv": [5, 16, 4, 15], "texture": "#texture", "cullface": "east"},
				"up": {"uv": [5, 16, 4, 15], "texture": "#texture", "cullface": "east"},
				"down": {"uv": [5, 16, 4, 15], "texture": "#texture", "cullface": "east"}
			}
		},
		{
			"from": [20.25, 7.75, 7.1],
			"to": [21, 8, 8.1],
			"rotation": {"angle": 0, "axis": "y", "origin": [0.25, 7.85, -0.4]},
			"faces": {
				"north": {"uv": [5, 16, 4, 15], "texture": "#texture", "cullface": "east"},
				"east": {"uv": [5, 16, 4, 15], "texture": "#texture"},
				"south": {"uv": [5, 16, 4, 15], "texture": "#texture", "cullface": "east"},
				"west": {"uv": [5, 16, 4, 15], "texture": "#texture", "cullface": "east"},
				"up": {"uv": [4, 16, 5, 15], "texture": "#texture", "cullface": "east"}
			}
		},
		{
			"from": [20.25, 6, 6.85],
			"to": [21, 7.75, 8.35],
			"rotation": {"angle": 0, "axis": "y", "origin": [0.25, 7.85, -0.4]},
			"faces": {
				"north": {"uv": [5, 16, 4, 15], "texture": "#texture", "cullface": "east"},
				"east": {"uv": [5, 16, 4, 15], "texture": "#texture"},
				"south": {"uv": [5, 16, 4, 15], "texture": "#texture", "cullface": "east"},
				"west": {"uv": [5, 16, 4, 15], "texture": "#texture", "cullface": "east"},
				"up": {"uv": [5, 16, 4, 15], "texture": "#texture", "cullface": "east"},
				"down": {"uv": [5, 16, 4, 15], "texture": "#texture", "cullface": "east"}
			}
		},
		{
			"from": [18, 8.175, 7.1],
			"to": [18.75, 8.425, 8.1],
			"rotation": {"angle": 0, "axis": "y", "origin": [0.25, 7.85, -0.4]},
			"faces": {
				"north": {"uv": [5, 16, 4, 15], "texture": "#texture", "cullface": "east"},
				"east": {"uv": [5, 16, 4, 15], "texture": "#texture"},
				"south": {"uv": [5, 16, 4, 15], "texture": "#texture", "cullface": "east"},
				"west": {"uv": [5, 16, 4, 15], "texture": "#texture", "cullface": "east"},
				"up": {"uv": [4, 16, 5, 15], "texture": "#texture", "cullface": "east"}
			}
		},
		{
			"from": [18, 7.175, 6.85],
			"to": [18.75, 8.175, 8.35],
			"rotation": {"angle": 0, "axis": "y", "origin": [0.25, 7.85, -0.4]},
			"faces": {
				"north": {"uv": [5, 16, 4, 15], "texture": "#texture", "cullface": "east"},
				"east": {"uv": [5, 16, 4, 15], "texture": "#texture"},
				"south": {"uv": [5, 16, 4, 15], "texture": "#texture", "cullface": "east"},
				"west": {"uv": [5, 16, 4, 15], "texture": "#texture", "cullface": "east"},
				"up": {"uv": [5, 16, 4, 15], "texture": "#texture", "cullface": "east"},
				"down": {"uv": [5, 16, 4, 15], "texture": "#texture", "cullface": "east"}
			}
		},
		{
			"from": [18.75, 8.025, 7.1],
			"to": [19.5, 8.275, 8.1],
			"rotation": {"angle": 0, "axis": "y", "origin": [0.25, 7.85, -0.4]},
			"faces": {
				"north": {"uv": [5, 16, 4, 15], "texture": "#texture", "cullface": "east"},
				"east": {"uv": [5, 16, 4, 15], "texture": "#texture"},
				"south": {"uv": [5, 16, 4, 15], "texture": "#texture", "cullface": "east"},
				"west": {"uv": [5, 16, 4, 15], "texture": "#texture", "cullface": "east"},
				"up": {"uv": [4, 16, 5, 15], "texture": "#texture", "cullface": "east"}
			}
		},
		{
			"from": [18.75, 6.775, 6.85],
			"to": [19.5, 8.025, 8.35],
			"rotation": {"angle": 0, "axis": "y", "origin": [0.25, 7.85, -0.4]},
			"faces": {
				"north": {"uv": [5, 16, 4, 15], "texture": "#texture", "cullface": "east"},
				"east": {"uv": [5, 16, 4, 15], "texture": "#texture"},
				"south": {"uv": [5, 16, 4, 15], "texture": "#texture", "cullface": "east"},
				"west": {"uv": [5, 16, 4, 15], "texture": "#texture", "cullface": "east"},
				"up": {"uv": [5, 16, 4, 15], "texture": "#texture", "cullface": "east"},
				"down": {"uv": [5, 16, 4, 15], "texture": "#texture", "cullface": "east"}
			}
		},
		{
			"from": [16.5, 8.475, 7.1],
			"to": [17.25, 8.725, 8.1],
			"rotation": {"angle": 0, "axis": "y", "origin": [0.25, 7.85, -0.4]},
			"faces": {
				"north": {"uv": [5, 16, 4, 15], "texture": "#texture", "cullface": "east"},
				"east": {"uv": [5, 16, 4, 15], "texture": "#texture"},
				"south": {"uv": [5, 16, 4, 15], "texture": "#texture", "cullface": "east"},
				"west": {"uv": [5, 16, 4, 15], "texture": "#texture", "cullface": "east"},
				"up": {"uv": [4, 16, 5, 15], "texture": "#texture", "cullface": "east"}
			}
		},
		{
			"from": [16.5, 7.725, 6.85],
			"to": [17.25, 8.475, 8.35],
			"rotation": {"angle": 0, "axis": "y", "origin": [0.25, 7.85, -0.4]},
			"faces": {
				"north": {"uv": [5, 16, 4, 15], "texture": "#texture", "cullface": "east"},
				"east": {"uv": [5, 16, 4, 15], "texture": "#texture"},
				"south": {"uv": [5, 16, 4, 15], "texture": "#texture", "cullface": "east"},
				"west": {"uv": [5, 16, 4, 15], "texture": "#texture", "cullface": "east"},
				"up": {"uv": [5, 16, 4, 15], "texture": "#texture", "cullface": "east"},
				"down": {"uv": [5, 16, 4, 15], "texture": "#texture", "cullface": "east"}
			}
		},
		{
			"from": [15.75, 8.625, 7.1],
			"to": [16.5, 8.875, 8.1],
			"rotation": {"angle": 0, "axis": "y", "origin": [0.25, 7.85, -0.4]},
			"faces": {
				"north": {"uv": [5, 16, 4, 15], "texture": "#texture", "cullface": "east"},
				"east": {"uv": [5, 16, 4, 15], "texture": "#texture"},
				"south": {"uv": [5, 16, 4, 15], "texture": "#texture", "cullface": "east"},
				"west": {"uv": [5, 16, 4, 15], "texture": "#texture", "cullface": "east"},
				"up": {"uv": [4, 16, 5, 15], "texture": "#texture", "cullface": "east"}
			}
		},
		{
			"from": [15.75, 7.875, 6.85],
			"to": [16.5, 8.625, 8.35],
			"rotation": {"angle": 0, "axis": "y", "origin": [0.25, 7.85, -0.4]},
			"faces": {
				"north": {"uv": [5, 16, 4, 15], "texture": "#texture", "cullface": "east"},
				"east": {"uv": [5, 16, 4, 15], "texture": "#texture"},
				"south": {"uv": [5, 16, 4, 15], "texture": "#texture", "cullface": "east"},
				"west": {"uv": [5, 16, 4, 15], "texture": "#texture", "cullface": "east"},
				"up": {"uv": [5, 16, 4, 15], "texture": "#texture", "cullface": "east"},
				"down": {"uv": [5, 16, 4, 15], "texture": "#texture", "cullface": "east"}
			}
		},
		{
			"from": [17.25, 8.325, 7.1],
			"to": [18, 8.575, 8.1],
			"rotation": {"angle": 0, "axis": "y", "origin": [0.25, 7.85, -0.4]},
			"faces": {
				"north": {"uv": [5, 16, 4, 15], "texture": "#texture", "cullface": "east"},
				"east": {"uv": [5, 16, 4, 15], "texture": "#texture"},
				"south": {"uv": [5, 16, 4, 15], "texture": "#texture", "cullface": "east"},
				"west": {"uv": [5, 16, 4, 15], "texture": "#texture", "cullface": "east"},
				"up": {"uv": [4, 16, 5, 15], "texture": "#texture", "cullface": "east"}
			}
		},
		{
			"from": [17.25, 7.325, 6.85],
			"to": [18, 8.325, 8.35],
			"rotation": {"angle": 0, "axis": "y", "origin": [0.25, 7.85, -0.4]},
			"faces": {
				"north": {"uv": [5, 16, 4, 15], "texture": "#texture", "cullface": "east"},
				"east": {"uv": [5, 16, 4, 15], "texture": "#texture"},
				"south": {"uv": [5, 16, 4, 15], "texture": "#texture", "cullface": "east"},
				"west": {"uv": [5, 16, 4, 15], "texture": "#texture", "cullface": "east"},
				"up": {"uv": [5, 16, 4, 15], "texture": "#texture", "cullface": "east"},
				"down": {"uv": [5, 16, 4, 15], "texture": "#texture", "cullface": "east"}
			}
		},
		{
			"from": [19.5, 7.9, 7.1],
			"to": [20.25, 8.15, 8.1],
			"rotation": {"angle": 0, "axis": "y", "origin": [0.25, 7.85, -0.4]},
			"faces": {
				"north": {"uv": [5, 16, 4, 15], "texture": "#texture", "cullface": "east"},
				"east": {"uv": [5, 16, 4, 15], "texture": "#texture"},
				"south": {"uv": [5, 16, 4, 15], "texture": "#texture", "cullface": "east"},
				"west": {"uv": [5, 16, 4, 15], "texture": "#texture", "cullface": "east"},
				"up": {"uv": [4, 16, 5, 15], "texture": "#texture", "cullface": "east"}
			}
		},
		{
			"from": [19.5, 6.4, 6.85],
			"to": [20.25, 7.9, 8.35],
			"rotation": {"angle": 0, "axis": "y", "origin": [0.25, 7.85, -0.4]},
			"faces": {
				"north": {"uv": [5, 16, 4, 15], "texture": "#texture", "cullface": "east"},
				"east": {"uv": [5, 16, 4, 15], "texture": "#texture"},
				"south": {"uv": [5, 16, 4, 15], "texture": "#texture", "cullface": "east"},
				"west": {"uv": [5, 16, 4, 15], "texture": "#texture", "cullface": "east"},
				"up": {"uv": [5, 16, 4, 15], "texture": "#texture", "cullface": "east"},
				"down": {"uv": [5, 16, 4, 15], "texture": "#texture", "cullface": "east"}
			}
		},
		{
			"from": [11.7, 3.85, 6.95],
			"to": [13.675, 7.1, 8.25],
			"rotation": {"angle": 22.5, "axis": "z", "origin": [17.5, 15.3, 7.1]},
			"faces": {
				"north": {"uv": [15, 11.15, 15.8, 11.95], "texture": "#texture", "cullface": "east"},
				"east": {"uv": [15, 11.15, 15.8, 11.95], "texture": "#texture", "cullface": "east"},
				"south": {"uv": [15, 11.15, 15.7, 11.95], "texture": "#texture", "cullface": "east"},
				"west": {"uv": [15, 11.15, 15.7, 11.95], "texture": "#texture", "cullface": "east"},
				"up": {"uv": [15, 11.2, 15.8, 12], "texture": "#texture", "cullface": "east"},
				"down": {"uv": [15, 11.2, 15.8, 12], "texture": "#texture", "cullface": "east"}
			}
		},
		{
			"from": [11.45, 3.6, 6.95],
			"to": [13.675, 3.85, 8.25],
			"rotation": {"angle": 22.5, "axis": "z", "origin": [17.5, 15.3, 7.1]},
			"faces": {
				"north": {"uv": [15, 11.15, 15.8, 11.95], "texture": "#texture", "cullface": "east"},
				"east": {"uv": [15, 11.15, 15.8, 11.95], "texture": "#texture", "cullface": "east"},
				"south": {"uv": [15, 11.15, 15.7, 11.95], "texture": "#texture", "cullface": "east"},
				"west": {"uv": [15, 11.15, 15.7, 11.95], "texture": "#texture", "cullface": "east"},
				"up": {"uv": [15, 11.2, 15.8, 12], "texture": "#texture", "cullface": "east"},
				"down": {"uv": [15, 11.2, 15.8, 12], "texture": "#texture", "cullface": "east"}
			}
		},
		{
			"from": [21.75, 7.425, 7.1],
			"to": [22.5, 7.675, 8.1],
			"rotation": {"angle": 0, "axis": "y", "origin": [0.25, 7.85, -0.4]},
			"faces": {
				"north": {"uv": [5, 16, 4, 15], "texture": "#texture", "cullface": "east"},
				"east": {"uv": [5, 16, 4, 15], "texture": "#texture"},
				"south": {"uv": [5, 16, 4, 15], "texture": "#texture", "cullface": "east"},
				"west": {"uv": [5, 16, 4, 15], "texture": "#texture", "cullface": "east"},
				"up": {"uv": [4, 16, 5, 15], "texture": "#texture", "cullface": "east"}
			}
		},
		{
			"from": [22.675, 4.025, 6.85],
			"to": [23.675, 7.275, 8.35],
			"rotation": {"angle": 0, "axis": "y", "origin": [0.5, -1.225, -0.4]},
			"faces": {
				"north": {"uv": [0, 7, 1, 10.25], "texture": "#texture", "cullface": "east"},
				"east": {"uv": [16, 16, 15, 15], "texture": "#texture", "cullface": "east"},
				"south": {"uv": [16, 7, 15, 10.25], "texture": "#texture", "cullface": "east"},
				"west": {"uv": [16, 16, 15, 15], "texture": "#texture", "cullface": "east"},
				"up": {"uv": [15, 7.25, 16, 8.75], "texture": "#texture", "cullface": "east"},
				"down": {"uv": [1, 8.75, 0, 7.25], "texture": "#texture", "cullface": "east"}
			}
		},
		{
			"from": [22.675, 3.775, 7.1],
			"to": [23.675, 7.525, 8.1],
			"rotation": {"angle": 0, "axis": "y", "origin": [0.5, -1.225, -0.4]},
			"faces": {
				"north": {"uv": [0, 7.5, 1, 8], "texture": "#texture", "cullface": "east"},
				"east": {"uv": [16, 16, 15, 15], "texture": "#texture", "cullface": "east"},
				"south": {"uv": [16, 7.5, 15, 8], "texture": "#texture", "cullface": "east"},
				"west": {"uv": [16, 16, 15, 15], "texture": "#texture", "cullface": "east"},
				"up": {"uv": [15, 7.5, 16, 8.5], "texture": "#texture", "cullface": "east"}
			}
		},
		{
			"from": [14.775, -0.65, 7.1],
			"to": [15.025, 0.85, 8.1],
			"rotation": {"angle": 22.5, "axis": "z", "origin": [0, -1.025, -0.4]},
			"faces": {
				"north": {"uv": [16, 12, 15, 11], "texture": "#texture"},
				"east": {"uv": [16, 12, 15, 11], "texture": "#texture"},
				"south": {"uv": [16, 12, 15, 11], "texture": "#texture"},
				"west": {"uv": [16, 12, 15, 11], "texture": "#texture"},
				"down": {"uv": [15, 11, 16, 12], "texture": "#texture"}
			}
		},
		{
			"from": [13.5, 4.975, 7.1],
			"to": [15.25, 5.225, 8.1],
			"rotation": {"angle": 0, "axis": "y", "origin": [0, -1.025, -0.4]},
			"faces": {
				"north": {"uv": [16, 12, 15, 11], "texture": "#texture"},
				"east": {"uv": [16, 12, 15, 11], "texture": "#texture"},
				"south": {"uv": [16, 12, 15, 11], "texture": "#texture"},
				"west": {"uv": [16, 12, 15, 11], "texture": "#texture"},
				"up": {"uv": [16, 12, 15, 11], "texture": "#texture"},
				"down": {"uv": [15, 11, 16, 12], "texture": "#texture"}
			}
		},
		{
			"from": [15.25, 5.225, 7.1],
			"to": [17, 6.225, 8.1],
			"rotation": {"angle": 0, "axis": "y", "origin": [0, -1.025, -0.4]},
			"faces": {
				"north": {"uv": [16, 12, 15, 11], "texture": "#texture"},
				"east": {"uv": [16, 12, 15, 11], "texture": "#texture"},
				"south": {"uv": [16, 12, 15, 11], "texture": "#texture"},
				"west": {"uv": [16, 12, 15, 11], "texture": "#texture"},
				"down": {"uv": [15, 11, 16, 12], "texture": "#texture"}
			}
		},
		{
			"from": [17, 5.55, 7.1],
			"to": [17.675, 6.225, 8.1],
			"rotation": {"angle": 0, "axis": "y", "origin": [0, -1.025, -0.4]},
			"faces": {
				"north": {"uv": [16, 12, 15, 11], "texture": "#texture"},
				"east": {"uv": [16, 12, 15, 11], "texture": "#texture"},
				"south": {"uv": [16, 12, 15, 11], "texture": "#texture"},
				"west": {"uv": [16, 12, 15, 11], "texture": "#texture"},
				"down": {"uv": [15, 11, 16, 12], "texture": "#texture"}
			}
		},
		{
			"from": [17, 5.8, 7.1],
			"to": [18, 6.225, 8.1],
			"rotation": {"angle": 0, "axis": "y", "origin": [0, -1.025, -0.4]},
			"faces": {
				"north": {"uv": [16, 12, 15, 11], "texture": "#texture"},
				"east": {"uv": [16, 12, 15, 11], "texture": "#texture"},
				"south": {"uv": [16, 12, 15, 11], "texture": "#texture"},
				"west": {"uv": [16, 12, 15, 11], "texture": "#texture"},
				"down": {"uv": [15, 11, 16, 12], "texture": "#texture"}
			}
		},
		{
			"from": [14.8, 5.6, 7.35],
			"to": [15.05, 6.85, 7.85],
			"rotation": {"angle": -22.5, "axis": "z", "origin": [14.5, 6.475, 7.35]},
			"faces": {
				"north": {"uv": [0.75, 2, 1.25, 3.25], "texture": "#texture"},
				"east": {"uv": [7.75, 2, 8.25, 3.25], "texture": "#texture"},
				"south": {"uv": [14.75, 2, 15.25, 3.25], "texture": "#texture"},
				"west": {"uv": [7.75, 2, 8.25, 3.25], "texture": "#texture"},
				"down": {"uv": [1.25, 8.25, 0.75, 7.75], "texture": "#texture"}
			}
		},
		{
			"from": [-7.25, 6.275, 7.025],
			"to": [-6.5, 7.425, 8.175],
			"rotation": {"angle": 0, "axis": "y", "origin": [0, -1.025, -0.4]},
			"faces": {
				"north": {"uv": [16, 6.75, 15, 8.25], "texture": "#texture", "cullface": "west"},
				"east": {"uv": [7.5, 6.75, 8.5, 8.25], "texture": "#texture", "cullface": "west"},
				"south": {"uv": [0, 6.75, 1, 8.25], "texture": "#texture", "cullface": "west"},
				"west": {"uv": [7.5, 6.75, 8.5, 8.25], "texture": "#texture", "cullface": "west"},
				"up": {"uv": [0, 7.5, 1, 9], "texture": "#texture", "cullface": "west"},
				"down": {"uv": [16, 8.5, 15, 7.5], "texture": "#texture", "cullface": "west"}
			}
		},
		{
			"from": [15, 5.225, 7.1],
			"to": [15.25, 5.475, 8.1],
			"rotation": {"angle": 0, "axis": "y", "origin": [0, -1.025, -0.4]},
			"faces": {
				"north": {"uv": [16, 12, 15, 11], "texture": "#texture"},
				"south": {"uv": [16, 12, 15, 11], "texture": "#texture"},
				"west": {"uv": [16, 12, 15, 11], "texture": "#texture"},
				"up": {"uv": [16, 12, 15, 11], "texture": "#texture"}
			}
		},
		{
			"from": [13.25, 5.975, 7.1],
			"to": [13.5, 6.225, 8.1],
			"rotation": {"angle": 0, "axis": "y", "origin": [0, -1.025, -0.4]},
			"faces": {
				"north": {"uv": [16, 12, 15, 11], "texture": "#texture"},
				"east": {"uv": [16, 12, 15, 11], "texture": "#texture"},
				"south": {"uv": [16, 12, 15, 11], "texture": "#texture"},
				"west": {"uv": [16, 12, 15, 11], "texture": "#texture"},
				"up": {"uv": [16, 12, 15, 11], "texture": "#texture"},
				"down": {"uv": [16, 12, 15, 11], "texture": "#texture"}
			}
		},
		{
			"from": [15, 5.975, 7.1],
			"to": [15.25, 6.225, 8.1],
			"rotation": {"angle": 0, "axis": "y", "origin": [0, -1.025, -0.4]},
			"faces": {
				"north": {"uv": [16, 12, 15, 11], "texture": "#texture"},
				"east": {"uv": [16, 12, 15, 11], "texture": "#texture"},
				"south": {"uv": [16, 12, 15, 11], "texture": "#texture"},
				"west": {"uv": [16, 12, 15, 11], "texture": "#texture"},
				"up": {"uv": [16, 12, 15, 11], "texture": "#texture"},
				"down": {"uv": [16, 12, 15, 11], "texture": "#texture"}
			}
		},
		{
			"name": "Element",
			"from": [-8.25, 8.4, 7.325],
			"to": [8.7, 8.65, 7.875],
			"rotation": {"angle": 0, "axis": "y", "origin": [0, -1.025, -0.4]},
			"faces": {
				"north": {"uv": [16, 5.75, 15, 6], "texture": "#texture"},
				"east": {"uv": [7.75, 5.75, 8.25, 6], "texture": "#texture"},
				"south": {"uv": [0, 5.75, 1, 6], "texture": "#texture"},
				"west": {"uv": [7.75, 5.75, 8.25, 6], "texture": "#texture", "cullface": "west"},
				"up": {"uv": [0, 7.75, 1, 8.75], "texture": "#texture"},
				"down": {"uv": [16, 8.25, 15, 7.75], "texture": "#texture"}
			}
		},
		{
			"name": "Element",
			"from": [-8.25, 7.85, 7.075],
			"to": [8.7, 8.4, 7.325],
			"rotation": {"angle": 0, "axis": "y", "origin": [0, -1.025, -0.4]},
			"faces": {
				"north": {"uv": [0, 7.75, 1, 8.25], "rotation": 180, "texture": "#texture"},
				"east": {"uv": [7.75, 5.75, 8.25, 6], "rotation": 90, "texture": "#texture"},
				"south": {"uv": [16, 8.25, 15, 7.75], "texture": "#texture"},
				"west": {"uv": [7.75, 5.75, 8.25, 6], "rotation": 270, "texture": "#texture", "cullface": "west"},
				"up": {"uv": [0, 5.75, 1, 6.5], "texture": "#texture"},
				"down": {"uv": [16, 5.75, 15, 6], "rotation": 180, "texture": "#texture"}
			}
		},
		{
			"name": "Element",
			"from": [-8.25, 7.85, 7.875],
			"to": [8.7, 8.4, 8.125],
			"rotation": {"angle": 0, "axis": "y", "origin": [0, -1.025, -0.4]},
			"faces": {
				"north": {"uv": [0, 7.75, 1, 8.25], "rotation": 180, "texture": "#texture"},
				"east": {"uv": [7.75, 5.75, 8.25, 6], "rotation": 90, "texture": "#texture"},
				"south": {"uv": [16, 8.25, 15, 7.75], "texture": "#texture"},
				"west": {"uv": [7.75, 5.75, 8.25, 6], "rotation": 270, "texture": "#texture", "cullface": "west"},
				"up": {"uv": [0, 5.75, 1, 6.5], "texture": "#texture"},
				"down": {"uv": [16, 5.75, 15, 6], "rotation": 180, "texture": "#texture"}
			}
		},
		{
			"name": "Element",
			"from": [-8.25, 7.6, 7.325],
			"to": [8.7, 7.85, 7.875],
			"rotation": {"angle": 0, "axis": "y", "origin": [0, -1.025, -0.4]},
			"faces": {
				"north": {"uv": [16, 5.75, 15, 6], "texture": "#texture"},
				"east": {"uv": [7.75, 5.75, 8.25, 6], "texture": "#texture"},
				"south": {"uv": [0, 5.75, 1, 6], "texture": "#texture"},
				"west": {"uv": [7.75, 5.75, 8.25, 6], "texture": "#texture", "cullface": "west"},
				"up": {"uv": [0, 7.75, 1, 8.75], "texture": "#texture"},
				"down": {"uv": [16, 8.25, 15, 7.75], "texture": "#texture"}
			}
		},
		{
			"name": "Element",
			"from": [-1.25, 7.375, 7.375],
			"to": [8.2, 7.6, 7.825],
			"rotation": {"angle": 0, "axis": "y", "origin": [0, -1.025, -0.4]},
			"faces": {
				"north": {"uv": [16, 5.75, 15, 6], "texture": "#texture"},
				"east": {"uv": [7.75, 5.75, 8.25, 6], "texture": "#texture"},
				"south": {"uv": [0, 5.75, 1, 6], "texture": "#texture"},
				"west": {"uv": [7.75, 5.75, 8.25, 6], "texture": "#texture", "cullface": "west"},
				"up": {"uv": [0, 7.75, 1, 8.75], "texture": "#texture"},
				"down": {"uv": [16, 8.25, 15, 7.75], "texture": "#texture"}
			}
		},
		{
			"name": "Element",
			"from": [-8.05, 6.55, 7.075],
			"to": [7.4, 7.15, 8.125],
			"rotation": {"angle": 0, "axis": "y", "origin": [0, -1.025, -0.4]},
			"faces": {
				"north": {"uv": [0, 7.75, 1, 8.25], "rotation": 180, "texture": "#texture"},
				"east": {"uv": [7.75, 5.75, 8.25, 6], "rotation": 90, "texture": "#texture"},
				"south": {"uv": [16, 8.25, 15, 7.75], "texture": "#texture"},
				"west": {"uv": [7.75, 5.75, 8.25, 6], "rotation": 270, "texture": "#texture", "cullface": "west"},
				"up": {"uv": [0, 5.75, 1, 6.5], "texture": "#texture"},
				"down": {"uv": [16, 5.75, 15, 6], "rotation": 180, "texture": "#texture"}
			}
		},
		{
			"from": [-8.3, 6.55, 7.3],
			"to": [-7.55, 7.15, 7.9],
			"rotation": {"angle": 0, "axis": "y", "origin": [0, -1.025, -0.4]},
			"faces": {
				"north": {"uv": [16, 7.5, 15, 8], "texture": "#texture", "cullface": "west"},
				"south": {"uv": [0, 7.5, 1, 8], "texture": "#texture", "cullface": "west"},
				"west": {"uv": [7.75, 7.5, 8.25, 8], "texture": "#texture", "cullface": "west"},
				"up": {"uv": [0, 0, 1, 0.5], "texture": "#texture"}
			}
		},
		{
			"name": "Element",
			"from": [-8.05, 6.325, 7.3],
			"to": [7.4, 7.4, 7.9],
			"rotation": {"angle": 0, "axis": "y", "origin": [0, -1.025, -0.4]},
			"faces": {
				"north": {"uv": [16, 5.75, 15, 6], "texture": "#texture"},
				"east": {"uv": [7.75, 5.75, 8.25, 6], "texture": "#texture"},
				"south": {"uv": [0, 5.75, 1, 6], "texture": "#texture"},
				"west": {"uv": [7.75, 5.75, 8.25, 6], "texture": "#texture", "cullface": "west"},
				"up": {"uv": [0, 7.75, 1, 8.75], "texture": "#texture"},
				"down": {"uv": [16, 8.25, 15, 7.75], "texture": "#texture"}
			}
		},
		{
			"from": [8, 6.475, 6.675],
			"to": [15.25, 8.475, 8.525],
			"rotation": {"angle": 0, "axis": "y", "origin": [0, -1.025, -0.4]},
			"faces": {
				"north": {"uv": [5.75, 7, 13, 8.5], "texture": "#texture"},
				"south": {"uv": [8, 7, 15.25, 8.5], "texture": "#texture"},
				"west": {"uv": [7, 7, 9, 8.5], "texture": "#texture"},
				"up": {"uv": [8, 7, 15.25, 9], "texture": "#texture"},
				"down": {"uv": [8, 9, 0.75, 7], "texture": "#texture"}
			}
		},
		{
			"from": [-0.5, 7.275, 6.95],
			"to": [8, 8.175, 8.25],
			"rotation": {"angle": 0, "axis": "y", "origin": [0, -1.025, -0.4]},
			"faces": {
				"north": {"uv": [15, 11.45, 15.45, 11.5], "texture": "#texture"},
				"east": {"uv": [15, 11.25, 15.7, 11.7], "texture": "#texture"},
				"south": {"uv": [15, 11.25, 15.75, 11.5], "texture": "#texture"},
				"west": {"uv": [15, 11.25, 15.8, 11.5], "texture": "#texture"},
				"up": {"uv": [15, 11.2, 15.8, 11.9], "texture": "#texture"},
				"down": {"uv": [15.85, 11.8, 15, 11.3], "texture": "#texture"}
			}
		},
		{
			"from": [-0.5, 6.15, 6.775],
			"to": [8, 7.75, 8.425],
			"rotation": {"angle": 0, "axis": "y", "origin": [0, -1.025, -0.4]},
			"faces": {
				"north": {"uv": [15, 11.25, 15.75, 11.75], "texture": "#texture"},
				"east": {"uv": [15, 11.25, 15.4, 11.75], "texture": "#texture"},
				"south": {"uv": [15, 11.25, 15.65, 11.75], "texture": "#texture"},
				"west": {"uv": [15, 11.25, 15.6, 11.75], "texture": "#texture"},
				"up": {"uv": [15, 11, 15.7, 12], "texture": "#texture"},
				"down": {"uv": [15.75, 11.75, 15, 11.25], "texture": "#texture"}
			}
		},
		{
			"from": [0, 6.35, 6.575],
			"to": [7.5, 7.375, 8.625],
			"rotation": {"angle": 0, "axis": "y", "origin": [0, -1.025, -0.4]},
			"faces": {
				"north": {"uv": [15, 11.2, 15.85, 11.95], "texture": "#texture"},
				"east": {"uv": [15, 11.2, 15.7, 11.95], "texture": "#texture"},
				"south": {"uv": [15, 11.2, 15.85, 11.95], "texture": "#texture"},
				"west": {"uv": [15, 11.2, 15.8, 11.95], "texture": "#texture"},
				"up": {"uv": [15, 11.2, 15.85, 11.9], "texture": "#texture"},
				"down": {"uv": [15.75, 11.9, 15, 11.3], "texture": "#texture"}
			}
		},
		{
			"from": [0.25, 5.95, 7.025],
			"to": [7.25, 6.35, 8.175],
			"rotation": {"angle": 0, "axis": "y", "origin": [0, -1.025, -0.4]},
			"faces": {
				"north": {"uv": [15, 11.25, 15.4, 11.7], "texture": "#texture"},
				"east": {"uv": [15, 11.25, 15.6, 11.6], "texture": "#texture"},
				"south": {"uv": [15, 11.25, 15.85, 11.7], "texture": "#texture"},
				"west": {"uv": [15, 11.25, 15.7, 11.6], "texture": "#texture"},
				"down": {"uv": [15.65, 11.7, 15, 11.2], "texture": "#texture"}
			}
		}
	],
	"gui_light": "front",
	"display": {
		"thirdperson_righthand": {
			"rotation": [0, -102, 0],
			"translation": [1, 1.75, -5.25],
			"scale": [0.85, 0.89, 0.9]
		},
		"thirdperson_lefthand": {
			"rotation": [0, 78, 0],
			"translation": [1.5, 1.75, -5.25],
			"scale": [0.85, 0.89, 0.9]
		},
		"firstperson_righthand": {
			"rotation": [180, -79.97, 180],
			"translation": [0.912, 7.1, 0.1],
			"scale": [0.97, 0.97, 0.99]
		},
		"firstperson_lefthand": {
			"rotation": [0, 80.15, 0],
			"translation": [1.54, 5.55, 0.25],
			"scale": [0.97, 0.97, 0.99]
		},
		"ground": {
			"translation": [0.25, 0.25, 0],
			"scale": [0.95, 1.01, 1]
		},
		"gui": {
			"rotation": [0, 0, -45],
			"translation": [0.75, 0.75, 0],
			"scale": [0.6, 0.64, 0.9]
		},
		"fixed": {
			"rotation": [0, 180, -45],
			"translation": [-0.25, 0.25, -0.75],
			"scale": [0.94, 1, 1]
		}
	}
}