{
	"credit": "Made by SrDarmith - YouTube: Mainclay",
	"textures": {
		"0": "item/anvil_1",
		"1": "item/hardened_clay_stained_brown",
		"2": "item/door_iron_lower"
	},
	"elements": [
		{
			"name": "Element",
			"from": [13, 7.25, 7],
			"to": [16, 9.25, 9],
			"faces": {
				"north": {"uv": [8.25, 7.25, 15, 8.5], "texture": "#1"},
				"east": {"uv": [14, 8, 15, 9], "texture": "#1"},
				"south": {"uv": [8.25, 7.25, 15, 8.5], "texture": "#1"},
				"west": {"uv": [13, 7.25, 15, 8.5], "texture": "#1"},
				"up": {"uv": [8.25, 7, 15, 9], "texture": "#1"},
				"down": {"uv": [14.75, 9, 8, 7], "texture": "#1"}
			}
		},
		{
			"name": "Element",
			"from": [13, 8.25, 7.25],
			"to": [15.25, 9.5, 8.75],
			"faces": {
				"north": {"uv": [8.25, 7.25, 15, 8.5], "texture": "#1"},
				"east": {"uv": [14, 8, 15, 9], "texture": "#1"},
				"south": {"uv": [8.25, 7.25, 15, 8.5], "texture": "#1"},
				"west": {"uv": [13, 7.25, 15, 8.5], "texture": "#1"},
				"up": {"uv": [8.25, 7, 15, 9], "texture": "#1"},
				"down": {"uv": [14.75, 9, 8, 7], "texture": "#1"}
			}
		},
		{
			"name": "Element",
			"from": [13.45, 9.5, 7.5],
			"to": [14.45, 9.75, 8.5],
			"faces": {
				"north": {"uv": [1, 6.25, 1.5, 6.5], "texture": "#1"},
				"east": {"uv": [7.5, 6.25, 8.5, 6.5], "texture": "#1"},
				"south": {"uv": [14.5, 6.25, 15, 6.5], "texture": "#1"},
				"west": {"uv": [7.5, 6.25, 8.5, 6.5], "texture": "#1"},
				"up": {"uv": [14.5, 7.5, 15, 8.5], "texture": "#1"}
			}
		},
		{
			"name": "Element",
			"from": [12.75, 7.5, 7],
			"to": [13, 9, 9],
			"faces": {
				"north": {"uv": [1, 7.25, 1.25, 8.5], "texture": "#1"},
				"south": {"uv": [14.75, 7.25, 15, 8.5], "texture": "#1"},
				"up": {"uv": [1, 7, 2, 8], "texture": "#1"},
				"down": {"uv": [1.25, 9, 1, 7], "texture": "#1"}
			}
		},
		{
			"name": "Element",
			"from": [15.5, 7.5, 7.25],
			"to": [18.75, 9.25, 8.75],
			"rotation": {"angle": -22.5, "axis": "z", "origin": [15.5, 9.25, 7.25]},
			"faces": {
				"north": {"uv": [11.75, 5, 15, 6.75], "texture": "#1"},
				"east": {"uv": [7.25, 6.75, 8.75, 8.5], "texture": "#1", "cullface": "east"},
				"south": {"uv": [11.75, 5, 15, 6.75], "texture": "#1"},
				"west": {"uv": [7.25, 6.75, 8.75, 8.5], "texture": "#1"},
				"up": {"uv": [11.75, 0, 15, 1.5], "texture": "#1"},
				"down": {"uv": [11.75, 0, 15, 1.5], "texture": "#1"}
			}
		},
		{
			"name": "Element",
			"from": [17.75, 6.25, 7.25],
			"to": [25.25, 8, 8.75],
			"faces": {
				"north": {"uv": [9, 5, 15, 6.75], "texture": "#1"},
				"south": {"uv": [1, 0, 7, 1.75], "texture": "#1"},
				"west": {"uv": [1, 0, 2.5, 1.75], "texture": "#1"},
				"up": {"uv": [1, 0, 7, 1.5], "texture": "#1"},
				"down": {"uv": [1, 0, 7, 1.5], "texture": "#1"}
			}
		},
		{
			"name": "Element",
			"from": [17.5, 4.5, 7.5],
			"to": [19.25, 7.25, 8.5],
			"rotation": {"angle": 22.5, "axis": "z", "origin": [17.5, 7.25, 7.5]},
			"faces": {
				"north": {"uv": [11, 9.75, 12.5, 12.25], "texture": "#1"},
				"east": {"uv": [7.5, 9.75, 8.5, 12.25], "texture": "#1", "cullface": "east"},
				"south": {"uv": [11, 9.75, 12.5, 12.25], "texture": "#1"},
				"west": {"uv": [7.5, 9.75, 8.5, 12.25], "texture": "#1"},
				"up": {"uv": [11, 7.5, 12.5, 8.5], "texture": "#1"},
				"down": {"uv": [11, 7.5, 12.5, 8.5], "texture": "#1"}
			}
		},
		{
			"name": "Element",
			"from": [19.25, 8.25, 7.5],
			"to": [25.25, 8.5, 8.5],
			"faces": {
				"north": {"uv": [0, 6.5, 1, 6.75], "texture": "#1"},
				"south": {"uv": [14, 6.5, 15, 6.75], "texture": "#1"},
				"west": {"uv": [7.5, 7.5, 8.5, 7.75], "texture": "#1"},
				"up": {"uv": [14, 6.5, 15, 7.5], "texture": "#1"}
			}
		},
		{
			"name": "Element",
			"from": [19, 8, 7.5],
			"to": [25.25, 8.25, 8.5],
			"faces": {
				"north": {"uv": [0, 6.75, 1, 7], "texture": "#1"},
				"south": {"uv": [14, 6.75, 15, 7], "texture": "#1"},
				"west": {"uv": [7.5, 7.75, 8.5, 8], "texture": "#1"},
				"up": {"uv": [14, 6.5, 15, 7.5], "texture": "#1"}
			}
		},
		{
			"name": "Element",
			"from": [25.25, 4, 7.25],
			"to": [25.5, 8, 8.75],
			"faces": {
				"north": {"uv": [1, 8, 0, 12.25], "texture": "#0"},
				"east": {"uv": [7.25, 8, 8.75, 12.25], "texture": "#0", "cullface": "east"},
				"south": {"uv": [15, 8, 16, 12.25], "texture": "#0"},
				"west": {"uv": [7.25, 8, 8.75, 12.25], "texture": "#0"},
				"up": {"uv": [15, 7.25, 16, 8.75], "texture": "#0"},
				"down": {"uv": [1, 8.75, 0, 7.25], "texture": "#0"}
			}
		},
		{
			"name": "Element",
			"from": [19.25, 6, 7.25],
			"to": [25.25, 6.25, 8.75],
			"faces": {
				"north": {"uv": [9.25, 10, 15, 10.25], "texture": "#1"},
				"south": {"uv": [9.25, 10, 15, 10.25], "texture": "#1"},
				"west": {"uv": [7.25, 10, 8.75, 10.25], "texture": "#1"},
				"down": {"uv": [9.25, 7.25, 15, 8.75], "texture": "#1"}
			}
		},
		{
			"name": "Element",
			"from": [19.5, 5.75, 7.25],
			"to": [25.25, 6, 8.75],
			"faces": {
				"north": {"uv": [9.25, 10.25, 14.75, 10.5], "texture": "#1"},
				"south": {"uv": [9.5, 10.25, 15, 10.5], "texture": "#1"},
				"west": {"uv": [7.25, 10.25, 8.75, 10.5], "texture": "#1"},
				"down": {"uv": [9.5, 7.25, 15, 8.75], "texture": "#1"}
			}
		},
		{
			"name": "Element",
			"from": [19.75, 5.5, 7.25],
			"to": [25.25, 5.75, 8.75],
			"faces": {
				"north": {"uv": [9.25, 10.5, 14.5, 10.75], "texture": "#1"},
				"south": {"uv": [9.75, 10.5, 15, 10.75], "texture": "#1"},
				"west": {"uv": [7.25, 10.5, 8.75, 10.75], "texture": "#1"},
				"down": {"uv": [9.75, 7.25, 15, 8.75], "texture": "#1"}
			}
		},
		{
			"name": "Element",
			"from": [20, 5.25, 7.25],
			"to": [25.25, 5.5, 8.75],
			"faces": {
				"north": {"uv": [9.25, 10.75, 14.25, 11], "texture": "#1"},
				"south": {"uv": [10, 10.75, 15, 11], "texture": "#1"},
				"west": {"uv": [7.25, 10.75, 8.75, 11], "texture": "#1"},
				"down": {"uv": [10, 7.25, 15, 8.75], "texture": "#1"}
			}
		},
		{
			"name": "Element",
			"from": [25.25, 8, 7.5],
			"to": [25.5, 8.5, 8.5],
			"faces": {
				"north": {"uv": [1, 7.5, 0, 8], "texture": "#0"},
				"east": {"uv": [7.5, 7.5, 8.5, 8], "texture": "#0", "cullface": "east"},
				"south": {"uv": [15, 7.5, 16, 8], "texture": "#0"},
				"west": {"uv": [7.5, 7.5, 8.5, 8], "texture": "#0"},
				"up": {"uv": [15, 7.5, 16, 8.5], "texture": "#0"}
			}
		},
		{
			"name": "Element",
			"from": [20.25, 5, 7.25],
			"to": [25.25, 5.25, 8.75],
			"faces": {
				"north": {"uv": [1, 11, 5.75, 11.25], "texture": "#1"},
				"south": {"uv": [10.25, 11, 15, 11.25], "texture": "#1"},
				"west": {"uv": [7.25, 11, 8.75, 11.25], "texture": "#1"},
				"down": {"uv": [5.75, 8.75, 1, 7.25], "texture": "#1"}
			}
		},
		{
			"name": "Element",
			"from": [21.25, 4.75, 7.25],
			"to": [25.25, 5, 8.75],
			"faces": {
				"north": {"uv": [1, 11.25, 5.25, 11.5], "texture": "#1"},
				"south": {"uv": [10.75, 11.25, 15, 11.5], "texture": "#1"},
				"west": {"uv": [7.25, 11.25, 8.75, 11.5], "texture": "#1"},
				"down": {"uv": [5.25, 8.75, 1, 7.25], "texture": "#1"}
			}
		},
		{
			"name": "Element",
			"from": [22.25, 4.5, 7.25],
			"to": [25.25, 4.75, 8.75],
			"faces": {
				"north": {"uv": [1, 11.5, 4.5, 11.75], "texture": "#1"},
				"south": {"uv": [11.5, 11.5, 15, 11.75], "texture": "#1"},
				"west": {"uv": [7.25, 11.5, 8.75, 11.75], "texture": "#1"},
				"down": {"uv": [4.5, 8.75, 1, 7.25], "texture": "#1"}
			}
		},
		{
			"name": "Element",
			"from": [23.25, 4.25, 7.25],
			"to": [25.25, 4.5, 8.75],
			"faces": {
				"north": {"uv": [1, 11.75, 3.75, 12], "texture": "#1"},
				"south": {"uv": [12.25, 11.75, 15, 12], "texture": "#1"},
				"west": {"uv": [7.25, 11.75, 8.75, 12], "texture": "#1"},
				"down": {"uv": [3.75, 8.75, 1, 7.25], "texture": "#1"}
			}
		},
		{
			"name": "Element",
			"from": [24.25, 4, 7.25],
			"to": [25.25, 4.25, 8.75],
			"faces": {
				"north": {"uv": [1, 12, 3, 12.25], "texture": "#1"},
				"south": {"uv": [13, 12, 15, 12.25], "texture": "#1"},
				"west": {"uv": [7.25, 12, 8.75, 12.25], "texture": "#1"},
				"down": {"uv": [3, 8.75, 1, 7.25], "texture": "#1"}
			}
		},
		{
			"name": "Element",
			"from": [13.5, 6.075, 7.5],
			"to": [13.75, 6.325, 8.5],
			"rotation": {"angle": 0, "axis": "y", "origin": [0.25, 0, 0]},
			"faces": {
				"north": {"uv": [2.25, 9.75, 2.5, 10], "texture": "#0"},
				"east": {"uv": [7.5, 9.75, 8.5, 10], "texture": "#0"},
				"south": {"uv": [13.5, 9.75, 13.75, 10], "texture": "#0"},
				"up": {"uv": [13.5, 7.5, 13.75, 8.5], "texture": "#0"}
			}
		},
		{
			"name": "Element",
			"from": [13.25, 6.075, 7.5],
			"to": [13.5, 7.325, 8.5],
			"rotation": {"angle": 0, "axis": "y", "origin": [0.25, 0, 0]},
			"faces": {
				"north": {"uv": [2.5, 8.75, 2.75, 10], "texture": "#0"},
				"east": {"uv": [7.5, 8.75, 8.5, 10], "texture": "#0"},
				"south": {"uv": [13.25, 8.75, 13.5, 10], "texture": "#0"},
				"west": {"uv": [7.5, 8.75, 8.5, 10], "texture": "#0"},
				"down": {"uv": [2.75, 8.5, 2.5, 7.5], "texture": "#0"}
			}
		},
		{
			"name": "Element",
			"from": [13.5, 5.825, 7.5],
			"to": [15.5, 6.075, 8.5],
			"rotation": {"angle": 0, "axis": "y", "origin": [0.25, 0, 0]},
			"faces": {
				"north": {"uv": [0.75, 10, 2.5, 10.25], "texture": "#0"},
				"east": {"uv": [7.5, 10, 8.5, 10.25], "texture": "#0"},
				"south": {"uv": [13.5, 10, 15.25, 10.25], "texture": "#0"},
				"west": {"uv": [7.5, 10, 8.5, 10.25], "texture": "#0"},
				"up": {"uv": [13.5, 7.5, 15.25, 8.5], "texture": "#0"},
				"down": {"uv": [2.5, 8.5, 0.75, 7.5], "texture": "#0"}
			}
		},
		{
			"name": "Element",
			"from": [15.5, 6.075, 7.5],
			"to": [15.75, 7.325, 8.5],
			"rotation": {"angle": 0, "axis": "y", "origin": [0.25, 0, 0]},
			"faces": {
				"north": {"uv": [0.5, 9, 0.75, 10], "texture": "#0"},
				"east": {"uv": [7.5, 9, 8.5, 10], "texture": "#0"},
				"south": {"uv": [15.25, 9, 15.5, 10], "texture": "#0"},
				"west": {"uv": [7.5, 9, 8.5, 10], "texture": "#0"},
				"down": {"uv": [0.75, 8.5, 0.5, 7.5], "texture": "#0"}
			}
		},
		{
			"name": "Element",
			"from": [15.125, 6.5, 7.75],
			"to": [15.375, 7.75, 8.25],
			"rotation": {"angle": -22.5, "axis": "z", "origin": [14.75, 7.5, 7.75]},
			"faces": {
				"north": {"uv": [0.75, 2, 1.25, 3.25], "texture": "#0"},
				"east": {"uv": [7.75, 2, 8.25, 3.25], "texture": "#0"},
				"south": {"uv": [14.75, 2, 15.25, 3.25], "texture": "#0"},
				"west": {"uv": [7.75, 2, 8.25, 3.25], "texture": "#0"},
				"down": {"uv": [1.25, 8.25, 0.75, 7.75], "texture": "#0"}
			}
		},
		{
			"name": "Element",
			"from": [15.25, 6.075, 7.5],
			"to": [15.5, 6.325, 8.5],
			"rotation": {"angle": 0, "axis": "y", "origin": [0.25, 0, 0]},
			"faces": {
				"north": {"uv": [0.75, 9.75, 1, 10], "texture": "#0"},
				"south": {"uv": [15, 9.75, 15.25, 10], "texture": "#0"},
				"west": {"uv": [7.5, 9.75, 8.5, 10], "texture": "#0"},
				"up": {"uv": [15, 7.5, 15.25, 8.5], "texture": "#0"}
			}
		},
		{
			"name": "Cube",
			"from": [13, 9.75, 7.75],
			"to": [13.75, 10, 8.25],
			"faces": {
				"north": {"uv": [1, 6, 1.5, 6.25], "texture": "#1"},
				"east": {"uv": [7.75, 6, 8.25, 6.25], "texture": "#1"},
				"south": {"uv": [14.5, 6, 15, 6.25], "texture": "#1"},
				"up": {"uv": [14.5, 7.75, 15, 8.25], "texture": "#1"},
				"down": {"uv": [1.5, 8.25, 1, 7.75], "texture": "#1"}
			}
		},
		{
			"name": "Element",
			"from": [4.1, -9.775, 7.875],
			"to": [4.35, -9.275, 8.125],
			"rotation": {"angle": -22.5, "axis": "z", "origin": [0, 0, 0]},
			"faces": {
				"north": {"uv": [16, 5.5, 15, 5.75], "rotation": 90, "texture": "#0"},
				"south": {"uv": [0, 5.5, 1, 5.75], "rotation": 270, "texture": "#0"},
				"west": {"uv": [0, 7.875, 1, 8.125], "rotation": 270, "texture": "#0"},
				"up": {"uv": [7.875, 5.5, 8.125, 5.75], "rotation": 270, "texture": "#0"},
				"down": {"uv": [7.875, 5.5, 8.125, 5.75], "rotation": 270, "texture": "#0", "cullface": "west"}
			}
		},
		{
			"name": "Element",
			"from": [5.7, -4.775, 7.875],
			"to": [5.95, -2.775, 8.125],
			"rotation": {"angle": -22.5, "axis": "z", "origin": [0, 0, 0]},
			"faces": {
				"north": {"uv": [16, 7, 15, 7.25], "rotation": 90, "texture": "#0"},
				"south": {"uv": [0, 7, 1, 7.25], "rotation": 270, "texture": "#0"},
				"up": {"uv": [7.875, 7, 8.125, 7.25], "rotation": 270, "texture": "#0"},
				"down": {"uv": [7.875, 7, 8.125, 7.25], "rotation": 270, "texture": "#0", "cullface": "west"}
			}
		},
		{
			"name": "Element",
			"from": [5.7, -0.275, 7.875],
			"to": [5.95, 1.725, 8.125],
			"rotation": {"angle": -22.5, "axis": "z", "origin": [0, 0, 0]},
			"faces": {
				"north": {"uv": [12.25, 7, 15, 7.25], "rotation": 90, "texture": "#0"},
				"south": {"uv": [2, 7, 4.75, 7.25], "rotation": 270, "texture": "#0"},
				"up": {"uv": [7.875, 7, 8.125, 7.25], "rotation": 270, "texture": "#0"},
				"down": {"uv": [7.875, 7, 8.125, 7.25], "rotation": 270, "texture": "#0"}
			}
		},
		{
			"name": "Element",
			"from": [5.95, 2.975, 7],
			"to": [7.45, 9.725, 9],
			"rotation": {"angle": -22.5, "axis": "z", "origin": [0, 0, 0]},
			"faces": {
				"north": {"uv": [4, 7.25, 10.75, 8.5], "rotation": 90, "texture": "#1"},
				"east": {"uv": [10.75, 9, 4, 7], "rotation": 270, "texture": "#1"},
				"south": {"uv": [5.25, 7.25, 12, 8.5], "rotation": 270, "texture": "#1"},
				"west": {"uv": [5.25, 7, 12, 9], "rotation": 270, "texture": "#1"},
				"up": {"uv": [4, 7, 5, 8], "rotation": 270, "texture": "#1"},
				"down": {"uv": [7, 7.25, 9, 8.5], "rotation": 270, "texture": "#1"}
			}
		},
		{
			"name": "Element",
			"from": [7.45, 3.225, 7.25],
			"to": [7.7, 9.225, 8.75],
			"rotation": {"angle": -22.5, "axis": "z", "origin": [0, 0, 0]},
			"faces": {
				"north": {"uv": [4, 8.5, 10.5, 8.75], "rotation": 90, "texture": "#1"},
				"east": {"uv": [10.5, 8.75, 4, 7.25], "rotation": 270, "texture": "#1"},
				"south": {"uv": [5.5, 8.5, 12, 8.75], "rotation": 270, "texture": "#1"},
				"up": {"uv": [4, 7, 5, 8], "rotation": 270, "texture": "#1"},
				"down": {"uv": [7.25, 8.5, 8.75, 8.75], "rotation": 270, "texture": "#1"}
			}
		},
		{
			"name": "Element",
			"from": [5.2, 3.475, 7.25],
			"to": [5.7, 8.975, 8.75],
			"rotation": {"angle": -22.5, "axis": "z", "origin": [0, 0, 0]},
			"faces": {
				"north": {"uv": [4.75, 6.5, 10.25, 7], "rotation": 90, "texture": "#1"},
				"south": {"uv": [5.75, 6.5, 11.25, 7], "rotation": 270, "texture": "#1"},
				"west": {"uv": [5.75, 7.25, 11.25, 8.75], "rotation": 270, "texture": "#1"},
				"down": {"uv": [7.25, 6.5, 8.75, 7], "rotation": 270, "texture": "#1"}
			}
		},
		{
			"name": "Element",
			"from": [5.7, 3.225, 7],
			"to": [5.95, 8.975, 9],
			"rotation": {"angle": -22.5, "axis": "z", "origin": [0, 0, 0]},
			"faces": {
				"north": {"uv": [4.75, 7, 10.5, 7.25], "rotation": 90, "texture": "#1"},
				"south": {"uv": [5.5, 7, 11.25, 7.25], "rotation": 270, "texture": "#1"},
				"west": {"uv": [5.5, 7, 11.25, 9], "rotation": 270, "texture": "#1"},
				"down": {"uv": [7, 7, 9, 7.25], "rotation": 270, "texture": "#1"}
			}
		},
		{
			"name": "Element",
			"from": [5.2, 8.975, 7.25],
			"to": [5.7, 10.225, 8.75],
			"rotation": {"angle": -22.5, "axis": "z", "origin": [0, 0, 0]},
			"faces": {
				"north": {"uv": [3.5, 6.5, 4.75, 7], "rotation": 90, "texture": "#1"},
				"east": {"uv": [4.75, 9, 3.5, 7], "rotation": 270, "texture": "#1"},
				"south": {"uv": [11.25, 6.5, 12.5, 7], "rotation": 270, "texture": "#1"},
				"west": {"uv": [11.25, 7, 12.5, 9], "rotation": 270, "texture": "#1"},
				"up": {"uv": [7, 6.5, 9, 7], "rotation": 270, "texture": "#1"},
				"down": {"uv": [7, 6.5, 9, 7], "rotation": 270, "texture": "#1"}
			}
		},
		{
			"name": "Element",
			"from": [5.7, 8.975, 7],
			"to": [5.95, 9.975, 9],
			"rotation": {"angle": -22.5, "axis": "z", "origin": [0, 0, 0]},
			"faces": {
				"north": {"uv": [3.75, 7, 4.75, 7.25], "rotation": 90, "texture": "#1"},
				"east": {"uv": [4.75, 9, 3.75, 7], "rotation": 270, "texture": "#1"},
				"south": {"uv": [11.25, 7, 12.25, 7.25], "rotation": 270, "texture": "#1"},
				"west": {"uv": [4, 7, 5, 8], "rotation": 270, "texture": "#1"}
			}
		},
		{
			"name": "Element",
			"from": [5.95, 9.725, 7],
			"to": [7.2, 11.225, 9],
			"rotation": {"angle": -22.5, "axis": "z", "origin": [0, 0, 0]},
			"faces": {
				"north": {"uv": [1, 7.25, 4, 8.5], "rotation": 90, "texture": "#2"},
				"east": {"uv": [4, 9, 1, 7], "rotation": 270, "texture": "#2"},
				"south": {"uv": [12, 7.25, 15, 8.5], "rotation": 270, "texture": "#2"},
				"west": {"uv": [12, 7, 15, 9], "rotation": 270, "texture": "#2"},
				"up": {"uv": [4, 7, 5, 8], "rotation": 270, "texture": "#2"}
			}
		},
		{
			"name": "Element",
			"from": [5.7, 9.975, 7],
			"to": [5.95, 11.225, 9],
			"rotation": {"angle": -22.5, "axis": "z", "origin": [0, 0, 0]},
			"faces": {
				"north": {"uv": [0.75, 7, 3.75, 7.25], "rotation": 90, "texture": "#2"},
				"east": {"uv": [3.75, 9, 0.75, 7], "rotation": 270, "texture": "#2"},
				"south": {"uv": [12.25, 7, 14.25, 7.25], "rotation": 270, "texture": "#2"},
				"west": {"uv": [12.25, 7, 14.25, 9], "rotation": 270, "texture": "#2"},
				"up": {"uv": [4, 7, 5, 8], "rotation": 270, "texture": "#2"}
			}
		},
		{
			"name": "Element",
			"from": [5.2, 10.225, 7.25],
			"to": [5.7, 11.225, 8.75],
			"rotation": {"angle": -22.5, "axis": "z", "origin": [0, 0, 0]},
			"faces": {
				"north": {"uv": [0.75, 6.5, 3.5, 7], "rotation": 90, "texture": "#2"},
				"south": {"uv": [12.5, 6.5, 15, 7], "rotation": 270, "texture": "#2"},
				"west": {"uv": [12.5, 7.25, 15, 8.75], "rotation": 270, "texture": "#2"},
				"up": {"uv": [4, 7, 5, 8], "rotation": 270, "texture": "#2"}
			}
		},
		{
			"name": "Element",
			"from": [7.2, 9.725, 7.25],
			"to": [7.45, 11.225, 8.75],
			"rotation": {"angle": -22.5, "axis": "z", "origin": [0, 0, 0]},
			"faces": {
				"north": {"uv": [0.75, 8.5, 4, 8.75], "rotation": 90, "texture": "#2"},
				"east": {"uv": [4, 8.75, 0.75, 7.25], "rotation": 270, "texture": "#2"},
				"south": {"uv": [12, 8.5, 15, 8.75], "rotation": 270, "texture": "#2"},
				"west": {"uv": [12, 7.25, 15, 8.75], "rotation": 270, "texture": "#2"},
				"up": {"uv": [4, 7, 5, 8], "rotation": 270, "texture": "#2"}
			}
		},
		{
			"name": "Element",
			"from": [11, 9, 7.25],
			"to": [13, 9.5, 8.75],
			"faces": {
				"north": {"uv": [0.75, 6.5, 3.5, 7], "texture": "#2"},
				"south": {"uv": [12.5, 6.5, 15.25, 7], "texture": "#2"},
				"west": {"uv": [4, 8, 5, 9], "texture": "#2"},
				"up": {"uv": [12.5, 7.25, 15.25, 8.75], "texture": "#2"}
			}
		},
		{
			"name": "Element",
			"from": [11, 8.75, 7],
			"to": [12.75, 9, 9],
			"faces": {
				"north": {"uv": [0.75, 7, 3.75, 7.25], "texture": "#2"},
				"south": {"uv": [12.25, 7, 14.25, 7.25], "texture": "#2"},
				"west": {"uv": [4, 8, 5, 9], "texture": "#2"},
				"up": {"uv": [12.25, 7, 14.25, 9], "texture": "#2"},
				"down": {"uv": [3.75, 9, 0.75, 7], "texture": "#2"}
			}
		},
		{
			"name": "Element",
			"from": [11, 7.5, 7],
			"to": [12.75, 8.75, 9],
			"faces": {
				"north": {"uv": [1, 7.25, 4, 8.5], "texture": "#2"},
				"south": {"uv": [12, 7.25, 15, 8.5], "texture": "#2"},
				"west": {"uv": [4, 8, 5, 9], "texture": "#2"},
				"up": {"uv": [12, 7, 15, 9], "texture": "#2"},
				"down": {"uv": [4, 9, 1, 7], "texture": "#2"}
			}
		},
		{
			"name": "Element",
			"from": [11, 7.25, 7.25],
			"to": [13, 7.5, 8.75],
			"faces": {
				"north": {"uv": [0.75, 8.5, 4, 8.75], "texture": "#2"},
				"south": {"uv": [12, 8.5, 15.25, 8.75], "texture": "#2"},
				"west": {"uv": [4, 8, 5, 9], "texture": "#2"},
				"up": {"uv": [12, 7.25, 15.25, 8.75], "texture": "#2"},
				"down": {"uv": [4, 8.75, 0.75, 7.25], "texture": "#2"}
			}
		},
		{
			"name": "Element",
			"from": [10.975, 7.975, 7.475],
			"to": [13.45, 9.775, 8.525],
			"faces": {
				"north": {"uv": [0, 7.75, 1, 8.25], "rotation": 180, "texture": "#0"},
				"east": {"uv": [7.75, 5.75, 8.25, 6], "rotation": 90, "texture": "#0"},
				"south": {"uv": [16, 8.25, 15, 7.75], "texture": "#0"},
				"west": {"uv": [7.75, 5.75, 8.25, 6], "rotation": 270, "texture": "#0", "cullface": "west"},
				"up": {"uv": [0, 5.75, 1, 6], "texture": "#0"},
				"down": {"uv": [16, 5.75, 15, 6], "rotation": 180, "texture": "#0"}
			}
		},
		{
			"name": "Element",
			"from": [5.475, -9.775, 7.725],
			"to": [5.725, 11.4, 8.275],
			"rotation": {"angle": -22.5, "axis": "z", "origin": [0, 0, 0]},
			"faces": {
				"north": {"uv": [16, 5.75, 15, 6], "rotation": 90, "texture": "#0"},
				"east": {"uv": [16, 8.25, 15, 7.75], "rotation": 270, "texture": "#0"},
				"south": {"uv": [0, 5.75, 1, 6], "rotation": 270, "texture": "#0"},
				"west": {"uv": [0, 7.75, 1, 8.25], "rotation": 270, "texture": "#0"},
				"up": {"uv": [7.75, 5.75, 8.25, 6], "rotation": 270, "texture": "#0"},
				"down": {"uv": [7.75, 5.75, 8.25, 6], "rotation": 270, "texture": "#0", "cullface": "west"}
			}
		},
		{
			"name": "Element",
			"from": [4.925, -9.775, 8.275],
			"to": [5.475, 11.4, 8.525],
			"rotation": {"angle": -22.5, "axis": "z", "origin": [0, 0, 0]},
			"faces": {
				"north": {"uv": [0, 7.75, 1, 8.25], "rotation": 270, "texture": "#0"},
				"east": {"uv": [16, 5.75, 15, 6], "rotation": 90, "texture": "#0"},
				"south": {"uv": [16, 8.25, 15, 7.75], "rotation": 270, "texture": "#0"},
				"west": {"uv": [0, 5.75, 1, 6], "rotation": 270, "texture": "#0"},
				"up": {"uv": [7.75, 5.75, 8.25, 6], "texture": "#0"},
				"down": {"uv": [7.75, 5.75, 8.25, 6], "rotation": 180, "texture": "#0", "cullface": "west"}
			}
		},
		{
			"name": "Element",
			"from": [4.925, -9.775, 7.475],
			"to": [5.475, 11.4, 7.725],
			"rotation": {"angle": -22.5, "axis": "z", "origin": [0, 0, 0]},
			"faces": {
				"north": {"uv": [0, 7.75, 1, 8.25], "rotation": 270, "texture": "#0"},
				"east": {"uv": [16, 5.75, 15, 6], "rotation": 90, "texture": "#0"},
				"south": {"uv": [16, 8.25, 15, 7.75], "rotation": 270, "texture": "#0"},
				"west": {"uv": [0, 5.75, 1, 6], "rotation": 270, "texture": "#0"},
				"up": {"uv": [7.75, 5.75, 8.25, 6], "texture": "#0"},
				"down": {"uv": [7.75, 5.75, 8.25, 6], "rotation": 180, "texture": "#0", "cullface": "west"}
			}
		},
		{
			"name": "Element",
			"from": [11, 9.775, 7.725],
			"to": [13.45, 10.025, 8.275],
			"faces": {
				"north": {"uv": [16, 5.75, 15, 6], "texture": "#0"},
				"east": {"uv": [7.75, 5.75, 8.25, 6], "texture": "#0"},
				"south": {"uv": [0, 5.75, 1, 6], "texture": "#0"},
				"west": {"uv": [7.75, 5.75, 8.25, 6], "texture": "#0", "cullface": "west"},
				"up": {"uv": [0, 7.75, 1, 8.25], "texture": "#0"},
				"down": {"uv": [16, 8.25, 15, 7.75], "texture": "#0"}
			}
		},
		{
			"name": "Element",
			"from": [4.675, -9.775, 7.725],
			"to": [4.925, 11.375, 8.275],
			"rotation": {"angle": -22.5, "axis": "z", "origin": [0, 0, 0]},
			"faces": {
				"north": {"uv": [16, 5.75, 15, 6], "rotation": 90, "texture": "#0"},
				"east": {"uv": [16, 8.25, 15, 7.75], "rotation": 270, "texture": "#0"},
				"south": {"uv": [0, 5.75, 1, 6], "rotation": 270, "texture": "#0"},
				"west": {"uv": [0, 7.75, 1, 8.25], "rotation": 270, "texture": "#0"},
				"up": {"uv": [7.75, 5.75, 8.25, 6], "rotation": 270, "texture": "#0"},
				"down": {"uv": [7.75, 5.75, 8.25, 6], "rotation": 270, "texture": "#0", "cullface": "west"}
			}
		},
		{
			"name": "Element",
			"from": [6.725, -9.775, 7.725],
			"to": [6.975, 11.425, 8.275],
			"rotation": {"angle": -22.5, "axis": "z", "origin": [0, 0, 0]},
			"faces": {
				"north": {"uv": [16, 5.75, 15, 6], "rotation": 90, "texture": "#0"},
				"east": {"uv": [16, 8.25, 15, 7.75], "rotation": 270, "texture": "#0"},
				"south": {"uv": [0, 5.75, 1, 6], "rotation": 270, "texture": "#0"},
				"west": {"uv": [0, 7.75, 1, 8.25], "rotation": 270, "texture": "#0"},
				"up": {"uv": [7.75, 5.75, 8.25, 6], "rotation": 270, "texture": "#0"},
				"down": {"uv": [7.75, 5.75, 8.25, 6], "rotation": 270, "texture": "#0", "cullface": "west"}
			}
		},
		{
			"name": "Element",
			"from": [6.175, -9.775, 8.275],
			"to": [6.725, 11.425, 8.525],
			"rotation": {"angle": -22.5, "axis": "z", "origin": [0, 0, 0]},
			"faces": {
				"north": {"uv": [0, 7.75, 1, 8.25], "rotation": 270, "texture": "#0"},
				"east": {"uv": [16, 5.75, 15, 6], "rotation": 90, "texture": "#0"},
				"south": {"uv": [16, 8.25, 15, 7.75], "rotation": 270, "texture": "#0"},
				"west": {"uv": [0, 5.75, 1, 6], "rotation": 270, "texture": "#0"},
				"up": {"uv": [7.75, 5.75, 8.25, 6], "texture": "#0"},
				"down": {"uv": [7.75, 5.75, 8.25, 6], "rotation": 180, "texture": "#0", "cullface": "west"}
			}
		},
		{
			"name": "Element",
			"from": [6.175, -9.775, 7.475],
			"to": [6.725, 11.425, 7.725],
			"rotation": {"angle": -22.5, "axis": "z", "origin": [0, 0, 0]},
			"faces": {
				"north": {"uv": [0, 7.75, 1, 8.25], "rotation": 270, "texture": "#0"},
				"east": {"uv": [16, 5.75, 15, 6], "rotation": 90, "texture": "#0"},
				"south": {"uv": [16, 8.25, 15, 7.75], "rotation": 270, "texture": "#0"},
				"west": {"uv": [0, 5.75, 1, 6], "rotation": 270, "texture": "#0"},
				"up": {"uv": [7.75, 5.75, 8.25, 6], "texture": "#0"},
				"down": {"uv": [7.75, 5.75, 8.25, 6], "rotation": 180, "texture": "#0", "cullface": "west"}
			}
		},
		{
			"name": "Element",
			"from": [5.925, -9.775, 7.725],
			"to": [6.175, 11.425, 8.275],
			"rotation": {"angle": -22.5, "axis": "z", "origin": [0, 0, 0]},
			"faces": {
				"north": {"uv": [16, 5.75, 15, 6], "rotation": 90, "texture": "#0"},
				"east": {"uv": [16, 8.25, 15, 7.75], "rotation": 270, "texture": "#0"},
				"south": {"uv": [0, 5.75, 1, 6], "rotation": 270, "texture": "#0"},
				"west": {"uv": [0, 7.75, 1, 8.25], "rotation": 270, "texture": "#0"},
				"up": {"uv": [7.75, 5.75, 8.25, 6], "rotation": 270, "texture": "#0"},
				"down": {"uv": [7.75, 5.75, 8.25, 6], "rotation": 270, "texture": "#0", "cullface": "west"}
			}
		},
		{
			"name": "Element",
			"from": [4.55, -9.775, 7.75],
			"to": [4.7, -8.525, 8.25],
			"rotation": {"angle": -22.5, "axis": "z", "origin": [0, 0, 0]},
			"faces": {
				"north": {"uv": [16, 5.75, 15, 6], "rotation": 90, "texture": "#0"},
				"south": {"uv": [0, 5.75, 1, 6], "rotation": 270, "texture": "#0"},
				"west": {"uv": [0, 7.75, 1, 8.25], "rotation": 270, "texture": "#0"},
				"up": {"uv": [7.75, 5.75, 8.25, 6], "rotation": 270, "texture": "#0"},
				"down": {"uv": [7.75, 5.75, 8.25, 6], "rotation": 270, "texture": "#0", "cullface": "west"}
			}
		},
		{
			"name": "Element",
			"from": [5.7, -9.275, 7.875],
			"to": [5.95, -7.025, 8.125],
			"rotation": {"angle": -22.5, "axis": "z", "origin": [0, 0, 0]},
			"faces": {
				"north": {"uv": [16, 7, 15, 7.25], "rotation": 90, "texture": "#0"},
				"south": {"uv": [0, 7, 1, 7.25], "rotation": 270, "texture": "#0"},
				"up": {"uv": [7.875, 7, 8.125, 7.25], "rotation": 270, "texture": "#0"},
				"down": {"uv": [7.875, 7, 8.125, 7.25], "rotation": 270, "texture": "#0", "cullface": "west"}
			}
		},
		{
			"name": "Cube",
			"from": [4.3, -9.775, 7.75],
			"to": [4.55, 11.3, 8.25],
			"rotation": {"angle": -22.5, "axis": "z", "origin": [0, 0, 0]},
			"faces": {
				"north": {"uv": [1, 6, 16, 6.25], "rotation": 90, "texture": "#0"},
				"east": {"uv": [16, 8.25, 1, 7.75], "rotation": 270, "texture": "#0"},
				"south": {"uv": [0, 6, 15, 6.25], "rotation": 270, "texture": "#0"},
				"west": {"uv": [0, 7.75, 15, 8.25], "rotation": 270, "texture": "#0"},
				"up": {"uv": [0, 6, 1, 7], "rotation": 270, "texture": "#0"},
				"down": {"uv": [7.75, 6, 8.25, 6.25], "rotation": 270, "texture": "#0", "cullface": "west"}
			}
		},
		{
			"name": "Cube",
			"from": [11, 10.25, 7.75],
			"to": [11.7, 10.4, 8.25],
			"faces": {
				"north": {"uv": [1, 5, 0, 6], "texture": "#0"},
				"east": {"uv": [0, 5, 1, 6], "texture": "#0"},
				"south": {"uv": [0, 5, 1, 6], "texture": "#0"},
				"west": {"uv": [0, 5, 1, 6], "texture": "#0", "cullface": "west"},
				"up": {"uv": [0, 6, 1, 5], "texture": "#0"},
				"down": {"uv": [1, 5, 0, 6], "texture": "#0"}
			}
		},
		{
			"name": "Cube",
			"from": [4.55, -6.775, 7.75],
			"to": [4.7, -5.525, 8.25],
			"rotation": {"angle": -22.5, "axis": "z", "origin": [0, 0, 0]},
			"faces": {
				"north": {"uv": [16, 5.75, 15, 6], "rotation": 90, "texture": "#0"},
				"south": {"uv": [0, 5.75, 1, 6], "rotation": 270, "texture": "#0"},
				"west": {"uv": [0, 7.75, 1, 8.25], "rotation": 270, "texture": "#0"},
				"up": {"uv": [7.75, 5.75, 8.25, 6], "rotation": 270, "texture": "#0"},
				"down": {"uv": [7.75, 5.75, 8.25, 6], "rotation": 270, "texture": "#0", "cullface": "west"}
			}
		},
		{
			"name": "Cube",
			"from": [4.55, -3.775, 7.75],
			"to": [4.7, -2.525, 8.25],
			"rotation": {"angle": -22.5, "axis": "z", "origin": [0, 0, 0]},
			"faces": {
				"north": {"uv": [16, 5.75, 15, 6], "rotation": 90, "texture": "#0"},
				"south": {"uv": [0, 5.75, 1, 6], "rotation": 270, "texture": "#0"},
				"west": {"uv": [0, 7.75, 1, 8.25], "rotation": 270, "texture": "#0"},
				"up": {"uv": [7.75, 5.75, 8.25, 6], "rotation": 270, "texture": "#0"},
				"down": {"uv": [7.75, 5.75, 8.25, 6], "rotation": 270, "texture": "#0", "cullface": "west"}
			}
		},
		{
			"name": "Cube",
			"from": [4.55, -0.775, 7.75],
			"to": [4.7, 0.475, 8.25],
			"rotation": {"angle": -22.5, "axis": "z", "origin": [0, 0, 0]},
			"faces": {
				"north": {"uv": [16, 5.75, 15, 6], "rotation": 90, "texture": "#0"},
				"south": {"uv": [0, 5.75, 1, 6], "rotation": 270, "texture": "#0"},
				"west": {"uv": [0, 7.75, 1, 8.25], "rotation": 270, "texture": "#0"},
				"up": {"uv": [7.75, 5.75, 8.25, 6], "rotation": 270, "texture": "#0"},
				"down": {"uv": [7.75, 5.75, 8.25, 6], "rotation": 270, "texture": "#0", "cullface": "west"}
			}
		},
		{
			"name": "Cube",
			"from": [4.55, 2.225, 7.75],
			"to": [4.7, 3.475, 8.25],
			"rotation": {"angle": -22.5, "axis": "z", "origin": [0, 0, 0]},
			"faces": {
				"north": {"uv": [16, 5.75, 15, 6], "rotation": 90, "texture": "#0"},
				"south": {"uv": [0, 5.75, 1, 6], "rotation": 270, "texture": "#0"},
				"west": {"uv": [0, 7.75, 1, 8.25], "rotation": 270, "texture": "#0"},
				"up": {"uv": [7.75, 5.75, 8.25, 6], "rotation": 270, "texture": "#0"},
				"down": {"uv": [7.75, 5.75, 8.25, 6], "rotation": 270, "texture": "#0", "cullface": "west"}
			}
		},
		{
			"name": "Cube",
			"from": [4.55, 5.225, 7.75],
			"to": [4.7, 6.475, 8.25],
			"rotation": {"angle": -22.5, "axis": "z", "origin": [0, 0, 0]},
			"faces": {
				"north": {"uv": [16, 5.75, 15, 6], "rotation": 90, "texture": "#0"},
				"south": {"uv": [0, 5.75, 1, 6], "rotation": 270, "texture": "#0"},
				"west": {"uv": [0, 7.75, 1, 8.25], "rotation": 270, "texture": "#0"},
				"up": {"uv": [7.75, 5.75, 8.25, 6], "rotation": 270, "texture": "#0"},
				"down": {"uv": [7.75, 5.75, 8.25, 6], "rotation": 270, "texture": "#0", "cullface": "west"}
			}
		},
		{
			"name": "Cube",
			"from": [4.55, 8.225, 7.75],
			"to": [4.7, 9.475, 8.25],
			"rotation": {"angle": -22.5, "axis": "z", "origin": [0, 0, 0]},
			"faces": {
				"north": {"uv": [16, 5.75, 15, 6], "rotation": 90, "texture": "#0"},
				"south": {"uv": [0, 5.75, 1, 6], "rotation": 270, "texture": "#0"},
				"west": {"uv": [0, 7.75, 1, 8.25], "rotation": 270, "texture": "#0"},
				"up": {"uv": [7.75, 5.75, 8.25, 6], "rotation": 270, "texture": "#0"},
				"down": {"uv": [7.75, 5.75, 8.25, 6], "rotation": 270, "texture": "#0", "cullface": "west"}
			}
		},
		{
			"name": "Cube",
			"from": [4.925, 10.475, 7.725],
			"to": [5.7, 11.25, 8.275],
			"rotation": {"angle": -22.5, "axis": "z", "origin": [0, 0, 0]},
			"faces": {
				"north": {"uv": [16, 5.75, 15, 6], "rotation": 90, "texture": "#0"},
				"south": {"uv": [0, 5.75, 1, 6], "rotation": 270, "texture": "#0"},
				"west": {"uv": [0, 7.75, 1, 8.25], "rotation": 270, "texture": "#0"},
				"up": {"uv": [15.5, 11.25, 16, 11.5], "rotation": 270, "texture": "#0"},
				"down": {"uv": [15.5, 11.25, 16, 11.5], "rotation": 270, "texture": "#0", "cullface": "west"}
			}
		},
		{
			"name": "Cube",
			"from": [5.95, 10.475, 7.725],
			"to": [6.725, 11.25, 8.275],
			"rotation": {"angle": -22.5, "axis": "z", "origin": [0, 0, 0]},
			"faces": {
				"north": {"uv": [16, 5.75, 15, 6], "rotation": 90, "texture": "#0"},
				"south": {"uv": [0, 5.75, 1, 6], "rotation": 270, "texture": "#0"},
				"west": {"uv": [0, 7.75, 1, 8.25], "rotation": 270, "texture": "#0"},
				"up": {"uv": [15.5, 11.25, 16, 11.5], "rotation": 270, "texture": "#0"},
				"down": {"uv": [15.5, 11.25, 16, 11.5], "rotation": 270, "texture": "#0", "cullface": "west"}
			}
		},
		{
			"name": "Cube",
			"from": [11, 10, 7.75],
			"to": [12.25, 10.25, 8.25],
			"faces": {
				"north": {"uv": [16, 5.75, 15, 6], "texture": "#0"},
				"east": {"uv": [7.75, 5.75, 8.25, 6], "texture": "#0"},
				"south": {"uv": [0, 5.75, 1, 6], "texture": "#0"},
				"west": {"uv": [7.75, 5.75, 8.25, 6], "texture": "#0", "cullface": "west"},
				"up": {"uv": [0, 7.75, 1, 8.25], "texture": "#0"}
			}
		},
		{
			"name": "Cube",
			"from": [12.2, 10, 7.75],
			"to": [12.85, 10.15, 8.25],
			"faces": {
				"north": {"uv": [16, 5.75, 15, 6], "texture": "#0"},
				"east": {"uv": [7.75, 5.75, 8.25, 6], "texture": "#0"},
				"south": {"uv": [0, 5.75, 1, 6], "texture": "#0"},
				"west": {"uv": [7.75, 5.75, 8.25, 6], "texture": "#0", "cullface": "west"},
				"up": {"uv": [0, 7.75, 1, 8.25], "texture": "#0"}
			}
		}
	],
	"gui_light": "front",
	"display": {
		"thirdperson_righthand": {
			"rotation": [0, -90, 0],
			"translation": [0, 0.75, -5.5],
			"scale": [0.9, 0.92, 0.92]
		},
		"thirdperson_lefthand": {
			"rotation": [0, 90, 0],
			"translation": [0, 0.75, -5.5],
			"scale": [0.9, 0.92, 0.92]
		},
		"firstperson_righthand": {
			"rotation": [0, -90, -35],
			"translation": [0, 4.75, -6.5],
			"scale": [1, 1.02, 1.02]
		},
		"firstperson_lefthand": {
			"rotation": [0, 90, 35],
			"translation": [0, 4.75, -6.5],
			"scale": [1, 1.02, 1.02]
		},
		"ground": {
			"translation": [0, 0.25, 0],
			"scale": [1, 1.02, 1.02]
		},
		"gui": {
			"rotation": [0, 0, -45],
			"translation": [0, 0.25, 0],
			"scale": [0.55, 0.55, 0.9]
		},
		"fixed": {
			"rotation": [0, 180, -45],
			"translation": [0.25, 1, 0],
			"scale": [0.97, 0.99, 0.99]
		}
	}
}