{
	"credit": "Made by SrDarmith - YouTube: Mainclay",
	"textures": {
		"0": "item/anvil_1",
		"1": "item/lightguntexture",
		"particle": "item/anvil_1"
	},
	"elements": [
		{
			"name": "Element",
			"from": [-1.5, 10, 7.25],
			"to": [9.25, 10.25, 8.75],
			"faces": {
				"north": {"uv": [7, 10, 8, 9], "texture": "#1"},
				"east": {"uv": [7, 10, 8, 9], "texture": "#1"},
				"south": {"uv": [7, 10, 8, 9], "texture": "#1"},
				"west": {"uv": [7, 10, 8, 9], "texture": "#1", "cullface": "west"},
				"up": {"uv": [7, 10, 8, 9], "texture": "#1"},
				"down": {"uv": [7, 10, 8, 9], "texture": "#1"}
			}
		},
		{
			"name": "Element",
			"from": [-1.5, 9.75, 7.25],
			"to": [-1, 10, 8.75],
			"faces": {
				"north": {"uv": [7, 10, 8, 9], "texture": "#1"},
				"east": {"uv": [8, 10, 7, 9], "texture": "#1"},
				"south": {"uv": [8, 10, 7, 9], "texture": "#1"},
				"west": {"uv": [8, 10, 7, 9], "texture": "#1", "cullface": "west"}
			}
		},
		{
			"name": "Element",
			"from": [0, 9.75, 7.25],
			"to": [0.25, 10, 8.75],
			"faces": {
				"north": {"uv": [7, 10, 8, 9], "texture": "#1"},
				"east": {"uv": [7, 10, 8, 9], "texture": "#1"},
				"south": {"uv": [7, 10, 8, 9], "texture": "#1"},
				"west": {"uv": [7, 10, 8, 9], "texture": "#1", "cullface": "west"}
			}
		},
		{
			"name": "Element",
			"from": [1.25, 9.75, 7.25],
			"to": [1.5, 10, 8.75],
			"faces": {
				"north": {"uv": [7, 10, 8, 9], "texture": "#1"},
				"east": {"uv": [7, 10, 8, 9], "texture": "#1"},
				"south": {"uv": [7, 10, 8, 9], "texture": "#1"},
				"west": {"uv": [7, 10, 8, 9], "texture": "#1"}
			}
		},
		{
			"name": "Element",
			"from": [2.5, 9.75, 7.25],
			"to": [2.75, 10, 8.75],
			"faces": {
				"north": {"uv": [7, 10, 8, 9], "texture": "#1"},
				"east": {"uv": [7, 10, 8, 9], "texture": "#1"},
				"south": {"uv": [7, 10, 8, 9], "texture": "#1"},
				"west": {"uv": [7, 10, 8, 9], "texture": "#1"}
			}
		},
		{
			"name": "Element",
			"from": [3.75, 9.75, 7.25],
			"to": [4, 10, 8.75],
			"faces": {
				"north": {"uv": [7, 10, 8, 9], "texture": "#1"},
				"east": {"uv": [7, 10, 8, 9], "texture": "#1"},
				"south": {"uv": [7, 10, 8, 9], "texture": "#1"},
				"west": {"uv": [7, 10, 8, 9], "texture": "#1"}
			}
		},
		{
			"name": "Element",
			"from": [5, 9.75, 7.25],
			"to": [5.25, 10, 8.75],
			"faces": {
				"north": {"uv": [7, 10, 8, 9], "texture": "#1"},
				"east": {"uv": [7, 10, 8, 9], "texture": "#1"},
				"south": {"uv": [7, 10, 8, 9], "texture": "#1"},
				"west": {"uv": [7, 10, 8, 9], "texture": "#1"}
			}
		},
		{
			"name": "Element",
			"from": [6.25, 9.75, 7.25],
			"to": [6.5, 10, 8.75],
			"faces": {
				"north": {"uv": [7, 10, 8, 9], "texture": "#1"},
				"east": {"uv": [7, 10, 8, 9], "texture": "#1"},
				"south": {"uv": [7, 10, 8, 9], "texture": "#1"},
				"west": {"uv": [7, 10, 8, 9], "texture": "#1"}
			}
		},
		{
			"name": "Element",
			"from": [7.5, 9.75, 7.25],
			"to": [7.75, 10, 8.75],
			"faces": {
				"north": {"uv": [7, 10, 8, 9], "texture": "#1"},
				"east": {"uv": [7, 10, 8, 9], "texture": "#1"},
				"south": {"uv": [7, 10, 8, 9], "texture": "#1"},
				"west": {"uv": [7, 10, 8, 9], "texture": "#1"}
			}
		},
		{
			"name": "Element",
			"from": [8.75, 9.75, 7.25],
			"to": [9.25, 10, 8.75],
			"faces": {
				"north": {"uv": [7, 10, 8, 9], "texture": "#1"},
				"east": {"uv": [7, 10, 8, 9], "texture": "#1"},
				"south": {"uv": [7, 10, 8, 9], "texture": "#1"},
				"west": {"uv": [7, 10, 8, 9], "texture": "#1"}
			}
		},
		{
			"name": "Element",
			"from": [5, 10.25, 7.25],
			"to": [9.25, 10.4, 8.75],
			"faces": {
				"north": {"uv": [9, 10, 8, 9], "texture": "#1"},
				"east": {"uv": [9, 10, 8, 9], "texture": "#1"},
				"south": {"uv": [9, 10, 8, 9], "texture": "#1"},
				"west": {"uv": [9, 10, 8, 9], "texture": "#1"},
				"up": {"uv": [9, 10, 8, 9], "texture": "#1"}
			}
		},
		{
			"name": "Element",
			"from": [-1.55, 9.5, 7.25],
			"to": [9.25, 9.75, 8.75],
			"faces": {
				"north": {"uv": [7, 10, 8, 9], "texture": "#1"},
				"east": {"uv": [7, 10, 8, 9], "texture": "#1"},
				"south": {"uv": [7, 10, 8, 9], "texture": "#1"},
				"west": {"uv": [7, 10, 8, 9], "texture": "#1", "cullface": "west"},
				"up": {"uv": [7, 10, 8, 9], "texture": "#1"},
				"down": {"uv": [7, 10, 8, 9], "texture": "#1"}
			}
		},
		{
			"name": "Element",
			"from": [-1, 9, 7.5],
			"to": [9, 9.5, 8.5],
			"faces": {
				"north": {"uv": [8, 12, 9, 11], "texture": "#1"},
				"south": {"uv": [9, 12, 8, 11], "texture": "#1"}
			}
		},
		{
			"name": "Element",
			"from": [9, 7.75, 7.25],
			"to": [9.25, 9.5, 8.75],
			"faces": {
				"north": {"uv": [9, 11, 8, 9], "texture": "#1"},
				"east": {"uv": [9, 11, 8, 9], "texture": "#1"},
				"south": {"uv": [9, 11, 8, 9], "rotation": 180, "texture": "#1"},
				"west": {"uv": [9, 11, 8, 9], "texture": "#1"},
				"down": {"uv": [8, 9, 9, 11], "texture": "#1"}
			}
		},
		{
			"name": "Element",
			"from": [-1.55, 7.75, 7.25],
			"to": [-1, 9.5, 8.75],
			"faces": {
				"north": {"uv": [8, 11, 9, 9], "texture": "#1"},
				"east": {"uv": [9, 11, 8, 9], "texture": "#1"},
				"south": {"uv": [9, 11, 8, 9], "rotation": 180, "texture": "#1"},
				"west": {"uv": [9, 11, 8, 9], "texture": "#1", "cullface": "west"},
				"down": {"uv": [8, 9, 9, 11], "texture": "#1"}
			}
		},
		{
			"name": "Element",
			"from": [-1, 8.75, 7.25],
			"to": [9, 9, 8.75],
			"faces": {
				"north": {"uv": [8, 10, 9, 9], "texture": "#1"},
				"south": {"uv": [9, 10, 8, 9], "texture": "#1"},
				"up": {"uv": [9, 10, 8, 9], "texture": "#1"},
				"down": {"uv": [9, 9, 8, 10], "texture": "#1"}
			}
		},
		{
			"name": "Element",
			"from": [-1.55, 7.5, 7.5],
			"to": [9.25, 7.75, 8.5],
			"faces": {
				"north": {"uv": [8, 11, 9, 10], "texture": "#1"},
				"east": {"uv": [9, 11, 8, 10], "texture": "#1"},
				"south": {"uv": [9, 11, 8, 10], "texture": "#1"},
				"west": {"uv": [9, 11, 8, 10], "texture": "#1", "cullface": "west"},
				"up": {"uv": [9, 11, 8, 10], "texture": "#1"},
				"down": {"uv": [9, 10, 8, 11], "texture": "#1"}
			}
		},
		{
			"name": "Element",
			"from": [3.425, 7.35, 6.95],
			"to": [3.675, 9.5, 9.05],
			"faces": {
				"north": {"uv": [0, 14.5, 0.75, 16], "texture": "#0"},
				"east": {"uv": [0, 14.5, 0.75, 16], "texture": "#0"},
				"south": {"uv": [0, 14.5, 0.75, 16], "texture": "#0"},
				"west": {"uv": [0, 14.5, 0.75, 16], "texture": "#0", "cullface": "west"},
				"up": {"uv": [0, 14.5, 0.75, 16], "texture": "#0"},
				"down": {"uv": [0.75, 16, 0, 14.5], "texture": "#0"}
			}
		},
		{
			"name": "Element",
			"from": [3.925, 7.35, 6.95],
			"to": [4.175, 9.5, 9.05],
			"faces": {
				"north": {"uv": [0, 14.5, 0.75, 16], "texture": "#0"},
				"east": {"uv": [0, 14.5, 0.75, 16], "texture": "#0"},
				"south": {"uv": [0, 14.5, 0.75, 16], "texture": "#0"},
				"west": {"uv": [0, 14.5, 0.75, 16], "texture": "#0", "cullface": "west"},
				"up": {"uv": [0, 14.5, 0.75, 16], "texture": "#0"},
				"down": {"uv": [0.75, 16, 0, 14.5], "texture": "#0"}
			}
		},
		{
			"name": "Element",
			"from": [4.425, 7.35, 6.95],
			"to": [4.675, 9.5, 9.05],
			"faces": {
				"north": {"uv": [0, 14.5, 0.75, 16], "texture": "#0"},
				"east": {"uv": [0, 14.5, 0.75, 16], "texture": "#0"},
				"south": {"uv": [0, 14.5, 0.75, 16], "texture": "#0"},
				"west": {"uv": [0, 14.5, 0.75, 16], "texture": "#0", "cullface": "west"},
				"up": {"uv": [0, 14.5, 0.75, 16], "texture": "#0"},
				"down": {"uv": [0.75, 16, 0, 14.5], "texture": "#0"}
			}
		},
		{
			"name": "Element",
			"from": [4.925, 7.35, 6.95],
			"to": [5.175, 9.5, 9.05],
			"faces": {
				"north": {"uv": [0, 14.5, 0.75, 16], "texture": "#0"},
				"east": {"uv": [0, 14.5, 0.75, 16], "texture": "#0"},
				"south": {"uv": [0, 14.5, 0.75, 16], "texture": "#0"},
				"west": {"uv": [0, 14.5, 0.75, 16], "texture": "#0", "cullface": "west"},
				"up": {"uv": [0, 14.5, 0.75, 16], "texture": "#0"},
				"down": {"uv": [0.75, 16, 0, 14.5], "texture": "#0"}
			}
		},
		{
			"name": "Element",
			"from": [5.425, 7.5, 6.95],
			"to": [5.675, 9.5, 9.05],
			"faces": {
				"north": {"uv": [0, 14.5, 0.75, 16], "texture": "#0"},
				"east": {"uv": [0, 14.5, 0.75, 16], "texture": "#0"},
				"south": {"uv": [0, 14.5, 0.75, 16], "texture": "#0"},
				"west": {"uv": [0, 14.5, 0.75, 16], "texture": "#0", "cullface": "west"},
				"up": {"uv": [0, 14.5, 0.75, 16], "texture": "#0"},
				"down": {"uv": [0.75, 16, 0, 14.5], "texture": "#0"}
			}
		},
		{
			"name": "Element",
			"from": [5.925, 7.6, 6.95],
			"to": [6.175, 9.5, 9.05],
			"faces": {
				"north": {"uv": [0, 14.5, 0.75, 16], "texture": "#0"},
				"east": {"uv": [0, 14.5, 0.75, 16], "texture": "#0"},
				"south": {"uv": [0, 14.5, 0.75, 16], "texture": "#0"},
				"west": {"uv": [0, 14.5, 0.75, 16], "texture": "#0", "cullface": "west"},
				"up": {"uv": [0, 14.5, 0.75, 16], "texture": "#0"},
				"down": {"uv": [0.75, 16, 0, 14.5], "texture": "#0"}
			}
		},
		{
			"name": "Element",
			"from": [6.425, 7.6, 6.95],
			"to": [6.675, 9.5, 9.05],
			"faces": {
				"north": {"uv": [0, 14.5, 0.75, 16], "texture": "#0"},
				"east": {"uv": [0, 14.5, 0.75, 16], "texture": "#0"},
				"south": {"uv": [0, 14.5, 0.75, 16], "texture": "#0"},
				"west": {"uv": [0, 14.5, 0.75, 16], "texture": "#0", "cullface": "west"},
				"up": {"uv": [0, 14.5, 0.75, 16], "texture": "#0"},
				"down": {"uv": [0.75, 16, 0, 14.5], "texture": "#0"}
			}
		},
		{
			"name": "Element",
			"from": [6.925, 7.6, 6.95],
			"to": [7.175, 9.5, 9.05],
			"faces": {
				"north": {"uv": [0, 14.5, 0.75, 16], "texture": "#0"},
				"east": {"uv": [0, 14.5, 0.75, 16], "texture": "#0"},
				"south": {"uv": [0, 14.5, 0.75, 16], "texture": "#0"},
				"west": {"uv": [0, 14.5, 0.75, 16], "texture": "#0", "cullface": "west"},
				"up": {"uv": [0, 14.5, 0.75, 16], "texture": "#0"},
				"down": {"uv": [0.75, 16, 0, 14.5], "texture": "#0"}
			}
		},
		{
			"name": "Element",
			"from": [7.425, 7.6, 6.95],
			"to": [7.675, 9.5, 9.05],
			"faces": {
				"north": {"uv": [0, 14.5, 0.75, 16], "texture": "#0"},
				"east": {"uv": [0, 14.5, 0.75, 16], "texture": "#0"},
				"south": {"uv": [0, 14.5, 0.75, 16], "texture": "#0"},
				"west": {"uv": [0, 14.5, 0.75, 16], "texture": "#0", "cullface": "west"},
				"up": {"uv": [0, 14.5, 0.75, 16], "texture": "#0"},
				"down": {"uv": [0.75, 16, 0, 14.5], "texture": "#0"}
			}
		},
		{
			"name": "Element",
			"from": [7.925, 7.6, 6.95],
			"to": [8.175, 9.5, 9.05],
			"faces": {
				"north": {"uv": [0, 14.5, 0.75, 16], "texture": "#0"},
				"east": {"uv": [0, 14.5, 0.75, 16], "texture": "#0"},
				"south": {"uv": [0, 14.5, 0.75, 16], "texture": "#0"},
				"west": {"uv": [0, 14.5, 0.75, 16], "texture": "#0", "cullface": "west"},
				"up": {"uv": [0, 14.5, 0.75, 16], "texture": "#0"},
				"down": {"uv": [0.75, 16, 0, 14.5], "texture": "#0"}
			}
		},
		{
			"name": "Element",
			"from": [8.425, 7.6, 6.95],
			"to": [8.675, 9.5, 9.05],
			"faces": {
				"north": {"uv": [0, 14.5, 0.75, 16], "texture": "#0"},
				"east": {"uv": [0, 14.5, 0.75, 16], "texture": "#0"},
				"south": {"uv": [0, 14.5, 0.75, 16], "texture": "#0"},
				"west": {"uv": [0, 14.5, 0.75, 16], "texture": "#0", "cullface": "west"},
				"up": {"uv": [0, 14.5, 0.75, 16], "texture": "#0"},
				"down": {"uv": [0.75, 16, 0, 14.5], "texture": "#0"}
			}
		},
		{
			"name": "Element",
			"from": [0.675, 7.65, 7],
			"to": [9.175, 9.55, 9],
			"faces": {
				"north": {"uv": [1, 15, 4, 13], "rotation": 180, "texture": "#0"},
				"east": {"uv": [4, 15, 1, 13], "rotation": 180, "texture": "#0"},
				"south": {"uv": [4, 15, 1, 13], "rotation": 180, "texture": "#0"},
				"west": {"uv": [4, 15, 1, 13], "rotation": 180, "texture": "#0", "cullface": "west"},
				"up": {"uv": [4, 15, 1, 13], "rotation": 180, "texture": "#0"},
				"down": {"uv": [1, 13, 4, 15], "rotation": 180, "texture": "#0"}
			}
		},
		{
			"name": "Element",
			"from": [0.675, 7.4, 7.25],
			"to": [9.175, 7.65, 8.75],
			"faces": {
				"north": {"uv": [2, 14, 0, 16], "texture": "#0"},
				"east": {"uv": [2, 14, 0, 16], "texture": "#0"},
				"south": {"uv": [2, 14, 0, 16], "texture": "#0"},
				"west": {"uv": [2, 14, 0, 16], "texture": "#0", "cullface": "west"},
				"down": {"uv": [2, 16, 0, 14], "texture": "#0"}
			}
		},
		{
			"name": "Element",
			"from": [8.675, 7.15, 7.25],
			"to": [9.175, 7.4, 8.75],
			"faces": {
				"north": {"uv": [16, 16, 13, 14], "texture": "#0"},
				"east": {"uv": [16, 16, 13, 14], "texture": "#0"},
				"south": {"uv": [16, 16, 13, 14], "texture": "#0"},
				"west": {"uv": [16, 16, 13, 14], "texture": "#0"},
				"down": {"uv": [13, 14, 16, 16], "texture": "#0"}
			}
		},
		{
			"name": "Element",
			"from": [1.425, 7.15, 7.5],
			"to": [5.675, 7.4, 8.5],
			"faces": {
				"north": {"uv": [14, 16, 16, 14], "texture": "#0"},
				"east": {"uv": [16, 16, 14, 14], "texture": "#0"},
				"south": {"uv": [16, 16, 14, 14], "texture": "#0"},
				"west": {"uv": [16, 16, 14, 14], "texture": "#0", "cullface": "west"},
				"down": {"uv": [14, 14, 16, 16], "texture": "#0"}
			}
		},
		{
			"name": "Element",
			"from": [2.175, 7.15, 7.25],
			"to": [4.925, 7.4, 8.75],
			"faces": {
				"north": {"uv": [13, 16, 16, 14], "texture": "#0"},
				"east": {"uv": [16, 16, 13, 14], "texture": "#0"},
				"south": {"uv": [16, 16, 13, 14], "texture": "#0"},
				"west": {"uv": [16, 16, 13, 14], "texture": "#0", "cullface": "west"},
				"down": {"uv": [13, 14, 16, 16], "texture": "#0"}
			}
		},
		{
			"name": "Element",
			"from": [1.425, 7.4, 7],
			"to": [5.675, 7.65, 9],
			"faces": {
				"north": {"uv": [13, 16, 16, 14], "texture": "#0"},
				"east": {"uv": [16, 16, 13, 14], "texture": "#0"},
				"south": {"uv": [16, 16, 13, 14], "texture": "#0"},
				"west": {"uv": [16, 16, 13, 14], "texture": "#0", "cullface": "west"},
				"down": {"uv": [13, 14, 16, 16], "texture": "#0"}
			}
		},
		{
			"name": "Element",
			"from": [2.175, 6.9, 7.5],
			"to": [4.925, 7.15, 8.5],
			"faces": {
				"north": {"uv": [13, 16, 16, 14], "texture": "#0"},
				"east": {"uv": [16, 16, 13, 14], "texture": "#0"},
				"south": {"uv": [16, 16, 13, 14], "texture": "#0"},
				"west": {"uv": [16, 16, 13, 14], "texture": "#0", "cullface": "west"},
				"down": {"uv": [13, 14, 16, 16], "texture": "#0"}
			}
		},
		{
			"name": "Element",
			"from": [-7.675, 9.25, 7.5],
			"to": [-1.025, 9.75, 7.75],
			"faces": {
				"north": {"uv": [0, 7.75, 1, 8.25], "rotation": 180, "texture": "#0"},
				"east": {"uv": [7.75, 5.75, 8.25, 6], "rotation": 90, "texture": "#0"},
				"south": {"uv": [16, 8.25, 15, 7.75], "texture": "#0"},
				"west": {"uv": [7.75, 5.75, 8.25, 6], "rotation": 270, "texture": "#0", "cullface": "west"},
				"up": {"uv": [0, 5.75, 1, 6], "texture": "#0"},
				"down": {"uv": [16, 5.75, 15, 6], "rotation": 180, "texture": "#0"}
			}
		},
		{
			"name": "Element",
			"from": [-7.675, 9.25, 8.25],
			"to": [-1.025, 9.75, 8.5],
			"faces": {
				"north": {"uv": [0, 7.75, 1, 8.25], "rotation": 180, "texture": "#0"},
				"east": {"uv": [7.75, 5.75, 8.25, 6], "rotation": 90, "texture": "#0"},
				"south": {"uv": [16, 8.25, 15, 7.75], "texture": "#0"},
				"west": {"uv": [7.75, 5.75, 8.25, 6], "rotation": 270, "texture": "#0", "cullface": "west"},
				"up": {"uv": [0, 5.75, 1, 6], "texture": "#0"},
				"down": {"uv": [16, 5.75, 15, 6], "rotation": 180, "texture": "#0"}
			}
		},
		{
			"name": "Element",
			"from": [-7.675, 9.75, 7.75],
			"to": [-1.025, 10, 8.25],
			"faces": {
				"north": {"uv": [16, 5.75, 15, 6], "texture": "#0"},
				"east": {"uv": [7.75, 5.75, 8.25, 6], "texture": "#0"},
				"south": {"uv": [0, 5.75, 1, 6], "texture": "#0"},
				"west": {"uv": [7.75, 5.75, 8.25, 6], "texture": "#0", "cullface": "west"},
				"up": {"uv": [0, 7.75, 1, 8.25], "texture": "#0"},
				"down": {"uv": [16, 8.25, 15, 7.75], "texture": "#0"}
			}
		},
		{
			"name": "Element",
			"from": [-6.175, 10, 7.875],
			"to": [-5.625, 10.75, 8.125],
			"faces": {
				"north": {"uv": [0, 6, 1, 5], "texture": "#0"},
				"east": {"uv": [0, 6, 1, 5], "texture": "#0"},
				"south": {"uv": [0, 6, 1, 5], "texture": "#0"},
				"west": {"uv": [0, 6, 1, 5], "texture": "#0", "cullface": "west"},
				"up": {"uv": [0, 6, 1, 5], "texture": "#0"},
				"down": {"uv": [0, 5, 1, 6], "texture": "#0"}
			}
		},
		{
			"name": "Element",
			"from": [7.825, 10.275, 7.725],
			"to": [8.425, 10.55, 8.275],
			"faces": {
				"north": {"uv": [0, 6, 1, 5], "texture": "#0"},
				"east": {"uv": [0, 6, 1, 5], "texture": "#0"},
				"south": {"uv": [0, 6, 1, 5], "texture": "#0"},
				"west": {"uv": [0, 6, 1, 5], "texture": "#0", "cullface": "west"},
				"up": {"uv": [0, 6, 1, 5], "texture": "#0"},
				"down": {"uv": [0, 5, 1, 6], "texture": "#0"}
			}
		},
		{
			"name": "Element",
			"from": [8.2, 10.525, 8.15],
			"to": [8.425, 10.85, 8.275],
			"faces": {
				"north": {"uv": [0, 6, 1, 5], "texture": "#0"},
				"east": {"uv": [0, 6, 1, 5], "texture": "#0"},
				"south": {"uv": [0, 6, 1, 5], "texture": "#0"},
				"west": {"uv": [0, 6, 1, 5], "texture": "#0", "cullface": "west"},
				"up": {"uv": [0, 6, 1, 5], "texture": "#0"},
				"down": {"uv": [0, 5, 1, 6], "texture": "#0"}
			}
		},
		{
			"name": "Element",
			"from": [8.2, 10.85, 7.725],
			"to": [8.425, 10.975, 8.275],
			"faces": {
				"north": {"uv": [0, 6, 1, 5], "texture": "#0"},
				"east": {"uv": [0, 6, 1, 5], "texture": "#0"},
				"south": {"uv": [0, 6, 1, 5], "texture": "#0"},
				"west": {"uv": [0, 6, 1, 5], "texture": "#0", "cullface": "west"},
				"up": {"uv": [0, 6, 1, 5], "texture": "#0"},
				"down": {"uv": [0, 5, 1, 6], "texture": "#0"}
			}
		},
		{
			"name": "Element",
			"from": [8.2, 10.525, 7.725],
			"to": [8.425, 10.85, 7.85],
			"faces": {
				"north": {"uv": [0, 6, 1, 5], "texture": "#0"},
				"east": {"uv": [0, 6, 1, 5], "texture": "#0"},
				"south": {"uv": [0, 6, 1, 5], "texture": "#0"},
				"west": {"uv": [0, 6, 1, 5], "texture": "#0", "cullface": "west"},
				"up": {"uv": [0, 6, 1, 5], "texture": "#0"},
				"down": {"uv": [0, 5, 1, 6], "texture": "#0"}
			}
		},
		{
			"name": "Element",
			"from": [-8.175, 9.175, 8.25],
			"to": [-6.475, 9.825, 8.575],
			"faces": {
				"north": {"uv": [0, 7.75, 1, 8.25], "rotation": 180, "texture": "#0"},
				"east": {"uv": [7.75, 5.75, 8.25, 6], "rotation": 90, "texture": "#0"},
				"south": {"uv": [16, 8.25, 15, 7.75], "texture": "#0"},
				"west": {"uv": [7.75, 5.75, 8.25, 6], "rotation": 270, "texture": "#0", "cullface": "west"},
				"up": {"uv": [0, 5.75, 1, 6], "texture": "#0"},
				"down": {"uv": [16, 5.75, 15, 6], "rotation": 180, "texture": "#0"}
			}
		},
		{
			"name": "Element",
			"from": [-8.175, 8.925, 7.675],
			"to": [-6.475, 9.25, 8.325],
			"faces": {
				"north": {"uv": [16, 5.75, 15, 6], "texture": "#0"},
				"east": {"uv": [7.75, 5.75, 8.25, 6], "texture": "#0"},
				"south": {"uv": [0, 5.75, 1, 6], "texture": "#0"},
				"west": {"uv": [7.75, 5.75, 8.25, 6], "texture": "#0", "cullface": "west"},
				"up": {"uv": [0, 7.75, 1, 8.25], "texture": "#0"},
				"down": {"uv": [16, 8.25, 15, 7.75], "texture": "#0"}
			}
		},
		{
			"name": "Element",
			"from": [-8.175, 9.175, 7.425],
			"to": [-6.475, 9.825, 7.75],
			"faces": {
				"north": {"uv": [0, 7.75, 1, 8.25], "rotation": 180, "texture": "#0"},
				"east": {"uv": [7.75, 5.75, 8.25, 6], "rotation": 90, "texture": "#0"},
				"south": {"uv": [16, 8.25, 15, 7.75], "texture": "#0"},
				"west": {"uv": [7.75, 5.75, 8.25, 6], "rotation": 270, "texture": "#0", "cullface": "west"},
				"up": {"uv": [0, 5.75, 1, 6], "texture": "#0"},
				"down": {"uv": [16, 5.75, 15, 6], "rotation": 180, "texture": "#0"}
			}
		},
		{
			"name": "Element",
			"from": [-8.175, 9.75, 7.675],
			"to": [-6.475, 10.075, 8.325],
			"faces": {
				"north": {"uv": [16, 5.75, 15, 6], "texture": "#0"},
				"east": {"uv": [7.75, 5.75, 8.25, 6], "texture": "#0"},
				"south": {"uv": [0, 5.75, 1, 6], "texture": "#0"},
				"west": {"uv": [7.75, 5.75, 8.25, 6], "texture": "#0", "cullface": "west"},
				"up": {"uv": [0, 7.75, 1, 8.25], "texture": "#0"},
				"down": {"uv": [16, 8.25, 15, 7.75], "texture": "#0"}
			}
		},
		{
			"name": "Element",
			"from": [-7.925, 8, 7.5],
			"to": [-0.975, 8.5, 8.5],
			"faces": {
				"north": {"uv": [0, 7.75, 1, 8.25], "rotation": 180, "texture": "#0"},
				"east": {"uv": [7.75, 5.75, 8.25, 6], "rotation": 90, "texture": "#0"},
				"south": {"uv": [16, 8.25, 15, 7.75], "texture": "#0"},
				"west": {"uv": [7.75, 5.75, 8.25, 6], "rotation": 270, "texture": "#0", "cullface": "west"},
				"up": {"uv": [0, 5.75, 1, 6], "texture": "#0"},
				"down": {"uv": [16, 5.75, 15, 6], "rotation": 180, "texture": "#0"}
			}
		},
		{
			"name": "Element",
			"from": [-7.925, 7.75, 7.75],
			"to": [-0.975, 8.75, 8.25],
			"faces": {
				"north": {"uv": [16, 5.75, 15, 6], "texture": "#0"},
				"east": {"uv": [7.75, 5.75, 8.25, 6], "texture": "#0"},
				"south": {"uv": [0, 5.75, 1, 6], "texture": "#0"},
				"west": {"uv": [7.75, 5.75, 8.25, 6], "texture": "#0", "cullface": "west"},
				"up": {"uv": [0, 7.75, 1, 8.25], "texture": "#0"},
				"down": {"uv": [16, 8.25, 15, 7.75], "texture": "#0"}
			}
		},
		{
			"name": "Element",
			"from": [-2.675, 7.875, 7.375],
			"to": [-2.225, 8.625, 8.625],
			"faces": {
				"north": {"uv": [0, 7.75, 1, 8.25], "rotation": 180, "texture": "#0"},
				"east": {"uv": [7.75, 5.75, 8.25, 6], "rotation": 90, "texture": "#0"},
				"south": {"uv": [16, 8.25, 15, 7.75], "texture": "#0"},
				"west": {"uv": [7.75, 5.75, 8.25, 6], "rotation": 270, "texture": "#0", "cullface": "west"},
				"up": {"uv": [0, 5.75, 1, 6], "texture": "#0"},
				"down": {"uv": [16, 5.75, 15, 6], "rotation": 180, "texture": "#0"}
			}
		},
		{
			"name": "Element",
			"from": [-2.675, 7.625, 7.625],
			"to": [-2.225, 8.875, 8.375],
			"faces": {
				"north": {"uv": [16, 5.75, 15, 6], "texture": "#0"},
				"east": {"uv": [7.75, 5.75, 8.25, 6], "texture": "#0"},
				"south": {"uv": [0, 5.75, 1, 6], "texture": "#0"},
				"west": {"uv": [7.75, 5.75, 8.25, 6], "texture": "#0", "cullface": "west"},
				"up": {"uv": [0, 7.75, 1, 8.25], "texture": "#0"},
				"down": {"uv": [16, 8.25, 15, 7.75], "texture": "#0"}
			}
		},
		{
			"name": "Element",
			"from": [-7.675, 9, 7.75],
			"to": [-1.025, 9.25, 8.25],
			"faces": {
				"north": {"uv": [16, 5.75, 15, 6], "texture": "#0"},
				"east": {"uv": [7.75, 5.75, 8.25, 6], "texture": "#0"},
				"south": {"uv": [0, 5.75, 1, 6], "texture": "#0"},
				"west": {"uv": [7.75, 5.75, 8.25, 6], "texture": "#0", "cullface": "west"},
				"up": {"uv": [0, 7.75, 1, 8.25], "texture": "#0"},
				"down": {"uv": [16, 8.25, 15, 7.75], "texture": "#0"}
			}
		},
		{
			"name": "Element",
			"from": [-1, 8.25, 7.25],
			"to": [1, 8.5, 8.75],
			"faces": {
				"north": {"uv": [9, 11, 8, 10], "texture": "#1"},
				"south": {"uv": [9, 11, 8, 10], "texture": "#1"},
				"up": {"uv": [9, 11, 8, 10], "texture": "#1"},
				"down": {"uv": [8, 10, 9, 11], "texture": "#1"}
			}
		},
		{
			"name": "Element",
			"from": [-0.25, 8, 7.25],
			"to": [0.25, 8.25, 8.75],
			"faces": {
				"north": {"uv": [9, 11, 8, 10], "texture": "#1"},
				"east": {"uv": [9, 11, 8, 10], "texture": "#1"},
				"south": {"uv": [9, 11, 8, 10], "texture": "#1"},
				"west": {"uv": [9, 11, 8, 10], "texture": "#1"}
			}
		},
		{
			"name": "Element",
			"from": [-1, 7.75, 7.25],
			"to": [1, 8, 8.75],
			"faces": {
				"north": {"uv": [9, 11, 8, 10], "texture": "#1"},
				"south": {"uv": [9, 11, 8, 10], "texture": "#1"},
				"up": {"uv": [9, 11, 8, 10], "texture": "#1"},
				"down": {"uv": [8, 10, 9, 11], "texture": "#1"}
			}
		},
		{
			"name": "Element",
			"from": [-1, 8.5, 7.25],
			"to": [-0.5, 8.75, 8.75],
			"faces": {
				"north": {"uv": [9, 11, 8, 9], "texture": "#1"},
				"east": {"uv": [9, 11, 8, 9], "texture": "#1"},
				"south": {"uv": [9, 11, 8, 9], "rotation": 180, "texture": "#1"},
				"west": {"uv": [9, 11, 8, 9], "texture": "#1"}
			}
		},
		{
			"name": "Element",
			"from": [0.5, 8.5, 7.25],
			"to": [1, 8.75, 8.75],
			"faces": {
				"north": {"uv": [9, 11, 8, 9], "texture": "#1"},
				"east": {"uv": [9, 11, 8, 9], "texture": "#1"},
				"south": {"uv": [9, 11, 8, 9], "rotation": 180, "texture": "#1"},
				"west": {"uv": [9, 11, 8, 9], "texture": "#1"}
			}
		},
		{
			"name": "Element",
			"from": [-1.25, 7.75, 7.75],
			"to": [9, 10, 8.25],
			"faces": {
				"north": {"uv": [16, 11, 15, 12], "texture": "#0"},
				"east": {"uv": [16, 11, 15, 12], "texture": "#0"},
				"south": {"uv": [16, 11, 15, 12], "texture": "#0"},
				"west": {"uv": [16, 11, 15, 12], "texture": "#0", "cullface": "west"}
			}
		},
		{
			"name": "Element",
			"from": [9.25, 9.25, 7.5],
			"to": [16, 10, 8.5],
			"faces": {
				"north": {"uv": [5, 5, 2, 3], "texture": "#0"},
				"south": {"uv": [5, 5, 2, 3], "texture": "#0"},
				"west": {"uv": [5, 5, 2, 3], "texture": "#0"},
				"up": {"uv": [5, 5, 2, 3], "texture": "#0"},
				"down": {"uv": [2, 3, 5, 5], "texture": "#0"}
			}
		},
		{
			"name": "Element",
			"from": [9.25, 10, 7.65],
			"to": [15.25, 10.25, 8.35],
			"faces": {
				"north": {"uv": [6, 1, 3, 0], "texture": "#0"},
				"east": {"uv": [6, 1, 3, 0], "texture": "#0"},
				"south": {"uv": [6, 1, 3, 0], "texture": "#0"},
				"up": {"uv": [6, 1, 3, 0], "texture": "#0"}
			}
		},
		{
			"name": "Element",
			"from": [15.25, 10, 7.65],
			"to": [16.25, 10.125, 8.35],
			"faces": {
				"north": {"uv": [16, 16, 13, 15], "texture": "#0"},
				"east": {"uv": [16, 16, 13, 15], "texture": "#0"},
				"south": {"uv": [16, 16, 13, 15], "texture": "#0"},
				"up": {"uv": [16, 16, 13, 15], "texture": "#0"}
			}
		},
		{
			"name": "Element",
			"from": [16.25, 7.75, 7.5],
			"to": [17.25, 10, 8.5],
			"faces": {
				"north": {"uv": [15, 11, 16, 12], "texture": "#0"},
				"east": {"uv": [15, 11, 16, 12], "texture": "#0", "cullface": "east"},
				"south": {"uv": [15, 11, 16, 12], "texture": "#0"},
				"west": {"uv": [15, 11, 16, 12], "texture": "#0"},
				"up": {"uv": [15, 11, 16, 12], "texture": "#0"},
				"down": {"uv": [15, 11, 16, 12], "texture": "#0"}
			}
		},
		{
			"name": "Element",
			"from": [17.25, 8, 7.5],
			"to": [17.5, 9.75, 8.5],
			"faces": {
				"north": {"uv": [15, 11, 16, 12], "texture": "#0"},
				"east": {"uv": [15, 11, 16, 12], "texture": "#0", "cullface": "east"},
				"south": {"uv": [15, 11, 16, 12], "texture": "#0"},
				"west": {"uv": [15, 11, 16, 12], "texture": "#0"},
				"up": {"uv": [15, 11, 16, 12], "texture": "#0"},
				"down": {"uv": [15, 12, 16, 11], "texture": "#0"}
			}
		},
		{
			"name": "Element",
			"from": [17.5, 8.25, 7.5],
			"to": [17.75, 9.5, 8.5],
			"faces": {
				"north": {"uv": [15, 11, 16, 12], "texture": "#0"},
				"east": {"uv": [15, 11, 16, 12], "texture": "#0", "cullface": "east"},
				"south": {"uv": [15, 11, 16, 12], "texture": "#0"},
				"up": {"uv": [15, 11, 16, 12], "texture": "#0"},
				"down": {"uv": [15, 12, 16, 11], "texture": "#0"}
			}
		},
		{
			"name": "Element",
			"from": [15.35, 7.25, 7.5],
			"to": [17, 7.75, 8.5],
			"rotation": {"angle": 0, "axis": "y", "origin": [0, -0.5, 0]},
			"faces": {
				"north": {"uv": [15, 11, 16, 12], "texture": "#0"},
				"east": {"uv": [15, 11, 16, 12], "texture": "#0", "cullface": "east"},
				"south": {"uv": [15, 11, 16, 12], "texture": "#0"},
				"west": {"uv": [15, 11, 16, 12], "texture": "#0"},
				"up": {"uv": [15, 11, 16, 12], "texture": "#0"},
				"down": {"uv": [16, 12, 15, 11], "texture": "#0"}
			}
		},
		{
			"name": "Element",
			"from": [15.1, 6.875, 7.75],
			"to": [15.35, 7.75, 8.25],
			"rotation": {"angle": 0, "axis": "y", "origin": [0, -0.5, 0]},
			"faces": {
				"north": {"uv": [5, 16, 4, 15], "texture": "#0"},
				"east": {"uv": [5, 16, 4, 15], "texture": "#0", "cullface": "east"},
				"south": {"uv": [5, 16, 4, 15], "texture": "#0"},
				"west": {"uv": [5, 16, 4, 15], "texture": "#0"},
				"up": {"uv": [5, 16, 4, 15], "texture": "#0"},
				"down": {"uv": [4, 15, 5, 16], "texture": "#0"}
			}
		},
		{
			"name": "Element",
			"from": [13.9, 6.375, 7.75],
			"to": [14.75, 6.625, 8.25],
			"rotation": {"angle": 0, "axis": "y", "origin": [0.1, -0.625, 0]},
			"faces": {
				"north": {"uv": [5, 16, 4, 15], "texture": "#0"},
				"east": {"uv": [5, 16, 4, 15], "texture": "#0"},
				"south": {"uv": [5, 16, 4, 15], "texture": "#0"},
				"west": {"uv": [5, 16, 4, 15], "texture": "#0"},
				"up": {"uv": [5, 16, 4, 15], "texture": "#0"},
				"down": {"uv": [4, 15, 5, 16], "texture": "#0"}
			}
		},
		{
			"name": "Element",
			"from": [14.75, 6.625, 7.75],
			"to": [15.1, 6.875, 8.25],
			"rotation": {"angle": 0, "axis": "y", "origin": [0.1, -0.625, 0]},
			"faces": {
				"north": {"uv": [5, 16, 4, 15], "texture": "#0"},
				"east": {"uv": [5, 16, 4, 15], "texture": "#0"},
				"south": {"uv": [5, 16, 4, 15], "texture": "#0"},
				"west": {"uv": [5, 16, 4, 15], "texture": "#0"},
				"up": {"uv": [5, 16, 4, 15], "texture": "#0"},
				"down": {"uv": [4, 15, 5, 16], "texture": "#0"}
			}
		},
		{
			"name": "Element",
			"from": [15.35, 6.875, 7.5],
			"to": [16.1, 7.25, 8.5],
			"rotation": {"angle": 0, "axis": "y", "origin": [0.1, -0.625, 0]},
			"faces": {
				"north": {"uv": [15, 11, 16, 12], "texture": "#0"},
				"east": {"uv": [15, 11, 16, 12], "texture": "#0"},
				"south": {"uv": [15, 11, 16, 12], "texture": "#0"},
				"west": {"uv": [15, 11, 16, 12], "texture": "#0"},
				"up": {"uv": [15, 11, 16, 12], "texture": "#0"},
				"down": {"uv": [16, 12, 15, 11], "texture": "#0"}
			}
		},
		{
			"name": "Element",
			"from": [13.65, 6.625, 7.75],
			"to": [13.9, 6.875, 8.25],
			"rotation": {"angle": 0, "axis": "y", "origin": [0.1, -0.625, 0]},
			"faces": {
				"north": {"uv": [5, 16, 4, 15], "texture": "#0"},
				"east": {"uv": [5, 16, 4, 15], "texture": "#0"},
				"south": {"uv": [5, 16, 4, 15], "texture": "#0"},
				"west": {"uv": [5, 16, 4, 15], "texture": "#0"},
				"up": {"uv": [5, 16, 4, 15], "texture": "#0"},
				"down": {"uv": [4, 15, 5, 16], "texture": "#0"}
			}
		},
		{
			"name": "Element",
			"from": [10.425, 11.925, 7.8],
			"to": [10.675, 12.925, 8.2],
			"rotation": {"angle": -22.5, "axis": "z", "origin": [0.1, -0.625, 0]},
			"faces": {
				"north": {"uv": [5, 16, 4, 15], "texture": "#0"},
				"east": {"uv": [5, 16, 4, 15], "texture": "#0"},
				"south": {"uv": [5, 16, 4, 15], "texture": "#0"},
				"west": {"uv": [5, 16, 4, 15], "texture": "#0"},
				"up": {"uv": [5, 16, 4, 15], "texture": "#0"},
				"down": {"uv": [4, 15, 5, 16], "texture": "#0"}
			}
		},
		{
			"name": "Element",
			"from": [13.15, 6.875, 7.75],
			"to": [13.65, 7.625, 8.25],
			"rotation": {"angle": 0, "axis": "y", "origin": [0.1, -0.625, 0]},
			"faces": {
				"north": {"uv": [4, 15, 5, 16], "texture": "#0"},
				"east": {"uv": [4, 15, 5, 16], "texture": "#0"},
				"south": {"uv": [4, 15, 5, 16], "texture": "#0"},
				"west": {"uv": [4, 15, 5, 16], "texture": "#0"},
				"down": {"uv": [5, 16, 4, 15], "texture": "#0"}
			}
		},
		{
			"name": "Element",
			"from": [12.65, 7.625, 7.75],
			"to": [15.1, 7.875, 8.25],
			"rotation": {"angle": 0, "axis": "y", "origin": [0.1, -0.625, 0]},
			"faces": {
				"north": {"uv": [5, 16, 4, 15], "texture": "#0"},
				"east": {"uv": [5, 16, 4, 15], "texture": "#0"},
				"south": {"uv": [5, 16, 4, 15], "texture": "#0"},
				"west": {"uv": [5, 16, 4, 15], "texture": "#0"},
				"down": {"uv": [4, 15, 5, 16], "texture": "#0"}
			}
		},
		{
			"name": "Element",
			"from": [12.65, 7.05, 7.75],
			"to": [13.15, 7.625, 8.25],
			"rotation": {"angle": 0, "axis": "y", "origin": [0.1, -0.625, 0]},
			"faces": {
				"north": {"uv": [4, 15, 5, 16], "texture": "#0"},
				"east": {"uv": [4, 15, 5, 16], "texture": "#0"},
				"south": {"uv": [4, 15, 5, 16], "texture": "#0"},
				"west": {"uv": [4, 15, 5, 16], "texture": "#0"},
				"down": {"uv": [5, 16, 4, 15], "texture": "#0"}
			}
		},
		{
			"name": "Element",
			"from": [9.25, 8.5, 7.5],
			"to": [15.75, 9.25, 8.5],
			"faces": {
				"north": {"uv": [5, 6, 2, 5], "texture": "#0"},
				"south": {"uv": [5, 6, 2, 5], "texture": "#0"},
				"down": {"uv": [2, 5, 5, 6], "texture": "#0"}
			}
		},
		{
			"name": "Element",
			"from": [9.25, 7.75, 7.5],
			"to": [15.5, 8.5, 8.5],
			"faces": {
				"north": {"uv": [5, 5, 2, 7], "texture": "#0"},
				"south": {"uv": [5, 5, 2, 7], "texture": "#0"},
				"down": {"uv": [2, 7, 5, 5], "texture": "#0"}
			}
		},
		{
			"name": "Element",
			"from": [15.75, 7.75, 7.5],
			"to": [16.25, 9.25, 8.5],
			"faces": {
				"north": {"uv": [15, 11, 16, 12], "texture": "#0"},
				"south": {"uv": [15, 11, 16, 12], "texture": "#0"},
				"west": {"uv": [15, 11, 16, 12], "texture": "#0"}
			}
		},
		{
			"name": "Element",
			"from": [16, 9, 7.5],
			"to": [16.25, 10, 8.5],
			"faces": {
				"north": {"uv": [15, 11, 16, 12], "texture": "#0"},
				"south": {"uv": [15, 11, 16, 12], "texture": "#0"},
				"west": {"uv": [15, 11, 16, 12], "texture": "#0"},
				"up": {"uv": [15, 11, 16, 12], "texture": "#0"}
			}
		},
		{
			"name": "Element",
			"from": [15.5, 7.75, 7.5],
			"to": [15.75, 8.5, 8.5],
			"faces": {
				"north": {"uv": [15, 11, 16, 12], "texture": "#0"},
				"south": {"uv": [15, 11, 16, 12], "texture": "#0"},
				"west": {"uv": [15, 11, 16, 12], "texture": "#0"}
			}
		},
		{
			"name": "Element",
			"from": [15.125, 3.75, 7.5],
			"to": [16.75, 6.85, 8.5],
			"rotation": {"angle": 22.5, "axis": "z", "origin": [15, 7.5, 7.5]},
			"faces": {
				"north": {"uv": [15, 11, 16, 12], "texture": "#0"},
				"east": {"uv": [15, 11, 16, 12], "texture": "#0", "cullface": "east"},
				"south": {"uv": [15, 11, 16, 12], "texture": "#0"},
				"west": {"uv": [15, 11, 16, 12], "texture": "#0"},
				"up": {"uv": [15, 11, 16, 12], "texture": "#0"},
				"down": {"uv": [15, 11, 16, 12], "texture": "#0"}
			}
		},
		{
			"name": "Cube",
			"from": [16.425, 9.125, 7],
			"to": [16.825, 9.725, 9],
			"rotation": {"angle": 0, "axis": "y", "origin": [0.5, 0, 0]},
			"faces": {
				"north": {"uv": [11, 5, 10, 4], "texture": "#0"},
				"east": {"uv": [11, 5, 10, 4], "texture": "#0"},
				"south": {"uv": [11, 5, 10, 4], "texture": "#0"},
				"west": {"uv": [11, 5, 10, 4], "texture": "#0"},
				"up": {"uv": [11, 5, 10, 4], "texture": "#0"},
				"down": {"uv": [11, 5, 10, 4], "texture": "#0"}
			}
		},
		{
			"name": "Cube",
			"from": [12.35, 8.8, 8.5],
			"to": [17.1, 9.8, 8.8],
			"rotation": {"angle": -22.5, "axis": "z", "origin": [16.9, 9.3, 8]},
			"faces": {
				"north": {"uv": [2.95, 9.7, 2.05, 8.7], "rotation": 180, "texture": "#1"},
				"east": {"uv": [2.95, 9.7, 2.05, 8.7], "rotation": 180, "texture": "#1"},
				"south": {"uv": [2.95, 9.7, 2.05, 8.7], "rotation": 180, "texture": "#1"},
				"west": {"uv": [2.95, 9.7, 2.05, 8.7], "rotation": 180, "texture": "#1"},
				"up": {"uv": [2.95, 9.7, 2.05, 8.7], "rotation": 180, "texture": "#1"},
				"down": {"uv": [2.95, 9.7, 2.05, 8.7], "rotation": 180, "texture": "#1"}
			}
		},
		{
			"name": "Cube",
			"from": [16.325, 9.225, 7],
			"to": [16.925, 9.625, 9],
			"rotation": {"angle": 0, "axis": "y", "origin": [0.5, 0, 0]},
			"faces": {
				"north": {"uv": [11, 5, 10, 4], "texture": "#0"},
				"east": {"uv": [11, 5, 10, 4], "texture": "#0"},
				"south": {"uv": [11, 5, 10, 4], "texture": "#0"},
				"west": {"uv": [11, 5, 10, 4], "texture": "#0"},
				"up": {"uv": [11, 5, 10, 4], "texture": "#0"},
				"down": {"uv": [11, 5, 10, 4], "texture": "#0"}
			}
		},
		{
			"name": "Cube",
			"from": [12.35, 8.8, 7.2],
			"to": [17.1, 9.8, 7.5],
			"rotation": {"angle": -22.5, "axis": "z", "origin": [16.9, 9.3, 8]},
			"faces": {
				"north": {"uv": [2.95, 9.7, 2.05, 8.7], "rotation": 180, "texture": "#1"},
				"east": {"uv": [2.95, 9.7, 2.05, 8.7], "rotation": 180, "texture": "#1"},
				"south": {"uv": [2.95, 9.7, 2.05, 8.7], "rotation": 180, "texture": "#1"},
				"west": {"uv": [2.95, 9.7, 2.05, 8.7], "rotation": 180, "texture": "#1"},
				"up": {"uv": [2.95, 9.7, 2.05, 8.7], "rotation": 180, "texture": "#1"},
				"down": {"uv": [2.95, 9.7, 2.05, 8.7], "rotation": 180, "texture": "#1"}
			}
		},
		{
			"name": "Cube",
			"from": [7.9, 10.45, 8.5],
			"to": [12.825, 10.8, 8.8],
			"rotation": {"angle": 0, "axis": "y", "origin": [0.5, 0, 0]},
			"faces": {
				"north": {"uv": [3, 10, 2, 9], "texture": "#1"},
				"east": {"uv": [3, 10, 2, 9], "texture": "#1"},
				"south": {"uv": [3, 10, 2, 9], "texture": "#1"},
				"west": {"uv": [3, 10, 2, 9], "texture": "#1"},
				"up": {"uv": [3, 10, 2, 9], "texture": "#1"},
				"down": {"uv": [3, 10, 2, 9], "texture": "#1"}
			}
		},
		{
			"name": "Cube",
			"from": [7.9, 10.45, 7.2],
			"to": [12.825, 10.8, 7.5],
			"rotation": {"angle": 0, "axis": "y", "origin": [0.5, 0, 0]},
			"faces": {
				"north": {"uv": [3, 10, 2, 9], "texture": "#1"},
				"east": {"uv": [3, 10, 2, 9], "texture": "#1"},
				"south": {"uv": [3, 10, 2, 9], "texture": "#1"},
				"west": {"uv": [3, 10, 2, 9], "texture": "#1"},
				"up": {"uv": [3, 10, 2, 9], "texture": "#1"},
				"down": {"uv": [3, 10, 2, 9], "texture": "#1"}
			}
		},
		{
			"name": "Cube",
			"from": [9.1, 11.2, 8.5],
			"to": [12.9, 11.5, 8.8],
			"rotation": {"angle": 0, "axis": "y", "origin": [0.5, 0, 0]},
			"faces": {
				"north": {"uv": [3, 9, 2, 8], "texture": "#1"},
				"east": {"uv": [3, 9, 2, 8], "texture": "#1"},
				"south": {"uv": [3, 9, 2, 8], "texture": "#1"},
				"west": {"uv": [3, 9, 2, 8], "texture": "#1"},
				"up": {"uv": [3, 9, 2, 8], "texture": "#1"},
				"down": {"uv": [3, 9, 2, 8], "texture": "#1"}
			}
		},
		{
			"name": "Cube",
			"from": [9.1, 11.2, 7.2],
			"to": [12.9, 11.5, 7.5],
			"rotation": {"angle": 0, "axis": "y", "origin": [0.5, 0, 0]},
			"faces": {
				"north": {"uv": [3, 9, 2, 8], "texture": "#1"},
				"east": {"uv": [3, 9, 2, 8], "texture": "#1"},
				"south": {"uv": [3, 9, 2, 8], "texture": "#1"},
				"west": {"uv": [3, 9, 2, 8], "texture": "#1"},
				"up": {"uv": [3, 9, 2, 8], "texture": "#1"},
				"down": {"uv": [3, 9, 2, 8], "texture": "#1"}
			}
		},
		{
			"name": "Cube",
			"from": [5.2, 10.7, 8.45],
			"to": [7.7, 11.5, 8.8],
			"rotation": {"angle": 0, "axis": "y", "origin": [0.5, 0, 0]},
			"faces": {
				"north": {"uv": [3, 8, 2, 10], "texture": "#1"},
				"east": {"uv": [3, 8, 2, 10], "texture": "#1"},
				"south": {"uv": [3, 8, 2, 10], "texture": "#1"},
				"west": {"uv": [3, 8, 2, 10], "texture": "#1"},
				"up": {"uv": [3, 8, 2, 9], "texture": "#1"},
				"down": {"uv": [3, 8, 2, 10], "texture": "#1"}
			}
		},
		{
			"name": "Cube",
			"from": [5.4, 10.45, 7.2],
			"to": [7.7, 10.7, 7.55],
			"rotation": {"angle": 0, "axis": "y", "origin": [0.5, 0, 0]},
			"faces": {
				"north": {"uv": [3, 10, 2, 9], "texture": "#1"},
				"east": {"uv": [3, 10, 2, 9], "texture": "#1"},
				"south": {"uv": [3, 10, 2, 9], "texture": "#1"},
				"west": {"uv": [3, 10, 2, 9], "texture": "#1"},
				"up": {"uv": [3, 10, 2, 9], "texture": "#1"},
				"down": {"uv": [3, 10, 2, 9], "texture": "#1"}
			}
		},
		{
			"name": "Cube",
			"from": [5.2, 10.7, 7.2],
			"to": [7.7, 11.5, 7.55],
			"rotation": {"angle": 0, "axis": "y", "origin": [0.5, 0, 0]},
			"faces": {
				"north": {"uv": [3, 8, 2, 10], "texture": "#1"},
				"east": {"uv": [3, 8, 2, 10], "texture": "#1"},
				"south": {"uv": [3, 8, 2, 10], "texture": "#1"},
				"west": {"uv": [3, 8, 2, 10], "texture": "#1"},
				"up": {"uv": [3, 8, 2, 9], "texture": "#1"},
				"down": {"uv": [3, 8, 2, 10], "texture": "#1"}
			}
		},
		{
			"name": "Cube",
			"from": [5.4, 10.45, 7.55],
			"to": [5.65, 10.65, 8.45],
			"rotation": {"angle": 0, "axis": "y", "origin": [0.5, 0, 0]},
			"faces": {
				"north": {"uv": [3, 10, 2, 9], "texture": "#1"},
				"east": {"uv": [3, 10, 2, 9], "texture": "#1"},
				"south": {"uv": [3, 10, 2, 9], "texture": "#1"},
				"west": {"uv": [3, 10, 2, 9], "texture": "#1"},
				"up": {"uv": [3, 10, 2, 9], "texture": "#1"},
				"down": {"uv": [3, 10, 2, 9], "texture": "#1"}
			}
		},
		{
			"name": "Cube",
			"from": [5.2, 11.275, 7.55],
			"to": [5.45, 11.5, 8.45],
			"rotation": {"angle": 0, "axis": "y", "origin": [0.5, 0, 0]},
			"faces": {
				"north": {"uv": [3, 8, 2, 9], "texture": "#1"},
				"east": {"uv": [3, 8, 2, 9], "texture": "#1"},
				"south": {"uv": [3, 8, 2, 9], "texture": "#1"},
				"west": {"uv": [3, 8, 2, 9], "texture": "#1"},
				"up": {"uv": [3, 8, 2, 9], "texture": "#1"},
				"down": {"uv": [3, 8, 2, 9], "texture": "#1"}
			}
		},
		{
			"name": "Cube",
			"from": [9.7, 9, 7.475],
			"to": [12.45, 9.9, 7.8],
			"rotation": {"angle": 0, "axis": "y", "origin": [0.5, 0, 0]},
			"faces": {
				"north": {"uv": [0, 11, 1, 12], "texture": "#0"},
				"east": {"uv": [0, 11, 1, 12], "texture": "#0"},
				"south": {"uv": [0, 11, 1, 12], "texture": "#0"},
				"west": {"uv": [0, 11, 1, 12], "texture": "#0"},
				"up": {"uv": [0, 11, 1, 12], "texture": "#0"},
				"down": {"uv": [0, 11, 1, 12], "texture": "#0"}
			}
		},
		{
			"name": "Cube",
			"from": [5.4, 10.45, 8.45],
			"to": [7.7, 10.7, 8.8],
			"rotation": {"angle": 0, "axis": "y", "origin": [0.5, 0, 0]},
			"faces": {
				"north": {"uv": [3, 10, 2, 9], "texture": "#1"},
				"east": {"uv": [3, 10, 2, 9], "texture": "#1"},
				"south": {"uv": [3, 10, 2, 9], "texture": "#1"},
				"west": {"uv": [3, 10, 2, 9], "texture": "#1"},
				"up": {"uv": [3, 10, 2, 9], "texture": "#1"},
				"down": {"uv": [3, 10, 2, 9], "texture": "#1"}
			}
		},
		{
			"name": "Cube",
			"from": [12.3, 10.8, 7.2],
			"to": [12.775, 11.2, 7.5],
			"rotation": {"angle": 0, "axis": "y", "origin": [0.5, 0, 0]},
			"faces": {
				"north": {"uv": [3, 10, 2, 9], "texture": "#1"},
				"east": {"uv": [3, 10, 2, 9], "texture": "#1"},
				"south": {"uv": [3, 10, 2, 9], "texture": "#1"},
				"west": {"uv": [3, 10, 2, 9], "texture": "#1"},
				"up": {"uv": [3, 10, 2, 9], "texture": "#1"},
				"down": {"uv": [3, 10, 2, 9], "texture": "#1"}
			}
		},
		{
			"name": "Cube",
			"from": [11.4, 10.8, 7.2],
			"to": [11.8, 11.2, 7.5],
			"rotation": {"angle": 0, "axis": "y", "origin": [0.5, 0, 0]},
			"faces": {
				"north": {"uv": [3, 10, 2, 9], "texture": "#1"},
				"east": {"uv": [3, 10, 2, 9], "texture": "#1"},
				"south": {"uv": [3, 10, 2, 9], "rotation": 90, "texture": "#1"},
				"west": {"uv": [3, 10, 2, 9], "texture": "#1"},
				"up": {"uv": [3, 10, 2, 9], "texture": "#1"},
				"down": {"uv": [3, 10, 2, 9], "texture": "#1"}
			}
		},
		{
			"name": "Cube",
			"from": [10.5, 10.8, 7.2],
			"to": [10.9, 11.2, 7.5],
			"rotation": {"angle": 0, "axis": "y", "origin": [0.5, 0, 0]},
			"faces": {
				"north": {"uv": [3, 10, 2, 9], "texture": "#1"},
				"east": {"uv": [3, 10, 2, 9], "texture": "#1"},
				"south": {"uv": [3, 10, 2, 9], "rotation": 90, "texture": "#1"},
				"west": {"uv": [3, 10, 2, 9], "texture": "#1"},
				"up": {"uv": [3, 10, 2, 9], "texture": "#1"},
				"down": {"uv": [3, 10, 2, 9], "texture": "#1"}
			}
		},
		{
			"name": "Cube",
			"from": [9.6, 10.8, 7.2],
			"to": [10, 11.2, 7.5],
			"rotation": {"angle": 0, "axis": "y", "origin": [0.5, 0, 0]},
			"faces": {
				"north": {"uv": [3, 10, 2, 9], "texture": "#1"},
				"east": {"uv": [3, 10, 2, 9], "texture": "#1"},
				"south": {"uv": [3, 10, 2, 9], "rotation": 90, "texture": "#1"},
				"west": {"uv": [3, 10, 2, 9], "texture": "#1"},
				"up": {"uv": [3, 10, 2, 9], "texture": "#1"},
				"down": {"uv": [3, 10, 2, 9], "texture": "#1"}
			}
		},
		{
			"name": "Cube",
			"from": [7.9, 10.8, 7.2],
			"to": [9.1, 11.5, 7.5],
			"rotation": {"angle": 0, "axis": "y", "origin": [0.5, 0, 0]},
			"faces": {
				"north": {"uv": [3, 8, 2, 10], "texture": "#1"},
				"east": {"uv": [3, 8, 2, 10], "texture": "#1"},
				"south": {"uv": [3, 8, 2, 10], "texture": "#1"},
				"west": {"uv": [3, 8, 2, 10], "texture": "#1"},
				"up": {"uv": [3, 8, 2, 10], "texture": "#1"},
				"down": {"uv": [3, 8, 2, 10], "texture": "#1"}
			}
		},
		{
			"name": "Cube",
			"from": [7.9, 10.8, 8.5],
			"to": [9.1, 11.5, 8.8],
			"rotation": {"angle": 0, "axis": "y", "origin": [0.5, 0, 0]},
			"faces": {
				"north": {"uv": [3, 8, 2, 10], "texture": "#1"},
				"east": {"uv": [3, 8, 2, 10], "texture": "#1"},
				"south": {"uv": [3, 8, 2, 10], "texture": "#1"},
				"west": {"uv": [3, 8, 2, 10], "texture": "#1"},
				"up": {"uv": [3, 8, 2, 10], "texture": "#1"},
				"down": {"uv": [3, 8, 2, 10], "texture": "#1"}
			}
		},
		{
			"name": "Cube",
			"from": [9.6, 10.8, 8.5],
			"to": [10, 11.2, 8.8],
			"rotation": {"angle": 0, "axis": "y", "origin": [0.5, 0, 0]},
			"faces": {
				"north": {"uv": [3, 10, 2, 9], "texture": "#1"},
				"east": {"uv": [3, 10, 2, 9], "texture": "#1"},
				"south": {"uv": [3, 10, 2, 9], "rotation": 90, "texture": "#1"},
				"west": {"uv": [3, 10, 2, 9], "texture": "#1"},
				"up": {"uv": [3, 10, 2, 9], "texture": "#1"},
				"down": {"uv": [3, 10, 2, 9], "texture": "#1"}
			}
		},
		{
			"name": "Cube",
			"from": [10.5, 10.8, 8.5],
			"to": [10.9, 11.2, 8.8],
			"rotation": {"angle": 0, "axis": "y", "origin": [0.5, 0, 0]},
			"faces": {
				"north": {"uv": [3, 10, 2, 9], "texture": "#1"},
				"east": {"uv": [3, 10, 2, 9], "texture": "#1"},
				"south": {"uv": [3, 10, 2, 9], "rotation": 90, "texture": "#1"},
				"west": {"uv": [3, 10, 2, 9], "texture": "#1"},
				"up": {"uv": [3, 10, 2, 9], "texture": "#1"},
				"down": {"uv": [3, 10, 2, 9], "texture": "#1"}
			}
		},
		{
			"name": "Cube",
			"from": [11.4, 10.8, 8.5],
			"to": [11.8, 11.2, 8.8],
			"rotation": {"angle": 0, "axis": "y", "origin": [0.5, 0, 0]},
			"faces": {
				"north": {"uv": [3, 10, 2, 9], "texture": "#1"},
				"east": {"uv": [3, 10, 2, 9], "texture": "#1"},
				"south": {"uv": [3, 10, 2, 9], "rotation": 90, "texture": "#1"},
				"west": {"uv": [3, 10, 2, 9], "texture": "#1"},
				"up": {"uv": [3, 10, 2, 9], "texture": "#1"},
				"down": {"uv": [3, 10, 2, 9], "texture": "#1"}
			}
		},
		{
			"name": "Cube",
			"from": [7.625, 10.55, 7.3],
			"to": [7.975, 11.4, 7.475],
			"rotation": {"angle": 0, "axis": "y", "origin": [0.5, 0, 0]},
			"faces": {
				"north": {"uv": [16, 15, 12, 12], "texture": "#1"},
				"east": {"uv": [16, 15, 12, 12], "texture": "#1"},
				"south": {"uv": [16, 15, 12, 12], "texture": "#1"},
				"west": {"uv": [16, 15, 12, 12], "texture": "#1"},
				"up": {"uv": [16, 15, 12, 12], "texture": "#1"},
				"down": {"uv": [16, 15, 12, 12], "texture": "#1"}
			}
		},
		{
			"name": "Cube",
			"from": [7.625, 10.55, 8.525],
			"to": [7.975, 11.4, 8.7],
			"rotation": {"angle": 0, "axis": "y", "origin": [0.5, 0, 0]},
			"faces": {
				"north": {"uv": [16, 15, 12, 12], "texture": "#1"},
				"east": {"uv": [16, 15, 12, 12], "texture": "#1"},
				"south": {"uv": [16, 15, 12, 12], "texture": "#1"},
				"west": {"uv": [16, 15, 12, 12], "texture": "#1"},
				"up": {"uv": [16, 15, 12, 12], "texture": "#1"},
				"down": {"uv": [16, 15, 12, 12], "texture": "#1"}
			}
		},
		{
			"name": "Cube",
			"from": [17.1, 9, 8.5],
			"to": [17.3, 9.6, 8.8],
			"rotation": {"angle": -22.5, "axis": "z", "origin": [16.9, 9.3, 8]},
			"faces": {
				"north": {"uv": [3, 9, 2, 8], "texture": "#1"},
				"east": {"uv": [3, 9, 2, 8], "texture": "#1"},
				"south": {"uv": [3, 9, 2, 8], "texture": "#1"},
				"west": {"uv": [3, 9, 2, 8], "texture": "#1"},
				"up": {"uv": [3, 9, 2, 8], "texture": "#1"},
				"down": {"uv": [3, 9, 2, 8], "texture": "#1"}
			}
		},
		{
			"name": "Cube",
			"from": [17.1, 9, 7.2],
			"to": [17.3, 9.6, 7.5],
			"rotation": {"angle": -22.5, "axis": "z", "origin": [16.9, 9.3, 8]},
			"faces": {
				"north": {"uv": [3, 9, 2, 8], "texture": "#1"},
				"east": {"uv": [3, 9, 2, 8], "texture": "#1"},
				"south": {"uv": [3, 9, 2, 8], "texture": "#1"},
				"west": {"uv": [3, 9, 2, 8], "texture": "#1"},
				"up": {"uv": [3, 9, 2, 8], "texture": "#1"},
				"down": {"uv": [3, 9, 2, 8], "texture": "#1"}
			}
		},
		{
			"name": "Cube",
			"from": [12.3, 10.8, 8.5],
			"to": [12.775, 11.2, 8.8],
			"rotation": {"angle": 0, "axis": "y", "origin": [0.5, 0, 0]},
			"faces": {
				"north": {"uv": [4, 10, 3, 9], "texture": "#1"},
				"east": {"uv": [4, 10, 3, 9], "texture": "#1"},
				"south": {"uv": [4, 10, 3, 9], "texture": "#1"},
				"west": {"uv": [4, 10, 3, 9], "texture": "#1"},
				"up": {"uv": [4, 10, 3, 9], "texture": "#1"},
				"down": {"uv": [4, 10, 3, 9], "texture": "#1"}
			}
		},
		{
			"name": "Cube",
			"from": [16.25, 4.05, 7.5],
			"to": [18.05, 4.7, 8.5],
			"rotation": {"angle": 0, "axis": "y", "origin": [0, -0.5, 0]},
			"faces": {
				"north": {"uv": [15, 11, 16, 12], "texture": "#0"},
				"east": {"uv": [15, 11, 16, 12], "texture": "#0", "cullface": "east"},
				"south": {"uv": [15, 11, 16, 12], "texture": "#0"},
				"west": {"uv": [15, 11, 16, 12], "texture": "#0"},
				"up": {"uv": [15, 11, 16, 12], "texture": "#0"},
				"down": {"uv": [15, 11, 16, 12], "texture": "#0"}
			}
		},
		{
			"name": "Cube",
			"from": [15.05, 5.95, 7.45],
			"to": [16.775, 6.35, 8.575],
			"rotation": {"angle": 22.5, "axis": "z", "origin": [15, 7.5, 7.5]},
			"faces": {
				"north": {"uv": [4, 16, 5, 15], "texture": "#0"},
				"east": {"uv": [4, 16, 5, 15], "texture": "#0", "cullface": "east"},
				"south": {"uv": [4, 16, 5, 15], "texture": "#0"},
				"west": {"uv": [4, 16, 5, 15], "texture": "#0"},
				"up": {"uv": [4, 16, 5, 15], "texture": "#0"},
				"down": {"uv": [4, 16, 5, 15], "texture": "#0"}
			}
		},
		{
			"name": "Cube",
			"from": [15.05, 5.15, 7.45],
			"to": [16.775, 5.55, 8.575],
			"rotation": {"angle": 22.5, "axis": "z", "origin": [15, 7.5, 7.5]},
			"faces": {
				"north": {"uv": [4, 16, 5, 15], "texture": "#0"},
				"east": {"uv": [4, 16, 5, 15], "texture": "#0", "cullface": "east"},
				"south": {"uv": [4, 16, 5, 15], "texture": "#0"},
				"west": {"uv": [4, 16, 5, 15], "texture": "#0"},
				"up": {"uv": [4, 16, 5, 15], "texture": "#0"},
				"down": {"uv": [4, 16, 5, 15], "texture": "#0"}
			}
		},
		{
			"name": "Cube",
			"from": [15.05, 4.35, 7.45],
			"to": [16.775, 4.75, 8.575],
			"rotation": {"angle": 22.5, "axis": "z", "origin": [15, 7.5, 7.5]},
			"faces": {
				"north": {"uv": [4, 16, 5, 15], "texture": "#0"},
				"east": {"uv": [4, 16, 5, 15], "texture": "#0", "cullface": "east"},
				"south": {"uv": [4, 16, 5, 15], "texture": "#0"},
				"west": {"uv": [4, 16, 5, 15], "texture": "#0"},
				"up": {"uv": [4, 16, 5, 15], "texture": "#0"},
				"down": {"uv": [4, 16, 5, 15], "texture": "#0"}
			}
		}
	],
	"gui_light": "front",
	"display": {
		"thirdperson_righthand": {
			"rotation": [0, -90, 0],
			"translation": [0, 0.25, -5.5],
			"scale": [0.9, 0.9, 0.9]
		},
		"thirdperson_lefthand": {
			"rotation": [0, 90, 0],
			"translation": [0, 0.25, -5.5],
			"scale": [0.9, 0.9, 0.9]
		},
		"firstperson_righthand": {
			"rotation": [0, -90, 0],
			"translation": [0, 2.25, -5.75]
		},
		"firstperson_lefthand": {
			"rotation": [0, 90, 0],
			"translation": [0, 2.25, -5.75]
		},
		"ground": {
			"translation": [2.75, 0.75, 0],
			"scale": [0.95, 0.95, 0.95]
		},
		"gui": {
			"rotation": [0, 0, -45],
			"translation": [1, -1, 0],
			"scale": [0.68, 0.68, 0.9]
		},
		"fixed": {
			"rotation": [0, 180, -45],
			"translation": [-1.5, -1.5, 0]
		}
	}
}