{
	"credit": "Made by SrDarmith - YouTube: Mainclay",
	"textures": {
		"texture": "item/anvil_1"
	},
	"elements": [
		{
			"from": [10, 6.25, 6.85],
			"to": [17.5, 8.25, 8.35],
			"rotation": {"angle": 0, "axis": "y", "origin": [-0.5, -1, -0.4]},
			"faces": {
				"north": {"uv": [1, 6.5, 1.75, 9], "texture": "#texture"},
				"east": {"uv": [7.25, 6.5, 8.75, 9], "texture": "#texture", "cullface": "east"},
				"south": {"uv": [14.25, 6.5, 15, 9], "texture": "#texture"},
				"west": {"uv": [7.25, 6.5, 8.75, 9], "texture": "#texture"},
				"up": {"uv": [15.25, 7.25, 16, 8.75], "texture": "#texture"},
				"down": {"uv": [1.75, 8.75, 1, 7.25], "texture": "#texture"}
			}
		},
		{
			"name": "Element",
			"from": [-5, 6.925, 7.275],
			"to": [3.2, 7.175, 7.925],
			"rotation": {"angle": 0, "axis": "y", "origin": [-0.5, -1, -0.4]},
			"faces": {
				"north": {"uv": [16, 5.75, 15, 6], "texture": "#texture"},
				"east": {"uv": [7.75, 5.75, 8.25, 6], "texture": "#texture"},
				"south": {"uv": [0, 5.75, 1, 6], "texture": "#texture"},
				"west": {"uv": [7.75, 5.75, 8.25, 6], "texture": "#texture", "cullface": "west"},
				"up": {"uv": [0, 7.75, 1, 8.25], "texture": "#texture"},
				"down": {"uv": [16, 8.25, 15, 7.75], "texture": "#texture"}
			}
		},
		{
			"name": "Element",
			"from": [-5, 7.175, 7.925],
			"to": [3.2, 7.825, 8.175],
			"rotation": {"angle": 0, "axis": "y", "origin": [-0.5, -1, -0.4]},
			"faces": {
				"north": {"uv": [0, 7.75, 1, 8.25], "rotation": 180, "texture": "#texture"},
				"east": {"uv": [7.75, 5.75, 8.25, 6], "rotation": 90, "texture": "#texture"},
				"south": {"uv": [16, 8.25, 15, 7.75], "texture": "#texture"},
				"west": {"uv": [7.75, 5.75, 8.25, 6], "rotation": 270, "texture": "#texture", "cullface": "west"},
				"up": {"uv": [0, 5.75, 1, 6], "texture": "#texture"},
				"down": {"uv": [16, 5.75, 15, 6], "rotation": 180, "texture": "#texture"}
			}
		},
		{
			"name": "Element",
			"from": [-5, 7.175, 7.025],
			"to": [3.2, 7.825, 7.275],
			"rotation": {"angle": 0, "axis": "y", "origin": [-0.5, -1, -0.4]},
			"faces": {
				"north": {"uv": [0, 7.75, 1, 8.25], "rotation": 180, "texture": "#texture"},
				"east": {"uv": [7.75, 5.75, 8.25, 6], "rotation": 90, "texture": "#texture"},
				"south": {"uv": [16, 8.25, 15, 7.75], "texture": "#texture"},
				"west": {"uv": [7.75, 5.75, 8.25, 6], "rotation": 270, "texture": "#texture", "cullface": "west"},
				"up": {"uv": [0, 5.75, 1, 6], "texture": "#texture"},
				"down": {"uv": [16, 5.75, 15, 6], "rotation": 180, "texture": "#texture"}
			}
		},
		{
			"name": "Element",
			"from": [-5, 7.825, 7.275],
			"to": [3.2, 8.075, 7.925],
			"rotation": {"angle": 0, "axis": "y", "origin": [-0.5, -1, -0.4]},
			"faces": {
				"north": {"uv": [16, 5.75, 15, 6], "texture": "#texture"},
				"east": {"uv": [7.75, 5.75, 8.25, 6], "texture": "#texture"},
				"south": {"uv": [0, 5.75, 1, 6], "texture": "#texture"},
				"west": {"uv": [7.75, 5.75, 8.25, 6], "texture": "#texture", "cullface": "west"},
				"up": {"uv": [0, 7.75, 1, 8.25], "texture": "#texture"},
				"down": {"uv": [16, 8.25, 15, 7.75], "texture": "#texture"}
			}
		},
		{
			"from": [13, 4.5, 7.1],
			"to": [14.75, 4.75, 8.1],
			"rotation": {"angle": 0, "axis": "y", "origin": [-0.5, -1.25, -0.4]},
			"faces": {
				"north": {"uv": [0, 9, 0.75, 9.25], "texture": "#texture"},
				"east": {"uv": [0, 9, 1, 9.25], "texture": "#texture"},
				"south": {"uv": [0, 9, 0.75, 9.25], "texture": "#texture"},
				"west": {"uv": [0, 9, 1, 9.25], "texture": "#texture"},
				"up": {"uv": [0, 8.5, 0.75, 9.5], "texture": "#texture"},
				"down": {"uv": [0.75, 9.5, 0, 8.5], "texture": "#texture"}
			}
		},
		{
			"from": [9.75, 3.75, 4.35],
			"to": [12.75, 6.25, 10.85],
			"rotation": {"angle": 0, "axis": "y", "origin": [-0.5, -1.25, -0.4]},
			"faces": {
				"north": {"uv": [0.75, 10, 2.5, 10.25], "texture": "#texture"},
				"east": {"uv": [7.5, 10, 8.5, 10.25], "texture": "#texture"},
				"south": {"uv": [13.5, 10, 15.25, 10.25], "texture": "#texture"},
				"west": {"uv": [7.5, 10, 8.5, 10.25], "texture": "#texture"},
				"up": {"uv": [13.5, 7.5, 15.25, 8.5], "texture": "#texture"},
				"down": {"uv": [2.5, 8.5, 0.75, 7.5], "texture": "#texture"}
			}
		},
		{
			"from": [9.75, 1.75, 6.35],
			"to": [12.75, 3.75, 8.85],
			"rotation": {"angle": 0, "axis": "y", "origin": [-0.5, -1.25, -0.4]},
			"faces": {
				"north": {"uv": [0.75, 10, 2.5, 10.25], "texture": "#texture"},
				"east": {"uv": [7.5, 10, 8.5, 10.25], "texture": "#texture"},
				"south": {"uv": [13.5, 10, 15.25, 10.25], "texture": "#texture"},
				"west": {"uv": [7.5, 10, 8.5, 10.25], "texture": "#texture"},
				"up": {"uv": [13.5, 7.5, 15.25, 8.5], "texture": "#texture"},
				"down": {"uv": [2.5, 8.5, 0.75, 7.5], "texture": "#texture"}
			}
		},
		{
			"from": [9.75, 6.25, 6.35],
			"to": [12.75, 8.25, 8.85],
			"rotation": {"angle": 0, "axis": "y", "origin": [-0.5, -1.25, -0.4]},
			"faces": {
				"north": {"uv": [0.75, 10, 2.5, 10.25], "texture": "#texture"},
				"east": {"uv": [7.5, 10, 8.5, 10.25], "texture": "#texture"},
				"south": {"uv": [13.5, 10, 15.25, 10.25], "texture": "#texture"},
				"west": {"uv": [7.5, 10, 8.5, 10.25], "texture": "#texture"},
				"up": {"uv": [13.5, 7.5, 15.25, 8.5], "texture": "#texture"},
				"down": {"uv": [2.5, 8.5, 0.75, 7.5], "texture": "#texture"}
			}
		},
		{
			"from": [9.75, 6.25, 8.85],
			"to": [12.75, 7.5, 10.1],
			"rotation": {"angle": 0, "axis": "y", "origin": [-0.5, -1.25, -0.4]},
			"faces": {
				"north": {"uv": [0.75, 10, 2.5, 10.25], "texture": "#texture"},
				"east": {"uv": [7.5, 10, 8.5, 10.25], "texture": "#texture"},
				"south": {"uv": [13.5, 10, 15.25, 10.25], "texture": "#texture"},
				"west": {"uv": [7.5, 10, 8.5, 10.25], "texture": "#texture"},
				"up": {"uv": [13.5, 7.5, 15.25, 8.5], "texture": "#texture"},
				"down": {"uv": [2.5, 8.5, 0.75, 7.5], "texture": "#texture"}
			}
		},
		{
			"from": [9.75, 6.25, 10.1],
			"to": [12.75, 7, 10.6],
			"rotation": {"angle": 0, "axis": "y", "origin": [-0.5, -1.25, -0.4]},
			"faces": {
				"north": {"uv": [0.75, 10, 2.5, 10.25], "texture": "#texture"},
				"east": {"uv": [7.5, 10, 8.5, 10.25], "texture": "#texture"},
				"south": {"uv": [13.5, 10, 15.25, 10.25], "texture": "#texture"},
				"west": {"uv": [7.5, 10, 8.5, 10.25], "texture": "#texture"},
				"up": {"uv": [13.5, 7.5, 15.25, 8.5], "texture": "#texture"},
				"down": {"uv": [2.5, 8.5, 0.75, 7.5], "texture": "#texture"}
			}
		},
		{
			"from": [9.75, 7.5, 8.85],
			"to": [12.75, 8, 9.6],
			"rotation": {"angle": 0, "axis": "y", "origin": [-0.5, -1.25, -0.4]},
			"faces": {
				"north": {"uv": [0.75, 10, 2.5, 10.25], "texture": "#texture"},
				"east": {"uv": [7.5, 10, 8.5, 10.25], "texture": "#texture"},
				"south": {"uv": [13.5, 10, 15.25, 10.25], "texture": "#texture"},
				"west": {"uv": [7.5, 10, 8.5, 10.25], "texture": "#texture"},
				"up": {"uv": [13.5, 7.5, 15.25, 8.5], "texture": "#texture"},
				"down": {"uv": [2.5, 8.5, 0.75, 7.5], "texture": "#texture"}
			}
		},
		{
			"from": [9.75, 6.25, 4.6],
			"to": [12.75, 7, 5.1],
			"rotation": {"angle": 0, "axis": "y", "origin": [-0.5, -1.25, -0.4]},
			"faces": {
				"north": {"uv": [0.75, 10, 2.5, 10.25], "texture": "#texture"},
				"east": {"uv": [7.5, 10, 8.5, 10.25], "texture": "#texture"},
				"south": {"uv": [13.5, 10, 15.25, 10.25], "texture": "#texture"},
				"west": {"uv": [7.5, 10, 8.5, 10.25], "texture": "#texture"},
				"up": {"uv": [13.5, 7.5, 15.25, 8.5], "texture": "#texture"},
				"down": {"uv": [2.5, 8.5, 0.75, 7.5], "texture": "#texture"}
			}
		},
		{
			"from": [9.75, 3, 10.1],
			"to": [12.75, 3.75, 10.6],
			"rotation": {"angle": 0, "axis": "y", "origin": [-0.5, -1.25, -0.4]},
			"faces": {
				"north": {"uv": [0.75, 10, 2.5, 10.25], "texture": "#texture"},
				"east": {"uv": [7.5, 10, 8.5, 10.25], "texture": "#texture"},
				"south": {"uv": [13.5, 10, 15.25, 10.25], "texture": "#texture"},
				"west": {"uv": [7.5, 10, 8.5, 10.25], "texture": "#texture"},
				"up": {"uv": [13.5, 7.5, 15.25, 8.5], "texture": "#texture"},
				"down": {"uv": [2.5, 8.5, 0.75, 7.5], "texture": "#texture"}
			}
		},
		{
			"from": [9.75, 3, 4.6],
			"to": [12.75, 3.75, 5.1],
			"rotation": {"angle": 0, "axis": "y", "origin": [-0.5, -1.25, -0.4]},
			"faces": {
				"north": {"uv": [0.75, 10, 2.5, 10.25], "texture": "#texture"},
				"east": {"uv": [7.5, 10, 8.5, 10.25], "texture": "#texture"},
				"south": {"uv": [13.5, 10, 15.25, 10.25], "texture": "#texture"},
				"west": {"uv": [7.5, 10, 8.5, 10.25], "texture": "#texture"},
				"up": {"uv": [13.5, 7.5, 15.25, 8.5], "texture": "#texture"},
				"down": {"uv": [2.5, 8.5, 0.75, 7.5], "texture": "#texture"}
			}
		},
		{
			"from": [9.75, 2, 8.85],
			"to": [12.75, 2.5, 9.6],
			"rotation": {"angle": 0, "axis": "y", "origin": [-0.5, -1.25, -0.4]},
			"faces": {
				"north": {"uv": [0.75, 10, 2.5, 10.25], "texture": "#texture"},
				"east": {"uv": [7.5, 10, 8.5, 10.25], "texture": "#texture"},
				"south": {"uv": [13.5, 10, 15.25, 10.25], "texture": "#texture"},
				"west": {"uv": [7.5, 10, 8.5, 10.25], "texture": "#texture"},
				"up": {"uv": [13.5, 7.5, 15.25, 8.5], "texture": "#texture"},
				"down": {"uv": [2.5, 8.5, 0.75, 7.5], "texture": "#texture"}
			}
		},
		{
			"from": [9.75, 2, 5.6],
			"to": [12.75, 2.5, 6.35],
			"rotation": {"angle": 0, "axis": "y", "origin": [-0.5, -1.25, -0.4]},
			"faces": {
				"north": {"uv": [0.75, 10, 2.5, 10.25], "texture": "#texture"},
				"east": {"uv": [7.5, 10, 8.5, 10.25], "texture": "#texture"},
				"south": {"uv": [13.5, 10, 15.25, 10.25], "texture": "#texture"},
				"west": {"uv": [7.5, 10, 8.5, 10.25], "texture": "#texture"},
				"up": {"uv": [13.5, 7.5, 15.25, 8.5], "texture": "#texture"},
				"down": {"uv": [2.5, 8.5, 0.75, 7.5], "texture": "#texture"}
			}
		},
		{
			"from": [9.75, 2.5, 8.85],
			"to": [12.75, 3.75, 10.1],
			"rotation": {"angle": 0, "axis": "y", "origin": [-0.5, -1.25, -0.4]},
			"faces": {
				"north": {"uv": [0.75, 10, 2.5, 10.25], "texture": "#texture"},
				"east": {"uv": [7.5, 10, 8.5, 10.25], "texture": "#texture"},
				"south": {"uv": [13.5, 10, 15.25, 10.25], "texture": "#texture"},
				"west": {"uv": [7.5, 10, 8.5, 10.25], "texture": "#texture"},
				"up": {"uv": [13.5, 7.5, 15.25, 8.5], "texture": "#texture"},
				"down": {"uv": [2.5, 8.5, 0.75, 7.5], "texture": "#texture"}
			}
		},
		{
			"from": [9.75, 2.5, 5.1],
			"to": [12.75, 3.75, 6.35],
			"rotation": {"angle": 0, "axis": "y", "origin": [-0.5, -1.25, -0.4]},
			"faces": {
				"north": {"uv": [0.75, 10, 2.5, 10.25], "texture": "#texture"},
				"east": {"uv": [7.5, 10, 8.5, 10.25], "texture": "#texture"},
				"south": {"uv": [13.5, 10, 15.25, 10.25], "texture": "#texture"},
				"west": {"uv": [7.5, 10, 8.5, 10.25], "texture": "#texture"},
				"up": {"uv": [13.5, 7.5, 15.25, 8.5], "texture": "#texture"},
				"down": {"uv": [2.5, 8.5, 0.75, 7.5], "texture": "#texture"}
			}
		},
		{
			"from": [9.75, 6.25, 5.1],
			"to": [12.75, 7.5, 6.35],
			"rotation": {"angle": 0, "axis": "y", "origin": [-0.5, -1.25, -0.4]},
			"faces": {
				"north": {"uv": [0.75, 10, 2.5, 10.25], "texture": "#texture"},
				"east": {"uv": [7.5, 10, 8.5, 10.25], "texture": "#texture"},
				"south": {"uv": [13.5, 10, 15.25, 10.25], "texture": "#texture"},
				"west": {"uv": [7.5, 10, 8.5, 10.25], "texture": "#texture"},
				"up": {"uv": [13.5, 7.5, 15.25, 8.5], "texture": "#texture"},
				"down": {"uv": [2.5, 8.5, 0.75, 7.5], "texture": "#texture"}
			}
		},
		{
			"from": [15.925, -4.1, 7.1],
			"to": [17.725, -1.625, 8.1],
			"rotation": {"angle": 22.5, "axis": "z", "origin": [-0.7, -0.75, -0.4]},
			"faces": {
				"north": {"uv": [0.75, 10, 2.5, 10.25], "texture": "#texture"},
				"east": {"uv": [7.5, 10, 8.5, 10.25], "texture": "#texture"},
				"south": {"uv": [13.5, 10, 15.25, 10.25], "texture": "#texture"},
				"west": {"uv": [7.5, 10, 8.5, 10.25], "texture": "#texture"},
				"up": {"uv": [13.5, 7.5, 15.25, 8.5], "texture": "#texture"},
				"down": {"uv": [2.5, 8.5, 0.75, 7.5], "texture": "#texture"}
			}
		},
		{
			"from": [15, 4.8, 7.1],
			"to": [16.65, 6, 8.1],
			"rotation": {"angle": 0, "axis": "y", "origin": [-0.5, -1.25, -0.4]},
			"faces": {
				"north": {"uv": [0.75, 10, 2.5, 10.25], "texture": "#texture"},
				"east": {"uv": [7.5, 10, 8.5, 10.25], "texture": "#texture"},
				"south": {"uv": [13.5, 10, 15.25, 10.25], "texture": "#texture"},
				"west": {"uv": [7.5, 10, 8.5, 10.25], "texture": "#texture"},
				"up": {"uv": [13.5, 7.5, 15.25, 8.5], "texture": "#texture"},
				"down": {"uv": [2.5, 8.5, 0.75, 7.5], "texture": "#texture"}
			}
		},
		{
			"from": [12.75, 6, 6.85],
			"to": [16.65, 6.25, 8.35],
			"rotation": {"angle": 0, "axis": "y", "origin": [-0.5, -1.25, -0.4]},
			"faces": {
				"north": {"uv": [0.75, 10, 2.5, 10.25], "texture": "#texture"},
				"east": {"uv": [7.5, 10, 8.5, 10.25], "texture": "#texture"},
				"south": {"uv": [13.5, 10, 15.25, 10.25], "texture": "#texture"},
				"west": {"uv": [7.5, 10, 8.5, 10.25], "texture": "#texture"},
				"up": {"uv": [13.5, 7.5, 15.25, 8.5], "texture": "#texture"},
				"down": {"uv": [2.5, 8.5, 0.75, 7.5], "texture": "#texture"}
			}
		},
		{
			"from": [14.45, 5.2, 7.35],
			"to": [14.7, 6.45, 7.85],
			"rotation": {"angle": -22.5, "axis": "z", "origin": [14, 6.25, 7.35]},
			"faces": {
				"north": {"uv": [0, 9, 0.5, 10.25], "texture": "#texture"},
				"east": {"uv": [0, 9, 0.5, 10.25], "texture": "#texture"},
				"south": {"uv": [0, 9, 0.5, 10.25], "texture": "#texture"},
				"west": {"uv": [0, 9, 0.5, 10.25], "texture": "#texture"},
				"down": {"uv": [0.5, 9.25, 0, 8.75], "texture": "#texture"}
			}
		},
		{
			"from": [14.75, 4.75, 7.1],
			"to": [15, 5, 8.1],
			"rotation": {"angle": 0, "axis": "y", "origin": [-0.5, -1.25, -0.4]},
			"faces": {
				"north": {"uv": [0, 9, 0.75, 9.25], "texture": "#texture"},
				"east": {"uv": [0, 9, 1, 9.25], "texture": "#texture"},
				"south": {"uv": [0, 9, 0.75, 9.25], "texture": "#texture"},
				"west": {"uv": [0, 9, 1, 9.25], "texture": "#texture"},
				"up": {"uv": [0, 8.5, 0.75, 9.5], "texture": "#texture"},
				"down": {"uv": [0.75, 9.5, 0, 8.5], "texture": "#texture"}
			}
		},
		{
			"from": [12.75, 4.75, 7.1],
			"to": [13, 6, 8.1],
			"rotation": {"angle": 0, "axis": "y", "origin": [-0.5, -1.25, -0.4]},
			"faces": {
				"north": {"uv": [0, 9, 0.75, 9.25], "texture": "#texture"},
				"east": {"uv": [0, 9, 1, 9.25], "texture": "#texture"},
				"south": {"uv": [0, 9, 0.75, 9.25], "texture": "#texture"},
				"west": {"uv": [0, 9, 1, 9.25], "texture": "#texture"},
				"up": {"uv": [0, 8.5, 0.75, 9.5], "texture": "#texture"},
				"down": {"uv": [0.75, 9.5, 0, 8.5], "texture": "#texture"}
			}
		},
		{
			"from": [15.7, 2.25, 7.1],
			"to": [17.6, 3.2, 8.1],
			"rotation": {"angle": 0, "axis": "y", "origin": [-0.7, -0.75, -0.4]},
			"faces": {
				"north": {"uv": [0.75, 10, 2.5, 10.25], "texture": "#texture"},
				"east": {"uv": [7.5, 10, 8.5, 10.25], "texture": "#texture"},
				"south": {"uv": [13.5, 10, 15.25, 10.25], "texture": "#texture"},
				"west": {"uv": [7.5, 10, 8.5, 10.25], "texture": "#texture"},
				"up": {"uv": [13.5, 7.5, 15.25, 8.5], "texture": "#texture"},
				"down": {"uv": [2.5, 8.5, 0.75, 7.5], "texture": "#texture"}
			}
		},
		{
			"from": [13, 8.5, 6.85],
			"to": [17, 8.75, 8.35],
			"rotation": {"angle": 0, "axis": "y", "origin": [-0.5, -1, -0.4]},
			"faces": {
				"north": {"uv": [1, 6.5, 1.75, 9], "texture": "#texture"},
				"east": {"uv": [7.25, 6.5, 8.75, 9], "texture": "#texture", "cullface": "east"},
				"south": {"uv": [14.25, 6.5, 15, 9], "texture": "#texture"},
				"west": {"uv": [7.25, 6.5, 8.75, 9], "texture": "#texture"},
				"up": {"uv": [15.25, 7.25, 16, 8.75], "texture": "#texture"},
				"down": {"uv": [1.75, 8.75, 1, 7.25], "texture": "#texture"}
			}
		},
		{
			"from": [9.75, 8.5, 6.85],
			"to": [13, 9, 8.35],
			"rotation": {"angle": 0, "axis": "y", "origin": [-0.5, -1, -0.4]},
			"faces": {
				"north": {"uv": [1, 6.5, 1.75, 9], "texture": "#texture"},
				"east": {"uv": [7.25, 6.5, 8.75, 9], "texture": "#texture", "cullface": "east"},
				"south": {"uv": [14.25, 6.5, 15, 9], "texture": "#texture"},
				"west": {"uv": [7.25, 6.5, 8.75, 9], "texture": "#texture"},
				"up": {"uv": [15.25, 7.25, 16, 8.75], "texture": "#texture"},
				"down": {"uv": [1.75, 8.75, 1, 7.25], "texture": "#texture"}
			}
		},
		{
			"from": [9.75, 8.25, 6.85],
			"to": [17.25, 8.5, 8.35],
			"rotation": {"angle": 0, "axis": "y", "origin": [-0.5, -1, -0.4]},
			"faces": {
				"north": {"uv": [1, 6.5, 1.75, 9], "texture": "#texture"},
				"east": {"uv": [7.25, 6.5, 8.75, 9], "texture": "#texture", "cullface": "east"},
				"south": {"uv": [14.25, 6.5, 15, 9], "texture": "#texture"},
				"west": {"uv": [7.25, 6.5, 8.75, 9], "texture": "#texture"},
				"up": {"uv": [15.25, 7.25, 16, 8.75], "texture": "#texture"},
				"down": {"uv": [1.75, 8.75, 1, 7.25], "texture": "#texture"}
			}
		},
		{
			"from": [16.65, 6, 7.1],
			"to": [16.9, 6.25, 8.1],
			"rotation": {"angle": 0, "axis": "y", "origin": [-0.5, -1.25, -0.4]},
			"faces": {
				"north": {"uv": [0, 9, 0.75, 9.25], "texture": "#texture"},
				"east": {"uv": [0, 9, 1, 9.25], "texture": "#texture"},
				"south": {"uv": [0, 9, 0.75, 9.25], "texture": "#texture"},
				"west": {"uv": [0, 9, 1, 9.25], "texture": "#texture"},
				"up": {"uv": [0, 8.5, 0.75, 9.5], "texture": "#texture"},
				"down": {"uv": [0.75, 9.5, 0, 8.5], "texture": "#texture"}
			}
		},
		{
			"name": "Element",
			"from": [-0.175, 6.725, 7.075],
			"to": [9.775, 7.225, 8.125],
			"rotation": {"angle": 0, "axis": "y", "origin": [-0.5, -1, -0.4]},
			"faces": {
				"north": {"uv": [16, 5.75, 15, 6], "texture": "#texture"},
				"east": {"uv": [7.75, 5.75, 8.25, 6], "texture": "#texture"},
				"south": {"uv": [0, 5.75, 1, 6], "texture": "#texture"},
				"west": {"uv": [7.75, 5.75, 8.25, 6], "texture": "#texture", "cullface": "west"},
				"up": {"uv": [0, 7.75, 1, 8.25], "texture": "#texture"},
				"down": {"uv": [16, 8.25, 15, 7.75], "texture": "#texture"}
			}
		},
		{
			"name": "Element",
			"from": [-0.175, 6.975, 7.875],
			"to": [9.775, 8.025, 8.375],
			"rotation": {"angle": 0, "axis": "y", "origin": [-0.5, -1, -0.4]},
			"faces": {
				"north": {"uv": [0, 7.75, 1, 8.25], "rotation": 180, "texture": "#texture"},
				"east": {"uv": [7.75, 5.75, 8.25, 6], "rotation": 90, "texture": "#texture"},
				"south": {"uv": [16, 8.25, 15, 7.75], "texture": "#texture"},
				"west": {"uv": [7.75, 5.75, 8.25, 6], "rotation": 270, "texture": "#texture", "cullface": "west"},
				"up": {"uv": [0, 5.75, 1, 6], "texture": "#texture"},
				"down": {"uv": [16, 5.75, 15, 6], "rotation": 180, "texture": "#texture"}
			}
		},
		{
			"name": "Element",
			"from": [-0.175, 6.975, 6.825],
			"to": [9.775, 8.025, 7.325],
			"rotation": {"angle": 0, "axis": "y", "origin": [-0.5, -1, -0.4]},
			"faces": {
				"north": {"uv": [0, 7.75, 1, 8.25], "rotation": 180, "texture": "#texture"},
				"east": {"uv": [7.75, 5.75, 8.25, 6], "rotation": 90, "texture": "#texture"},
				"south": {"uv": [16, 8.25, 15, 7.75], "texture": "#texture"},
				"west": {"uv": [7.75, 5.75, 8.25, 6], "rotation": 270, "texture": "#texture", "cullface": "west"},
				"up": {"uv": [0, 5.75, 1, 6], "texture": "#texture"},
				"down": {"uv": [16, 5.75, 15, 6], "rotation": 180, "texture": "#texture"}
			}
		},
		{
			"name": "Element",
			"from": [-0.175, 7.775, 7.075],
			"to": [9.775, 8.275, 8.125],
			"rotation": {"angle": 0, "axis": "y", "origin": [-0.5, -1, -0.4]},
			"faces": {
				"north": {"uv": [16, 5.75, 15, 6], "texture": "#texture"},
				"east": {"uv": [7.75, 5.75, 8.25, 6], "texture": "#texture"},
				"south": {"uv": [0, 5.75, 1, 6], "texture": "#texture"},
				"west": {"uv": [7.75, 5.75, 8.25, 6], "texture": "#texture", "cullface": "west"},
				"up": {"uv": [0, 7.75, 1, 8.25], "texture": "#texture"},
				"down": {"uv": [16, 8.25, 15, 7.75], "texture": "#texture"}
			}
		},
		{
			"from": [4, 2.8, 7.35],
			"to": [5.65, 6.5, 7.85],
			"rotation": {"angle": 0, "axis": "y", "origin": [-12.25, -0.5, -0.4]},
			"faces": {
				"north": {"uv": [0.75, 10, 2.5, 10.25], "texture": "#texture"},
				"east": {"uv": [7.5, 10, 8.5, 10.25], "texture": "#texture"},
				"south": {"uv": [13.5, 10, 15.25, 10.25], "texture": "#texture"},
				"west": {"uv": [7.5, 10, 8.5, 10.25], "texture": "#texture"},
				"up": {"uv": [13.5, 7.5, 15.25, 8.5], "texture": "#texture"},
				"down": {"uv": [2.5, 8.5, 0.75, 7.5], "texture": "#texture"}
			}
		},
		{
			"from": [3.825, 6.5, 7.1],
			"to": [5.825, 6.75, 8.1],
			"rotation": {"angle": 0, "axis": "y", "origin": [-12.25, -0.5, -0.4]},
			"faces": {
				"north": {"uv": [0.75, 10, 2.5, 10.25], "texture": "#texture"},
				"east": {"uv": [7.5, 10, 8.5, 10.25], "texture": "#texture"},
				"south": {"uv": [13.5, 10, 15.25, 10.25], "texture": "#texture"},
				"west": {"uv": [7.5, 10, 8.5, 10.25], "texture": "#texture"},
				"up": {"uv": [13.5, 7.5, 15.25, 8.5], "texture": "#texture"},
				"down": {"uv": [2.5, 8.5, 0.75, 7.5], "texture": "#texture"}
			}
		},
		{
			"from": [9.75, 7.5, 5.6],
			"to": [12.75, 8, 6.35],
			"rotation": {"angle": 0, "axis": "y", "origin": [-0.5, -1.25, -0.4]},
			"faces": {
				"north": {"uv": [0.75, 10, 2.5, 10.25], "texture": "#texture"},
				"east": {"uv": [7.5, 10, 8.5, 10.25], "texture": "#texture"},
				"south": {"uv": [13.5, 10, 15.25, 10.25], "texture": "#texture"},
				"west": {"uv": [7.5, 10, 8.5, 10.25], "texture": "#texture"},
				"up": {"uv": [13.5, 7.5, 15.25, 8.5], "texture": "#texture"},
				"down": {"uv": [2.5, 8.5, 0.75, 7.5], "texture": "#texture"}
			}
		},
		{
			"from": [8.9, 4.8, 7.35],
			"to": [9.9, 5.25, 7.85],
			"rotation": {"angle": 0, "axis": "y", "origin": [-12.25, -0.5, -0.4]},
			"faces": {
				"north": {"uv": [0.75, 10, 2.5, 10.25], "texture": "#texture"},
				"east": {"uv": [7.5, 10, 8.5, 10.25], "texture": "#texture"},
				"south": {"uv": [13.5, 10, 15.25, 10.25], "texture": "#texture"},
				"west": {"uv": [7.5, 10, 8.5, 10.25], "texture": "#texture"},
				"up": {"uv": [13.5, 7.5, 15.25, 8.5], "texture": "#texture"},
				"down": {"uv": [2.5, 8.5, 0.75, 7.5], "texture": "#texture"}
			}
		},
		{
			"from": [9.075, -3.5, 8.675],
			"to": [9.475, -1.05, 9.675],
			"rotation": {"angle": -45, "axis": "x", "origin": [-12.25, -0.5, -0.4]},
			"faces": {
				"north": {"uv": [0.75, 10, 2.5, 10.25], "texture": "#texture"},
				"east": {"uv": [7.5, 10, 8.5, 10.25], "texture": "#texture"},
				"south": {"uv": [13.5, 10, 15.25, 10.25], "texture": "#texture"},
				"west": {"uv": [7.5, 10, 8.5, 10.25], "texture": "#texture"},
				"up": {"uv": [13.5, 7.5, 15.25, 8.5], "texture": "#texture"},
				"down": {"uv": [2.5, 8.5, 0.75, 7.5], "texture": "#texture"}
			}
		},
		{
			"from": [10, 6.85, 6.35],
			"to": [15.25, 7.1, 7.1],
			"rotation": {"angle": 0, "axis": "y", "origin": [-0.5, -1.25, -0.4]},
			"faces": {
				"north": {"uv": [0.75, 10, 2.5, 10.25], "texture": "#texture"},
				"east": {"uv": [7.5, 10, 8.5, 10.25], "texture": "#texture"},
				"south": {"uv": [13.5, 10, 15.25, 10.25], "texture": "#texture"},
				"west": {"uv": [7.5, 10, 8.5, 10.25], "texture": "#texture"},
				"up": {"uv": [13.5, 7.5, 15.25, 8.5], "texture": "#texture"},
				"down": {"uv": [2.5, 8.5, 0.75, 7.5], "texture": "#texture"}
			}
		},
		{
			"from": [1.075, 7.35, 5.675],
			"to": [1.4, 7.6, 7.1],
			"rotation": {"angle": 0, "axis": "y", "origin": [-0.5, -1.25, -0.4]},
			"faces": {
				"north": {"uv": [0.75, 10, 2.5, 10.25], "texture": "#texture"},
				"east": {"uv": [7.5, 10, 8.5, 10.25], "texture": "#texture"},
				"south": {"uv": [13.5, 10, 15.25, 10.25], "texture": "#texture"},
				"west": {"uv": [7.5, 10, 8.5, 10.25], "texture": "#texture"},
				"up": {"uv": [13.5, 7.5, 15.25, 8.5], "texture": "#texture"},
				"down": {"uv": [2.5, 8.5, 0.75, 7.5], "texture": "#texture"}
			}
		},
		{
			"from": [10, 7.6, 6.35],
			"to": [15.25, 7.85, 7.1],
			"rotation": {"angle": 0, "axis": "y", "origin": [-0.5, -1.25, -0.4]},
			"faces": {
				"north": {"uv": [0.75, 10, 2.5, 10.25], "texture": "#texture"},
				"east": {"uv": [7.5, 10, 8.5, 10.25], "texture": "#texture"},
				"south": {"uv": [13.5, 10, 15.25, 10.25], "texture": "#texture"},
				"west": {"uv": [7.5, 10, 8.5, 10.25], "texture": "#texture"},
				"up": {"uv": [13.5, 7.5, 15.25, 8.5], "texture": "#texture"},
				"down": {"uv": [2.5, 8.5, 0.75, 7.5], "texture": "#texture"}
			}
		},
		{
			"name": "Element",
			"from": [6.6, 3.975, 7.45],
			"to": [7.55, 4.925, 7.75],
			"rotation": {"angle": 45, "axis": "z", "origin": [-0.5, -1, -0.4]},
			"faces": {
				"north": {"uv": [16, 5.75, 15, 6], "texture": "#texture"},
				"east": {"uv": [7.75, 5.75, 8.25, 6], "texture": "#texture"},
				"south": {"uv": [0, 5.75, 1, 6], "texture": "#texture"},
				"west": {"uv": [7.75, 5.75, 8.25, 6], "texture": "#texture", "cullface": "west"},
				"up": {"uv": [0, 7.75, 1, 8.25], "texture": "#texture"},
				"down": {"uv": [16, 8.25, 15, 7.75], "texture": "#texture"}
			}
		},
		{
			"from": [17.5, 6.5, 8.35],
			"to": [18.75, 8, 8.6],
			"rotation": {"angle": 0, "axis": "y", "origin": [-0.5, -1, -0.4]},
			"faces": {
				"north": {"uv": [10.3, 4.1, 10.95, 4.8], "texture": "#texture"},
				"east": {"uv": [10.15, 4.1, 10.85, 5], "texture": "#texture", "cullface": "east"},
				"south": {"uv": [10.25, 4.1, 10.8, 4.9], "texture": "#texture"},
				"west": {"uv": [10.15, 4.1, 10.95, 4.9], "texture": "#texture"},
				"up": {"uv": [10.25, 4.1, 10.8, 4.8], "texture": "#texture"},
				"down": {"uv": [10.85, 4.8, 10.2, 4.1], "texture": "#texture"}
			}
		},
		{
			"from": [15.75, 8.25, 8.35],
			"to": [17.25, 8.5, 8.6],
			"rotation": {"angle": 0, "axis": "y", "origin": [-0.5, -1, -0.4]},
			"faces": {
				"north": {"uv": [10.3, 4.1, 10.95, 4.8], "texture": "#texture"},
				"east": {"uv": [10.15, 4.1, 10.85, 5], "texture": "#texture", "cullface": "east"},
				"south": {"uv": [10.25, 4.1, 10.8, 4.9], "texture": "#texture"},
				"west": {"uv": [10.15, 4.1, 10.95, 4.9], "texture": "#texture"},
				"up": {"uv": [10.25, 4.1, 10.8, 4.8], "texture": "#texture"},
				"down": {"uv": [10.85, 4.8, 10.2, 4.1], "texture": "#texture"}
			}
		},
		{
			"from": [15.75, 8.5, 8.35],
			"to": [17, 8.75, 8.6],
			"rotation": {"angle": 0, "axis": "y", "origin": [-0.5, -1, -0.4]},
			"faces": {
				"north": {"uv": [10.3, 4.1, 10.95, 4.8], "texture": "#texture"},
				"east": {"uv": [10.15, 4.1, 10.85, 5], "texture": "#texture", "cullface": "east"},
				"south": {"uv": [10.25, 4.1, 10.8, 4.9], "texture": "#texture"},
				"west": {"uv": [10.15, 4.1, 10.95, 4.9], "texture": "#texture"},
				"up": {"uv": [10.25, 4.1, 10.8, 4.8], "texture": "#texture"},
				"down": {"uv": [10.85, 4.8, 10.2, 4.1], "texture": "#texture"}
			}
		},
		{
			"from": [15.75, 8.5, 6.6],
			"to": [17, 8.75, 6.85],
			"rotation": {"angle": 0, "axis": "y", "origin": [-0.5, -1, -0.4]},
			"faces": {
				"north": {"uv": [10.3, 4.1, 10.95, 4.8], "texture": "#texture"},
				"east": {"uv": [10.15, 4.1, 10.85, 5], "texture": "#texture", "cullface": "east"},
				"south": {"uv": [10.25, 4.1, 10.8, 4.9], "texture": "#texture"},
				"west": {"uv": [10.15, 4.1, 10.95, 4.9], "texture": "#texture"},
				"up": {"uv": [10.25, 4.1, 10.8, 4.8], "texture": "#texture"},
				"down": {"uv": [10.85, 4.8, 10.2, 4.1], "texture": "#texture"}
			}
		},
		{
			"from": [15.75, 8.25, 6.6],
			"to": [17.25, 8.5, 6.85],
			"rotation": {"angle": 0, "axis": "y", "origin": [-0.5, -1, -0.4]},
			"faces": {
				"north": {"uv": [10.3, 4.1, 10.95, 4.8], "texture": "#texture"},
				"east": {"uv": [10.15, 4.1, 10.85, 5], "texture": "#texture", "cullface": "east"},
				"south": {"uv": [10.25, 4.1, 10.8, 4.9], "texture": "#texture"},
				"west": {"uv": [10.15, 4.1, 10.95, 4.9], "texture": "#texture"},
				"up": {"uv": [10.25, 4.1, 10.8, 4.8], "texture": "#texture"},
				"down": {"uv": [10.85, 4.8, 10.2, 4.1], "texture": "#texture"}
			}
		},
		{
			"from": [16.25, 6.75, 8.35],
			"to": [17.5, 7, 8.6],
			"rotation": {"angle": 0, "axis": "y", "origin": [-0.5, -1, -0.4]},
			"faces": {
				"north": {"uv": [10.3, 4.1, 10.95, 4.8], "texture": "#texture"},
				"east": {"uv": [10.15, 4.1, 10.85, 5], "texture": "#texture", "cullface": "east"},
				"south": {"uv": [10.25, 4.1, 10.8, 4.9], "texture": "#texture"},
				"west": {"uv": [10.15, 4.1, 10.95, 4.9], "texture": "#texture"},
				"up": {"uv": [10.25, 4.1, 10.8, 4.8], "texture": "#texture"},
				"down": {"uv": [10.85, 4.8, 10.2, 4.1], "texture": "#texture"}
			}
		},
		{
			"from": [18.75, 6.25, 8.35],
			"to": [20, 7.5, 8.6],
			"rotation": {"angle": 0, "axis": "y", "origin": [-0.5, -1, -0.4]},
			"faces": {
				"north": {"uv": [10.3, 4.1, 10.95, 4.8], "texture": "#texture"},
				"east": {"uv": [10.15, 4.1, 10.85, 5], "texture": "#texture", "cullface": "east"},
				"south": {"uv": [10.25, 4.1, 10.8, 4.9], "texture": "#texture"},
				"west": {"uv": [10.15, 4.1, 10.95, 4.9], "texture": "#texture"},
				"up": {"uv": [10.25, 4.1, 10.8, 4.8], "texture": "#texture"},
				"down": {"uv": [10.85, 4.8, 10.2, 4.1], "texture": "#texture"}
			}
		},
		{
			"from": [20, 6, 8.35],
			"to": [25.5, 7, 8.6],
			"rotation": {"angle": 0, "axis": "y", "origin": [-0.5, -1, -0.4]},
			"faces": {
				"north": {"uv": [10.3, 4.1, 10.95, 4.8], "texture": "#texture"},
				"east": {"uv": [10.15, 4.1, 10.85, 5], "texture": "#texture", "cullface": "east"},
				"south": {"uv": [10.25, 4.1, 10.8, 4.9], "texture": "#texture"},
				"west": {"uv": [10.15, 4.1, 10.95, 4.9], "texture": "#texture"},
				"up": {"uv": [10.25, 4.1, 10.8, 4.8], "texture": "#texture"},
				"down": {"uv": [10.85, 4.8, 10.2, 4.1], "texture": "#texture"}
			}
		},
		{
			"from": [20, 6, 6.6],
			"to": [25.5, 7, 6.85],
			"rotation": {"angle": 0, "axis": "y", "origin": [-0.5, -1, -0.4]},
			"faces": {
				"north": {"uv": [10.3, 4.1, 10.95, 4.8], "texture": "#texture"},
				"east": {"uv": [10.15, 4.1, 10.85, 5], "texture": "#texture", "cullface": "east"},
				"south": {"uv": [10.25, 4.1, 10.8, 4.9], "texture": "#texture"},
				"west": {"uv": [10.15, 4.1, 10.95, 4.9], "texture": "#texture"},
				"up": {"uv": [10.25, 4.1, 10.8, 4.8], "texture": "#texture"},
				"down": {"uv": [10.85, 4.8, 10.2, 4.1], "texture": "#texture"}
			}
		},
		{
			"from": [18.75, 6.25, 6.6],
			"to": [20, 7.5, 6.85],
			"rotation": {"angle": 0, "axis": "y", "origin": [-0.5, -1, -0.4]},
			"faces": {
				"north": {"uv": [10.3, 4.1, 10.95, 4.8], "texture": "#texture"},
				"east": {"uv": [10.15, 4.1, 10.85, 5], "texture": "#texture", "cullface": "east"},
				"south": {"uv": [10.25, 4.1, 10.8, 4.9], "texture": "#texture"},
				"west": {"uv": [10.15, 4.1, 10.95, 4.9], "texture": "#texture"},
				"up": {"uv": [10.25, 4.1, 10.8, 4.8], "texture": "#texture"},
				"down": {"uv": [10.85, 4.8, 10.2, 4.1], "texture": "#texture"}
			}
		},
		{
			"from": [17.5, 6.5, 6.6],
			"to": [18.75, 8, 6.85],
			"rotation": {"angle": 0, "axis": "y", "origin": [-0.5, -1, -0.4]},
			"faces": {
				"north": {"uv": [10.3, 4.1, 10.95, 4.8], "texture": "#texture"},
				"east": {"uv": [10.15, 4.1, 10.85, 5], "texture": "#texture", "cullface": "east"},
				"south": {"uv": [10.25, 4.1, 10.8, 4.9], "texture": "#texture"},
				"west": {"uv": [10.15, 4.1, 10.95, 4.9], "texture": "#texture"},
				"up": {"uv": [10.25, 4.1, 10.8, 4.8], "texture": "#texture"},
				"down": {"uv": [10.85, 4.8, 10.2, 4.1], "texture": "#texture"}
			}
		},
		{
			"from": [15.75, 7.25, 8.35],
			"to": [17.5, 8.25, 8.6],
			"rotation": {"angle": 0, "axis": "y", "origin": [-0.5, -1, -0.4]},
			"faces": {
				"north": {"uv": [10.3, 4.1, 10.95, 4.8], "texture": "#texture"},
				"east": {"uv": [10.15, 4.1, 10.85, 5], "texture": "#texture", "cullface": "east"},
				"south": {"uv": [10.25, 4.1, 10.8, 4.9], "texture": "#texture"},
				"west": {"uv": [10.15, 4.1, 10.95, 4.9], "texture": "#texture"},
				"up": {"uv": [10.25, 4.1, 10.8, 4.8], "texture": "#texture"},
				"down": {"uv": [10.85, 4.8, 10.2, 4.1], "texture": "#texture"}
			}
		},
		{
			"from": [15.75, 7.25, 6.6],
			"to": [17.5, 8.25, 6.85],
			"rotation": {"angle": 0, "axis": "y", "origin": [-0.5, -1, -0.4]},
			"faces": {
				"north": {"uv": [10.3, 4.1, 10.95, 4.8], "texture": "#texture"},
				"east": {"uv": [10.15, 4.1, 10.85, 5], "texture": "#texture", "cullface": "east"},
				"south": {"uv": [10.25, 4.1, 10.8, 4.9], "texture": "#texture"},
				"west": {"uv": [10.15, 4.1, 10.95, 4.9], "texture": "#texture"},
				"up": {"uv": [10.25, 4.1, 10.8, 4.8], "texture": "#texture"},
				"down": {"uv": [10.85, 4.8, 10.2, 4.1], "texture": "#texture"}
			}
		},
		{
			"from": [16.5, 7.7, 6.525],
			"to": [16.75, 8.1, 8.675],
			"rotation": {"angle": 0, "axis": "y", "origin": [-0.5, -1, -0.4]},
			"faces": {
				"north": {"uv": [1, 6.5, 1.75, 9], "texture": "#texture"},
				"east": {"uv": [7.25, 6.5, 8.75, 9], "texture": "#texture", "cullface": "east"},
				"south": {"uv": [14.25, 6.5, 15, 9], "texture": "#texture"},
				"west": {"uv": [7.25, 6.5, 8.75, 9], "texture": "#texture"},
				"up": {"uv": [15.25, 7.25, 16, 8.75], "texture": "#texture"},
				"down": {"uv": [1.75, 8.75, 1, 7.25], "texture": "#texture"}
			}
		},
		{
			"from": [16.425, 7.75, 6.525],
			"to": [16.825, 8.05, 8.675],
			"rotation": {"angle": 0, "axis": "y", "origin": [-0.5, -1, -0.4]},
			"faces": {
				"north": {"uv": [1, 6.5, 1.75, 9], "texture": "#texture"},
				"east": {"uv": [7.25, 6.5, 8.75, 9], "texture": "#texture", "cullface": "east"},
				"south": {"uv": [14.25, 6.5, 15, 9], "texture": "#texture"},
				"west": {"uv": [7.25, 6.5, 8.75, 9], "texture": "#texture"},
				"up": {"uv": [15.25, 7.25, 16, 8.75], "texture": "#texture"},
				"down": {"uv": [1.75, 8.75, 1, 7.25], "texture": "#texture"}
			}
		},
		{
			"from": [16, 7, 8.35],
			"to": [17.5, 7.25, 8.6],
			"rotation": {"angle": 0, "axis": "y", "origin": [-0.5, -1, -0.4]},
			"faces": {
				"north": {"uv": [10.3, 4.1, 10.95, 4.8], "texture": "#texture"},
				"east": {"uv": [10.15, 4.1, 10.85, 5], "texture": "#texture", "cullface": "east"},
				"south": {"uv": [10.25, 4.1, 10.8, 4.9], "texture": "#texture"},
				"west": {"uv": [10.15, 4.1, 10.95, 4.9], "texture": "#texture"},
				"up": {"uv": [10.25, 4.1, 10.8, 4.8], "texture": "#texture"},
				"down": {"uv": [10.85, 4.8, 10.2, 4.1], "texture": "#texture"}
			}
		},
		{
			"from": [16, 7, 6.6],
			"to": [17.5, 7.25, 6.85],
			"rotation": {"angle": 0, "axis": "y", "origin": [-0.5, -1, -0.4]},
			"faces": {
				"north": {"uv": [10.3, 4.1, 10.95, 4.8], "texture": "#texture"},
				"east": {"uv": [10.15, 4.1, 10.85, 5], "texture": "#texture", "cullface": "east"},
				"south": {"uv": [10.25, 4.1, 10.8, 4.9], "texture": "#texture"},
				"west": {"uv": [10.15, 4.1, 10.95, 4.9], "texture": "#texture"},
				"up": {"uv": [10.25, 4.1, 10.8, 4.8], "texture": "#texture"},
				"down": {"uv": [10.85, 4.8, 10.2, 4.1], "texture": "#texture"}
			}
		},
		{
			"from": [16.25, 6.75, 6.6],
			"to": [17.5, 7, 6.85],
			"rotation": {"angle": 0, "axis": "y", "origin": [-0.5, -1, -0.4]},
			"faces": {
				"north": {"uv": [10.3, 4.1, 10.95, 4.8], "texture": "#texture"},
				"east": {"uv": [10.15, 4.1, 10.85, 5], "texture": "#texture", "cullface": "east"},
				"south": {"uv": [10.25, 4.1, 10.8, 4.9], "texture": "#texture"},
				"west": {"uv": [10.15, 4.1, 10.95, 4.9], "texture": "#texture"},
				"up": {"uv": [10.25, 4.1, 10.8, 4.8], "texture": "#texture"},
				"down": {"uv": [10.85, 4.8, 10.2, 4.1], "texture": "#texture"}
			}
		},
		{
			"from": [1, 7.6, 6.425],
			"to": [9.75, 7.85, 7.175],
			"rotation": {"angle": 0, "axis": "y", "origin": [-0.5, -1.25, -0.4]},
			"faces": {
				"north": {"uv": [0.75, 10, 2.5, 10.25], "texture": "#texture"},
				"east": {"uv": [7.5, 10, 8.5, 10.25], "texture": "#texture"},
				"south": {"uv": [13.5, 10, 15.25, 10.25], "texture": "#texture"},
				"west": {"uv": [7.5, 10, 8.5, 10.25], "texture": "#texture"},
				"up": {"uv": [13.5, 7.5, 15.25, 8.5], "texture": "#texture"},
				"down": {"uv": [2.5, 8.5, 0.75, 7.5], "texture": "#texture"}
			}
		},
		{
			"from": [1, 7.1, 6.425],
			"to": [9.75, 7.35, 7.175],
			"rotation": {"angle": 0, "axis": "y", "origin": [-0.5, -1.25, -0.4]},
			"faces": {
				"north": {"uv": [0.75, 10, 2.5, 10.25], "texture": "#texture"},
				"east": {"uv": [7.5, 10, 8.5, 10.25], "texture": "#texture"},
				"south": {"uv": [13.5, 10, 15.25, 10.25], "texture": "#texture"},
				"west": {"uv": [7.5, 10, 8.5, 10.25], "texture": "#texture"},
				"up": {"uv": [13.5, 7.5, 15.25, 8.5], "texture": "#texture"},
				"down": {"uv": [2.5, 8.5, 0.75, 7.5], "texture": "#texture"}
			}
		},
		{
			"from": [15.25, 6.85, 6.6],
			"to": [15.5, 7.85, 7.1],
			"rotation": {"angle": 0, "axis": "y", "origin": [-0.5, -1.25, -0.4]},
			"faces": {
				"north": {"uv": [0.75, 10, 2.5, 10.25], "texture": "#texture"},
				"east": {"uv": [7.5, 10, 8.5, 10.25], "texture": "#texture"},
				"south": {"uv": [13.5, 10, 15.25, 10.25], "texture": "#texture"},
				"west": {"uv": [7.5, 10, 8.5, 10.25], "texture": "#texture"},
				"up": {"uv": [13.5, 7.5, 15.25, 8.5], "texture": "#texture"},
				"down": {"uv": [2.5, 8.5, 0.75, 7.5], "texture": "#texture"}
			}
		},
		{
			"from": [0.75, 7.1, 6.425],
			"to": [1, 7.85, 7.1],
			"rotation": {"angle": 0, "axis": "y", "origin": [-0.5, -1.25, -0.4]},
			"faces": {
				"north": {"uv": [0.75, 10, 2.5, 10.25], "texture": "#texture"},
				"east": {"uv": [7.5, 10, 8.5, 10.25], "texture": "#texture"},
				"south": {"uv": [13.5, 10, 15.25, 10.25], "texture": "#texture"},
				"west": {"uv": [7.5, 10, 8.5, 10.25], "texture": "#texture"},
				"up": {"uv": [13.5, 7.5, 15.25, 8.5], "texture": "#texture"},
				"down": {"uv": [2.5, 8.5, 0.75, 7.5], "texture": "#texture"}
			}
		},
		{
			"from": [4.25, 2.8, 7.1],
			"to": [5.4, 6.5, 8.1],
			"rotation": {"angle": 0, "axis": "y", "origin": [-12.25, -0.5, -0.4]},
			"faces": {
				"north": {"uv": [0.75, 10, 2.5, 10.25], "texture": "#texture"},
				"east": {"uv": [7.5, 10, 8.5, 10.25], "texture": "#texture"},
				"south": {"uv": [13.5, 10, 15.25, 10.25], "texture": "#texture"},
				"west": {"uv": [7.5, 10, 8.5, 10.25], "texture": "#texture"},
				"up": {"uv": [13.5, 7.5, 15.25, 8.5], "texture": "#texture"},
				"down": {"uv": [2.5, 8.5, 0.75, 7.5], "texture": "#texture"}
			}
		},
		{
			"from": [25.25, 3.75, 6.725],
			"to": [25.75, 4, 8.475],
			"rotation": {"angle": 0, "axis": "y", "origin": [-0.5, -1, -0.4]},
			"faces": {
				"north": {"uv": [10.2, 4.1, 10.95, 4.7], "texture": "#texture"},
				"east": {"uv": [10.3, 4.1, 10.8, 4.9], "texture": "#texture", "cullface": "east"},
				"south": {"uv": [10.1, 4.1, 10.85, 5], "texture": "#texture"},
				"west": {"uv": [10.3, 4.1, 10.8, 5], "texture": "#texture"},
				"up": {"uv": [10.25, 4.1, 10.8, 4.9], "texture": "#texture"},
				"down": {"uv": [10.2, 4.9, 10.7, 4.1], "texture": "#texture"}
			}
		},
		{
			"from": [25, 4, 6.55],
			"to": [25.75, 7.5, 8.65],
			"rotation": {"angle": 0, "axis": "y", "origin": [-0.5, -1, -0.4]},
			"faces": {
				"north": {"uv": [10.2, 4.1, 10.95, 4.8], "texture": "#texture"},
				"east": {"uv": [10.3, 4.1, 10.9, 4.8], "texture": "#texture", "cullface": "east"},
				"south": {"uv": [10.2, 4.1, 10.95, 4.9], "texture": "#texture"},
				"west": {"uv": [10.3, 4.1, 10.8, 4.9], "texture": "#texture"},
				"up": {"uv": [10.25, 4.1, 11, 4.8], "texture": "#texture"},
				"down": {"uv": [10.2, 4.8, 11, 4.1], "texture": "#texture"}
			}
		},
		{
			"from": [25.25, 7.5, 6.725],
			"to": [25.75, 7.75, 8.475],
			"rotation": {"angle": 0, "axis": "y", "origin": [-0.5, -1, -0.4]},
			"faces": {
				"north": {"uv": [10.1, 4.1, 10.6, 4.35], "texture": "#texture"},
				"east": {"uv": [10.6, 4.1, 10.1, 4.35], "texture": "#texture"},
				"south": {"uv": [10.35, 4.1, 10.85, 4.35], "texture": "#texture"},
				"west": {"uv": [10.6, 4.1, 10.1, 4.35], "texture": "#texture"},
				"up": {"uv": [10.1, 4.1, 10.6, 4.6], "texture": "#texture"}
			}
		}
	],
	"gui_light": "front",
	"display": {
		"thirdperson_righthand": {
			"rotation": [0, -102, 0],
			"translation": [0.75, 1.75, -5.25],
			"scale": [0.88, 0.87, 0.87]
		},
		"thirdperson_lefthand": {
			"rotation": [0, 78, 0],
			"translation": [1.75, 1.75, -5.25],
			"scale": [0.88, 0.87, 0.87]
		},
		"firstperson_righthand": {
			"rotation": [180, -79.97, 180],
			"translation": [0.912, 7.1, 0.1],
			"scale": [0.97, 0.97, 0.99]
		},
		"firstperson_lefthand": {
			"rotation": [0, 80.15, 0],
			"translation": [1.54, 5.55, 0.25],
			"scale": [0.97, 0.97, 0.99]
		},
		"ground": {
			"translation": [-3.25, 1.75, 0],
			"scale": [0.98, 0.97, 0.97]
		},
		"gui": {
			"rotation": [0, 0, -45],
			"translation": [-0.75, 2, 0],
			"scale": [0.65, 0.64, 0.9]
		},
		"fixed": {
			"rotation": [0, 180, -45],
			"translation": [1.75, 2.5, -1.25],
			"scale": [0.99, 0.98, 0.98]
		}
	}
}