{
	"credit": "Made by SrDarmith - YouTube: Mainclay",
	"textures": {
		"2": "item/hardened_clay_stained_yellow",
		"particle": "item/anvil_1",
		"texture": "item/anvil_1",
		"wood door texture": "item/hardened_clay_stained_red"
	},
	"elements": [
		{
			"from": [0, 7.825, 7.125],
			"to": [4.25, 8.325, 8.125],
			"rotation": {"angle": 0, "axis": "y", "origin": [1, -1.75, -0.375]},
			"faces": {
				"north": {"uv": [10, 5.75, 12, 7], "texture": "#texture", "cullface": "west"},
				"south": {"uv": [10, 5.75, 12, 7], "texture": "#texture", "cullface": "west"},
				"west": {"uv": [10, 5.75, 12, 7], "texture": "#texture", "cullface": "west"},
				"up": {"uv": [10, 5.75, 12, 7], "texture": "#texture", "cullface": "west"},
				"down": {"uv": [12, 7, 10, 5.75], "texture": "#texture", "cullface": "west"}
			}
		},
		{
			"from": [0, 7.825, 7.375],
			"to": [4.25, 8.575, 7.875],
			"rotation": {"angle": 0, "axis": "y", "origin": [1, -1.75, -0.375]},
			"faces": {
				"north": {"uv": [10, 5.75, 12, 7], "texture": "#texture", "cullface": "west"},
				"south": {"uv": [10, 5.75, 12, 7], "texture": "#texture", "cullface": "west"},
				"west": {"uv": [10, 5.75, 12, 7], "texture": "#texture", "cullface": "west"},
				"up": {"uv": [10, 5.75, 12, 7], "texture": "#texture", "cullface": "west"},
				"down": {"uv": [12, 7, 10, 5.75], "texture": "#texture", "cullface": "west"}
			}
		},
		{
			"from": [0, 7.575, 7.375],
			"to": [4.25, 7.825, 7.875],
			"rotation": {"angle": 0, "axis": "y", "origin": [1, -1.75, -0.375]},
			"faces": {
				"north": {"uv": [1, 13.75, 2, 14], "texture": "#texture", "cullface": "west"},
				"south": {"uv": [1, 13.75, 2, 14], "texture": "#texture", "cullface": "west"},
				"west": {"uv": [1, 13.75, 2, 14], "texture": "#texture", "cullface": "west"},
				"up": {"uv": [1, 13.75, 2, 14], "texture": "#texture", "cullface": "west"},
				"down": {"uv": [2, 14, 1, 13.75], "texture": "#texture", "cullface": "west"}
			}
		},
		{
			"from": [-3.25, 6.4, 7.3],
			"to": [6.75, 6.7, 7.95],
			"rotation": {"angle": 0, "axis": "y", "origin": [1, -1.75, -0.375]},
			"faces": {
				"north": {"uv": [10, 5.75, 12, 7], "texture": "#texture", "cullface": "west"},
				"east": {"uv": [10, 5.75, 12, 7], "texture": "#texture"},
				"south": {"uv": [10, 5.75, 12, 7], "texture": "#texture", "cullface": "west"},
				"west": {"uv": [10, 5.75, 12, 7], "texture": "#texture", "cullface": "west"},
				"up": {"uv": [10, 5.75, 12, 7], "texture": "#texture", "cullface": "west"},
				"down": {"uv": [12, 7, 10, 5.75], "texture": "#texture", "cullface": "west"}
			}
		},
		{
			"from": [-3.5, 7.325, 7.225],
			"to": [-2.25, 7.675, 8.025],
			"rotation": {"angle": 0, "axis": "y", "origin": [1, -1.75, -0.375]},
			"faces": {
				"north": {"uv": [10, 5.75, 12, 7], "texture": "#texture", "cullface": "west"},
				"east": {"uv": [10, 5.75, 12, 7], "texture": "#texture"},
				"south": {"uv": [10, 5.75, 12, 7], "texture": "#texture", "cullface": "west"},
				"west": {"uv": [10, 5.75, 12, 7], "texture": "#texture", "cullface": "west"},
				"up": {"uv": [10, 5.75, 12, 7], "texture": "#texture", "cullface": "west"},
				"down": {"uv": [12, 7, 10, 5.75], "texture": "#texture", "cullface": "west"}
			}
		},
		{
			"from": [-3.5, 6.6, 6.95],
			"to": [-2.25, 7.4, 7.3],
			"rotation": {"angle": 0, "axis": "y", "origin": [1, -1.75, -0.375]},
			"faces": {
				"north": {"uv": [10, 5.75, 12, 7], "texture": "#texture", "cullface": "west"},
				"east": {"uv": [10, 5.75, 12, 7], "texture": "#texture"},
				"south": {"uv": [10, 5.75, 12, 7], "texture": "#texture", "cullface": "west"},
				"west": {"uv": [10, 5.75, 12, 7], "texture": "#texture", "cullface": "west"},
				"up": {"uv": [10, 5.75, 12, 7], "texture": "#texture", "cullface": "west"},
				"down": {"uv": [12, 7, 10, 5.75], "texture": "#texture", "cullface": "west"}
			}
		},
		{
			"from": [-3.5, 6.6, 7.95],
			"to": [-2.25, 7.4, 8.3],
			"rotation": {"angle": 0, "axis": "y", "origin": [1, -1.75, -0.375]},
			"faces": {
				"north": {"uv": [10, 5.75, 12, 7], "texture": "#texture", "cullface": "west"},
				"east": {"uv": [10, 5.75, 12, 7], "texture": "#texture"},
				"south": {"uv": [10, 5.75, 12, 7], "texture": "#texture", "cullface": "west"},
				"west": {"uv": [10, 5.75, 12, 7], "texture": "#texture", "cullface": "west"},
				"up": {"uv": [10, 5.75, 12, 7], "texture": "#texture", "cullface": "west"},
				"down": {"uv": [12, 7, 10, 5.75], "texture": "#texture", "cullface": "west"}
			}
		},
		{
			"from": [-3.5, 6.325, 7.225],
			"to": [-2.25, 6.675, 8.025],
			"rotation": {"angle": 0, "axis": "y", "origin": [1, -1.75, -0.375]},
			"faces": {
				"north": {"uv": [10, 5.75, 12, 7], "texture": "#texture", "cullface": "west"},
				"east": {"uv": [10, 5.75, 12, 7], "texture": "#texture"},
				"south": {"uv": [10, 5.75, 12, 7], "texture": "#texture", "cullface": "west"},
				"west": {"uv": [10, 5.75, 12, 7], "texture": "#texture", "cullface": "west"},
				"up": {"uv": [10, 5.75, 12, 7], "texture": "#texture", "cullface": "west"},
				"down": {"uv": [12, 7, 10, 5.75], "texture": "#texture", "cullface": "west"}
			}
		},
		{
			"from": [-3.25, 6.675, 7.925],
			"to": [6.75, 7.325, 8.225],
			"rotation": {"angle": 0, "axis": "y", "origin": [1, -1.75, -0.375]},
			"faces": {
				"north": {"uv": [10, 5.75, 12, 7], "texture": "#texture", "cullface": "west"},
				"east": {"uv": [10, 5.75, 12, 7], "texture": "#texture"},
				"south": {"uv": [10, 5.75, 12, 7], "texture": "#texture", "cullface": "west"},
				"west": {"uv": [10, 5.75, 12, 7], "texture": "#texture", "cullface": "west"},
				"up": {"uv": [10, 5.75, 12, 7], "texture": "#texture", "cullface": "west"},
				"down": {"uv": [12, 7, 10, 5.75], "texture": "#texture", "cullface": "west"}
			}
		},
		{
			"from": [-3.25, 6.675, 7.025],
			"to": [6.75, 7.325, 7.325],
			"rotation": {"angle": 0, "axis": "y", "origin": [1, -1.75, -0.375]},
			"faces": {
				"north": {"uv": [10, 5.75, 12, 7], "texture": "#texture", "cullface": "west"},
				"east": {"uv": [10, 5.75, 12, 7], "texture": "#texture"},
				"south": {"uv": [10, 5.75, 12, 7], "texture": "#texture", "cullface": "west"},
				"west": {"uv": [10, 5.75, 12, 7], "texture": "#texture", "cullface": "west"},
				"up": {"uv": [10, 5.75, 12, 7], "texture": "#texture", "cullface": "west"},
				"down": {"uv": [12, 7, 10, 5.75], "texture": "#texture", "cullface": "west"}
			}
		},
		{
			"from": [-3.25, 7.3, 7.3],
			"to": [6.75, 7.6, 7.95],
			"rotation": {"angle": 0, "axis": "y", "origin": [1, -1.75, -0.375]},
			"faces": {
				"north": {"uv": [10, 5.75, 12, 7], "texture": "#texture", "cullface": "west"},
				"east": {"uv": [10, 5.75, 12, 7], "texture": "#texture"},
				"south": {"uv": [10, 5.75, 12, 7], "texture": "#texture", "cullface": "west"},
				"west": {"uv": [10, 5.75, 12, 7], "texture": "#texture", "cullface": "west"},
				"up": {"uv": [10, 5.75, 12, 7], "texture": "#texture", "cullface": "west"},
				"down": {"uv": [12, 7, 10, 5.75], "texture": "#texture", "cullface": "west"}
			}
		},
		{
			"from": [0, 8.575, 7.375],
			"to": [0.75, 8.825, 7.875],
			"rotation": {"angle": 0, "axis": "y", "origin": [1, -1.75, -0.375]},
			"faces": {
				"north": {"uv": [14, 5.5, 15, 6], "texture": "#texture", "cullface": "west"},
				"east": {"uv": [7.75, 5.5, 8.25, 6], "texture": "#texture", "cullface": "west"},
				"south": {"uv": [1, 5.5, 2, 6], "texture": "#texture", "cullface": "west"},
				"west": {"uv": [7.75, 5.5, 8.25, 6], "texture": "#texture", "cullface": "west"},
				"up": {"uv": [1, 7.75, 2, 8.25], "texture": "#texture", "cullface": "west"}
			}
		},
		{
			"from": [0, 9.075, 7.125],
			"to": [0.75, 9.575, 7.375],
			"rotation": {"angle": 0, "axis": "y", "origin": [1, -1.75, -0.375]},
			"faces": {
				"north": {"uv": [16, 5, 15, 5.5], "texture": "#texture", "cullface": "west"},
				"east": {"uv": [8.25, 5, 8.5, 5.5], "texture": "#texture", "cullface": "west"},
				"south": {"uv": [0, 5, 1, 5.5], "texture": "#texture", "cullface": "west"},
				"west": {"uv": [7.5, 5, 7.75, 5.5], "texture": "#texture", "cullface": "west"},
				"up": {"uv": [0, 7.5, 1, 7.75], "texture": "#texture", "cullface": "west"},
				"down": {"uv": [16, 7.75, 15, 7.5], "texture": "#texture", "cullface": "west"}
			}
		},
		{
			"from": [0, 9.075, 7.875],
			"to": [0.75, 9.575, 8.125],
			"rotation": {"angle": 0, "axis": "y", "origin": [1, -1.75, -0.375]},
			"faces": {
				"north": {"uv": [16, 5, 15, 5.5], "texture": "#texture", "cullface": "west"},
				"east": {"uv": [7.5, 5, 7.75, 5.5], "texture": "#texture", "cullface": "west"},
				"south": {"uv": [0, 5, 1, 5.5], "texture": "#texture", "cullface": "west"},
				"west": {"uv": [8.25, 5, 8.5, 5.5], "texture": "#texture", "cullface": "west"},
				"up": {"uv": [0, 8.25, 1, 8.5], "texture": "#texture", "cullface": "west"},
				"down": {"uv": [16, 8.5, 15, 8.25], "texture": "#texture", "cullface": "west"}
			}
		},
		{
			"from": [0, 8.825, 7.375],
			"to": [0.75, 9.075, 7.875],
			"rotation": {"angle": 0, "axis": "y", "origin": [1, -1.75, -0.375]},
			"faces": {
				"north": {"uv": [16, 4.75, 15, 5], "texture": "#texture", "cullface": "west"},
				"east": {"uv": [7.75, 4.75, 8.25, 5], "texture": "#texture", "cullface": "west"},
				"south": {"uv": [0, 4.75, 1, 5], "texture": "#texture", "cullface": "west"},
				"west": {"uv": [7.75, 4.75, 8.25, 5], "texture": "#texture", "cullface": "west"},
				"up": {"uv": [0, 7.75, 1, 8.25], "texture": "#texture", "cullface": "west"},
				"down": {"uv": [16, 8.25, 15, 7.75], "texture": "#texture", "cullface": "west"}
			}
		},
		{
			"from": [3, 7.675, 6.75],
			"to": [3.25, 8.5, 8.5],
			"rotation": {"angle": 0, "axis": "y", "origin": [1, -1.75, -0.375]},
			"faces": {
				"north": {"uv": [14.25, 5.75, 14.5, 6.75], "texture": "#texture"},
				"south": {"uv": [1.5, 5.75, 1.75, 6.75], "texture": "#texture"},
				"west": {"uv": [7, 5.75, 9, 6.75], "texture": "#texture"},
				"up": {"uv": [1.5, 7, 1.75, 9], "texture": "#texture"}
			}
		},
		{
			"from": [3, 6.55, 6.5],
			"to": [3.25, 7.675, 8.75],
			"rotation": {"angle": 0, "axis": "y", "origin": [1, -1.75, -0.375]},
			"faces": {
				"north": {"uv": [14.25, 6.75, 14.5, 7.75], "texture": "#texture"},
				"south": {"uv": [1.5, 6.75, 1.75, 7.75], "texture": "#texture"},
				"west": {"uv": [6.75, 6.75, 9.25, 7.75], "texture": "#texture"},
				"up": {"uv": [1.5, 6.75, 1.75, 9.25], "texture": "#texture"},
				"down": {"uv": [14.5, 9.25, 14.25, 6.75], "texture": "#texture"}
			}
		},
		{
			"from": [3.25, 7.75, 6.75],
			"to": [8.25, 8.575, 8.5],
			"rotation": {"angle": 0, "axis": "y", "origin": [1, -1.75, -0.375]},
			"faces": {
				"north": {"uv": [11.25, 12.5, 15.25, 13.25], "texture": "#texture"},
				"east": {"uv": [1, 6.75, 2, 5.75], "texture": "#texture"},
				"south": {"uv": [2.75, 12.25, 6.75, 13], "texture": "#texture"},
				"west": {"uv": [0, 0, 1, 1], "texture": "#texture"},
				"up": {"uv": [2.75, 13.75, 6.75, 15.75], "texture": "#texture"},
				"down": {"uv": [16, 14.75, 11.25, 13.75], "texture": "#texture"}
			}
		},
		{
			"from": [3.25, 8.5, 7],
			"to": [8.25, 8.825, 8.25],
			"rotation": {"angle": 0, "axis": "y", "origin": [1, -1.75, -0.375]},
			"faces": {
				"north": {"uv": [11.25, 12.25, 15.25, 12.5], "texture": "#texture"},
				"east": {"uv": [1, 6.75, 2, 5.75], "texture": "#texture"},
				"south": {"uv": [2.75, 12.25, 6.75, 12.5], "texture": "#texture"},
				"west": {"uv": [0, 0, 1, 1], "texture": "#texture"},
				"up": {"uv": [2.75, 14, 6.75, 15.5], "texture": "#texture"}
			}
		},
		{
			"from": [3, 8.5, 7],
			"to": [3.25, 8.75, 8.25],
			"rotation": {"angle": 0, "axis": "y", "origin": [1, -1.75, -0.375]},
			"faces": {
				"north": {"uv": [14.25, 5.5, 14.5, 5.75], "texture": "#texture"},
				"south": {"uv": [1.5, 5.5, 1.75, 5.75], "texture": "#texture"},
				"west": {"uv": [7.25, 5.5, 8.75, 5.75], "texture": "#texture"},
				"up": {"uv": [1.5, 7.25, 1.75, 8.75], "texture": "#texture"}
			}
		},
		{
			"from": [3.25, 6.5, 6.5],
			"to": [9.5, 7.5, 8.75],
			"rotation": {"angle": 0, "axis": "y", "origin": [1, -1.75, -0.375]},
			"faces": {
				"north": {"uv": [3.25, 13.5, 9.25, 14.5], "texture": "#texture"},
				"east": {"uv": [7.75, 13.5, 10.25, 14.5], "texture": "#texture"},
				"south": {"uv": [2.75, 14, 8.75, 15], "texture": "#texture"},
				"up": {"uv": [2.75, 13.5, 8.75, 16], "texture": "#texture"},
				"down": {"uv": [15.25, 16, 9.25, 13.5], "texture": "#texture"}
			}
		},
		{
			"from": [3.25, 6, 6.75],
			"to": [8.75, 6.5, 8.5],
			"rotation": {"angle": 0, "axis": "y", "origin": [1, -1.75, -0.375]},
			"faces": {
				"north": {"uv": [11.5, 14.5, 15.25, 15], "texture": "#texture"},
				"south": {"uv": [2.75, 14.5, 6.5, 15], "texture": "#texture"},
				"west": {"uv": [0, 0, 1, 1], "texture": "#texture"},
				"down": {"uv": [15.25, 15.75, 11.5, 13.75], "texture": "#texture"}
			}
		},
		{
			"from": [3, 6.075, 6.75],
			"to": [3.25, 6.55, 8.5],
			"rotation": {"angle": 0, "axis": "y", "origin": [1, -1.75, -0.375]},
			"faces": {
				"north": {"uv": [14.25, 7.75, 14.5, 8.25], "texture": "#texture"},
				"south": {"uv": [1.5, 7.75, 1.75, 8.25], "texture": "#texture"},
				"west": {"uv": [7, 7.75, 9, 8.25], "texture": "#texture"},
				"down": {"uv": [14.5, 9, 14.25, 7], "texture": "#texture"}
			}
		},
		{
			"from": [7.75, 5.575, 6.65],
			"to": [9.5, 6.5, 8.625],
			"rotation": {"angle": 0, "axis": "y", "origin": [1, -1.75, -0.375]},
			"faces": {
				"north": {"uv": [2.25, 14.5, 4.5, 15.5], "texture": "#texture"},
				"east": {"uv": [7.75, 14.5, 10.25, 15.5], "texture": "#texture"},
				"south": {"uv": [6.5, 14.5, 8.75, 15.5], "texture": "#texture"},
				"west": {"uv": [7.75, 14.5, 10.25, 15.5], "texture": "#texture"},
				"down": {"uv": [11.5, 16, 9.25, 13.5], "texture": "#texture"}
			}
		},
		{
			"from": [8.25, 8, 7.25],
			"to": [19, 8.75, 8],
			"rotation": {"angle": 0, "axis": "y", "origin": [1, -1.75, -0.375]},
			"faces": {
				"north": {"uv": [0, 5.5, 8.25, 6.25], "texture": "#texture", "cullface": "east"},
				"east": {"uv": [7.5, 5.5, 8.5, 6.25], "texture": "#texture", "cullface": "east"},
				"south": {"uv": [7.75, 5.5, 16, 6.25], "texture": "#texture", "cullface": "east"},
				"up": {"uv": [7.75, 7.5, 16, 8.5], "texture": "#texture", "cullface": "east"}
			}
		},
		{
			"from": [8.25, 7.75, 7],
			"to": [19.5, 8.15, 8.25],
			"rotation": {"angle": 0, "axis": "y", "origin": [1, -1.75, -0.375]},
			"faces": {
				"north": {"uv": [0, 6.25, 8.25, 6.5], "texture": "#texture", "cullface": "east"},
				"east": {"uv": [7.25, 6.25, 8.75, 6.5], "texture": "#texture", "cullface": "east"},
				"south": {"uv": [7.75, 6.25, 16, 6.5], "texture": "#texture", "cullface": "east"},
				"up": {"uv": [7.75, 7.25, 16, 8.75], "texture": "#texture", "cullface": "east"}
			}
		},
		{
			"from": [10.25, 7.5, 6.975],
			"to": [13.75, 8.175, 7.75],
			"rotation": {"angle": 0, "axis": "y", "origin": [1, -1.75, -0.375]},
			"faces": {
				"north": {"uv": [16, 12, 15, 11], "texture": "#texture", "cullface": "east"},
				"east": {"uv": [16, 12, 15, 11], "texture": "#texture", "cullface": "east"},
				"south": {"uv": [15, 12, 16, 11], "texture": "#texture", "cullface": "east"},
				"up": {"uv": [15, 12, 16, 11], "texture": "#texture", "cullface": "east"}
			}
		},
		{
			"from": [10.25, 7.825, 7.225],
			"to": [13.75, 8.5, 7.5],
			"rotation": {"angle": 0, "axis": "y", "origin": [1, -1.75, -0.375]},
			"faces": {
				"north": {"uv": [16, 12, 15, 11], "texture": "#texture", "cullface": "east"},
				"east": {"uv": [16, 12, 15, 11], "texture": "#texture", "cullface": "east"},
				"south": {"uv": [15, 12, 16, 11], "texture": "#texture", "cullface": "east"},
				"up": {"uv": [15, 12, 16, 11], "texture": "#texture", "cullface": "east"}
			}
		},
		{
			"from": [11.775, 4, 6.65],
			"to": [13.5, 6.075, 8.6],
			"rotation": {"angle": 0, "axis": "y", "origin": [1, -1.75, -0.375]},
			"faces": {
				"north": {"uv": [1, 6, 4.25, 7.5], "texture": "#texture", "cullface": "east"},
				"east": {"uv": [7, 6.75, 4, 8.5], "texture": "#texture", "cullface": "east"},
				"south": {"uv": [7.75, 7.25, 11, 8.5], "texture": "#texture", "cullface": "east"},
				"west": {"uv": [7, 6.75, 4, 8.5], "texture": "#texture", "cullface": "east"},
				"up": {"uv": [7.75, 7, 11, 9], "texture": "#texture", "cullface": "east"},
				"down": {"uv": [4.25, 8, 1, 6], "texture": "#texture", "cullface": "east"}
			}
		},
		{
			"from": [10.05, 4.375, 6.65],
			"to": [11.775, 6.075, 8.6],
			"rotation": {"angle": 0, "axis": "y", "origin": [1, -1.75, -0.375]},
			"faces": {
				"north": {"uv": [1, 6, 4.25, 7.5], "texture": "#texture", "cullface": "east"},
				"east": {"uv": [7, 6.75, 4, 8.5], "texture": "#texture", "cullface": "east"},
				"south": {"uv": [7.75, 7.25, 11, 8.5], "texture": "#texture", "cullface": "east"},
				"west": {"uv": [7, 6.75, 4, 8.5], "texture": "#texture", "cullface": "east"},
				"up": {"uv": [7.75, 7, 11, 9], "texture": "#texture", "cullface": "east"},
				"down": {"uv": [4.25, 8, 1, 6], "texture": "#texture", "cullface": "east"}
			}
		},
		{
			"from": [8.5, 5.75, 6.75],
			"to": [20, 7.5, 8.5],
			"rotation": {"angle": 0, "axis": "y", "origin": [1, -1.75, -0.375]},
			"faces": {
				"north": {"uv": [0, 6.75, 8.25, 8.5], "texture": "#texture", "cullface": "east"},
				"east": {"uv": [7, 6.75, 9, 8.5], "texture": "#texture", "cullface": "east"},
				"south": {"uv": [7.75, 6.75, 16, 8.5], "texture": "#texture", "cullface": "east"},
				"west": {"uv": [7, 6.75, 9, 8.5], "texture": "#texture", "cullface": "east"},
				"up": {"uv": [7.75, 7, 16, 9], "texture": "#texture", "cullface": "east"},
				"down": {"uv": [8.25, 9, 0, 7], "texture": "#texture", "cullface": "east"}
			}
		},
		{
			"from": [3.25, 5.825, 6.9],
			"to": [7.75, 6, 8.35],
			"rotation": {"angle": 0, "axis": "y", "origin": [1, -1.75, -0.375]},
			"faces": {
				"north": {"uv": [11.5, 15, 14.25, 15.25], "texture": "#texture"},
				"south": {"uv": [3.75, 15, 6.5, 15.25], "texture": "#texture"},
				"west": {"uv": [8.25, 15, 9.75, 15.25], "texture": "#texture"},
				"down": {"uv": [14.25, 15.5, 11.5, 14], "texture": "#texture"}
			}
		},
		{
			"from": [8.775, 9.075, 7.1],
			"to": [9.05, 9.25, 7.475],
			"rotation": {"angle": 0, "axis": "y", "origin": [16.25, 6.25, 7.375]},
			"faces": {
				"north": {"uv": [8, 2, 8.25, 3.5], "texture": "#texture"},
				"east": {"uv": [7.5, 2, 8.5, 3.5], "texture": "#texture"},
				"south": {"uv": [7.75, 2, 8, 3.5], "texture": "#texture"},
				"west": {"uv": [7.5, 2, 8.5, 3.5], "texture": "#texture"},
				"up": {"uv": [6.75, 2.5, 8, 3.5], "texture": "#texture"},
				"down": {"uv": [8.25, 3.5, 8, 2.5], "texture": "#texture"}
			}
		},
		{
			"from": [8.775, 9.075, 7.775],
			"to": [9.05, 9.25, 8.15],
			"rotation": {"angle": 0, "axis": "y", "origin": [16.25, 6.25, 7.375]},
			"faces": {
				"north": {"uv": [8, 2, 8.25, 3.5], "texture": "#texture"},
				"east": {"uv": [7.5, 2, 8.5, 3.5], "texture": "#texture"},
				"south": {"uv": [7.75, 2, 8, 3.5], "texture": "#texture"},
				"west": {"uv": [7.5, 2, 8.5, 3.5], "texture": "#texture"},
				"up": {"uv": [6.75, 2.5, 8, 3.5], "texture": "#texture"},
				"down": {"uv": [8.25, 3.5, 8, 2.5], "texture": "#texture"}
			}
		},
		{
			"from": [8.55, 8.75, 7.1],
			"to": [9.275, 9.075, 8.15],
			"rotation": {"angle": 0, "axis": "y", "origin": [16.25, 6.25, 7.375]},
			"faces": {
				"north": {"uv": [8, 2, 8.25, 3.5], "texture": "#texture"},
				"east": {"uv": [7.5, 2, 8.5, 3.5], "texture": "#texture"},
				"south": {"uv": [7.75, 2, 8, 3.5], "texture": "#texture"},
				"west": {"uv": [7.5, 2, 8.5, 3.5], "texture": "#texture"},
				"up": {"uv": [6.75, 2.5, 8, 3.5], "texture": "#texture"},
				"down": {"uv": [8.25, 3.5, 8, 2.5], "texture": "#texture"}
			}
		},
		{
			"from": [16.3, 8.825, 7.225],
			"to": [16.425, 8.95, 8.025],
			"rotation": {"angle": 0, "axis": "y", "origin": [16.25, 6.25, 7.375]},
			"faces": {
				"north": {"uv": [8, 2, 8.25, 3.5], "texture": "#texture"},
				"east": {"uv": [7.5, 2, 8.5, 3.5], "texture": "#texture"},
				"south": {"uv": [7.75, 2, 8, 3.5], "texture": "#texture"},
				"west": {"uv": [7.5, 2, 8.5, 3.5], "texture": "#texture"},
				"up": {"uv": [6.75, 2.5, 8, 3.5], "texture": "#texture"},
				"down": {"uv": [8.25, 3.5, 8, 2.5], "texture": "#texture"}
			}
		},
		{
			"from": [16.05, 8.825, 7.225],
			"to": [16.175, 8.95, 8.025],
			"rotation": {"angle": 0, "axis": "y", "origin": [16.25, 6.25, 7.375]},
			"faces": {
				"north": {"uv": [8, 2, 8.25, 3.5], "texture": "#texture"},
				"east": {"uv": [7.5, 2, 8.5, 3.5], "texture": "#texture"},
				"south": {"uv": [7.75, 2, 8, 3.5], "texture": "#texture"},
				"west": {"uv": [7.5, 2, 8.5, 3.5], "texture": "#texture"},
				"up": {"uv": [6.75, 2.5, 8, 3.5], "texture": "#texture"},
				"down": {"uv": [8.25, 3.5, 8, 2.5], "texture": "#texture"}
			}
		},
		{
			"from": [15.8, 8.825, 7.225],
			"to": [15.925, 8.95, 8.025],
			"rotation": {"angle": 0, "axis": "y", "origin": [16.25, 6.25, 7.375]},
			"faces": {
				"north": {"uv": [8, 2, 8.25, 3.5], "texture": "#texture"},
				"east": {"uv": [7.5, 2, 8.5, 3.5], "texture": "#texture"},
				"south": {"uv": [7.75, 2, 8, 3.5], "texture": "#texture"},
				"west": {"uv": [7.5, 2, 8.5, 3.5], "texture": "#texture"},
				"up": {"uv": [6.75, 2.5, 8, 3.5], "texture": "#texture"},
				"down": {"uv": [8.25, 3.5, 8, 2.5], "texture": "#texture"}
			}
		},
		{
			"from": [15.55, 8.825, 7.225],
			"to": [15.675, 8.95, 8.025],
			"rotation": {"angle": 0, "axis": "y", "origin": [16.25, 6.25, 7.375]},
			"faces": {
				"north": {"uv": [8, 2, 8.25, 3.5], "texture": "#texture"},
				"east": {"uv": [7.5, 2, 8.5, 3.5], "texture": "#texture"},
				"south": {"uv": [7.75, 2, 8, 3.5], "texture": "#texture"},
				"west": {"uv": [7.5, 2, 8.5, 3.5], "texture": "#texture"},
				"up": {"uv": [6.75, 2.5, 8, 3.5], "texture": "#texture"},
				"down": {"uv": [8.25, 3.5, 8, 2.5], "texture": "#texture"}
			}
		},
		{
			"from": [17.3, 8.825, 7.225],
			"to": [17.425, 8.95, 8.025],
			"rotation": {"angle": 0, "axis": "y", "origin": [16.25, 6.25, 7.375]},
			"faces": {
				"north": {"uv": [8, 2, 8.25, 3.5], "texture": "#texture"},
				"east": {"uv": [7.5, 2, 8.5, 3.5], "texture": "#texture"},
				"south": {"uv": [7.75, 2, 8, 3.5], "texture": "#texture"},
				"west": {"uv": [7.5, 2, 8.5, 3.5], "texture": "#texture"},
				"up": {"uv": [6.75, 2.5, 8, 3.5], "texture": "#texture"},
				"down": {"uv": [8.25, 3.5, 8, 2.5], "texture": "#texture"}
			}
		},
		{
			"from": [17.55, 8.825, 7.225],
			"to": [17.675, 8.95, 8.025],
			"rotation": {"angle": 0, "axis": "y", "origin": [16.25, 6.25, 7.375]},
			"faces": {
				"north": {"uv": [8, 2, 8.25, 3.5], "texture": "#texture"},
				"east": {"uv": [7.5, 2, 8.5, 3.5], "texture": "#texture"},
				"south": {"uv": [7.75, 2, 8, 3.5], "texture": "#texture"},
				"west": {"uv": [7.5, 2, 8.5, 3.5], "texture": "#texture"},
				"up": {"uv": [6.75, 2.5, 8, 3.5], "texture": "#texture"},
				"down": {"uv": [8.25, 3.5, 8, 2.5], "texture": "#texture"}
			}
		},
		{
			"from": [17.05, 8.825, 7.225],
			"to": [17.175, 8.95, 8.025],
			"rotation": {"angle": 0, "axis": "y", "origin": [16.25, 6.25, 7.375]},
			"faces": {
				"north": {"uv": [8, 2, 8.25, 3.5], "texture": "#texture"},
				"east": {"uv": [7.5, 2, 8.5, 3.5], "texture": "#texture"},
				"south": {"uv": [7.75, 2, 8, 3.5], "texture": "#texture"},
				"west": {"uv": [7.5, 2, 8.5, 3.5], "texture": "#texture"},
				"up": {"uv": [6.75, 2.5, 8, 3.5], "texture": "#texture"},
				"down": {"uv": [8.25, 3.5, 8, 2.5], "texture": "#texture"}
			}
		},
		{
			"from": [18.3, 8.825, 7.225],
			"to": [18.425, 8.95, 8.025],
			"rotation": {"angle": 0, "axis": "y", "origin": [16.25, 6.25, 7.375]},
			"faces": {
				"north": {"uv": [8, 2, 8.25, 3.5], "texture": "#texture"},
				"east": {"uv": [7.5, 2, 8.5, 3.5], "texture": "#texture"},
				"south": {"uv": [7.75, 2, 8, 3.5], "texture": "#texture"},
				"west": {"uv": [7.5, 2, 8.5, 3.5], "texture": "#texture"},
				"up": {"uv": [6.75, 2.5, 8, 3.5], "texture": "#texture"},
				"down": {"uv": [8.25, 3.5, 8, 2.5], "texture": "#texture"}
			}
		},
		{
			"from": [18.05, 8.825, 7.225],
			"to": [18.175, 8.95, 8.025],
			"rotation": {"angle": 0, "axis": "y", "origin": [16.25, 6.25, 7.375]},
			"faces": {
				"north": {"uv": [8, 2, 8.25, 3.5], "texture": "#texture"},
				"east": {"uv": [7.5, 2, 8.5, 3.5], "texture": "#texture"},
				"south": {"uv": [7.75, 2, 8, 3.5], "texture": "#texture"},
				"west": {"uv": [7.5, 2, 8.5, 3.5], "texture": "#texture"},
				"up": {"uv": [6.75, 2.5, 8, 3.5], "texture": "#texture"},
				"down": {"uv": [8.25, 3.5, 8, 2.5], "texture": "#texture"}
			}
		},
		{
			"from": [17.8, 8.825, 7.225],
			"to": [17.925, 8.95, 8.025],
			"rotation": {"angle": 0, "axis": "y", "origin": [16.25, 6.25, 7.375]},
			"faces": {
				"north": {"uv": [8, 2, 8.25, 3.5], "texture": "#texture"},
				"east": {"uv": [7.5, 2, 8.5, 3.5], "texture": "#texture"},
				"south": {"uv": [7.75, 2, 8, 3.5], "texture": "#texture"},
				"west": {"uv": [7.5, 2, 8.5, 3.5], "texture": "#texture"},
				"up": {"uv": [6.75, 2.5, 8, 3.5], "texture": "#texture"},
				"down": {"uv": [8.25, 3.5, 8, 2.5], "texture": "#texture"}
			}
		},
		{
			"from": [16.8, 8.825, 7.225],
			"to": [16.925, 8.95, 8.025],
			"rotation": {"angle": 0, "axis": "y", "origin": [16.25, 6.25, 7.375]},
			"faces": {
				"north": {"uv": [8, 2, 8.25, 3.5], "texture": "#texture"},
				"east": {"uv": [7.5, 2, 8.5, 3.5], "texture": "#texture"},
				"south": {"uv": [7.75, 2, 8, 3.5], "texture": "#texture"},
				"west": {"uv": [7.5, 2, 8.5, 3.5], "texture": "#texture"},
				"up": {"uv": [6.75, 2.5, 8, 3.5], "texture": "#texture"},
				"down": {"uv": [8.25, 3.5, 8, 2.5], "texture": "#texture"}
			}
		},
		{
			"from": [16.55, 8.825, 7.225],
			"to": [16.675, 8.95, 8.025],
			"rotation": {"angle": 0, "axis": "y", "origin": [16.25, 6.25, 7.375]},
			"faces": {
				"north": {"uv": [8, 2, 8.25, 3.5], "texture": "#texture"},
				"east": {"uv": [7.5, 2, 8.5, 3.5], "texture": "#texture"},
				"south": {"uv": [7.75, 2, 8, 3.5], "texture": "#texture"},
				"west": {"uv": [7.5, 2, 8.5, 3.5], "texture": "#texture"},
				"up": {"uv": [6.75, 2.5, 8, 3.5], "texture": "#texture"},
				"down": {"uv": [8.25, 3.5, 8, 2.5], "texture": "#texture"}
			}
		},
		{
			"from": [15.3, 8.825, 7.225],
			"to": [15.425, 8.95, 8.025],
			"rotation": {"angle": 0, "axis": "y", "origin": [16.25, 6.25, 7.375]},
			"faces": {
				"north": {"uv": [8, 2, 8.25, 3.5], "texture": "#texture"},
				"east": {"uv": [7.5, 2, 8.5, 3.5], "texture": "#texture"},
				"south": {"uv": [7.75, 2, 8, 3.5], "texture": "#texture"},
				"west": {"uv": [7.5, 2, 8.5, 3.5], "texture": "#texture"},
				"up": {"uv": [6.75, 2.5, 8, 3.5], "texture": "#texture"},
				"down": {"uv": [8.25, 3.5, 8, 2.5], "texture": "#texture"}
			}
		},
		{
			"from": [15.05, 8.825, 7.225],
			"to": [15.175, 8.95, 8.025],
			"rotation": {"angle": 0, "axis": "y", "origin": [16.25, 6.25, 7.375]},
			"faces": {
				"north": {"uv": [8, 2, 8.25, 3.5], "texture": "#texture"},
				"east": {"uv": [7.5, 2, 8.5, 3.5], "texture": "#texture"},
				"south": {"uv": [7.75, 2, 8, 3.5], "texture": "#texture"},
				"west": {"uv": [7.5, 2, 8.5, 3.5], "texture": "#texture"},
				"up": {"uv": [6.75, 2.5, 8, 3.5], "texture": "#texture"},
				"down": {"uv": [8.25, 3.5, 8, 2.5], "texture": "#texture"}
			}
		},
		{
			"from": [14.8, 8.825, 7.225],
			"to": [14.925, 8.95, 8.025],
			"rotation": {"angle": 0, "axis": "y", "origin": [16.25, 6.25, 7.375]},
			"faces": {
				"north": {"uv": [8, 2, 8.25, 3.5], "texture": "#texture"},
				"east": {"uv": [7.5, 2, 8.5, 3.5], "texture": "#texture"},
				"south": {"uv": [7.75, 2, 8, 3.5], "texture": "#texture"},
				"west": {"uv": [7.5, 2, 8.5, 3.5], "texture": "#texture"},
				"up": {"uv": [6.75, 2.5, 8, 3.5], "texture": "#texture"},
				"down": {"uv": [8.25, 3.5, 8, 2.5], "texture": "#texture"}
			}
		},
		{
			"from": [14.55, 8.825, 7.225],
			"to": [14.675, 8.95, 8.025],
			"rotation": {"angle": 0, "axis": "y", "origin": [16.25, 6.25, 7.375]},
			"faces": {
				"north": {"uv": [8, 2, 8.25, 3.5], "texture": "#texture"},
				"east": {"uv": [7.5, 2, 8.5, 3.5], "texture": "#texture"},
				"south": {"uv": [7.75, 2, 8, 3.5], "texture": "#texture"},
				"west": {"uv": [7.5, 2, 8.5, 3.5], "texture": "#texture"},
				"up": {"uv": [6.75, 2.5, 8, 3.5], "texture": "#texture"},
				"down": {"uv": [8.25, 3.5, 8, 2.5], "texture": "#texture"}
			}
		},
		{
			"from": [14.3, 8.825, 7.225],
			"to": [14.425, 8.95, 8.025],
			"rotation": {"angle": 0, "axis": "y", "origin": [16.25, 6.25, 7.375]},
			"faces": {
				"north": {"uv": [8, 2, 8.25, 3.5], "texture": "#texture"},
				"east": {"uv": [7.5, 2, 8.5, 3.5], "texture": "#texture"},
				"south": {"uv": [7.75, 2, 8, 3.5], "texture": "#texture"},
				"west": {"uv": [7.5, 2, 8.5, 3.5], "texture": "#texture"},
				"up": {"uv": [6.75, 2.5, 8, 3.5], "texture": "#texture"},
				"down": {"uv": [8.25, 3.5, 8, 2.5], "texture": "#texture"}
			}
		},
		{
			"from": [14.05, 8.825, 7.225],
			"to": [14.175, 8.95, 8.025],
			"rotation": {"angle": 0, "axis": "y", "origin": [16.25, 6.25, 7.375]},
			"faces": {
				"north": {"uv": [8, 2, 8.25, 3.5], "texture": "#texture"},
				"east": {"uv": [7.5, 2, 8.5, 3.5], "texture": "#texture"},
				"south": {"uv": [7.75, 2, 8, 3.5], "texture": "#texture"},
				"west": {"uv": [7.5, 2, 8.5, 3.5], "texture": "#texture"},
				"up": {"uv": [6.75, 2.5, 8, 3.5], "texture": "#texture"},
				"down": {"uv": [8.25, 3.5, 8, 2.5], "texture": "#texture"}
			}
		},
		{
			"from": [13.8, 8.825, 7.225],
			"to": [13.925, 8.95, 8.025],
			"rotation": {"angle": 0, "axis": "y", "origin": [16.25, 6.25, 7.375]},
			"faces": {
				"north": {"uv": [8, 2, 8.25, 3.5], "texture": "#texture"},
				"east": {"uv": [7.5, 2, 8.5, 3.5], "texture": "#texture"},
				"south": {"uv": [7.75, 2, 8, 3.5], "texture": "#texture"},
				"west": {"uv": [7.5, 2, 8.5, 3.5], "texture": "#texture"},
				"up": {"uv": [6.75, 2.5, 8, 3.5], "texture": "#texture"},
				"down": {"uv": [8.25, 3.5, 8, 2.5], "texture": "#texture"}
			}
		},
		{
			"from": [13.55, 8.825, 7.225],
			"to": [13.675, 8.95, 8.025],
			"rotation": {"angle": 0, "axis": "y", "origin": [16.25, 6.25, 7.375]},
			"faces": {
				"north": {"uv": [8, 2, 8.25, 3.5], "texture": "#texture"},
				"east": {"uv": [7.5, 2, 8.5, 3.5], "texture": "#texture"},
				"south": {"uv": [7.75, 2, 8, 3.5], "texture": "#texture"},
				"west": {"uv": [7.5, 2, 8.5, 3.5], "texture": "#texture"},
				"up": {"uv": [6.75, 2.5, 8, 3.5], "texture": "#texture"},
				"down": {"uv": [8.25, 3.5, 8, 2.5], "texture": "#texture"}
			}
		},
		{
			"from": [13.3, 8.825, 7.225],
			"to": [13.425, 8.95, 8.025],
			"rotation": {"angle": 0, "axis": "y", "origin": [16.25, 6.25, 7.375]},
			"faces": {
				"north": {"uv": [8, 2, 8.25, 3.5], "texture": "#texture"},
				"east": {"uv": [7.5, 2, 8.5, 3.5], "texture": "#texture"},
				"south": {"uv": [7.75, 2, 8, 3.5], "texture": "#texture"},
				"west": {"uv": [7.5, 2, 8.5, 3.5], "texture": "#texture"},
				"up": {"uv": [6.75, 2.5, 8, 3.5], "texture": "#texture"},
				"down": {"uv": [8.25, 3.5, 8, 2.5], "texture": "#texture"}
			}
		},
		{
			"from": [13.05, 8.825, 7.225],
			"to": [13.175, 8.95, 8.025],
			"rotation": {"angle": 0, "axis": "y", "origin": [16.25, 6.25, 7.375]},
			"faces": {
				"north": {"uv": [8, 2, 8.25, 3.5], "texture": "#texture"},
				"east": {"uv": [7.5, 2, 8.5, 3.5], "texture": "#texture"},
				"south": {"uv": [7.75, 2, 8, 3.5], "texture": "#texture"},
				"west": {"uv": [7.5, 2, 8.5, 3.5], "texture": "#texture"},
				"up": {"uv": [6.75, 2.5, 8, 3.5], "texture": "#texture"},
				"down": {"uv": [8.25, 3.5, 8, 2.5], "texture": "#texture"}
			}
		},
		{
			"from": [12.8, 8.825, 7.225],
			"to": [12.925, 8.95, 8.025],
			"rotation": {"angle": 0, "axis": "y", "origin": [16.25, 6.25, 7.375]},
			"faces": {
				"north": {"uv": [8, 2, 8.25, 3.5], "texture": "#texture"},
				"east": {"uv": [7.5, 2, 8.5, 3.5], "texture": "#texture"},
				"south": {"uv": [7.75, 2, 8, 3.5], "texture": "#texture"},
				"west": {"uv": [7.5, 2, 8.5, 3.5], "texture": "#texture"},
				"up": {"uv": [6.75, 2.5, 8, 3.5], "texture": "#texture"},
				"down": {"uv": [8.25, 3.5, 8, 2.5], "texture": "#texture"}
			}
		},
		{
			"from": [12.55, 8.825, 7.225],
			"to": [12.675, 8.95, 8.025],
			"rotation": {"angle": 0, "axis": "y", "origin": [16.25, 6.25, 7.375]},
			"faces": {
				"north": {"uv": [8, 2, 8.25, 3.5], "texture": "#texture"},
				"east": {"uv": [7.5, 2, 8.5, 3.5], "texture": "#texture"},
				"south": {"uv": [7.75, 2, 8, 3.5], "texture": "#texture"},
				"west": {"uv": [7.5, 2, 8.5, 3.5], "texture": "#texture"},
				"up": {"uv": [6.75, 2.5, 8, 3.5], "texture": "#texture"},
				"down": {"uv": [8.25, 3.5, 8, 2.5], "texture": "#texture"}
			}
		},
		{
			"from": [12.3, 8.825, 7.225],
			"to": [12.425, 8.95, 8.025],
			"rotation": {"angle": 0, "axis": "y", "origin": [16.25, 6.25, 7.375]},
			"faces": {
				"north": {"uv": [8, 2, 8.25, 3.5], "texture": "#texture"},
				"east": {"uv": [7.5, 2, 8.5, 3.5], "texture": "#texture"},
				"south": {"uv": [7.75, 2, 8, 3.5], "texture": "#texture"},
				"west": {"uv": [7.5, 2, 8.5, 3.5], "texture": "#texture"},
				"up": {"uv": [6.75, 2.5, 8, 3.5], "texture": "#texture"},
				"down": {"uv": [8.25, 3.5, 8, 2.5], "texture": "#texture"}
			}
		},
		{
			"from": [12.05, 8.825, 7.225],
			"to": [12.175, 8.95, 8.025],
			"rotation": {"angle": 0, "axis": "y", "origin": [16.25, 6.25, 7.375]},
			"faces": {
				"north": {"uv": [8, 2, 8.25, 3.5], "texture": "#texture"},
				"east": {"uv": [7.5, 2, 8.5, 3.5], "texture": "#texture"},
				"south": {"uv": [7.75, 2, 8, 3.5], "texture": "#texture"},
				"west": {"uv": [7.5, 2, 8.5, 3.5], "texture": "#texture"},
				"up": {"uv": [6.75, 2.5, 8, 3.5], "texture": "#texture"},
				"down": {"uv": [8.25, 3.5, 8, 2.5], "texture": "#texture"}
			}
		},
		{
			"from": [11.8, 8.825, 7.225],
			"to": [11.925, 8.95, 8.025],
			"rotation": {"angle": 0, "axis": "y", "origin": [16.25, 6.25, 7.375]},
			"faces": {
				"north": {"uv": [8, 2, 8.25, 3.5], "texture": "#texture"},
				"east": {"uv": [7.5, 2, 8.5, 3.5], "texture": "#texture"},
				"south": {"uv": [7.75, 2, 8, 3.5], "texture": "#texture"},
				"west": {"uv": [7.5, 2, 8.5, 3.5], "texture": "#texture"},
				"up": {"uv": [6.75, 2.5, 8, 3.5], "texture": "#texture"},
				"down": {"uv": [8.25, 3.5, 8, 2.5], "texture": "#texture"}
			}
		},
		{
			"from": [11.55, 8.825, 7.225],
			"to": [11.675, 8.95, 8.025],
			"rotation": {"angle": 0, "axis": "y", "origin": [16.25, 6.25, 7.375]},
			"faces": {
				"north": {"uv": [8, 2, 8.25, 3.5], "texture": "#texture"},
				"east": {"uv": [7.5, 2, 8.5, 3.5], "texture": "#texture"},
				"south": {"uv": [7.75, 2, 8, 3.5], "texture": "#texture"},
				"west": {"uv": [7.5, 2, 8.5, 3.5], "texture": "#texture"},
				"up": {"uv": [6.75, 2.5, 8, 3.5], "texture": "#texture"},
				"down": {"uv": [8.25, 3.5, 8, 2.5], "texture": "#texture"}
			}
		},
		{
			"from": [11.3, 8.825, 7.225],
			"to": [11.425, 8.95, 8.025],
			"rotation": {"angle": 0, "axis": "y", "origin": [16.25, 6.25, 7.375]},
			"faces": {
				"north": {"uv": [8, 2, 8.25, 3.5], "texture": "#texture"},
				"east": {"uv": [7.5, 2, 8.5, 3.5], "texture": "#texture"},
				"south": {"uv": [7.75, 2, 8, 3.5], "texture": "#texture"},
				"west": {"uv": [7.5, 2, 8.5, 3.5], "texture": "#texture"},
				"up": {"uv": [6.75, 2.5, 8, 3.5], "texture": "#texture"},
				"down": {"uv": [8.25, 3.5, 8, 2.5], "texture": "#texture"}
			}
		},
		{
			"from": [11.05, 8.825, 7.225],
			"to": [11.175, 8.95, 8.025],
			"rotation": {"angle": 0, "axis": "y", "origin": [16.25, 6.25, 7.375]},
			"faces": {
				"north": {"uv": [8, 2, 8.25, 3.5], "texture": "#texture"},
				"east": {"uv": [7.5, 2, 8.5, 3.5], "texture": "#texture"},
				"south": {"uv": [7.75, 2, 8, 3.5], "texture": "#texture"},
				"west": {"uv": [7.5, 2, 8.5, 3.5], "texture": "#texture"},
				"up": {"uv": [6.75, 2.5, 8, 3.5], "texture": "#texture"},
				"down": {"uv": [8.25, 3.5, 8, 2.5], "texture": "#texture"}
			}
		},
		{
			"from": [10.8, 8.825, 7.225],
			"to": [10.925, 8.95, 8.025],
			"rotation": {"angle": 0, "axis": "y", "origin": [16.25, 6.25, 7.375]},
			"faces": {
				"north": {"uv": [8, 2, 8.25, 3.5], "texture": "#texture"},
				"east": {"uv": [7.5, 2, 8.5, 3.5], "texture": "#texture"},
				"south": {"uv": [7.75, 2, 8, 3.5], "texture": "#texture"},
				"west": {"uv": [7.5, 2, 8.5, 3.5], "texture": "#texture"},
				"up": {"uv": [6.75, 2.5, 8, 3.5], "texture": "#texture"},
				"down": {"uv": [8.25, 3.5, 8, 2.5], "texture": "#texture"}
			}
		},
		{
			"from": [10.55, 8.825, 7.225],
			"to": [10.675, 8.95, 8.025],
			"rotation": {"angle": 0, "axis": "y", "origin": [16.25, 6.25, 7.375]},
			"faces": {
				"north": {"uv": [8, 2, 8.25, 3.5], "texture": "#texture"},
				"east": {"uv": [7.5, 2, 8.5, 3.5], "texture": "#texture"},
				"south": {"uv": [7.75, 2, 8, 3.5], "texture": "#texture"},
				"west": {"uv": [7.5, 2, 8.5, 3.5], "texture": "#texture"},
				"up": {"uv": [6.75, 2.5, 8, 3.5], "texture": "#texture"},
				"down": {"uv": [8.25, 3.5, 8, 2.5], "texture": "#texture"}
			}
		},
		{
			"from": [10.3, 8.825, 7.225],
			"to": [10.425, 8.95, 8.025],
			"rotation": {"angle": 0, "axis": "y", "origin": [16.25, 6.25, 7.375]},
			"faces": {
				"north": {"uv": [8, 2, 8.25, 3.5], "texture": "#texture"},
				"east": {"uv": [7.5, 2, 8.5, 3.5], "texture": "#texture"},
				"south": {"uv": [7.75, 2, 8, 3.5], "texture": "#texture"},
				"west": {"uv": [7.5, 2, 8.5, 3.5], "texture": "#texture"},
				"up": {"uv": [6.75, 2.5, 8, 3.5], "texture": "#texture"},
				"down": {"uv": [8.25, 3.5, 8, 2.5], "texture": "#texture"}
			}
		},
		{
			"from": [10.05, 8.825, 7.225],
			"to": [10.175, 8.95, 8.025],
			"rotation": {"angle": 0, "axis": "y", "origin": [16.25, 6.25, 7.375]},
			"faces": {
				"north": {"uv": [8, 2, 8.25, 3.5], "texture": "#texture"},
				"east": {"uv": [7.5, 2, 8.5, 3.5], "texture": "#texture"},
				"south": {"uv": [7.75, 2, 8, 3.5], "texture": "#texture"},
				"west": {"uv": [7.5, 2, 8.5, 3.5], "texture": "#texture"},
				"up": {"uv": [6.75, 2.5, 8, 3.5], "texture": "#texture"},
				"down": {"uv": [8.25, 3.5, 8, 2.5], "texture": "#texture"}
			}
		},
		{
			"from": [9.8, 8.825, 7.225],
			"to": [9.925, 8.95, 8.025],
			"rotation": {"angle": 0, "axis": "y", "origin": [16.25, 6.25, 7.375]},
			"faces": {
				"north": {"uv": [8, 2, 8.25, 3.5], "texture": "#texture"},
				"east": {"uv": [7.5, 2, 8.5, 3.5], "texture": "#texture"},
				"south": {"uv": [7.75, 2, 8, 3.5], "texture": "#texture"},
				"west": {"uv": [7.5, 2, 8.5, 3.5], "texture": "#texture"},
				"up": {"uv": [6.75, 2.5, 8, 3.5], "texture": "#texture"},
				"down": {"uv": [8.25, 3.5, 8, 2.5], "texture": "#texture"}
			}
		},
		{
			"from": [9.55, 8.825, 7.225],
			"to": [9.675, 8.95, 8.025],
			"rotation": {"angle": 0, "axis": "y", "origin": [16.25, 6.25, 7.375]},
			"faces": {
				"north": {"uv": [8, 2, 8.25, 3.5], "texture": "#texture"},
				"east": {"uv": [7.5, 2, 8.5, 3.5], "texture": "#texture"},
				"south": {"uv": [7.75, 2, 8, 3.5], "texture": "#texture"},
				"west": {"uv": [7.5, 2, 8.5, 3.5], "texture": "#texture"},
				"up": {"uv": [6.75, 2.5, 8, 3.5], "texture": "#texture"},
				"down": {"uv": [8.25, 3.5, 8, 2.5], "texture": "#texture"}
			}
		},
		{
			"from": [9.3, 8.825, 7.225],
			"to": [9.425, 8.95, 8.025],
			"rotation": {"angle": 0, "axis": "y", "origin": [16.25, 6.25, 7.375]},
			"faces": {
				"north": {"uv": [8, 2, 8.25, 3.5], "texture": "#texture"},
				"east": {"uv": [7.5, 2, 8.5, 3.5], "texture": "#texture"},
				"south": {"uv": [7.75, 2, 8, 3.5], "texture": "#texture"},
				"west": {"uv": [7.5, 2, 8.5, 3.5], "texture": "#texture"},
				"up": {"uv": [6.75, 2.5, 8, 3.5], "texture": "#texture"},
				"down": {"uv": [8.25, 3.5, 8, 2.5], "texture": "#texture"}
			}
		},
		{
			"from": [8.55, 8.675, 7.15],
			"to": [18.425, 8.825, 8.1],
			"rotation": {"angle": 0, "axis": "y", "origin": [1, -1.75, -0.375]},
			"faces": {
				"north": {"uv": [7.75, 5.25, 8, 6.25], "texture": "#texture"},
				"east": {"uv": [7, 5.25, 9, 6.25], "texture": "#texture"},
				"south": {"uv": [8, 5.25, 8.25, 6.25], "texture": "#texture"},
				"west": {"uv": [0, 0, 1, 1], "texture": "#texture"},
				"up": {"uv": [8, 7, 8.25, 9], "texture": "#texture"},
				"down": {"uv": [8, 9, 7.75, 7], "texture": "#texture"}
			}
		},
		{
			"from": [14.75, 4.25, 7.25],
			"to": [16.75, 4.5, 8],
			"rotation": {"angle": 0, "axis": "y", "origin": [1, -1.75, -0.375]},
			"faces": {
				"north": {"uv": [0.25, 9.75, 2, 10], "texture": "#texture"},
				"east": {"uv": [7.5, 9.75, 8.5, 10], "texture": "#texture"},
				"south": {"uv": [14, 9.75, 15.75, 10], "texture": "#texture"},
				"west": {"uv": [7.5, 9.75, 8.5, 10], "texture": "#texture"},
				"up": {"uv": [14, 7.5, 15.75, 8.5], "texture": "#texture"},
				"down": {"uv": [2, 8.5, 0.25, 7.5], "texture": "#texture"}
			}
		},
		{
			"from": [16.75, 4.5, 7.25],
			"to": [17, 5.75, 8],
			"rotation": {"angle": 0, "axis": "y", "origin": [1, -1.75, -0.375]},
			"faces": {
				"north": {"uv": [0, 8.5, 0.25, 9.75], "texture": "#texture"},
				"east": {"uv": [7.5, 8.5, 8.5, 9.75], "texture": "#texture", "cullface": "east"},
				"south": {"uv": [15.75, 8.5, 16, 9.75], "texture": "#texture"},
				"west": {"uv": [7.5, 8.5, 8.5, 9.75], "texture": "#texture"},
				"down": {"uv": [0.25, 8.5, 0, 7.5], "texture": "#texture"}
			}
		},
		{
			"from": [14.5, 4.5, 7.25],
			"to": [14.75, 5.75, 8],
			"rotation": {"angle": 0, "axis": "y", "origin": [1, -1.75, -0.375]},
			"faces": {
				"north": {"uv": [0, 8.5, 0.25, 9.75], "texture": "#texture"},
				"east": {"uv": [7.5, 8.5, 8.5, 9.75], "texture": "#texture", "cullface": "east"},
				"south": {"uv": [15.75, 8.5, 16, 9.75], "texture": "#texture"},
				"west": {"uv": [7.5, 8.5, 8.5, 9.75], "texture": "#texture"},
				"down": {"uv": [0.25, 8.5, 0, 7.5], "texture": "#texture"}
			}
		},
		{
			"from": [13.975, 4.7, 7.25],
			"to": [14.425, 5.75, 8],
			"rotation": {"angle": 0, "axis": "y", "origin": [1, -1.75, -0.375]},
			"faces": {
				"north": {"uv": [0, 8.5, 0.25, 9.75], "texture": "#texture"},
				"east": {"uv": [7.5, 8.5, 8.5, 9.75], "texture": "#texture", "cullface": "east"},
				"south": {"uv": [15.75, 8.5, 16, 9.75], "texture": "#texture"},
				"west": {"uv": [7.5, 8.5, 8.5, 9.75], "texture": "#texture"},
				"down": {"uv": [0.25, 8.5, 0, 7.5], "texture": "#texture"}
			}
		},
		{
			"from": [17, 4.675, 7.25],
			"to": [19, 5.5, 8],
			"rotation": {"angle": 0, "axis": "y", "origin": [1, -1.75, -0.375]},
			"faces": {
				"north": {"uv": [16, 12, 15, 11], "texture": "#texture", "cullface": "east"},
				"east": {"uv": [16, 12, 15, 11], "texture": "#texture", "cullface": "east"},
				"south": {"uv": [16, 12, 15, 11], "texture": "#texture", "cullface": "east"},
				"down": {"uv": [16, 12, 15, 11], "texture": "#texture", "cullface": "east"}
			}
		},
		{
			"from": [18.425, -5.8, 7.25],
			"to": [20.175, -2, 8],
			"rotation": {"angle": 22.5, "axis": "z", "origin": [1, -1.75, -0.375]},
			"faces": {
				"north": {"uv": [16, 12, 15, 11], "rotation": 270, "texture": "#texture", "cullface": "east"},
				"east": {"uv": [16, 12, 15, 11], "rotation": 90, "texture": "#texture"},
				"south": {"uv": [16, 12, 15, 11], "rotation": 90, "texture": "#texture", "cullface": "east"},
				"west": {"uv": [16, 12, 15, 11], "rotation": 90, "texture": "#texture", "cullface": "east"},
				"up": {"uv": [16, 12, 15, 11], "rotation": 90, "texture": "#texture"},
				"down": {"uv": [16, 12, 15, 11], "rotation": 90, "texture": "#texture", "cullface": "east"}
			}
		},
		{
			"from": [18.225, -5.8, 7.325],
			"to": [18.575, -5.525, 7.925],
			"rotation": {"angle": 22.5, "axis": "z", "origin": [1, -1.75, -0.375]},
			"faces": {
				"north": {"uv": [16, 12, 15, 11], "rotation": 270, "texture": "#texture", "cullface": "east"},
				"east": {"uv": [16, 12, 15, 11], "rotation": 90, "texture": "#texture"},
				"south": {"uv": [16, 12, 15, 11], "rotation": 90, "texture": "#texture", "cullface": "east"},
				"west": {"uv": [16, 12, 15, 11], "rotation": 90, "texture": "#texture", "cullface": "east"},
				"up": {"uv": [16, 12, 15, 11], "rotation": 90, "texture": "#texture"},
				"down": {"uv": [16, 12, 15, 11], "rotation": 90, "texture": "#texture", "cullface": "east"}
			}
		},
		{
			"from": [17, 5.5, 7.1],
			"to": [19.25, 5.75, 8.15],
			"rotation": {"angle": 0, "axis": "y", "origin": [1, -1.75, -0.375]},
			"faces": {
				"north": {"uv": [16, 12.5, 15, 11.5], "texture": "#texture", "cullface": "east"},
				"east": {"uv": [16, 12.5, 15, 11.5], "texture": "#texture", "cullface": "east"},
				"south": {"uv": [16, 12.5, 15, 11.5], "texture": "#texture", "cullface": "east"},
				"west": {"uv": [0, 0, 1, 1], "texture": "#texture"},
				"down": {"uv": [16, 12.5, 15, 11.5], "texture": "#texture", "cullface": "east"}
			}
		},
		{
			"from": [18.75, 8, 7.25],
			"to": [19.25, 8.5, 8],
			"rotation": {"angle": 0, "axis": "y", "origin": [1, -1.75, -0.375]},
			"faces": {
				"north": {"uv": [0, 5.75, 1, 6.25], "texture": "#texture", "cullface": "east"},
				"east": {"uv": [7.5, 5.75, 8.5, 6.25], "texture": "#texture", "cullface": "east"},
				"south": {"uv": [16, 5.75, 15, 6.25], "texture": "#texture", "cullface": "east"},
				"up": {"uv": [16, 7.5, 15, 8.5], "texture": "#texture", "cullface": "east"}
			}
		},
		{
			"from": [16.35, 4.75, 7.5],
			"to": [16.6, 6.25, 7.75],
			"rotation": {"angle": -22.5, "axis": "z", "origin": [16.25, 6.25, 7.375]},
			"faces": {
				"north": {"uv": [0, 2, 0.25, 3.5], "texture": "#texture"},
				"east": {"uv": [7.5, 2, 8.5, 3.5], "texture": "#texture"},
				"south": {"uv": [15.75, 2, 16, 3.5], "texture": "#texture"},
				"west": {"uv": [7.5, 2, 8.5, 3.5], "texture": "#texture"},
				"up": {"uv": [15.75, 7.5, 16, 8.5], "texture": "#texture"},
				"down": {"uv": [0.25, 8.5, 0, 7.5], "texture": "#texture"}
			}
		},
		{
			"from": [8.25, 7.5, 7],
			"to": [19.75, 7.75, 8.25],
			"rotation": {"angle": 0, "axis": "y", "origin": [1, -1.75, -0.375]},
			"faces": {
				"north": {"uv": [0, 6.5, 8.25, 6.75], "texture": "#texture", "cullface": "east"},
				"east": {"uv": [7.25, 6.5, 8.75, 6.75], "texture": "#texture", "cullface": "east"},
				"south": {"uv": [7.75, 6.5, 16, 6.75], "texture": "#texture", "cullface": "east"},
				"up": {"uv": [7.75, 7.25, 16, 8.75], "texture": "#texture", "cullface": "east"}
			}
		},
		{
			"from": [19.25, 7.75, 7.5],
			"to": [19.75, 8.25, 7.75],
			"rotation": {"angle": 0, "axis": "y", "origin": [1, -1.75, -0.375]},
			"faces": {
				"north": {"uv": [0, 6, 1, 6.5], "texture": "#texture", "cullface": "east"},
				"east": {"uv": [7.75, 6, 8.25, 6.5], "texture": "#texture", "cullface": "east"},
				"south": {"uv": [16, 6, 15, 6.5], "texture": "#texture", "cullface": "east"},
				"west": {"uv": [7.75, 6, 8.25, 6.5], "texture": "#texture", "cullface": "east"},
				"up": {"uv": [16, 7.75, 15, 8.25], "texture": "#texture", "cullface": "east"}
			}
		},
		{
			"from": [20, 5.9, 7.2],
			"to": [21, 7.35, 8.05],
			"rotation": {"angle": 0, "axis": "y", "origin": [1, -1.4, -0.375]},
			"faces": {
				"north": {"uv": [4, 15, 5, 16], "texture": "#texture", "cullface": "east"},
				"east": {"uv": [4, 15, 5, 16], "texture": "#texture", "cullface": "east"},
				"south": {"uv": [4, 16, 5, 15], "texture": "#texture", "cullface": "east"},
				"west": {"uv": [4, 15, 5, 16], "texture": "#texture", "cullface": "east"},
				"up": {"uv": [4, 15, 5, 16], "texture": "#texture", "cullface": "east"},
				"down": {"uv": [4, 16, 5, 15], "texture": "#texture", "cullface": "east"}
			}
		},
		{
			"from": [22.125, 6.6, 7.2],
			"to": [25.55, 7.1, 8.05],
			"rotation": {"angle": 0, "axis": "y", "origin": [0.05, -1.4, -0.375]},
			"faces": {
				"north": {"uv": [4, 15, 5, 16], "texture": "#texture", "cullface": "east"},
				"east": {"uv": [4, 15, 5, 16], "texture": "#texture"},
				"south": {"uv": [4, 15, 5, 16], "texture": "#texture", "cullface": "east"},
				"west": {"uv": [4, 15, 5, 16], "texture": "#texture", "cullface": "east"},
				"up": {"uv": [4, 15, 5, 16], "texture": "#texture", "cullface": "east"},
				"down": {"uv": [4, 15, 5, 16], "texture": "#texture"}
			}
		},
		{
			"from": [22.5, 6.15, 6.95],
			"to": [24.175, 7.4, 8.3],
			"rotation": {"angle": 0, "axis": "y", "origin": [0.05, -1.4, -0.375]},
			"faces": {
				"north": {"uv": [0, 11, 1, 12], "texture": "#texture", "cullface": "east"},
				"east": {"uv": [0, 11, 1, 12], "texture": "#texture"},
				"south": {"uv": [0, 11, 1, 12], "texture": "#texture", "cullface": "east"},
				"west": {"uv": [0, 11, 1, 12], "texture": "#texture", "cullface": "east"},
				"up": {"uv": [0, 11, 1, 12], "texture": "#texture", "cullface": "east"},
				"down": {"uv": [0, 11, 1, 12], "texture": "#texture"}
			}
		},
		{
			"from": [24.175, 5.9, 6.95],
			"to": [25.85, 7.15, 8.3],
			"rotation": {"angle": 0, "axis": "y", "origin": [0.05, -1.4, -0.375]},
			"faces": {
				"north": {"uv": [0, 11, 1, 12], "texture": "#texture", "cullface": "east"},
				"east": {"uv": [0, 11, 1, 12], "texture": "#texture"},
				"south": {"uv": [0, 11, 1, 12], "texture": "#texture", "cullface": "east"},
				"west": {"uv": [0, 11, 1, 12], "texture": "#texture", "cullface": "east"},
				"up": {"uv": [0, 11, 1, 12], "texture": "#texture", "cullface": "east"},
				"down": {"uv": [0, 11, 1, 12], "texture": "#texture"}
			}
		},
		{
			"from": [20.75, 6.85, 7.2],
			"to": [22.3, 7.35, 8.05],
			"rotation": {"angle": 0, "axis": "y", "origin": [0.05, -1.4, -0.375]},
			"faces": {
				"north": {"uv": [4, 15, 5, 16], "texture": "#texture", "cullface": "east"},
				"east": {"uv": [4, 15, 5, 16], "texture": "#texture"},
				"south": {"uv": [4, 15, 5, 16], "texture": "#texture", "cullface": "east"},
				"west": {"uv": [4, 15, 5, 16], "texture": "#texture", "cullface": "east"},
				"up": {"uv": [4, 15, 5, 16], "texture": "#texture", "cullface": "east"},
				"down": {"uv": [4, 15, 5, 16], "texture": "#texture"}
			}
		},
		{
			"from": [21, 5.9, 7.2],
			"to": [22.3, 6.4, 8.05],
			"rotation": {"angle": 0, "axis": "y", "origin": [0.05, -1.4, -0.375]},
			"faces": {
				"north": {"uv": [4, 15, 5, 16], "texture": "#texture", "cullface": "east"},
				"east": {"uv": [4, 15, 5, 16], "texture": "#texture"},
				"south": {"uv": [4, 15, 5, 16], "texture": "#texture", "cullface": "east"},
				"west": {"uv": [4, 15, 5, 16], "texture": "#texture", "cullface": "east"},
				"up": {"uv": [4, 15, 5, 16], "texture": "#texture", "cullface": "east"},
				"down": {"uv": [4, 15, 5, 16], "texture": "#texture"}
			}
		},
		{
			"from": [22.125, 5.65, 7.2],
			"to": [24.575, 6.15, 8.05],
			"rotation": {"angle": 0, "axis": "y", "origin": [0.05, -1.4, -0.375]},
			"faces": {
				"north": {"uv": [4, 15, 5, 16], "texture": "#texture", "cullface": "east"},
				"south": {"uv": [4, 15, 5, 16], "texture": "#texture", "cullface": "east"},
				"west": {"uv": [4, 15, 5, 16], "texture": "#texture", "cullface": "east"},
				"up": {"uv": [4, 15, 5, 16], "texture": "#texture", "cullface": "east"},
				"down": {"uv": [4, 15, 5, 16], "texture": "#texture"}
			}
		},
		{
			"from": [25.375, 6.35, 7.2],
			"to": [28.05, 6.85, 8.05],
			"rotation": {"angle": 0, "axis": "y", "origin": [0.05, -1.4, -0.375]},
			"faces": {
				"north": {"uv": [4, 15, 5, 16], "texture": "#texture", "cullface": "east"},
				"south": {"uv": [4, 15, 5, 16], "texture": "#texture", "cullface": "east"},
				"west": {"uv": [4, 15, 5, 16], "texture": "#texture", "cullface": "east"},
				"up": {"uv": [4, 15, 5, 16], "texture": "#texture", "cullface": "east"},
				"down": {"uv": [4, 15, 5, 16], "texture": "#texture"}
			}
		},
		{
			"from": [23.075, 8.4, 7.2],
			"to": [27.6, 8.9, 8.05],
			"rotation": {"angle": -45, "axis": "z", "origin": [20.8, 5.85, 6.625]},
			"faces": {
				"north": {"uv": [4, 15, 5, 16], "texture": "#texture", "cullface": "east"},
				"east": {"uv": [4, 15, 5, 16], "texture": "#texture", "cullface": "east"},
				"south": {"uv": [4, 15, 5, 16], "texture": "#texture", "cullface": "east"},
				"west": {"uv": [4, 15, 5, 16], "texture": "#texture", "cullface": "east"},
				"up": {"uv": [4, 15, 5, 16], "texture": "#texture", "cullface": "east"},
				"down": {"uv": [4, 15, 5, 16], "texture": "#texture", "cullface": "east"}
			}
		},
		{
			"from": [27.4, 2.85, 7.2],
			"to": [28.05, 3.35, 8.05],
			"rotation": {"angle": 0, "axis": "y", "origin": [0.05, -1.4, -0.375]},
			"faces": {
				"north": {"uv": [4, 15, 5, 16], "texture": "#texture", "cullface": "east"},
				"south": {"uv": [4, 15, 5, 16], "texture": "#texture", "cullface": "east"},
				"west": {"uv": [4, 15, 5, 16], "texture": "#texture", "cullface": "east"},
				"up": {"uv": [4, 15, 5, 16], "texture": "#texture"},
				"down": {"uv": [4, 15, 5, 16], "texture": "#texture", "cullface": "east"}
			}
		},
		{
			"from": [28.05, 2.725, 6.95],
			"to": [28.8, 6.975, 8.3],
			"rotation": {"angle": 0, "axis": "y", "origin": [0.3, -1.15, -0.375]},
			"faces": {
				"north": {"uv": [16, 12, 15, 11], "texture": "#texture", "cullface": "east"},
				"east": {"uv": [16, 12, 15, 11], "texture": "#texture", "cullface": "east"},
				"south": {"uv": [15, 12, 16, 11], "texture": "#texture", "cullface": "east"},
				"west": {"uv": [16, 12, 15, 11], "texture": "#texture", "cullface": "east"},
				"up": {"uv": [15, 12, 16, 11], "texture": "#texture", "cullface": "east"},
				"down": {"uv": [16, 12, 15, 11], "texture": "#texture", "cullface": "east"}
			}
		},
		{
			"from": [3.25, 7.5, 6.5],
			"to": [8.25, 7.75, 8.75],
			"rotation": {"angle": 0, "axis": "y", "origin": [1, -1.75, -0.375]},
			"faces": {
				"north": {"uv": [14.75, 13.25, 15.25, 13.5], "texture": "#texture"},
				"east": {"uv": [7.75, 13.25, 10.25, 13.5], "texture": "#texture"},
				"south": {"uv": [2.75, 12.25, 3.25, 12.5], "texture": "#texture"},
				"west": {"uv": [7.75, 13.25, 10.25, 13.5], "texture": "#texture"},
				"up": {"uv": [2.75, 13.5, 3.25, 16], "texture": "#texture"}
			}
		},
		{
			"from": [8.25, 7.5, 6.5],
			"to": [9.5, 7.55, 8.75],
			"rotation": {"angle": 0, "axis": "y", "origin": [1, -1.75, -0.375]},
			"faces": {
				"north": {"uv": [14.75, 13.25, 15.25, 13.5], "texture": "#texture"},
				"east": {"uv": [7.75, 13.25, 10.25, 13.5], "texture": "#texture"},
				"south": {"uv": [2.75, 13.25, 3.25, 13.5], "texture": "#texture"},
				"west": {"uv": [7.75, 13.25, 10.25, 13.5], "texture": "#texture"},
				"up": {"uv": [2.75, 14.5, 3.25, 16], "texture": "#texture"}
			}
		},
		{
			"from": [9.1, 3.625, 10.125],
			"to": [9.6, 4.375, 10.875],
			"rotation": {"angle": -22.5, "axis": "z", "origin": [1, -2, -0.375]},
			"faces": {
				"north": {"uv": [0.75, 10, 2.5, 10.25], "texture": "#2"},
				"east": {"uv": [7.5, 10, 8.5, 10.25], "texture": "#2"},
				"south": {"uv": [13.5, 10, 15.25, 10.25], "texture": "#2"},
				"west": {"uv": [7.5, 10, 8.5, 10.25], "texture": "#2"},
				"up": {"uv": [13.5, 7.5, 15.25, 8.5], "texture": "#2"},
				"down": {"uv": [2.5, 8.5, 0.75, 7.5], "texture": "#2"}
			}
		},
		{
			"from": [7.6, 5.75, 9.375],
			"to": [9.1, 6.5, 10.125],
			"rotation": {"angle": -22.5, "axis": "z", "origin": [1, -2, -0.375]},
			"faces": {
				"north": {"uv": [0.75, 10, 2.5, 10.25], "texture": "#wood door texture"},
				"east": {"uv": [7.5, 10, 8.5, 10.25], "texture": "#wood door texture"},
				"south": {"uv": [13.5, 10, 15.25, 10.25], "texture": "#wood door texture"},
				"west": {"uv": [7.5, 10, 8.5, 10.25], "texture": "#wood door texture"},
				"up": {"uv": [13.5, 7.5, 15.25, 8.5], "texture": "#wood door texture"},
				"down": {"uv": [2.5, 8.5, 0.75, 7.5], "texture": "#wood door texture"}
			}
		},
		{
			"from": [9.1, 5.75, 5.125],
			"to": [9.6, 6.5, 5.875],
			"rotation": {"angle": -22.5, "axis": "z", "origin": [1, -2, -0.375]},
			"faces": {
				"north": {"uv": [0.75, 10, 2.5, 10.25], "texture": "#2"},
				"east": {"uv": [7.5, 10, 8.5, 10.25], "texture": "#2"},
				"south": {"uv": [13.5, 10, 15.25, 10.25], "texture": "#2"},
				"west": {"uv": [7.5, 10, 8.5, 10.25], "texture": "#2"},
				"up": {"uv": [13.5, 7.5, 15.25, 8.5], "texture": "#2"},
				"down": {"uv": [2.5, 8.5, 0.75, 7.5], "texture": "#2"}
			}
		},
		{
			"from": [7.6, 5.75, 5.125],
			"to": [9.1, 6.5, 5.875],
			"rotation": {"angle": -22.5, "axis": "z", "origin": [1, -2, -0.375]},
			"faces": {
				"north": {"uv": [0.75, 10, 2.5, 10.25], "texture": "#wood door texture"},
				"east": {"uv": [7.5, 10, 8.5, 10.25], "texture": "#wood door texture"},
				"south": {"uv": [13.5, 10, 15.25, 10.25], "texture": "#wood door texture"},
				"west": {"uv": [7.5, 10, 8.5, 10.25], "texture": "#wood door texture"},
				"up": {"uv": [13.5, 7.5, 15.25, 8.5], "texture": "#wood door texture"},
				"down": {"uv": [2.5, 8.5, 0.75, 7.5], "texture": "#wood door texture"}
			}
		},
		{
			"from": [9.1, 5.75, 9.375],
			"to": [9.6, 6.5, 10.125],
			"rotation": {"angle": -22.5, "axis": "z", "origin": [1, -2, -0.375]},
			"faces": {
				"north": {"uv": [0.75, 10, 2.5, 10.25], "texture": "#2"},
				"east": {"uv": [7.5, 10, 8.5, 10.25], "texture": "#2"},
				"south": {"uv": [13.5, 10, 15.25, 10.25], "texture": "#2"},
				"west": {"uv": [7.5, 10, 8.5, 10.25], "texture": "#2"},
				"up": {"uv": [13.5, 7.5, 15.25, 8.5], "texture": "#2"},
				"down": {"uv": [2.5, 8.5, 0.75, 7.5], "texture": "#2"}
			}
		},
		{
			"from": [7.6, 6.25, 8.375],
			"to": [9.1, 7, 9.125],
			"rotation": {"angle": -22.5, "axis": "z", "origin": [1, -2, -0.375]},
			"faces": {
				"north": {"uv": [0.75, 10, 2.5, 10.25], "texture": "#wood door texture"},
				"east": {"uv": [7.5, 10, 8.5, 10.25], "texture": "#wood door texture"},
				"south": {"uv": [13.5, 10, 15.25, 10.25], "texture": "#wood door texture"},
				"west": {"uv": [7.5, 10, 8.5, 10.25], "texture": "#wood door texture"},
				"up": {"uv": [13.5, 7.5, 15.25, 8.5], "texture": "#wood door texture"},
				"down": {"uv": [2.5, 8.5, 0.75, 7.5], "texture": "#wood door texture"}
			}
		},
		{
			"from": [9.1, 6.25, 6.125],
			"to": [9.6, 7, 6.875],
			"rotation": {"angle": -22.5, "axis": "z", "origin": [1, -2, -0.375]},
			"faces": {
				"north": {"uv": [0.75, 10, 2.5, 10.25], "texture": "#2"},
				"east": {"uv": [7.5, 10, 8.5, 10.25], "texture": "#2"},
				"south": {"uv": [13.5, 10, 15.25, 10.25], "texture": "#2"},
				"west": {"uv": [7.5, 10, 8.5, 10.25], "texture": "#2"},
				"up": {"uv": [13.5, 7.5, 15.25, 8.5], "texture": "#2"},
				"down": {"uv": [2.5, 8.5, 0.75, 7.5], "texture": "#2"}
			}
		},
		{
			"from": [7.6, 6.25, 6.125],
			"to": [9.1, 7, 6.875],
			"rotation": {"angle": -22.5, "axis": "z", "origin": [1, -2, -0.375]},
			"faces": {
				"north": {"uv": [0.75, 10, 2.5, 10.25], "texture": "#wood door texture"},
				"east": {"uv": [7.5, 10, 8.5, 10.25], "texture": "#wood door texture"},
				"south": {"uv": [13.5, 10, 15.25, 10.25], "texture": "#wood door texture"},
				"west": {"uv": [7.5, 10, 8.5, 10.25], "texture": "#wood door texture"},
				"up": {"uv": [13.5, 7.5, 15.25, 8.5], "texture": "#wood door texture"},
				"down": {"uv": [2.5, 8.5, 0.75, 7.5], "texture": "#wood door texture"}
			}
		},
		{
			"from": [9.1, 6.25, 8.375],
			"to": [9.6, 7, 9.125],
			"rotation": {"angle": -22.5, "axis": "z", "origin": [1, -2, -0.375]},
			"faces": {
				"north": {"uv": [0.75, 10, 2.5, 10.25], "texture": "#2"},
				"east": {"uv": [7.5, 10, 8.5, 10.25], "texture": "#2"},
				"south": {"uv": [13.5, 10, 15.25, 10.25], "texture": "#2"},
				"west": {"uv": [7.5, 10, 8.5, 10.25], "texture": "#2"},
				"up": {"uv": [13.5, 7.5, 15.25, 8.5], "texture": "#2"},
				"down": {"uv": [2.5, 8.5, 0.75, 7.5], "texture": "#2"}
			}
		},
		{
			"from": [7.6, 1, 8.375],
			"to": [9.1, 1.75, 9.125],
			"rotation": {"angle": -22.5, "axis": "z", "origin": [1, -2, -0.375]},
			"faces": {
				"north": {"uv": [0.75, 10, 2.5, 10.25], "texture": "#wood door texture"},
				"east": {"uv": [7.5, 10, 8.5, 10.25], "texture": "#wood door texture"},
				"south": {"uv": [13.5, 10, 15.25, 10.25], "texture": "#wood door texture"},
				"west": {"uv": [7.5, 10, 8.5, 10.25], "texture": "#wood door texture"},
				"up": {"uv": [13.5, 7.5, 15.25, 8.5], "texture": "#wood door texture"},
				"down": {"uv": [2.5, 8.5, 0.75, 7.5], "texture": "#wood door texture"}
			}
		},
		{
			"from": [9.1, 1, 8.375],
			"to": [9.6, 1.75, 9.125],
			"rotation": {"angle": -22.5, "axis": "z", "origin": [1, -2, -0.375]},
			"faces": {
				"north": {"uv": [0.75, 10, 2.5, 10.25], "texture": "#2"},
				"east": {"uv": [7.5, 10, 8.5, 10.25], "texture": "#2"},
				"south": {"uv": [13.5, 10, 15.25, 10.25], "texture": "#2"},
				"west": {"uv": [7.5, 10, 8.5, 10.25], "texture": "#2"},
				"up": {"uv": [13.5, 7.5, 15.25, 8.5], "texture": "#2"},
				"down": {"uv": [2.5, 8.5, 0.75, 7.5], "texture": "#2"}
			}
		},
		{
			"from": [7.6, 1, 6.125],
			"to": [9.1, 1.75, 6.875],
			"rotation": {"angle": -22.5, "axis": "z", "origin": [1, -2, -0.375]},
			"faces": {
				"north": {"uv": [0.75, 10, 2.5, 10.25], "texture": "#wood door texture"},
				"east": {"uv": [7.5, 10, 8.5, 10.25], "texture": "#wood door texture"},
				"south": {"uv": [13.5, 10, 15.25, 10.25], "texture": "#wood door texture"},
				"west": {"uv": [7.5, 10, 8.5, 10.25], "texture": "#wood door texture"},
				"up": {"uv": [13.5, 7.5, 15.25, 8.5], "texture": "#wood door texture"},
				"down": {"uv": [2.5, 8.5, 0.75, 7.5], "texture": "#wood door texture"}
			}
		},
		{
			"from": [9.1, 1, 6.125],
			"to": [9.6, 1.75, 6.875],
			"rotation": {"angle": -22.5, "axis": "z", "origin": [1, -2, -0.375]},
			"faces": {
				"north": {"uv": [0.75, 10, 2.5, 10.25], "texture": "#2"},
				"east": {"uv": [7.5, 10, 8.5, 10.25], "texture": "#2"},
				"south": {"uv": [13.5, 10, 15.25, 10.25], "texture": "#2"},
				"west": {"uv": [7.5, 10, 8.5, 10.25], "texture": "#2"},
				"up": {"uv": [13.5, 7.5, 15.25, 8.5], "texture": "#2"},
				"down": {"uv": [2.5, 8.5, 0.75, 7.5], "texture": "#2"}
			}
		},
		{
			"from": [7.6, 0.75, 7.275],
			"to": [9.1, 1.5, 8.025],
			"rotation": {"angle": -22.5, "axis": "z", "origin": [1, -2, -0.375]},
			"faces": {
				"north": {"uv": [0.75, 10, 2.5, 10.25], "texture": "#wood door texture"},
				"east": {"uv": [7.5, 10, 8.5, 10.25], "texture": "#wood door texture"},
				"south": {"uv": [13.5, 10, 15.25, 10.25], "texture": "#wood door texture"},
				"west": {"uv": [7.5, 10, 8.5, 10.25], "texture": "#wood door texture"},
				"up": {"uv": [13.5, 7.5, 15.25, 8.5], "texture": "#wood door texture"},
				"down": {"uv": [2.5, 8.5, 0.75, 7.5], "texture": "#wood door texture"}
			}
		},
		{
			"from": [9.1, 0.75, 7.275],
			"to": [9.6, 1.5, 8.025],
			"rotation": {"angle": -22.5, "axis": "z", "origin": [1, -2, -0.375]},
			"faces": {
				"north": {"uv": [0.75, 10, 2.5, 10.25], "texture": "#2"},
				"east": {"uv": [7.5, 10, 8.5, 10.25], "texture": "#2"},
				"south": {"uv": [13.5, 10, 15.25, 10.25], "texture": "#2"},
				"west": {"uv": [7.5, 10, 8.5, 10.25], "texture": "#2"},
				"up": {"uv": [13.5, 7.5, 15.25, 8.5], "texture": "#2"},
				"down": {"uv": [2.5, 8.5, 0.75, 7.5], "texture": "#2"}
			}
		},
		{
			"from": [7.6, 1.5, 5.125],
			"to": [9.1, 2.25, 5.875],
			"rotation": {"angle": -22.5, "axis": "z", "origin": [1, -2, -0.375]},
			"faces": {
				"north": {"uv": [0.75, 10, 2.5, 10.25], "texture": "#wood door texture"},
				"east": {"uv": [7.5, 10, 8.5, 10.25], "texture": "#wood door texture"},
				"south": {"uv": [13.5, 10, 15.25, 10.25], "texture": "#wood door texture"},
				"west": {"uv": [7.5, 10, 8.5, 10.25], "texture": "#wood door texture"},
				"up": {"uv": [13.5, 7.5, 15.25, 8.5], "texture": "#wood door texture"},
				"down": {"uv": [2.5, 8.5, 0.75, 7.5], "texture": "#wood door texture"}
			}
		},
		{
			"from": [9.1, 1.5, 5.125],
			"to": [9.6, 2.25, 5.875],
			"rotation": {"angle": -22.5, "axis": "z", "origin": [1, -2, -0.375]},
			"faces": {
				"north": {"uv": [0.75, 10, 2.5, 10.25], "texture": "#2"},
				"east": {"uv": [7.5, 10, 8.5, 10.25], "texture": "#2"},
				"south": {"uv": [13.5, 10, 15.25, 10.25], "texture": "#2"},
				"west": {"uv": [7.5, 10, 8.5, 10.25], "texture": "#2"},
				"up": {"uv": [13.5, 7.5, 15.25, 8.5], "texture": "#2"},
				"down": {"uv": [2.5, 8.5, 0.75, 7.5], "texture": "#2"}
			}
		},
		{
			"from": [7.6, 1.5, 9.375],
			"to": [9.1, 2.25, 10.125],
			"rotation": {"angle": -22.5, "axis": "z", "origin": [1, -2, -0.375]},
			"faces": {
				"north": {"uv": [0.75, 10, 2.5, 10.25], "texture": "#wood door texture"},
				"east": {"uv": [7.5, 10, 8.5, 10.25], "texture": "#wood door texture"},
				"south": {"uv": [13.5, 10, 15.25, 10.25], "texture": "#wood door texture"},
				"west": {"uv": [7.5, 10, 8.5, 10.25], "texture": "#wood door texture"},
				"up": {"uv": [13.5, 7.5, 15.25, 8.5], "texture": "#wood door texture"},
				"down": {"uv": [2.5, 8.5, 0.75, 7.5], "texture": "#wood door texture"}
			}
		},
		{
			"from": [9.1, 1.5, 9.375],
			"to": [9.6, 2.25, 10.125],
			"rotation": {"angle": -22.5, "axis": "z", "origin": [1, -2, -0.375]},
			"faces": {
				"north": {"uv": [0.75, 10, 2.5, 10.25], "texture": "#2"},
				"east": {"uv": [7.5, 10, 8.5, 10.25], "texture": "#2"},
				"south": {"uv": [13.5, 10, 15.25, 10.25], "texture": "#2"},
				"west": {"uv": [7.5, 10, 8.5, 10.25], "texture": "#2"},
				"up": {"uv": [13.5, 7.5, 15.25, 8.5], "texture": "#2"},
				"down": {"uv": [2.5, 8.5, 0.75, 7.5], "texture": "#2"}
			}
		},
		{
			"from": [7.6, 4.75, 9.875],
			"to": [9.1, 5.5, 10.625],
			"rotation": {"angle": -22.5, "axis": "z", "origin": [1, -2, -0.375]},
			"faces": {
				"north": {"uv": [0.75, 10, 2.5, 10.25], "texture": "#wood door texture"},
				"east": {"uv": [7.5, 10, 8.5, 10.25], "texture": "#wood door texture"},
				"south": {"uv": [13.5, 10, 15.25, 10.25], "texture": "#wood door texture"},
				"west": {"uv": [7.5, 10, 8.5, 10.25], "texture": "#wood door texture"},
				"up": {"uv": [13.5, 7.5, 15.25, 8.5], "texture": "#wood door texture"},
				"down": {"uv": [2.5, 8.5, 0.75, 7.5], "texture": "#wood door texture"}
			}
		},
		{
			"from": [9.1, 4.75, 4.625],
			"to": [9.6, 5.5, 5.375],
			"rotation": {"angle": -22.5, "axis": "z", "origin": [1, -2, -0.375]},
			"faces": {
				"north": {"uv": [0.75, 10, 2.5, 10.25], "texture": "#2"},
				"east": {"uv": [7.5, 10, 8.5, 10.25], "texture": "#2"},
				"south": {"uv": [13.5, 10, 15.25, 10.25], "texture": "#2"},
				"west": {"uv": [7.5, 10, 8.5, 10.25], "texture": "#2"},
				"up": {"uv": [13.5, 7.5, 15.25, 8.5], "texture": "#2"},
				"down": {"uv": [2.5, 8.5, 0.75, 7.5], "texture": "#2"}
			}
		},
		{
			"from": [7.6, 4.75, 4.625],
			"to": [9.1, 5.5, 5.375],
			"rotation": {"angle": -22.5, "axis": "z", "origin": [1, -2, -0.375]},
			"faces": {
				"north": {"uv": [0.75, 10, 2.5, 10.25], "texture": "#wood door texture"},
				"east": {"uv": [7.5, 10, 8.5, 10.25], "texture": "#wood door texture"},
				"south": {"uv": [13.5, 10, 15.25, 10.25], "texture": "#wood door texture"},
				"west": {"uv": [7.5, 10, 8.5, 10.25], "texture": "#wood door texture"},
				"up": {"uv": [13.5, 7.5, 15.25, 8.5], "texture": "#wood door texture"},
				"down": {"uv": [2.5, 8.5, 0.75, 7.5], "texture": "#wood door texture"}
			}
		},
		{
			"from": [9.1, 4.75, 9.875],
			"to": [9.6, 5.5, 10.625],
			"rotation": {"angle": -22.5, "axis": "z", "origin": [1, -2, -0.375]},
			"faces": {
				"north": {"uv": [0.75, 10, 2.5, 10.25], "texture": "#2"},
				"east": {"uv": [7.5, 10, 8.5, 10.25], "texture": "#2"},
				"south": {"uv": [13.5, 10, 15.25, 10.25], "texture": "#2"},
				"west": {"uv": [7.5, 10, 8.5, 10.25], "texture": "#2"},
				"up": {"uv": [13.5, 7.5, 15.25, 8.5], "texture": "#2"},
				"down": {"uv": [2.5, 8.5, 0.75, 7.5], "texture": "#2"}
			}
		},
		{
			"from": [7.6, 2.5, 9.875],
			"to": [9.1, 3.25, 10.625],
			"rotation": {"angle": -22.5, "axis": "z", "origin": [1, -2, -0.375]},
			"faces": {
				"north": {"uv": [0.75, 10, 2.5, 10.25], "texture": "#wood door texture"},
				"east": {"uv": [7.5, 10, 8.5, 10.25], "texture": "#wood door texture"},
				"south": {"uv": [13.5, 10, 15.25, 10.25], "texture": "#wood door texture"},
				"west": {"uv": [7.5, 10, 8.5, 10.25], "texture": "#wood door texture"},
				"up": {"uv": [13.5, 7.5, 15.25, 8.5], "texture": "#wood door texture"},
				"down": {"uv": [2.5, 8.5, 0.75, 7.5], "texture": "#wood door texture"}
			}
		},
		{
			"from": [9.1, 2.5, 4.625],
			"to": [9.6, 3.25, 5.375],
			"rotation": {"angle": -22.5, "axis": "z", "origin": [1, -2, -0.375]},
			"faces": {
				"north": {"uv": [0.75, 10, 2.5, 10.25], "texture": "#2"},
				"east": {"uv": [7.5, 10, 8.5, 10.25], "texture": "#2"},
				"south": {"uv": [13.5, 10, 15.25, 10.25], "texture": "#2"},
				"west": {"uv": [7.5, 10, 8.5, 10.25], "texture": "#2"},
				"up": {"uv": [13.5, 7.5, 15.25, 8.5], "texture": "#2"},
				"down": {"uv": [2.5, 8.5, 0.75, 7.5], "texture": "#2"}
			}
		},
		{
			"from": [7.6, 2.5, 4.625],
			"to": [9.1, 3.25, 5.375],
			"rotation": {"angle": -22.5, "axis": "z", "origin": [1, -2, -0.375]},
			"faces": {
				"north": {"uv": [0.75, 10, 2.5, 10.25], "texture": "#wood door texture"},
				"east": {"uv": [7.5, 10, 8.5, 10.25], "texture": "#wood door texture"},
				"south": {"uv": [13.5, 10, 15.25, 10.25], "texture": "#wood door texture"},
				"west": {"uv": [7.5, 10, 8.5, 10.25], "texture": "#wood door texture"},
				"up": {"uv": [13.5, 7.5, 15.25, 8.5], "texture": "#wood door texture"},
				"down": {"uv": [2.5, 8.5, 0.75, 7.5], "texture": "#wood door texture"}
			}
		},
		{
			"from": [9.1, 2.5, 9.875],
			"to": [9.6, 3.25, 10.625],
			"rotation": {"angle": -22.5, "axis": "z", "origin": [1, -2, -0.375]},
			"faces": {
				"north": {"uv": [0.75, 10, 2.5, 10.25], "texture": "#2"},
				"east": {"uv": [7.5, 10, 8.5, 10.25], "texture": "#2"},
				"south": {"uv": [13.5, 10, 15.25, 10.25], "texture": "#2"},
				"west": {"uv": [7.5, 10, 8.5, 10.25], "texture": "#2"},
				"up": {"uv": [13.5, 7.5, 15.25, 8.5], "texture": "#2"},
				"down": {"uv": [2.5, 8.5, 0.75, 7.5], "texture": "#2"}
			}
		},
		{
			"from": [7.6, 3.625, 10.125],
			"to": [9.1, 4.375, 10.875],
			"rotation": {"angle": -22.5, "axis": "z", "origin": [1, -2, -0.375]},
			"faces": {
				"north": {"uv": [0.75, 10, 2.5, 10.25], "texture": "#wood door texture"},
				"east": {"uv": [7.5, 10, 8.5, 10.25], "texture": "#wood door texture"},
				"south": {"uv": [13.5, 10, 15.25, 10.25], "texture": "#wood door texture"},
				"west": {"uv": [7.5, 10, 8.5, 10.25], "texture": "#wood door texture"},
				"up": {"uv": [13.5, 7.5, 15.25, 8.5], "texture": "#wood door texture"},
				"down": {"uv": [2.5, 8.5, 0.75, 7.5], "texture": "#wood door texture"}
			}
		},
		{
			"from": [9.1, 3.625, 4.375],
			"to": [9.6, 4.375, 5.125],
			"rotation": {"angle": -22.5, "axis": "z", "origin": [1, -2, -0.375]},
			"faces": {
				"north": {"uv": [0.75, 10, 2.5, 10.25], "texture": "#2"},
				"east": {"uv": [7.5, 10, 8.5, 10.25], "texture": "#2"},
				"south": {"uv": [13.5, 10, 15.25, 10.25], "texture": "#2"},
				"west": {"uv": [7.5, 10, 8.5, 10.25], "texture": "#2"},
				"up": {"uv": [13.5, 7.5, 15.25, 8.5], "texture": "#2"},
				"down": {"uv": [2.5, 8.5, 0.75, 7.5], "texture": "#2"}
			}
		},
		{
			"from": [7.6, 3.625, 4.375],
			"to": [9.1, 4.375, 5.125],
			"rotation": {"angle": -22.5, "axis": "z", "origin": [1, -2, -0.375]},
			"faces": {
				"north": {"uv": [0.75, 10, 2.5, 10.25], "texture": "#wood door texture"},
				"east": {"uv": [7.5, 10, 8.5, 10.25], "texture": "#wood door texture"},
				"south": {"uv": [13.5, 10, 15.25, 10.25], "texture": "#wood door texture"},
				"west": {"uv": [7.5, 10, 8.5, 10.25], "texture": "#wood door texture"},
				"up": {"uv": [13.5, 7.5, 15.25, 8.5], "texture": "#wood door texture"},
				"down": {"uv": [2.5, 8.5, 0.75, 7.5], "texture": "#wood door texture"}
			}
		},
		{
			"from": [9.6, 2.5, 4.125],
			"to": [9.925, 5.5, 11.125],
			"rotation": {"angle": -22.5, "axis": "z", "origin": [1, -2, -0.375]},
			"faces": {
				"north": {"uv": [0.75, 10, 2.5, 10.25], "texture": "#texture"},
				"east": {"uv": [7.5, 10, 8.5, 10.25], "texture": "#texture"},
				"south": {"uv": [13.5, 10, 15.25, 10.25], "texture": "#texture"},
				"west": {"uv": [7.5, 10, 8.5, 10.25], "texture": "#texture"},
				"up": {"uv": [13.5, 7.5, 15.25, 8.5], "texture": "#texture"},
				"down": {"uv": [2.5, 8.5, 0.75, 7.5], "texture": "#texture"}
			}
		},
		{
			"from": [9.6, 0.5, 6.125],
			"to": [9.925, 2.5, 9.125],
			"rotation": {"angle": -22.5, "axis": "z", "origin": [1, -2, -0.375]},
			"faces": {
				"north": {"uv": [0.75, 10, 2.5, 10.25], "texture": "#texture"},
				"east": {"uv": [7.5, 10, 8.5, 10.25], "texture": "#texture"},
				"south": {"uv": [13.5, 10, 15.25, 10.25], "texture": "#texture"},
				"west": {"uv": [7.5, 10, 8.5, 10.25], "texture": "#texture"},
				"up": {"uv": [13.5, 7.5, 15.25, 8.5], "texture": "#texture"},
				"down": {"uv": [2.5, 8.5, 0.75, 7.5], "texture": "#texture"}
			}
		},
		{
			"from": [9.6, 5.5, 6.125],
			"to": [9.925, 7.5, 9.125],
			"rotation": {"angle": -22.5, "axis": "z", "origin": [1, -2, -0.375]},
			"faces": {
				"north": {"uv": [0.75, 10, 2.5, 10.25], "texture": "#texture"},
				"east": {"uv": [7.5, 10, 8.5, 10.25], "texture": "#texture"},
				"south": {"uv": [13.5, 10, 15.25, 10.25], "texture": "#texture"},
				"west": {"uv": [7.5, 10, 8.5, 10.25], "texture": "#texture"},
				"up": {"uv": [13.5, 7.5, 15.25, 8.5], "texture": "#texture"},
				"down": {"uv": [2.5, 8.5, 0.75, 7.5], "texture": "#texture"}
			}
		},
		{
			"from": [7.6, 7.175, 6.125],
			"to": [9.6, 7.5, 9.125],
			"rotation": {"angle": -22.5, "axis": "z", "origin": [1, -2, -0.375]},
			"faces": {
				"north": {"uv": [0.75, 10, 2.5, 10.25], "texture": "#texture"},
				"east": {"uv": [7.5, 10, 8.5, 10.25], "texture": "#texture"},
				"south": {"uv": [13.5, 10, 15.25, 10.25], "texture": "#texture"},
				"west": {"uv": [7.5, 10, 8.5, 10.25], "texture": "#texture"},
				"up": {"uv": [13.5, 7.5, 15.25, 8.5], "texture": "#texture"},
				"down": {"uv": [2.5, 8.5, 0.75, 7.5], "texture": "#texture"}
			}
		},
		{
			"from": [7.6, 0.5, 7.125],
			"to": [9.6, 0.75, 8.125],
			"rotation": {"angle": -22.5, "axis": "z", "origin": [1, -2, -0.375]},
			"faces": {
				"north": {"uv": [0.75, 10, 2.5, 10.25], "texture": "#texture"},
				"east": {"uv": [7.5, 10, 8.5, 10.25], "texture": "#texture"},
				"south": {"uv": [13.5, 10, 15.25, 10.25], "texture": "#texture"},
				"west": {"uv": [7.5, 10, 8.5, 10.25], "texture": "#texture"},
				"up": {"uv": [13.5, 7.5, 15.25, 8.5], "texture": "#texture"},
				"down": {"uv": [2.5, 8.5, 0.75, 7.5], "texture": "#texture"}
			}
		},
		{
			"from": [9.6, 5.5, 9.125],
			"to": [9.925, 6.75, 10.375],
			"rotation": {"angle": -22.5, "axis": "z", "origin": [1, -2, -0.375]},
			"faces": {
				"north": {"uv": [0.75, 10, 2.5, 10.25], "texture": "#texture"},
				"east": {"uv": [7.5, 10, 8.5, 10.25], "texture": "#texture"},
				"south": {"uv": [13.5, 10, 15.25, 10.25], "texture": "#texture"},
				"west": {"uv": [7.5, 10, 8.5, 10.25], "texture": "#texture"},
				"up": {"uv": [13.5, 7.5, 15.25, 8.5], "texture": "#texture"},
				"down": {"uv": [2.5, 8.5, 0.75, 7.5], "texture": "#texture"}
			}
		},
		{
			"from": [9.6, 5.5, 10.375],
			"to": [9.925, 6.25, 10.875],
			"rotation": {"angle": -22.5, "axis": "z", "origin": [1, -2, -0.375]},
			"faces": {
				"north": {"uv": [0.75, 10, 2.5, 10.25], "texture": "#texture"},
				"east": {"uv": [7.5, 10, 8.5, 10.25], "texture": "#texture"},
				"south": {"uv": [13.5, 10, 15.25, 10.25], "texture": "#texture"},
				"west": {"uv": [7.5, 10, 8.5, 10.25], "texture": "#texture"},
				"up": {"uv": [13.5, 7.5, 15.25, 8.5], "texture": "#texture"},
				"down": {"uv": [2.5, 8.5, 0.75, 7.5], "texture": "#texture"}
			}
		},
		{
			"from": [9.6, 6.75, 9.125],
			"to": [9.925, 7.25, 9.875],
			"rotation": {"angle": -22.5, "axis": "z", "origin": [1, -2, -0.375]},
			"faces": {
				"north": {"uv": [0.75, 10, 2.5, 10.25], "texture": "#texture"},
				"east": {"uv": [7.5, 10, 8.5, 10.25], "texture": "#texture"},
				"south": {"uv": [13.5, 10, 15.25, 10.25], "texture": "#texture"},
				"west": {"uv": [7.5, 10, 8.5, 10.25], "texture": "#texture"},
				"up": {"uv": [13.5, 7.5, 15.25, 8.5], "texture": "#texture"},
				"down": {"uv": [2.5, 8.5, 0.75, 7.5], "texture": "#texture"}
			}
		},
		{
			"from": [9.6, 5.5, 4.375],
			"to": [9.925, 6.25, 4.875],
			"rotation": {"angle": -22.5, "axis": "z", "origin": [1, -2, -0.375]},
			"faces": {
				"north": {"uv": [0.75, 10, 2.5, 10.25], "texture": "#texture"},
				"east": {"uv": [7.5, 10, 8.5, 10.25], "texture": "#texture"},
				"south": {"uv": [13.5, 10, 15.25, 10.25], "texture": "#texture"},
				"west": {"uv": [7.5, 10, 8.5, 10.25], "texture": "#texture"},
				"up": {"uv": [13.5, 7.5, 15.25, 8.5], "texture": "#texture"},
				"down": {"uv": [2.5, 8.5, 0.75, 7.5], "texture": "#texture"}
			}
		},
		{
			"from": [9.6, 1.75, 10.375],
			"to": [9.925, 2.5, 10.875],
			"rotation": {"angle": -22.5, "axis": "z", "origin": [1, -2, -0.375]},
			"faces": {
				"north": {"uv": [0.75, 10, 2.5, 10.25], "texture": "#texture"},
				"east": {"uv": [7.5, 10, 8.5, 10.25], "texture": "#texture"},
				"south": {"uv": [13.5, 10, 15.25, 10.25], "texture": "#texture"},
				"west": {"uv": [7.5, 10, 8.5, 10.25], "texture": "#texture"},
				"up": {"uv": [13.5, 7.5, 15.25, 8.5], "texture": "#texture"},
				"down": {"uv": [2.5, 8.5, 0.75, 7.5], "texture": "#texture"}
			}
		},
		{
			"from": [9.6, 1.75, 4.375],
			"to": [9.925, 3, 4.875],
			"rotation": {"angle": -22.5, "axis": "z", "origin": [1, -2, -0.375]},
			"faces": {
				"north": {"uv": [0.75, 10, 2.5, 10.25], "texture": "#texture"},
				"east": {"uv": [7.5, 10, 8.5, 10.25], "texture": "#texture"},
				"south": {"uv": [13.5, 10, 15.25, 10.25], "texture": "#texture"},
				"west": {"uv": [7.5, 10, 8.5, 10.25], "texture": "#texture"},
				"up": {"uv": [13.5, 7.5, 15.25, 8.5], "texture": "#texture"},
				"down": {"uv": [2.5, 8.5, 0.75, 7.5], "texture": "#texture"}
			}
		},
		{
			"from": [9.6, 6.75, 5.375],
			"to": [9.925, 7.25, 6.125],
			"rotation": {"angle": -22.5, "axis": "z", "origin": [1, -2, -0.375]},
			"faces": {
				"north": {"uv": [0.75, 10, 2.5, 10.25], "texture": "#texture"},
				"east": {"uv": [7.5, 10, 8.5, 10.25], "texture": "#texture"},
				"south": {"uv": [13.5, 10, 15.25, 10.25], "texture": "#texture"},
				"west": {"uv": [7.5, 10, 8.5, 10.25], "texture": "#texture"},
				"up": {"uv": [13.5, 7.5, 15.25, 8.5], "texture": "#texture"},
				"down": {"uv": [2.5, 8.5, 0.75, 7.5], "texture": "#texture"}
			}
		},
		{
			"from": [9.6, 0.75, 9.125],
			"to": [9.925, 1.25, 9.875],
			"rotation": {"angle": -22.5, "axis": "z", "origin": [1, -2, -0.375]},
			"faces": {
				"north": {"uv": [0.75, 10, 2.5, 10.25], "texture": "#texture"},
				"east": {"uv": [7.5, 10, 8.5, 10.25], "texture": "#texture"},
				"south": {"uv": [13.5, 10, 15.25, 10.25], "texture": "#texture"},
				"west": {"uv": [7.5, 10, 8.5, 10.25], "texture": "#texture"},
				"up": {"uv": [13.5, 7.5, 15.25, 8.5], "texture": "#texture"},
				"down": {"uv": [2.5, 8.5, 0.75, 7.5], "texture": "#texture"}
			}
		},
		{
			"from": [9.6, 0.75, 5.375],
			"to": [9.925, 1.25, 6.125],
			"rotation": {"angle": -22.5, "axis": "z", "origin": [1, -2, -0.375]},
			"faces": {
				"north": {"uv": [0.75, 10, 2.5, 10.25], "texture": "#texture"},
				"east": {"uv": [7.5, 10, 8.5, 10.25], "texture": "#texture"},
				"south": {"uv": [13.5, 10, 15.25, 10.25], "texture": "#texture"},
				"west": {"uv": [7.5, 10, 8.5, 10.25], "texture": "#texture"},
				"up": {"uv": [13.5, 7.5, 15.25, 8.5], "texture": "#texture"},
				"down": {"uv": [2.5, 8.5, 0.75, 7.5], "texture": "#texture"}
			}
		},
		{
			"from": [9.6, 1.25, 9.125],
			"to": [9.925, 2.5, 10.375],
			"rotation": {"angle": -22.5, "axis": "z", "origin": [1, -2, -0.375]},
			"faces": {
				"north": {"uv": [0.75, 10, 2.5, 10.25], "texture": "#texture"},
				"east": {"uv": [7.5, 10, 8.5, 10.25], "texture": "#texture"},
				"south": {"uv": [13.5, 10, 15.25, 10.25], "texture": "#texture"},
				"west": {"uv": [7.5, 10, 8.5, 10.25], "texture": "#texture"},
				"up": {"uv": [13.5, 7.5, 15.25, 8.5], "texture": "#texture"},
				"down": {"uv": [2.5, 8.5, 0.75, 7.5], "texture": "#texture"}
			}
		},
		{
			"from": [9.6, 1.25, 4.875],
			"to": [9.925, 2.5, 6.125],
			"rotation": {"angle": -22.5, "axis": "z", "origin": [1, -2, -0.375]},
			"faces": {
				"north": {"uv": [0.75, 10, 2.5, 10.25], "texture": "#texture"},
				"east": {"uv": [7.5, 10, 8.5, 10.25], "texture": "#texture"},
				"south": {"uv": [13.5, 10, 15.25, 10.25], "texture": "#texture"},
				"west": {"uv": [7.5, 10, 8.5, 10.25], "texture": "#texture"},
				"up": {"uv": [13.5, 7.5, 15.25, 8.5], "texture": "#texture"},
				"down": {"uv": [2.5, 8.5, 0.75, 7.5], "texture": "#texture"}
			}
		},
		{
			"from": [9.6, 5.5, 4.875],
			"to": [9.925, 6.75, 6.125],
			"rotation": {"angle": -22.5, "axis": "z", "origin": [1, -2, -0.375]},
			"faces": {
				"north": {"uv": [0.75, 10, 2.5, 10.25], "texture": "#texture"},
				"east": {"uv": [7.5, 10, 8.5, 10.25], "texture": "#texture"},
				"south": {"uv": [13.5, 10, 15.25, 10.25], "texture": "#texture"},
				"west": {"uv": [7.5, 10, 8.5, 10.25], "texture": "#texture"},
				"up": {"uv": [13.5, 7.5, 15.25, 8.5], "texture": "#texture"},
				"down": {"uv": [2.5, 8.5, 0.75, 7.5], "texture": "#texture"}
			}
		},
		{
			"from": [7.25, 2.5, 4.125],
			"to": [7.6, 5.5, 11.125],
			"rotation": {"angle": -22.5, "axis": "z", "origin": [1, -2, -0.375]},
			"faces": {
				"north": {"uv": [0.75, 10, 2.5, 10.25], "texture": "#texture"},
				"east": {"uv": [7.5, 10, 8.5, 10.25], "texture": "#texture"},
				"south": {"uv": [13.5, 10, 15.25, 10.25], "texture": "#texture"},
				"west": {"uv": [7.5, 10, 8.5, 10.25], "texture": "#texture"},
				"up": {"uv": [13.5, 7.5, 15.25, 8.5], "texture": "#texture"},
				"down": {"uv": [2.5, 8.5, 0.75, 7.5], "texture": "#texture"}
			}
		},
		{
			"from": [7.25, 0.5, 6.125],
			"to": [7.6, 2.5, 9.125],
			"rotation": {"angle": -22.5, "axis": "z", "origin": [1, -2, -0.375]},
			"faces": {
				"north": {"uv": [0.75, 10, 2.5, 10.25], "texture": "#texture"},
				"east": {"uv": [7.5, 10, 8.5, 10.25], "texture": "#texture"},
				"south": {"uv": [13.5, 10, 15.25, 10.25], "texture": "#texture"},
				"west": {"uv": [7.5, 10, 8.5, 10.25], "texture": "#texture"},
				"up": {"uv": [13.5, 7.5, 15.25, 8.5], "texture": "#texture"},
				"down": {"uv": [2.5, 8.5, 0.75, 7.5], "texture": "#texture"}
			}
		},
		{
			"from": [7.25, 5.5, 6.125],
			"to": [7.6, 7.5, 9.125],
			"rotation": {"angle": -22.5, "axis": "z", "origin": [1, -2, -0.375]},
			"faces": {
				"north": {"uv": [0.75, 10, 2.5, 10.25], "texture": "#texture"},
				"east": {"uv": [7.5, 10, 8.5, 10.25], "texture": "#texture"},
				"south": {"uv": [13.5, 10, 15.25, 10.25], "texture": "#texture"},
				"west": {"uv": [7.5, 10, 8.5, 10.25], "texture": "#texture"},
				"up": {"uv": [13.5, 7.5, 15.25, 8.5], "texture": "#texture"},
				"down": {"uv": [2.5, 8.5, 0.75, 7.5], "texture": "#texture"}
			}
		},
		{
			"from": [7.25, 5.5, 9.125],
			"to": [7.6, 6.75, 10.375],
			"rotation": {"angle": -22.5, "axis": "z", "origin": [1, -2, -0.375]},
			"faces": {
				"north": {"uv": [0.75, 10, 2.5, 10.25], "texture": "#texture"},
				"east": {"uv": [7.5, 10, 8.5, 10.25], "texture": "#texture"},
				"south": {"uv": [13.5, 10, 15.25, 10.25], "texture": "#texture"},
				"west": {"uv": [7.5, 10, 8.5, 10.25], "texture": "#texture"},
				"up": {"uv": [13.5, 7.5, 15.25, 8.5], "texture": "#texture"},
				"down": {"uv": [2.5, 8.5, 0.75, 7.5], "texture": "#texture"}
			}
		},
		{
			"from": [7.25, 5.5, 10.375],
			"to": [9.6, 6.25, 10.875],
			"rotation": {"angle": -22.5, "axis": "z", "origin": [1, -2, -0.375]},
			"faces": {
				"north": {"uv": [0.75, 10, 2.5, 10.25], "texture": "#texture"},
				"east": {"uv": [7.5, 10, 8.5, 10.25], "texture": "#texture"},
				"south": {"uv": [13.5, 10, 15.25, 10.25], "texture": "#texture"},
				"west": {"uv": [7.5, 10, 8.5, 10.25], "texture": "#texture"},
				"up": {"uv": [13.5, 7.5, 15.25, 8.5], "texture": "#texture"},
				"down": {"uv": [2.5, 8.5, 0.75, 7.5], "texture": "#texture"}
			}
		},
		{
			"from": [7.25, 6.75, 9.125],
			"to": [7.6, 7.25, 9.875],
			"rotation": {"angle": -22.5, "axis": "z", "origin": [1, -2, -0.375]},
			"faces": {
				"north": {"uv": [0.75, 10, 2.5, 10.25], "texture": "#texture"},
				"east": {"uv": [7.5, 10, 8.5, 10.25], "texture": "#texture"},
				"south": {"uv": [13.5, 10, 15.25, 10.25], "texture": "#texture"},
				"west": {"uv": [7.5, 10, 8.5, 10.25], "texture": "#texture"},
				"up": {"uv": [13.5, 7.5, 15.25, 8.5], "texture": "#texture"},
				"down": {"uv": [2.5, 8.5, 0.75, 7.5], "texture": "#texture"}
			}
		},
		{
			"from": [7.25, 5.5, 4.375],
			"to": [9.6, 6.25, 4.875],
			"rotation": {"angle": -22.5, "axis": "z", "origin": [1, -2, -0.375]},
			"faces": {
				"north": {"uv": [0.75, 10, 2.5, 10.25], "texture": "#texture"},
				"east": {"uv": [7.5, 10, 8.5, 10.25], "texture": "#texture"},
				"south": {"uv": [13.5, 10, 15.25, 10.25], "texture": "#texture"},
				"west": {"uv": [7.5, 10, 8.5, 10.25], "texture": "#texture"},
				"up": {"uv": [13.5, 7.5, 15.25, 8.5], "texture": "#texture"},
				"down": {"uv": [2.5, 8.5, 0.75, 7.5], "texture": "#texture"}
			}
		},
		{
			"from": [7.25, 1.75, 10.375],
			"to": [9.6, 2.5, 10.875],
			"rotation": {"angle": -22.5, "axis": "z", "origin": [1, -2, -0.375]},
			"faces": {
				"north": {"uv": [0.75, 10, 2.5, 10.25], "texture": "#texture"},
				"east": {"uv": [7.5, 10, 8.5, 10.25], "texture": "#texture"},
				"south": {"uv": [13.5, 10, 15.25, 10.25], "texture": "#texture"},
				"west": {"uv": [7.5, 10, 8.5, 10.25], "texture": "#texture"},
				"up": {"uv": [13.5, 7.5, 15.25, 8.5], "texture": "#texture"},
				"down": {"uv": [2.5, 8.5, 0.75, 7.5], "texture": "#texture"}
			}
		},
		{
			"from": [7.25, 1.75, 4.375],
			"to": [9.6, 2.5, 4.875],
			"rotation": {"angle": -22.5, "axis": "z", "origin": [1, -2, -0.375]},
			"faces": {
				"north": {"uv": [0.75, 10, 2.5, 10.25], "texture": "#texture"},
				"east": {"uv": [7.5, 10, 8.5, 10.25], "texture": "#texture"},
				"south": {"uv": [13.5, 10, 15.25, 10.25], "texture": "#texture"},
				"west": {"uv": [7.5, 10, 8.5, 10.25], "texture": "#texture"},
				"up": {"uv": [13.5, 7.5, 15.25, 8.5], "texture": "#texture"},
				"down": {"uv": [2.5, 8.5, 0.75, 7.5], "texture": "#texture"}
			}
		},
		{
			"from": [7.25, 6.75, 5.375],
			"to": [7.6, 7.25, 6.125],
			"rotation": {"angle": -22.5, "axis": "z", "origin": [1, -2, -0.375]},
			"faces": {
				"north": {"uv": [0.75, 10, 2.5, 10.25], "texture": "#texture"},
				"east": {"uv": [7.5, 10, 8.5, 10.25], "texture": "#texture"},
				"south": {"uv": [13.5, 10, 15.25, 10.25], "texture": "#texture"},
				"west": {"uv": [7.5, 10, 8.5, 10.25], "texture": "#texture"},
				"up": {"uv": [13.5, 7.5, 15.25, 8.5], "texture": "#texture"},
				"down": {"uv": [2.5, 8.5, 0.75, 7.5], "texture": "#texture"}
			}
		},
		{
			"from": [7.25, 0.75, 9.125],
			"to": [7.6, 1.25, 9.875],
			"rotation": {"angle": -22.5, "axis": "z", "origin": [1, -2, -0.375]},
			"faces": {
				"north": {"uv": [0.75, 10, 2.5, 10.25], "texture": "#texture"},
				"east": {"uv": [7.5, 10, 8.5, 10.25], "texture": "#texture"},
				"south": {"uv": [13.5, 10, 15.25, 10.25], "texture": "#texture"},
				"west": {"uv": [7.5, 10, 8.5, 10.25], "texture": "#texture"},
				"up": {"uv": [13.5, 7.5, 15.25, 8.5], "texture": "#texture"},
				"down": {"uv": [2.5, 8.5, 0.75, 7.5], "texture": "#texture"}
			}
		},
		{
			"from": [7.25, 0.75, 5.375],
			"to": [7.6, 1.25, 6.125],
			"rotation": {"angle": -22.5, "axis": "z", "origin": [1, -2, -0.375]},
			"faces": {
				"north": {"uv": [0.75, 10, 2.5, 10.25], "texture": "#texture"},
				"east": {"uv": [7.5, 10, 8.5, 10.25], "texture": "#texture"},
				"south": {"uv": [13.5, 10, 15.25, 10.25], "texture": "#texture"},
				"west": {"uv": [7.5, 10, 8.5, 10.25], "texture": "#texture"},
				"up": {"uv": [13.5, 7.5, 15.25, 8.5], "texture": "#texture"},
				"down": {"uv": [2.5, 8.5, 0.75, 7.5], "texture": "#texture"}
			}
		},
		{
			"from": [7.25, 1.25, 9.125],
			"to": [7.6, 2.5, 10.375],
			"rotation": {"angle": -22.5, "axis": "z", "origin": [1, -2, -0.375]},
			"faces": {
				"north": {"uv": [0.75, 10, 2.5, 10.25], "texture": "#texture"},
				"east": {"uv": [7.5, 10, 8.5, 10.25], "texture": "#texture"},
				"south": {"uv": [13.5, 10, 15.25, 10.25], "texture": "#texture"},
				"west": {"uv": [7.5, 10, 8.5, 10.25], "texture": "#texture"},
				"up": {"uv": [13.5, 7.5, 15.25, 8.5], "texture": "#texture"},
				"down": {"uv": [2.5, 8.5, 0.75, 7.5], "texture": "#texture"}
			}
		},
		{
			"from": [7.25, 1.25, 4.875],
			"to": [7.6, 2.5, 6.125],
			"rotation": {"angle": -22.5, "axis": "z", "origin": [1, -2, -0.375]},
			"faces": {
				"north": {"uv": [0.75, 10, 2.5, 10.25], "texture": "#texture"},
				"east": {"uv": [7.5, 10, 8.5, 10.25], "texture": "#texture"},
				"south": {"uv": [13.5, 10, 15.25, 10.25], "texture": "#texture"},
				"west": {"uv": [7.5, 10, 8.5, 10.25], "texture": "#texture"},
				"up": {"uv": [13.5, 7.5, 15.25, 8.5], "texture": "#texture"},
				"down": {"uv": [2.5, 8.5, 0.75, 7.5], "texture": "#texture"}
			}
		},
		{
			"from": [7.25, 5.5, 4.875],
			"to": [7.6, 6.75, 6.125],
			"rotation": {"angle": -22.5, "axis": "z", "origin": [1, -2, -0.375]},
			"faces": {
				"north": {"uv": [0.75, 10, 2.5, 10.25], "texture": "#texture"},
				"east": {"uv": [7.5, 10, 8.5, 10.25], "texture": "#texture"},
				"south": {"uv": [13.5, 10, 15.25, 10.25], "texture": "#texture"},
				"west": {"uv": [7.5, 10, 8.5, 10.25], "texture": "#texture"},
				"up": {"uv": [13.5, 7.5, 15.25, 8.5], "texture": "#texture"},
				"down": {"uv": [2.5, 8.5, 0.75, 7.5], "texture": "#texture"}
			}
		},
		{
			"from": [7.35, 3, 6.625],
			"to": [9.6, 5, 8.625],
			"rotation": {"angle": -22.5, "axis": "z", "origin": [1, -2, -0.375]},
			"faces": {
				"north": {"uv": [0.75, 10, 2.5, 10.25], "texture": "#texture"},
				"east": {"uv": [7.5, 10, 8.5, 10.25], "texture": "#texture"},
				"south": {"uv": [13.5, 10, 15.25, 10.25], "texture": "#texture"},
				"west": {"uv": [7.5, 10, 8.5, 10.25], "texture": "#texture"},
				"up": {"uv": [13.5, 7.5, 15.25, 8.5], "texture": "#texture"},
				"down": {"uv": [2.5, 8.5, 0.75, 7.5], "texture": "#texture"}
			}
		},
		{
			"from": [7.25, 7.5, 7.125],
			"to": [9.925, 9, 8.125],
			"rotation": {"angle": -22.5, "axis": "z", "origin": [1, -2, -0.375]},
			"faces": {
				"north": {"uv": [0.75, 10, 2.5, 10.25], "texture": "#texture"},
				"east": {"uv": [7.5, 10, 8.5, 10.25], "texture": "#texture"},
				"south": {"uv": [13.5, 10, 15.25, 10.25], "texture": "#texture"},
				"west": {"uv": [7.5, 10, 8.5, 10.25], "texture": "#texture"},
				"up": {"uv": [13.5, 7.5, 15.25, 8.5], "texture": "#texture"},
				"down": {"uv": [2.5, 8.5, 0.75, 7.5], "texture": "#texture"}
			}
		}
	],
	"gui_light": "front",
	"display": {
		"thirdperson_righthand": {
			"rotation": [0, -102, 0],
			"translation": [1.25, 1.75, -6.5],
			"scale": [0.8, 0.8, 0.8]
		},
		"thirdperson_lefthand": {
			"rotation": [0, 78, 0],
			"translation": [1.75, 1.75, -6.5],
			"scale": [0.8, 0.8, 0.8]
		},
		"firstperson_righthand": {
			"rotation": [180, -79.97, 180],
			"translation": [0.912, 7.1, 0.1],
			"scale": [0.97, 0.97, 0.99]
		},
		"firstperson_lefthand": {
			"rotation": [0, 80.15, 0],
			"translation": [1.54, 5.55, 0.25],
			"scale": [0.97, 0.97, 0.99]
		},
		"ground": {
			"translation": [-4, 5, 0],
			"scale": [0.96, 0.96, 0.96]
		},
		"gui": {
			"rotation": [0, 0, -45],
			"translation": [-1.25, 3.25, 0],
			"scale": [0.6, 0.6, 0.9]
		},
		"fixed": {
			"rotation": [0, 180, -45],
			"translation": [2.5, 3, -1.1],
			"scale": [0.9, 0.9, 0.9]
		}
	}
}