{
	"credit": "Made by SrDarmith - YouTube: Mainclay",
	"textures": {
		"particle": "item/anvil_1",
		"texture": "item/anvil_1"
	},
	"elements": [
		{
			"from": [-3.7, 9.15, 7.75],
			"to": [4.725, 9.4, 8.25],
			"rotation": {"angle": 0, "axis": "y", "origin": [0, -19, 0]},
			"faces": {
				"north": {"uv": [10.5, 11.75, 13, 12], "texture": "#texture", "cullface": "west"},
				"south": {"uv": [3, 11.75, 5.5, 12], "texture": "#texture", "cullface": "west"},
				"west": {"uv": [7.75, 6.75, 8.25, 7], "texture": "#texture", "cullface": "west"},
				"up": {"uv": [3, 12.75, 5.5, 13.25], "texture": "#texture", "cullface": "west"},
				"down": {"uv": [13, 13.25, 10.5, 12.75], "texture": "#texture", "cullface": "west"}
			}
		},
		{
			"from": [-4.425, 8.6, 7.4],
			"to": [-2.425, 9.2, 7.75],
			"faces": {
				"north": {"uv": [14.5, 7, 16, 7.5], "texture": "#texture", "cullface": "west"},
				"east": {"uv": [4, 7, 5, 8], "texture": "#texture"},
				"south": {"uv": [0, 7, 1.5, 7.5], "texture": "#texture", "cullface": "west"},
				"west": {"uv": [7.5, 7, 7.75, 7.5], "texture": "#texture", "cullface": "west"},
				"up": {"uv": [0, 7.5, 1.5, 7.75], "texture": "#texture", "cullface": "west"},
				"down": {"uv": [16, 7.75, 14.5, 7.5], "texture": "#texture", "cullface": "west"}
			}
		},
		{
			"from": [-4.425, 8.3, 7.7],
			"to": [-2.425, 8.65, 8.3],
			"faces": {
				"north": {"uv": [14.5, 7.5, 16, 7.75], "texture": "#texture", "cullface": "west"},
				"east": {"uv": [4, 7, 5, 8], "texture": "#texture"},
				"south": {"uv": [0, 7.5, 1.5, 7.75], "texture": "#texture", "cullface": "west"},
				"west": {"uv": [7.75, 7.5, 8.25, 7.75], "texture": "#texture", "cullface": "west"},
				"up": {"uv": [0, 7.75, 1.5, 8.25], "texture": "#texture", "cullface": "west"},
				"down": {"uv": [16, 8.25, 14.5, 7.75], "texture": "#texture", "cullface": "west"}
			}
		},
		{
			"from": [-4.425, 8.6, 8.25],
			"to": [-2.425, 9.2, 8.6],
			"faces": {
				"north": {"uv": [14.5, 7, 16, 7.5], "texture": "#texture", "cullface": "west"},
				"east": {"uv": [4, 7, 5, 8], "texture": "#texture"},
				"south": {"uv": [0, 7, 1.5, 7.5], "texture": "#texture", "cullface": "west"},
				"west": {"uv": [8.25, 7, 8.5, 7.5], "texture": "#texture", "cullface": "west"},
				"up": {"uv": [0, 8.25, 1.5, 8.5], "texture": "#texture", "cullface": "west"},
				"down": {"uv": [16, 8.5, 14.5, 8.25], "texture": "#texture", "cullface": "west"}
			}
		},
		{
			"from": [-4.425, 9.15, 7.7],
			"to": [-2.425, 9.5, 8.3],
			"faces": {
				"north": {"uv": [14.5, 6.75, 16, 7], "texture": "#texture", "cullface": "west"},
				"east": {"uv": [4, 7, 5, 8], "texture": "#texture"},
				"south": {"uv": [0, 6.75, 1.5, 7], "texture": "#texture", "cullface": "west"},
				"west": {"uv": [7.75, 6.75, 8.25, 7], "texture": "#texture", "cullface": "west"},
				"up": {"uv": [0, 7.75, 1.5, 8.25], "texture": "#texture", "cullface": "west"},
				"down": {"uv": [16, 8.25, 14.5, 7.75], "texture": "#texture", "cullface": "west"}
			}
		},
		{
			"from": [-2.7, 8.65, 7.5],
			"to": [5.725, 9.15, 7.75],
			"rotation": {"angle": 0, "axis": "y", "origin": [0, -19, 0]},
			"faces": {
				"north": {"uv": [10.5, 12, 13, 12.5], "texture": "#texture", "cullface": "west"},
				"south": {"uv": [3, 12, 5.5, 12.5], "texture": "#texture", "cullface": "west"},
				"west": {"uv": [7.5, 7, 7.75, 7.5], "texture": "#texture", "cullface": "west"},
				"up": {"uv": [3, 12.5, 5.5, 12.75], "texture": "#texture", "cullface": "west"},
				"down": {"uv": [13, 12.75, 10.5, 12.5], "texture": "#texture", "cullface": "west"}
			}
		},
		{
			"from": [-3.7, 8.65, 8.25],
			"to": [4.725, 9.15, 8.5],
			"rotation": {"angle": 0, "axis": "y", "origin": [0, -19, 0]},
			"faces": {
				"north": {"uv": [10.5, 12, 13, 12.5], "texture": "#texture", "cullface": "west"},
				"south": {"uv": [3, 12, 5.5, 12.5], "texture": "#texture", "cullface": "west"},
				"west": {"uv": [8.25, 7, 8.5, 7.5], "texture": "#texture", "cullface": "west"},
				"up": {"uv": [3, 13.25, 5.5, 13.5], "texture": "#texture", "cullface": "west"},
				"down": {"uv": [13, 13.5, 10.5, 13.25], "texture": "#texture", "cullface": "west"}
			}
		},
		{
			"from": [-3.7, 8.4, 7.75],
			"to": [4.725, 8.65, 8.25],
			"rotation": {"angle": 0, "axis": "y", "origin": [0, -19, 0]},
			"faces": {
				"north": {"uv": [10.5, 12.5, 13, 12.75], "texture": "#texture", "cullface": "west"},
				"south": {"uv": [3, 12.5, 5.5, 12.75], "texture": "#texture", "cullface": "west"},
				"west": {"uv": [7.75, 7.5, 8.25, 7.75], "texture": "#texture", "cullface": "west"},
				"up": {"uv": [3, 12.75, 5.5, 13.25], "texture": "#texture", "cullface": "west"},
				"down": {"uv": [13, 13.25, 10.5, 12.75], "texture": "#texture", "cullface": "west"}
			}
		},
		{
			"from": [1.5, 9.4, 7.5],
			"to": [5.75, 9.9, 8.5],
			"faces": {
				"north": {"uv": [10, 5.75, 12, 7], "texture": "#texture", "cullface": "west"},
				"south": {"uv": [10, 5.75, 12, 7], "texture": "#texture", "cullface": "west"},
				"west": {"uv": [10, 5.75, 12, 7], "texture": "#texture", "cullface": "west"},
				"up": {"uv": [10, 5.75, 12, 7], "texture": "#texture", "cullface": "west"},
				"down": {"uv": [12, 7, 10, 5.75], "texture": "#texture", "cullface": "west"}
			}
		},
		{
			"from": [25.425, 5.45, 7.7],
			"to": [26.025, 7.925, 8.3],
			"rotation": {"angle": 0, "axis": "y", "origin": [1.625, -1.325, 0]},
			"faces": {
				"north": {"uv": [15, 10, 16, 9], "texture": "#texture", "cullface": "east"},
				"east": {"uv": [15, 10, 16, 9], "texture": "#texture", "cullface": "east"},
				"south": {"uv": [15, 10, 16, 9], "texture": "#texture", "cullface": "east"},
				"west": {"uv": [15, 10, 16, 9], "texture": "#texture", "cullface": "east"},
				"down": {"uv": [15, 9, 16, 10], "texture": "#texture", "cullface": "east"}
			}
		},
		{
			"from": [20.725, 6.225, 7.7],
			"to": [26.775, 6.975, 8.3],
			"rotation": {"angle": -22.5, "axis": "z", "origin": [22.5, 7.325, 7.5]},
			"faces": {
				"north": {"uv": [15, 10, 16, 9], "texture": "#texture", "cullface": "east"},
				"east": {"uv": [15, 10, 16, 9], "texture": "#texture", "cullface": "east"},
				"south": {"uv": [15, 10, 16, 9], "texture": "#texture", "cullface": "east"},
				"west": {"uv": [15, 10, 16, 9], "texture": "#texture", "cullface": "east"},
				"up": {"uv": [15, 10, 16, 9], "texture": "#texture", "cullface": "east"},
				"down": {"uv": [15, 9, 16, 10], "texture": "#texture", "cullface": "east"}
			}
		},
		{
			"from": [26.025, 4.675, 7.25],
			"to": [26.775, 9.175, 8.75],
			"rotation": {"angle": 0, "axis": "y", "origin": [1.625, -1.325, 0]},
			"faces": {
				"north": {"uv": [15, 12, 16, 11], "texture": "#texture", "cullface": "east"},
				"east": {"uv": [15, 12, 16, 11], "texture": "#texture", "cullface": "east"},
				"south": {"uv": [15, 12, 16, 11], "texture": "#texture", "cullface": "east"},
				"west": {"uv": [15, 12, 16, 11], "texture": "#texture", "cullface": "east"},
				"up": {"uv": [15, 12, 16, 11], "texture": "#texture", "cullface": "east"},
				"down": {"uv": [15, 11, 16, 12], "texture": "#texture", "cullface": "east"}
			}
		},
		{
			"from": [18.9, 7.975, 7.45],
			"to": [20.15, 9.1, 8.55],
			"rotation": {"angle": 0, "axis": "y", "origin": [1.25, -1.325, 0]},
			"faces": {
				"north": {"uv": [10, 13, 8, 11], "texture": "#texture", "cullface": "east"},
				"east": {"uv": [10, 13, 8, 11], "texture": "#texture", "cullface": "east"},
				"south": {"uv": [8, 13, 10, 11], "texture": "#texture", "cullface": "east"},
				"west": {"uv": [10, 13, 8, 11], "texture": "#texture", "cullface": "east"},
				"up": {"uv": [8, 13, 10, 11], "texture": "#texture", "cullface": "east"},
				"down": {"uv": [8, 11, 10, 13], "texture": "#texture", "cullface": "east"}
			}
		},
		{
			"from": [20.425, 7, 7.7],
			"to": [22.025, 7.675, 8.3],
			"rotation": {"angle": 0, "axis": "y", "origin": [1.625, -1.325, 0]},
			"faces": {
				"north": {"uv": [15, 10, 16, 9], "texture": "#texture", "cullface": "east"},
				"east": {"uv": [15, 10, 16, 9], "texture": "#texture", "cullface": "east"},
				"south": {"uv": [15, 10, 16, 9], "texture": "#texture", "cullface": "east"},
				"west": {"uv": [15, 10, 16, 9], "texture": "#texture", "cullface": "east"},
				"down": {"uv": [15, 9, 16, 10], "texture": "#texture", "cullface": "east"}
			}
		},
		{
			"from": [20.425, 7.675, 7.5],
			"to": [26.025, 7.925, 8.5],
			"rotation": {"angle": 0, "axis": "y", "origin": [1.625, -1.325, 0]},
			"faces": {
				"north": {"uv": [15, 10, 16, 9], "texture": "#texture", "cullface": "east"},
				"east": {"uv": [15, 10, 16, 9], "texture": "#texture", "cullface": "east"},
				"south": {"uv": [15, 10, 16, 9], "texture": "#texture", "cullface": "east"},
				"west": {"uv": [15, 10, 16, 9], "texture": "#texture", "cullface": "east"},
				"down": {"uv": [15, 9, 16, 10], "texture": "#texture", "cullface": "east"}
			}
		},
		{
			"from": [20.175, 7.925, 7.25],
			"to": [26.025, 9.175, 8.75],
			"rotation": {"angle": 0, "axis": "y", "origin": [1.625, -1.325, 0]},
			"faces": {
				"north": {"uv": [15, 10, 16, 9], "texture": "#texture", "cullface": "east"},
				"south": {"uv": [15, 10, 16, 9], "texture": "#texture", "cullface": "east"},
				"west": {"uv": [15, 9, 16, 10], "texture": "#texture"},
				"up": {"uv": [15, 10, 16, 9], "texture": "#texture", "cullface": "east"},
				"down": {"uv": [15, 9, 16, 10], "texture": "#texture", "cullface": "east"}
			}
		},
		{
			"from": [1.5, 9.4, 7.75],
			"to": [5.75, 10.15, 8.25],
			"faces": {
				"north": {"uv": [10, 5.75, 12, 7], "texture": "#texture", "cullface": "west"},
				"south": {"uv": [10, 5.75, 12, 7], "texture": "#texture", "cullface": "west"},
				"west": {"uv": [10, 5.75, 12, 7], "texture": "#texture", "cullface": "west"},
				"up": {"uv": [10, 5.75, 12, 7], "texture": "#texture", "cullface": "west"},
				"down": {"uv": [12, 7, 10, 5.75], "texture": "#texture", "cullface": "west"}
			}
		},
		{
			"from": [1.5, 10.15, 7.75],
			"to": [2.25, 10.65, 8.25],
			"faces": {
				"north": {"uv": [14, 5.5, 15, 6], "texture": "#texture", "cullface": "west"},
				"east": {"uv": [7.75, 5.5, 8.25, 6], "texture": "#texture", "cullface": "west"},
				"south": {"uv": [1, 5.5, 2, 6], "texture": "#texture", "cullface": "west"},
				"west": {"uv": [7.75, 5.5, 8.25, 6], "texture": "#texture", "cullface": "west"},
				"up": {"uv": [1, 7.75, 2, 8.25], "texture": "#texture", "cullface": "west"}
			}
		},
		{
			"from": [1.5, 10.9, 7.5],
			"to": [2.25, 11.4, 7.75],
			"faces": {
				"north": {"uv": [16, 5, 15, 5.5], "texture": "#texture", "cullface": "west"},
				"east": {"uv": [8.25, 5, 8.5, 5.5], "texture": "#texture", "cullface": "west"},
				"south": {"uv": [0, 5, 1, 5.5], "texture": "#texture", "cullface": "west"},
				"west": {"uv": [7.5, 5, 7.75, 5.5], "texture": "#texture", "cullface": "west"},
				"up": {"uv": [0, 7.5, 1, 7.75], "texture": "#texture", "cullface": "west"},
				"down": {"uv": [16, 7.75, 15, 7.5], "texture": "#texture", "cullface": "west"}
			}
		},
		{
			"from": [1.5, 10.9, 8.25],
			"to": [2.25, 11.4, 8.5],
			"faces": {
				"north": {"uv": [16, 5, 15, 5.5], "texture": "#texture", "cullface": "west"},
				"east": {"uv": [7.5, 5, 7.75, 5.5], "texture": "#texture", "cullface": "west"},
				"south": {"uv": [0, 5, 1, 5.5], "texture": "#texture", "cullface": "west"},
				"west": {"uv": [8.25, 5, 8.5, 5.5], "texture": "#texture", "cullface": "west"},
				"up": {"uv": [0, 8.25, 1, 8.5], "texture": "#texture", "cullface": "west"},
				"down": {"uv": [16, 8.5, 15, 8.25], "texture": "#texture", "cullface": "west"}
			}
		},
		{
			"from": [1.5, 10.65, 7.75],
			"to": [2.25, 10.9, 8.25],
			"faces": {
				"north": {"uv": [16, 4.75, 16, 5], "texture": "#texture", "cullface": "west"},
				"east": {"uv": [7.75, 4.75, 8.25, 5], "texture": "#texture", "cullface": "west"},
				"south": {"uv": [0, 4.75, 0, 5], "texture": "#texture", "cullface": "west"},
				"west": {"uv": [7.75, 4.75, 8.25, 5], "texture": "#texture", "cullface": "west"},
				"up": {"uv": [0, 7.75, 0, 8.25], "texture": "#texture", "cullface": "west"},
				"down": {"uv": [16, 8.25, 16, 7.75], "texture": "#texture", "cullface": "west"}
			}
		},
		{
			"from": [2.75, 7.75, 7.125],
			"to": [9, 10, 8.875],
			"faces": {
				"north": {"uv": [15, 12, 16, 11], "texture": "#texture"},
				"east": {"uv": [15, 12, 16, 11], "texture": "#texture"},
				"south": {"uv": [15, 12, 16, 11], "texture": "#texture"},
				"west": {"uv": [15, 12, 16, 11], "texture": "#texture"},
				"up": {"uv": [15, 12, 16, 11], "texture": "#texture"},
				"down": {"uv": [15, 12, 16, 11], "texture": "#texture"}
			}
		},
		{
			"from": [2.75, 8, 6.875],
			"to": [9, 9.75, 9.125],
			"faces": {
				"north": {"uv": [15, 12, 16, 11], "texture": "#texture"},
				"east": {"uv": [15, 12, 16, 11], "texture": "#texture"},
				"south": {"uv": [15, 12, 16, 11], "texture": "#texture"},
				"west": {"uv": [15, 12, 16, 11], "texture": "#texture"},
				"up": {"uv": [15, 12, 16, 11], "texture": "#texture"},
				"down": {"uv": [15, 12, 16, 11], "texture": "#texture"}
			}
		},
		{
			"from": [2.75, 8.5, 6.625],
			"to": [9, 9.25, 9.375],
			"faces": {
				"north": {"uv": [15, 12, 16, 11], "texture": "#texture"},
				"east": {"uv": [15, 12, 16, 11], "texture": "#texture"},
				"south": {"uv": [15, 12, 16, 11], "texture": "#texture"},
				"west": {"uv": [15, 12, 16, 11], "texture": "#texture"},
				"up": {"uv": [15, 12, 16, 11], "texture": "#texture"},
				"down": {"uv": [15, 12, 16, 11], "texture": "#texture"}
			}
		},
		{
			"from": [2.5, 9.75, 7.625],
			"to": [18.25, 10.5, 8.375],
			"faces": {
				"north": {"uv": [0, 5.5, 8.25, 6.25], "texture": "#texture", "cullface": "east"},
				"east": {"uv": [7.5, 5.5, 8.5, 6.25], "texture": "#texture", "cullface": "east"},
				"south": {"uv": [0, 5.5, 8.25, 6.25], "texture": "#texture", "cullface": "east"},
				"west": {"uv": [5, 6, 6, 7], "texture": "#texture"},
				"up": {"uv": [7.75, 7.5, 16, 8.5], "texture": "#texture", "cullface": "east"}
			}
		},
		{
			"from": [8, 9.5, 7.375],
			"to": [18.75, 9.9, 8.625],
			"faces": {
				"north": {"uv": [0, 6.25, 8.25, 6.5], "texture": "#texture", "cullface": "east"},
				"east": {"uv": [7.25, 6.25, 8.75, 6.5], "texture": "#texture", "cullface": "east"},
				"south": {"uv": [0, 6.25, 8.25, 6.5], "texture": "#texture", "cullface": "east"},
				"up": {"uv": [7.75, 7.25, 16, 8.75], "texture": "#texture", "cullface": "east"}
			}
		},
		{
			"from": [13.375, 5.875, 7.2],
			"to": [13.75, 7.5, 8.8],
			"faces": {
				"north": {"uv": [11, 9, 9, 8], "texture": "#texture", "cullface": "east"},
				"east": {"uv": [9, 9, 11, 8], "texture": "#texture", "cullface": "east"},
				"south": {"uv": [11, 9, 9, 8], "texture": "#texture", "cullface": "east"},
				"west": {"uv": [9, 9, 11, 8], "texture": "#texture", "cullface": "east"},
				"up": {"uv": [11, 9, 9, 8], "texture": "#texture", "cullface": "east"},
				"down": {"uv": [9, 8, 11, 9], "texture": "#texture", "cullface": "east"}
			}
		},
		{
			"from": [12.75, 6.375, 7.2],
			"to": [13.375, 7.5, 8.8],
			"faces": {
				"north": {"uv": [11, 9, 9, 8], "texture": "#texture", "cullface": "east"},
				"east": {"uv": [9, 9, 11, 8], "texture": "#texture", "cullface": "east"},
				"south": {"uv": [11, 9, 9, 8], "texture": "#texture", "cullface": "east"},
				"west": {"uv": [9, 9, 11, 8], "texture": "#texture", "cullface": "east"},
				"up": {"uv": [11, 9, 9, 8], "texture": "#texture", "cullface": "east"},
				"down": {"uv": [9, 8, 11, 9], "texture": "#texture", "cullface": "east"}
			}
		},
		{
			"from": [8.875, 7.5, 7.2],
			"to": [19, 9.25, 8.8],
			"faces": {
				"north": {"uv": [15, 6.75, 7.75, 8.5], "texture": "#texture", "cullface": "east"},
				"east": {"uv": [7, 6.75, 9, 8.5], "texture": "#texture", "cullface": "east"},
				"south": {"uv": [7.75, 6.75, 15, 8.5], "texture": "#texture", "cullface": "east"},
				"west": {"uv": [7, 6.75, 9, 8.5], "texture": "#texture", "cullface": "east"},
				"up": {"uv": [7.75, 7, 15, 9], "texture": "#texture", "cullface": "east"},
				"down": {"uv": [15, 10, 7.75, 8], "texture": "#texture", "cullface": "east"}
			}
		},
		{
			"from": [9.875, 7.25, 7.2],
			"to": [12.75, 7.5, 8.8],
			"faces": {
				"north": {"uv": [11, 9, 9, 8], "texture": "#texture", "cullface": "east"},
				"east": {"uv": [11, 9, 9, 8], "texture": "#texture", "cullface": "east"},
				"south": {"uv": [9, 9, 11, 8], "texture": "#texture", "cullface": "east"},
				"west": {"uv": [11, 9, 9, 8], "texture": "#texture", "cullface": "east"},
				"up": {"uv": [9, 9, 11, 8], "texture": "#texture", "cullface": "east"},
				"down": {"uv": [9, 8, 11, 9], "texture": "#texture", "cullface": "east"}
			}
		},
		{
			"from": [10.875, 7, 7.2],
			"to": [12.75, 7.25, 8.8],
			"faces": {
				"north": {"uv": [11, 9, 9, 8], "texture": "#texture", "cullface": "east"},
				"east": {"uv": [11, 9, 9, 8], "texture": "#texture", "cullface": "east"},
				"south": {"uv": [9, 9, 11, 8], "texture": "#texture", "cullface": "east"},
				"west": {"uv": [11, 9, 9, 8], "texture": "#texture", "cullface": "east"},
				"up": {"uv": [9, 9, 11, 8], "texture": "#texture", "cullface": "east"},
				"down": {"uv": [9, 8, 11, 9], "texture": "#texture", "cullface": "east"}
			}
		},
		{
			"from": [11.875, 6.75, 7.2],
			"to": [12.75, 7, 8.8],
			"faces": {
				"north": {"uv": [11, 9, 9, 8], "texture": "#texture", "cullface": "east"},
				"east": {"uv": [11, 9, 9, 8], "texture": "#texture", "cullface": "east"},
				"south": {"uv": [9, 9, 11, 8], "texture": "#texture", "cullface": "east"},
				"west": {"uv": [11, 9, 9, 8], "texture": "#texture", "cullface": "east"},
				"up": {"uv": [9, 9, 11, 8], "texture": "#texture", "cullface": "east"},
				"down": {"uv": [9, 8, 11, 9], "texture": "#texture", "cullface": "east"}
			}
		},
		{
			"from": [17.35, 10.9, 7.575],
			"to": [17.625, 11.075, 7.85],
			"rotation": {"angle": 0, "axis": "y", "origin": [15.25, 8, 7.75]},
			"faces": {
				"north": {"uv": [8, 2, 8.25, 3.5], "texture": "#texture"},
				"east": {"uv": [7.5, 2, 8.5, 3.5], "texture": "#texture"},
				"south": {"uv": [7.75, 2, 8, 3.5], "texture": "#texture"},
				"west": {"uv": [7.5, 2, 8.5, 3.5], "texture": "#texture"},
				"up": {"uv": [6.75, 2.5, 8, 3.5], "texture": "#texture"},
				"down": {"uv": [8.25, 3.5, 8, 2.5], "texture": "#texture"}
			}
		},
		{
			"from": [17.35, 10.9, 8.15],
			"to": [17.625, 11.075, 8.425],
			"rotation": {"angle": 0, "axis": "y", "origin": [15.25, 8, 7.75]},
			"faces": {
				"north": {"uv": [8, 2, 8.25, 3.5], "texture": "#texture"},
				"east": {"uv": [7.5, 2, 8.5, 3.5], "texture": "#texture"},
				"south": {"uv": [7.75, 2, 8, 3.5], "texture": "#texture"},
				"west": {"uv": [7.5, 2, 8.5, 3.5], "texture": "#texture"},
				"up": {"uv": [6.75, 2.5, 8, 3.5], "texture": "#texture"},
				"down": {"uv": [8.25, 3.5, 8, 2.5], "texture": "#texture"}
			}
		},
		{
			"from": [17.225, 10.575, 7.575],
			"to": [17.75, 10.9, 8.425],
			"rotation": {"angle": 0, "axis": "y", "origin": [15.25, 8, 7.75]},
			"faces": {
				"north": {"uv": [8, 2, 8.25, 3.5], "texture": "#texture"},
				"east": {"uv": [7.5, 2, 8.5, 3.5], "texture": "#texture"},
				"south": {"uv": [7.75, 2, 8, 3.5], "texture": "#texture"},
				"west": {"uv": [7.5, 2, 8.5, 3.5], "texture": "#texture"},
				"up": {"uv": [6.75, 2.5, 8, 3.5], "texture": "#texture"},
				"down": {"uv": [8.25, 3.5, 8, 2.5], "texture": "#texture"}
			}
		},
		{
			"from": [15.8, 10.65, 7.7],
			"to": [15.925, 10.775, 8.3],
			"rotation": {"angle": 0, "axis": "y", "origin": [15.25, 8, 7.75]},
			"faces": {
				"north": {"uv": [8, 2, 8.25, 3.5], "texture": "#texture"},
				"east": {"uv": [7.5, 2, 8.5, 3.5], "texture": "#texture"},
				"south": {"uv": [7.75, 2, 8, 3.5], "texture": "#texture"},
				"west": {"uv": [7.5, 2, 8.5, 3.5], "texture": "#texture"},
				"up": {"uv": [6.75, 2.5, 8, 3.5], "texture": "#texture"},
				"down": {"uv": [8.25, 3.5, 8, 2.5], "texture": "#texture"}
			}
		},
		{
			"from": [15.55, 10.65, 7.7],
			"to": [15.675, 10.775, 8.3],
			"rotation": {"angle": 0, "axis": "y", "origin": [15.25, 8, 7.75]},
			"faces": {
				"north": {"uv": [8, 2, 8.25, 3.5], "texture": "#texture"},
				"east": {"uv": [7.5, 2, 8.5, 3.5], "texture": "#texture"},
				"south": {"uv": [7.75, 2, 8, 3.5], "texture": "#texture"},
				"west": {"uv": [7.5, 2, 8.5, 3.5], "texture": "#texture"},
				"up": {"uv": [6.75, 2.5, 8, 3.5], "texture": "#texture"},
				"down": {"uv": [8.25, 3.5, 8, 2.5], "texture": "#texture"}
			}
		},
		{
			"from": [15.3, 10.65, 7.7],
			"to": [15.425, 10.775, 8.3],
			"rotation": {"angle": 0, "axis": "y", "origin": [15.25, 8, 7.75]},
			"faces": {
				"north": {"uv": [8, 2, 8.25, 3.5], "texture": "#texture"},
				"east": {"uv": [7.5, 2, 8.5, 3.5], "texture": "#texture"},
				"south": {"uv": [7.75, 2, 8, 3.5], "texture": "#texture"},
				"west": {"uv": [7.5, 2, 8.5, 3.5], "texture": "#texture"},
				"up": {"uv": [6.75, 2.5, 8, 3.5], "texture": "#texture"},
				"down": {"uv": [8.25, 3.5, 8, 2.5], "texture": "#texture"}
			}
		},
		{
			"from": [15.05, 10.65, 7.7],
			"to": [15.175, 10.775, 8.3],
			"rotation": {"angle": 0, "axis": "y", "origin": [15.25, 8, 7.75]},
			"faces": {
				"north": {"uv": [8, 2, 8.25, 3.5], "texture": "#texture"},
				"east": {"uv": [7.5, 2, 8.5, 3.5], "texture": "#texture"},
				"south": {"uv": [7.75, 2, 8, 3.5], "texture": "#texture"},
				"west": {"uv": [7.5, 2, 8.5, 3.5], "texture": "#texture"},
				"up": {"uv": [6.75, 2.5, 8, 3.5], "texture": "#texture"},
				"down": {"uv": [8.25, 3.5, 8, 2.5], "texture": "#texture"}
			}
		},
		{
			"from": [16.8, 10.65, 7.7],
			"to": [16.925, 10.775, 8.3],
			"rotation": {"angle": 0, "axis": "y", "origin": [15.25, 8, 7.75]},
			"faces": {
				"north": {"uv": [8, 2, 8.25, 3.5], "texture": "#texture"},
				"east": {"uv": [7.5, 2, 8.5, 3.5], "texture": "#texture"},
				"south": {"uv": [7.75, 2, 8, 3.5], "texture": "#texture"},
				"west": {"uv": [7.5, 2, 8.5, 3.5], "texture": "#texture"},
				"up": {"uv": [6.75, 2.5, 8, 3.5], "texture": "#texture"},
				"down": {"uv": [8.25, 3.5, 8, 2.5], "texture": "#texture"}
			}
		},
		{
			"from": [17.05, 10.65, 7.7],
			"to": [17.175, 10.775, 8.3],
			"rotation": {"angle": 0, "axis": "y", "origin": [15.25, 8, 7.75]},
			"faces": {
				"north": {"uv": [8, 2, 8.25, 3.5], "texture": "#texture"},
				"east": {"uv": [7.5, 2, 8.5, 3.5], "texture": "#texture"},
				"south": {"uv": [7.75, 2, 8, 3.5], "texture": "#texture"},
				"west": {"uv": [7.5, 2, 8.5, 3.5], "texture": "#texture"},
				"up": {"uv": [6.75, 2.5, 8, 3.5], "texture": "#texture"},
				"down": {"uv": [8.25, 3.5, 8, 2.5], "texture": "#texture"}
			}
		},
		{
			"from": [16.55, 10.65, 7.7],
			"to": [16.675, 10.775, 8.3],
			"rotation": {"angle": 0, "axis": "y", "origin": [15.25, 8, 7.75]},
			"faces": {
				"north": {"uv": [8, 2, 8.25, 3.5], "texture": "#texture"},
				"east": {"uv": [7.5, 2, 8.5, 3.5], "texture": "#texture"},
				"south": {"uv": [7.75, 2, 8, 3.5], "texture": "#texture"},
				"west": {"uv": [7.5, 2, 8.5, 3.5], "texture": "#texture"},
				"up": {"uv": [6.75, 2.5, 8, 3.5], "texture": "#texture"},
				"down": {"uv": [8.25, 3.5, 8, 2.5], "texture": "#texture"}
			}
		},
		{
			"from": [17.8, 10.65, 7.7],
			"to": [17.925, 10.775, 8.3],
			"rotation": {"angle": 0, "axis": "y", "origin": [15.25, 8, 7.75]},
			"faces": {
				"north": {"uv": [8, 2, 8.25, 3.5], "texture": "#texture"},
				"east": {"uv": [7.5, 2, 8.5, 3.5], "texture": "#texture"},
				"south": {"uv": [7.75, 2, 8, 3.5], "texture": "#texture"},
				"west": {"uv": [7.5, 2, 8.5, 3.5], "texture": "#texture"},
				"up": {"uv": [6.75, 2.5, 8, 3.5], "texture": "#texture"},
				"down": {"uv": [8.25, 3.5, 8, 2.5], "texture": "#texture"}
			}
		},
		{
			"from": [17.55, 10.65, 7.7],
			"to": [17.675, 10.775, 8.3],
			"rotation": {"angle": 0, "axis": "y", "origin": [15.25, 8, 7.75]},
			"faces": {
				"north": {"uv": [8, 2, 8.25, 3.5], "texture": "#texture"},
				"east": {"uv": [7.5, 2, 8.5, 3.5], "texture": "#texture"},
				"south": {"uv": [7.75, 2, 8, 3.5], "texture": "#texture"},
				"west": {"uv": [7.5, 2, 8.5, 3.5], "texture": "#texture"},
				"up": {"uv": [6.75, 2.5, 8, 3.5], "texture": "#texture"},
				"down": {"uv": [8.25, 3.5, 8, 2.5], "texture": "#texture"}
			}
		},
		{
			"from": [17.3, 10.65, 7.7],
			"to": [17.425, 10.775, 8.3],
			"rotation": {"angle": 0, "axis": "y", "origin": [15.25, 8, 7.75]},
			"faces": {
				"north": {"uv": [8, 2, 8.25, 3.5], "texture": "#texture"},
				"east": {"uv": [7.5, 2, 8.5, 3.5], "texture": "#texture"},
				"south": {"uv": [7.75, 2, 8, 3.5], "texture": "#texture"},
				"west": {"uv": [7.5, 2, 8.5, 3.5], "texture": "#texture"},
				"up": {"uv": [6.75, 2.5, 8, 3.5], "texture": "#texture"},
				"down": {"uv": [8.25, 3.5, 8, 2.5], "texture": "#texture"}
			}
		},
		{
			"from": [16.3, 10.65, 7.7],
			"to": [16.425, 10.775, 8.3],
			"rotation": {"angle": 0, "axis": "y", "origin": [15.25, 8, 7.75]},
			"faces": {
				"north": {"uv": [8, 2, 8.25, 3.5], "texture": "#texture"},
				"east": {"uv": [7.5, 2, 8.5, 3.5], "texture": "#texture"},
				"south": {"uv": [7.75, 2, 8, 3.5], "texture": "#texture"},
				"west": {"uv": [7.5, 2, 8.5, 3.5], "texture": "#texture"},
				"up": {"uv": [6.75, 2.5, 8, 3.5], "texture": "#texture"},
				"down": {"uv": [8.25, 3.5, 8, 2.5], "texture": "#texture"}
			}
		},
		{
			"from": [16.05, 10.65, 7.7],
			"to": [16.175, 10.775, 8.3],
			"rotation": {"angle": 0, "axis": "y", "origin": [15.25, 8, 7.75]},
			"faces": {
				"north": {"uv": [8, 2, 8.25, 3.5], "texture": "#texture"},
				"east": {"uv": [7.5, 2, 8.5, 3.5], "texture": "#texture"},
				"south": {"uv": [7.75, 2, 8, 3.5], "texture": "#texture"},
				"west": {"uv": [7.5, 2, 8.5, 3.5], "texture": "#texture"},
				"up": {"uv": [6.75, 2.5, 8, 3.5], "texture": "#texture"},
				"down": {"uv": [8.25, 3.5, 8, 2.5], "texture": "#texture"}
			}
		},
		{
			"from": [14.8, 10.65, 7.7],
			"to": [14.925, 10.775, 8.3],
			"rotation": {"angle": 0, "axis": "y", "origin": [15.25, 8, 7.75]},
			"faces": {
				"north": {"uv": [8, 2, 8.25, 3.5], "texture": "#texture"},
				"east": {"uv": [7.5, 2, 8.5, 3.5], "texture": "#texture"},
				"south": {"uv": [7.75, 2, 8, 3.5], "texture": "#texture"},
				"west": {"uv": [7.5, 2, 8.5, 3.5], "texture": "#texture"},
				"up": {"uv": [6.75, 2.5, 8, 3.5], "texture": "#texture"},
				"down": {"uv": [8.25, 3.5, 8, 2.5], "texture": "#texture"}
			}
		},
		{
			"from": [14.55, 10.65, 7.7],
			"to": [14.675, 10.775, 8.3],
			"rotation": {"angle": 0, "axis": "y", "origin": [15.25, 8, 7.75]},
			"faces": {
				"north": {"uv": [8, 2, 8.25, 3.5], "texture": "#texture"},
				"east": {"uv": [7.5, 2, 8.5, 3.5], "texture": "#texture"},
				"south": {"uv": [7.75, 2, 8, 3.5], "texture": "#texture"},
				"west": {"uv": [7.5, 2, 8.5, 3.5], "texture": "#texture"},
				"up": {"uv": [6.75, 2.5, 8, 3.5], "texture": "#texture"},
				"down": {"uv": [8.25, 3.5, 8, 2.5], "texture": "#texture"}
			}
		},
		{
			"from": [14.3, 10.65, 7.7],
			"to": [14.425, 10.775, 8.3],
			"rotation": {"angle": 0, "axis": "y", "origin": [15.25, 8, 7.75]},
			"faces": {
				"north": {"uv": [8, 2, 8.25, 3.5], "texture": "#texture"},
				"east": {"uv": [7.5, 2, 8.5, 3.5], "texture": "#texture"},
				"south": {"uv": [7.75, 2, 8, 3.5], "texture": "#texture"},
				"west": {"uv": [7.5, 2, 8.5, 3.5], "texture": "#texture"},
				"up": {"uv": [6.75, 2.5, 8, 3.5], "texture": "#texture"},
				"down": {"uv": [8.25, 3.5, 8, 2.5], "texture": "#texture"}
			}
		},
		{
			"from": [14.05, 10.65, 7.7],
			"to": [14.175, 10.775, 8.3],
			"rotation": {"angle": 0, "axis": "y", "origin": [15.25, 8, 7.75]},
			"faces": {
				"north": {"uv": [8, 2, 8.25, 3.5], "texture": "#texture"},
				"east": {"uv": [7.5, 2, 8.5, 3.5], "texture": "#texture"},
				"south": {"uv": [7.75, 2, 8, 3.5], "texture": "#texture"},
				"west": {"uv": [7.5, 2, 8.5, 3.5], "texture": "#texture"},
				"up": {"uv": [6.75, 2.5, 8, 3.5], "texture": "#texture"},
				"down": {"uv": [8.25, 3.5, 8, 2.5], "texture": "#texture"}
			}
		},
		{
			"from": [13.8, 10.65, 7.7],
			"to": [13.925, 10.775, 8.3],
			"rotation": {"angle": 0, "axis": "y", "origin": [15.25, 8, 7.75]},
			"faces": {
				"north": {"uv": [8, 2, 8.25, 3.5], "texture": "#texture"},
				"east": {"uv": [7.5, 2, 8.5, 3.5], "texture": "#texture"},
				"south": {"uv": [7.75, 2, 8, 3.5], "texture": "#texture"},
				"west": {"uv": [7.5, 2, 8.5, 3.5], "texture": "#texture"},
				"up": {"uv": [6.75, 2.5, 8, 3.5], "texture": "#texture"},
				"down": {"uv": [8.25, 3.5, 8, 2.5], "texture": "#texture"}
			}
		},
		{
			"from": [13.55, 10.65, 7.7],
			"to": [13.675, 10.775, 8.3],
			"rotation": {"angle": 0, "axis": "y", "origin": [15.25, 8, 7.75]},
			"faces": {
				"north": {"uv": [8, 2, 8.25, 3.5], "texture": "#texture"},
				"east": {"uv": [7.5, 2, 8.5, 3.5], "texture": "#texture"},
				"south": {"uv": [7.75, 2, 8, 3.5], "texture": "#texture"},
				"west": {"uv": [7.5, 2, 8.5, 3.5], "texture": "#texture"},
				"up": {"uv": [6.75, 2.5, 8, 3.5], "texture": "#texture"},
				"down": {"uv": [8.25, 3.5, 8, 2.5], "texture": "#texture"}
			}
		},
		{
			"from": [13.3, 10.65, 7.7],
			"to": [13.425, 10.775, 8.3],
			"rotation": {"angle": 0, "axis": "y", "origin": [15.25, 8, 7.75]},
			"faces": {
				"north": {"uv": [8, 2, 8.25, 3.5], "texture": "#texture"},
				"east": {"uv": [7.5, 2, 8.5, 3.5], "texture": "#texture"},
				"south": {"uv": [7.75, 2, 8, 3.5], "texture": "#texture"},
				"west": {"uv": [7.5, 2, 8.5, 3.5], "texture": "#texture"},
				"up": {"uv": [6.75, 2.5, 8, 3.5], "texture": "#texture"},
				"down": {"uv": [8.25, 3.5, 8, 2.5], "texture": "#texture"}
			}
		},
		{
			"from": [4.3, 10.65, 7.7],
			"to": [4.425, 10.775, 8.3],
			"rotation": {"angle": 0, "axis": "y", "origin": [15.25, 8, 7.75]},
			"faces": {
				"north": {"uv": [8, 2, 8.25, 3.5], "texture": "#texture"},
				"east": {"uv": [7.5, 2, 8.5, 3.5], "texture": "#texture"},
				"south": {"uv": [7.75, 2, 8, 3.5], "texture": "#texture"},
				"west": {"uv": [7.5, 2, 8.5, 3.5], "texture": "#texture"},
				"up": {"uv": [6.75, 2.5, 8, 3.5], "texture": "#texture"},
				"down": {"uv": [8.25, 3.5, 8, 2.5], "texture": "#texture"}
			}
		},
		{
			"from": [3.3, 10.65, 7.7],
			"to": [3.425, 10.775, 8.3],
			"rotation": {"angle": 0, "axis": "y", "origin": [15.25, 8, 7.75]},
			"faces": {
				"north": {"uv": [8, 2, 8.25, 3.5], "texture": "#texture"},
				"east": {"uv": [7.5, 2, 8.5, 3.5], "texture": "#texture"},
				"south": {"uv": [7.75, 2, 8, 3.5], "texture": "#texture"},
				"west": {"uv": [7.5, 2, 8.5, 3.5], "texture": "#texture"},
				"up": {"uv": [6.75, 2.5, 8, 3.5], "texture": "#texture"},
				"down": {"uv": [8.25, 3.5, 8, 2.5], "texture": "#texture"}
			}
		},
		{
			"from": [3.55, 10.65, 7.7],
			"to": [3.675, 10.775, 8.3],
			"rotation": {"angle": 0, "axis": "y", "origin": [15.25, 8, 7.75]},
			"faces": {
				"north": {"uv": [8, 2, 8.25, 3.5], "texture": "#texture"},
				"east": {"uv": [7.5, 2, 8.5, 3.5], "texture": "#texture"},
				"south": {"uv": [7.75, 2, 8, 3.5], "texture": "#texture"},
				"west": {"uv": [7.5, 2, 8.5, 3.5], "texture": "#texture"},
				"up": {"uv": [6.75, 2.5, 8, 3.5], "texture": "#texture"},
				"down": {"uv": [8.25, 3.5, 8, 2.5], "texture": "#texture"}
			}
		},
		{
			"from": [4.55, 10.65, 7.7],
			"to": [4.675, 10.775, 8.3],
			"rotation": {"angle": 0, "axis": "y", "origin": [15.25, 8, 7.75]},
			"faces": {
				"north": {"uv": [8, 2, 8.25, 3.5], "texture": "#texture"},
				"east": {"uv": [7.5, 2, 8.5, 3.5], "texture": "#texture"},
				"south": {"uv": [7.75, 2, 8, 3.5], "texture": "#texture"},
				"west": {"uv": [7.5, 2, 8.5, 3.5], "texture": "#texture"},
				"up": {"uv": [6.75, 2.5, 8, 3.5], "texture": "#texture"},
				"down": {"uv": [8.25, 3.5, 8, 2.5], "texture": "#texture"}
			}
		},
		{
			"from": [4.8, 10.65, 7.7],
			"to": [4.925, 10.775, 8.3],
			"rotation": {"angle": 0, "axis": "y", "origin": [15.25, 8, 7.75]},
			"faces": {
				"north": {"uv": [8, 2, 8.25, 3.5], "texture": "#texture"},
				"east": {"uv": [7.5, 2, 8.5, 3.5], "texture": "#texture"},
				"south": {"uv": [7.75, 2, 8, 3.5], "texture": "#texture"},
				"west": {"uv": [7.5, 2, 8.5, 3.5], "texture": "#texture"},
				"up": {"uv": [6.75, 2.5, 8, 3.5], "texture": "#texture"},
				"down": {"uv": [8.25, 3.5, 8, 2.5], "texture": "#texture"}
			}
		},
		{
			"from": [5.05, 10.65, 7.7],
			"to": [5.175, 10.775, 8.3],
			"rotation": {"angle": 0, "axis": "y", "origin": [15.25, 8, 7.75]},
			"faces": {
				"north": {"uv": [8, 2, 8.25, 3.5], "texture": "#texture"},
				"east": {"uv": [7.5, 2, 8.5, 3.5], "texture": "#texture"},
				"south": {"uv": [7.75, 2, 8, 3.5], "texture": "#texture"},
				"west": {"uv": [7.5, 2, 8.5, 3.5], "texture": "#texture"},
				"up": {"uv": [6.75, 2.5, 8, 3.5], "texture": "#texture"},
				"down": {"uv": [8.25, 3.5, 8, 2.5], "texture": "#texture"}
			}
		},
		{
			"from": [5.3, 10.65, 7.7],
			"to": [5.425, 10.775, 8.3],
			"rotation": {"angle": 0, "axis": "y", "origin": [15.25, 8, 7.75]},
			"faces": {
				"north": {"uv": [8, 2, 8.25, 3.5], "texture": "#texture"},
				"east": {"uv": [7.5, 2, 8.5, 3.5], "texture": "#texture"},
				"south": {"uv": [7.75, 2, 8, 3.5], "texture": "#texture"},
				"west": {"uv": [7.5, 2, 8.5, 3.5], "texture": "#texture"},
				"up": {"uv": [6.75, 2.5, 8, 3.5], "texture": "#texture"},
				"down": {"uv": [8.25, 3.5, 8, 2.5], "texture": "#texture"}
			}
		},
		{
			"from": [2.55, 10.65, 7.7],
			"to": [3.175, 10.775, 8.3],
			"rotation": {"angle": 0, "axis": "y", "origin": [15.25, 8, 7.75]},
			"faces": {
				"north": {"uv": [8, 2, 8.25, 3.5], "texture": "#texture"},
				"east": {"uv": [7.5, 2, 8.5, 3.5], "texture": "#texture"},
				"south": {"uv": [7.75, 2, 8, 3.5], "texture": "#texture"},
				"west": {"uv": [7.5, 2, 8.5, 3.5], "texture": "#texture"},
				"up": {"uv": [6.75, 2.5, 8, 3.5], "texture": "#texture"},
				"down": {"uv": [8.25, 3.5, 8, 2.5], "texture": "#texture"}
			}
		},
		{
			"from": [3.8, 10.65, 7.7],
			"to": [3.925, 10.775, 8.3],
			"rotation": {"angle": 0, "axis": "y", "origin": [15.25, 8, 7.75]},
			"faces": {
				"north": {"uv": [8, 2, 8.25, 3.5], "texture": "#texture"},
				"east": {"uv": [7.5, 2, 8.5, 3.5], "texture": "#texture"},
				"south": {"uv": [7.75, 2, 8, 3.5], "texture": "#texture"},
				"west": {"uv": [7.5, 2, 8.5, 3.5], "texture": "#texture"},
				"up": {"uv": [6.75, 2.5, 8, 3.5], "texture": "#texture"},
				"down": {"uv": [8.25, 3.5, 8, 2.5], "texture": "#texture"}
			}
		},
		{
			"from": [4.05, 10.65, 7.7],
			"to": [4.175, 10.775, 8.3],
			"rotation": {"angle": 0, "axis": "y", "origin": [15.25, 8, 7.75]},
			"faces": {
				"north": {"uv": [8, 2, 8.25, 3.5], "texture": "#texture"},
				"east": {"uv": [7.5, 2, 8.5, 3.5], "texture": "#texture"},
				"south": {"uv": [7.75, 2, 8, 3.5], "texture": "#texture"},
				"west": {"uv": [7.5, 2, 8.5, 3.5], "texture": "#texture"},
				"up": {"uv": [6.75, 2.5, 8, 3.5], "texture": "#texture"},
				"down": {"uv": [8.25, 3.5, 8, 2.5], "texture": "#texture"}
			}
		},
		{
			"from": [5.55, 10.65, 7.7],
			"to": [5.675, 10.775, 8.3],
			"rotation": {"angle": 0, "axis": "y", "origin": [15.25, 8, 7.75]},
			"faces": {
				"north": {"uv": [8, 2, 8.25, 3.5], "texture": "#texture"},
				"east": {"uv": [7.5, 2, 8.5, 3.5], "texture": "#texture"},
				"south": {"uv": [7.75, 2, 8, 3.5], "texture": "#texture"},
				"west": {"uv": [7.5, 2, 8.5, 3.5], "texture": "#texture"},
				"up": {"uv": [6.75, 2.5, 8, 3.5], "texture": "#texture"},
				"down": {"uv": [8.25, 3.5, 8, 2.5], "texture": "#texture"}
			}
		},
		{
			"from": [5.8, 10.65, 7.7],
			"to": [5.925, 10.775, 8.3],
			"rotation": {"angle": 0, "axis": "y", "origin": [15.25, 8, 7.75]},
			"faces": {
				"north": {"uv": [8, 2, 8.25, 3.5], "texture": "#texture"},
				"east": {"uv": [7.5, 2, 8.5, 3.5], "texture": "#texture"},
				"south": {"uv": [7.75, 2, 8, 3.5], "texture": "#texture"},
				"west": {"uv": [7.5, 2, 8.5, 3.5], "texture": "#texture"},
				"up": {"uv": [6.75, 2.5, 8, 3.5], "texture": "#texture"},
				"down": {"uv": [8.25, 3.5, 8, 2.5], "texture": "#texture"}
			}
		},
		{
			"from": [6.05, 10.65, 7.7],
			"to": [6.175, 10.775, 8.3],
			"rotation": {"angle": 0, "axis": "y", "origin": [15.25, 8, 7.75]},
			"faces": {
				"north": {"uv": [8, 2, 8.25, 3.5], "texture": "#texture"},
				"east": {"uv": [7.5, 2, 8.5, 3.5], "texture": "#texture"},
				"south": {"uv": [7.75, 2, 8, 3.5], "texture": "#texture"},
				"west": {"uv": [7.5, 2, 8.5, 3.5], "texture": "#texture"},
				"up": {"uv": [6.75, 2.5, 8, 3.5], "texture": "#texture"},
				"down": {"uv": [8.25, 3.5, 8, 2.5], "texture": "#texture"}
			}
		},
		{
			"from": [6.3, 10.65, 7.7],
			"to": [6.425, 10.775, 8.3],
			"rotation": {"angle": 0, "axis": "y", "origin": [15.25, 8, 7.75]},
			"faces": {
				"north": {"uv": [8, 2, 8.25, 3.5], "texture": "#texture"},
				"east": {"uv": [7.5, 2, 8.5, 3.5], "texture": "#texture"},
				"south": {"uv": [7.75, 2, 8, 3.5], "texture": "#texture"},
				"west": {"uv": [7.5, 2, 8.5, 3.5], "texture": "#texture"},
				"up": {"uv": [6.75, 2.5, 8, 3.5], "texture": "#texture"},
				"down": {"uv": [8.25, 3.5, 8, 2.5], "texture": "#texture"}
			}
		},
		{
			"from": [6.55, 10.65, 7.7],
			"to": [6.675, 10.775, 8.3],
			"rotation": {"angle": 0, "axis": "y", "origin": [15.25, 8, 7.75]},
			"faces": {
				"north": {"uv": [8, 2, 8.25, 3.5], "texture": "#texture"},
				"east": {"uv": [7.5, 2, 8.5, 3.5], "texture": "#texture"},
				"south": {"uv": [7.75, 2, 8, 3.5], "texture": "#texture"},
				"west": {"uv": [7.5, 2, 8.5, 3.5], "texture": "#texture"},
				"up": {"uv": [6.75, 2.5, 8, 3.5], "texture": "#texture"},
				"down": {"uv": [8.25, 3.5, 8, 2.5], "texture": "#texture"}
			}
		},
		{
			"from": [6.8, 10.65, 7.7],
			"to": [6.925, 10.775, 8.3],
			"rotation": {"angle": 0, "axis": "y", "origin": [15.25, 8, 7.75]},
			"faces": {
				"north": {"uv": [8, 2, 8.25, 3.5], "texture": "#texture"},
				"east": {"uv": [7.5, 2, 8.5, 3.5], "texture": "#texture"},
				"south": {"uv": [7.75, 2, 8, 3.5], "texture": "#texture"},
				"west": {"uv": [7.5, 2, 8.5, 3.5], "texture": "#texture"},
				"up": {"uv": [6.75, 2.5, 8, 3.5], "texture": "#texture"},
				"down": {"uv": [8.25, 3.5, 8, 2.5], "texture": "#texture"}
			}
		},
		{
			"from": [7.05, 10.65, 7.7],
			"to": [7.175, 10.775, 8.3],
			"rotation": {"angle": 0, "axis": "y", "origin": [15.25, 8, 7.75]},
			"faces": {
				"north": {"uv": [8, 2, 8.25, 3.5], "texture": "#texture"},
				"east": {"uv": [7.5, 2, 8.5, 3.5], "texture": "#texture"},
				"south": {"uv": [7.75, 2, 8, 3.5], "texture": "#texture"},
				"west": {"uv": [7.5, 2, 8.5, 3.5], "texture": "#texture"},
				"up": {"uv": [6.75, 2.5, 8, 3.5], "texture": "#texture"},
				"down": {"uv": [8.25, 3.5, 8, 2.5], "texture": "#texture"}
			}
		},
		{
			"from": [7.3, 10.65, 7.7],
			"to": [7.425, 10.775, 8.3],
			"rotation": {"angle": 0, "axis": "y", "origin": [15.25, 8, 7.75]},
			"faces": {
				"north": {"uv": [8, 2, 8.25, 3.5], "texture": "#texture"},
				"east": {"uv": [7.5, 2, 8.5, 3.5], "texture": "#texture"},
				"south": {"uv": [7.75, 2, 8, 3.5], "texture": "#texture"},
				"west": {"uv": [7.5, 2, 8.5, 3.5], "texture": "#texture"},
				"up": {"uv": [6.75, 2.5, 8, 3.5], "texture": "#texture"},
				"down": {"uv": [8.25, 3.5, 8, 2.5], "texture": "#texture"}
			}
		},
		{
			"from": [7.55, 10.65, 7.7],
			"to": [7.675, 10.775, 8.3],
			"rotation": {"angle": 0, "axis": "y", "origin": [15.25, 8, 7.75]},
			"faces": {
				"north": {"uv": [8, 2, 8.25, 3.5], "texture": "#texture"},
				"east": {"uv": [7.5, 2, 8.5, 3.5], "texture": "#texture"},
				"south": {"uv": [7.75, 2, 8, 3.5], "texture": "#texture"},
				"west": {"uv": [7.5, 2, 8.5, 3.5], "texture": "#texture"},
				"up": {"uv": [6.75, 2.5, 8, 3.5], "texture": "#texture"},
				"down": {"uv": [8.25, 3.5, 8, 2.5], "texture": "#texture"}
			}
		},
		{
			"from": [7.8, 10.65, 7.7],
			"to": [7.925, 10.775, 8.3],
			"rotation": {"angle": 0, "axis": "y", "origin": [15.25, 8, 7.75]},
			"faces": {
				"north": {"uv": [8, 2, 8.25, 3.5], "texture": "#texture"},
				"east": {"uv": [7.5, 2, 8.5, 3.5], "texture": "#texture"},
				"south": {"uv": [7.75, 2, 8, 3.5], "texture": "#texture"},
				"west": {"uv": [7.5, 2, 8.5, 3.5], "texture": "#texture"},
				"up": {"uv": [6.75, 2.5, 8, 3.5], "texture": "#texture"},
				"down": {"uv": [8.25, 3.5, 8, 2.5], "texture": "#texture"}
			}
		},
		{
			"from": [8.05, 10.65, 7.7],
			"to": [8.175, 10.775, 8.3],
			"rotation": {"angle": 0, "axis": "y", "origin": [15.25, 8, 7.75]},
			"faces": {
				"north": {"uv": [8, 2, 8.25, 3.5], "texture": "#texture"},
				"east": {"uv": [7.5, 2, 8.5, 3.5], "texture": "#texture"},
				"south": {"uv": [7.75, 2, 8, 3.5], "texture": "#texture"},
				"west": {"uv": [7.5, 2, 8.5, 3.5], "texture": "#texture"},
				"up": {"uv": [6.75, 2.5, 8, 3.5], "texture": "#texture"},
				"down": {"uv": [8.25, 3.5, 8, 2.5], "texture": "#texture"}
			}
		},
		{
			"from": [8.3, 10.65, 7.7],
			"to": [8.425, 10.775, 8.3],
			"rotation": {"angle": 0, "axis": "y", "origin": [15.25, 8, 7.75]},
			"faces": {
				"north": {"uv": [8, 2, 8.25, 3.5], "texture": "#texture"},
				"east": {"uv": [7.5, 2, 8.5, 3.5], "texture": "#texture"},
				"south": {"uv": [7.75, 2, 8, 3.5], "texture": "#texture"},
				"west": {"uv": [7.5, 2, 8.5, 3.5], "texture": "#texture"},
				"up": {"uv": [6.75, 2.5, 8, 3.5], "texture": "#texture"},
				"down": {"uv": [8.25, 3.5, 8, 2.5], "texture": "#texture"}
			}
		},
		{
			"from": [8.55, 10.65, 7.7],
			"to": [8.675, 10.775, 8.3],
			"rotation": {"angle": 0, "axis": "y", "origin": [15.25, 8, 7.75]},
			"faces": {
				"north": {"uv": [8, 2, 8.25, 3.5], "texture": "#texture"},
				"east": {"uv": [7.5, 2, 8.5, 3.5], "texture": "#texture"},
				"south": {"uv": [7.75, 2, 8, 3.5], "texture": "#texture"},
				"west": {"uv": [7.5, 2, 8.5, 3.5], "texture": "#texture"},
				"up": {"uv": [6.75, 2.5, 8, 3.5], "texture": "#texture"},
				"down": {"uv": [8.25, 3.5, 8, 2.5], "texture": "#texture"}
			}
		},
		{
			"from": [13.05, 10.65, 7.7],
			"to": [13.175, 10.775, 8.3],
			"rotation": {"angle": 0, "axis": "y", "origin": [15.25, 8, 7.75]},
			"faces": {
				"north": {"uv": [8, 2, 8.25, 3.5], "texture": "#texture"},
				"east": {"uv": [7.5, 2, 8.5, 3.5], "texture": "#texture"},
				"south": {"uv": [7.75, 2, 8, 3.5], "texture": "#texture"},
				"west": {"uv": [7.5, 2, 8.5, 3.5], "texture": "#texture"},
				"up": {"uv": [6.75, 2.5, 8, 3.5], "texture": "#texture"},
				"down": {"uv": [8.25, 3.5, 8, 2.5], "texture": "#texture"}
			}
		},
		{
			"from": [12.8, 10.65, 7.7],
			"to": [12.925, 10.775, 8.3],
			"rotation": {"angle": 0, "axis": "y", "origin": [15.25, 8, 7.75]},
			"faces": {
				"north": {"uv": [8, 2, 8.25, 3.5], "texture": "#texture"},
				"east": {"uv": [7.5, 2, 8.5, 3.5], "texture": "#texture"},
				"south": {"uv": [7.75, 2, 8, 3.5], "texture": "#texture"},
				"west": {"uv": [7.5, 2, 8.5, 3.5], "texture": "#texture"},
				"up": {"uv": [6.75, 2.5, 8, 3.5], "texture": "#texture"},
				"down": {"uv": [8.25, 3.5, 8, 2.5], "texture": "#texture"}
			}
		},
		{
			"from": [12.55, 10.65, 7.7],
			"to": [12.675, 10.775, 8.3],
			"rotation": {"angle": 0, "axis": "y", "origin": [15.25, 8, 7.75]},
			"faces": {
				"north": {"uv": [8, 2, 8.25, 3.5], "texture": "#texture"},
				"east": {"uv": [7.5, 2, 8.5, 3.5], "texture": "#texture"},
				"south": {"uv": [7.75, 2, 8, 3.5], "texture": "#texture"},
				"west": {"uv": [7.5, 2, 8.5, 3.5], "texture": "#texture"},
				"up": {"uv": [6.75, 2.5, 8, 3.5], "texture": "#texture"},
				"down": {"uv": [8.25, 3.5, 8, 2.5], "texture": "#texture"}
			}
		},
		{
			"from": [12.3, 10.65, 7.7],
			"to": [12.425, 10.775, 8.3],
			"rotation": {"angle": 0, "axis": "y", "origin": [15.25, 8, 7.75]},
			"faces": {
				"north": {"uv": [8, 2, 8.25, 3.5], "texture": "#texture"},
				"east": {"uv": [7.5, 2, 8.5, 3.5], "texture": "#texture"},
				"south": {"uv": [7.75, 2, 8, 3.5], "texture": "#texture"},
				"west": {"uv": [7.5, 2, 8.5, 3.5], "texture": "#texture"},
				"up": {"uv": [6.75, 2.5, 8, 3.5], "texture": "#texture"},
				"down": {"uv": [8.25, 3.5, 8, 2.5], "texture": "#texture"}
			}
		},
		{
			"from": [12.05, 10.65, 7.7],
			"to": [12.175, 10.775, 8.3],
			"rotation": {"angle": 0, "axis": "y", "origin": [15.25, 8, 7.75]},
			"faces": {
				"north": {"uv": [8, 2, 8.25, 3.5], "texture": "#texture"},
				"east": {"uv": [7.5, 2, 8.5, 3.5], "texture": "#texture"},
				"south": {"uv": [7.75, 2, 8, 3.5], "texture": "#texture"},
				"west": {"uv": [7.5, 2, 8.5, 3.5], "texture": "#texture"},
				"up": {"uv": [6.75, 2.5, 8, 3.5], "texture": "#texture"},
				"down": {"uv": [8.25, 3.5, 8, 2.5], "texture": "#texture"}
			}
		},
		{
			"from": [11.8, 10.65, 7.7],
			"to": [11.925, 10.775, 8.3],
			"rotation": {"angle": 0, "axis": "y", "origin": [15.25, 8, 7.75]},
			"faces": {
				"north": {"uv": [8, 2, 8.25, 3.5], "texture": "#texture"},
				"east": {"uv": [7.5, 2, 8.5, 3.5], "texture": "#texture"},
				"south": {"uv": [7.75, 2, 8, 3.5], "texture": "#texture"},
				"west": {"uv": [7.5, 2, 8.5, 3.5], "texture": "#texture"},
				"up": {"uv": [6.75, 2.5, 8, 3.5], "texture": "#texture"},
				"down": {"uv": [8.25, 3.5, 8, 2.5], "texture": "#texture"}
			}
		},
		{
			"from": [11.55, 10.65, 7.7],
			"to": [11.675, 10.775, 8.3],
			"rotation": {"angle": 0, "axis": "y", "origin": [15.25, 8, 7.75]},
			"faces": {
				"north": {"uv": [8, 2, 8.25, 3.5], "texture": "#texture"},
				"east": {"uv": [7.5, 2, 8.5, 3.5], "texture": "#texture"},
				"south": {"uv": [7.75, 2, 8, 3.5], "texture": "#texture"},
				"west": {"uv": [7.5, 2, 8.5, 3.5], "texture": "#texture"},
				"up": {"uv": [6.75, 2.5, 8, 3.5], "texture": "#texture"},
				"down": {"uv": [8.25, 3.5, 8, 2.5], "texture": "#texture"}
			}
		},
		{
			"from": [11.3, 10.65, 7.7],
			"to": [11.425, 10.775, 8.3],
			"rotation": {"angle": 0, "axis": "y", "origin": [15.25, 8, 7.75]},
			"faces": {
				"north": {"uv": [8, 2, 8.25, 3.5], "texture": "#texture"},
				"east": {"uv": [7.5, 2, 8.5, 3.5], "texture": "#texture"},
				"south": {"uv": [7.75, 2, 8, 3.5], "texture": "#texture"},
				"west": {"uv": [7.5, 2, 8.5, 3.5], "texture": "#texture"},
				"up": {"uv": [6.75, 2.5, 8, 3.5], "texture": "#texture"},
				"down": {"uv": [8.25, 3.5, 8, 2.5], "texture": "#texture"}
			}
		},
		{
			"from": [11.05, 10.65, 7.7],
			"to": [11.175, 10.775, 8.3],
			"rotation": {"angle": 0, "axis": "y", "origin": [15.25, 8, 7.75]},
			"faces": {
				"north": {"uv": [8, 2, 8.25, 3.5], "texture": "#texture"},
				"east": {"uv": [7.5, 2, 8.5, 3.5], "texture": "#texture"},
				"south": {"uv": [7.75, 2, 8, 3.5], "texture": "#texture"},
				"west": {"uv": [7.5, 2, 8.5, 3.5], "texture": "#texture"},
				"up": {"uv": [6.75, 2.5, 8, 3.5], "texture": "#texture"},
				"down": {"uv": [8.25, 3.5, 8, 2.5], "texture": "#texture"}
			}
		},
		{
			"from": [10.8, 10.65, 7.7],
			"to": [10.925, 10.775, 8.3],
			"rotation": {"angle": 0, "axis": "y", "origin": [15.25, 8, 7.75]},
			"faces": {
				"north": {"uv": [8, 2, 8.25, 3.5], "texture": "#texture"},
				"east": {"uv": [7.5, 2, 8.5, 3.5], "texture": "#texture"},
				"south": {"uv": [7.75, 2, 8, 3.5], "texture": "#texture"},
				"west": {"uv": [7.5, 2, 8.5, 3.5], "texture": "#texture"},
				"up": {"uv": [6.75, 2.5, 8, 3.5], "texture": "#texture"},
				"down": {"uv": [8.25, 3.5, 8, 2.5], "texture": "#texture"}
			}
		},
		{
			"from": [10.55, 10.65, 7.7],
			"to": [10.675, 10.775, 8.3],
			"rotation": {"angle": 0, "axis": "y", "origin": [15.25, 8, 7.75]},
			"faces": {
				"north": {"uv": [8, 2, 8.25, 3.5], "texture": "#texture"},
				"east": {"uv": [7.5, 2, 8.5, 3.5], "texture": "#texture"},
				"south": {"uv": [7.75, 2, 8, 3.5], "texture": "#texture"},
				"west": {"uv": [7.5, 2, 8.5, 3.5], "texture": "#texture"},
				"up": {"uv": [6.75, 2.5, 8, 3.5], "texture": "#texture"},
				"down": {"uv": [8.25, 3.5, 8, 2.5], "texture": "#texture"}
			}
		},
		{
			"from": [10.3, 10.65, 7.7],
			"to": [10.425, 10.775, 8.3],
			"rotation": {"angle": 0, "axis": "y", "origin": [15.25, 8, 7.75]},
			"faces": {
				"north": {"uv": [8, 2, 8.25, 3.5], "texture": "#texture"},
				"east": {"uv": [7.5, 2, 8.5, 3.5], "texture": "#texture"},
				"south": {"uv": [7.75, 2, 8, 3.5], "texture": "#texture"},
				"west": {"uv": [7.5, 2, 8.5, 3.5], "texture": "#texture"},
				"up": {"uv": [6.75, 2.5, 8, 3.5], "texture": "#texture"},
				"down": {"uv": [8.25, 3.5, 8, 2.5], "texture": "#texture"}
			}
		},
		{
			"from": [10.05, 10.65, 7.7],
			"to": [10.175, 10.775, 8.3],
			"rotation": {"angle": 0, "axis": "y", "origin": [15.25, 8, 7.75]},
			"faces": {
				"north": {"uv": [8, 2, 8.25, 3.5], "texture": "#texture"},
				"east": {"uv": [7.5, 2, 8.5, 3.5], "texture": "#texture"},
				"south": {"uv": [7.75, 2, 8, 3.5], "texture": "#texture"},
				"west": {"uv": [7.5, 2, 8.5, 3.5], "texture": "#texture"},
				"up": {"uv": [6.75, 2.5, 8, 3.5], "texture": "#texture"},
				"down": {"uv": [8.25, 3.5, 8, 2.5], "texture": "#texture"}
			}
		},
		{
			"from": [9.8, 10.65, 7.7],
			"to": [9.925, 10.775, 8.3],
			"rotation": {"angle": 0, "axis": "y", "origin": [15.25, 8, 7.75]},
			"faces": {
				"north": {"uv": [8, 2, 8.25, 3.5], "texture": "#texture"},
				"east": {"uv": [7.5, 2, 8.5, 3.5], "texture": "#texture"},
				"south": {"uv": [7.75, 2, 8, 3.5], "texture": "#texture"},
				"west": {"uv": [7.5, 2, 8.5, 3.5], "texture": "#texture"},
				"up": {"uv": [6.75, 2.5, 8, 3.5], "texture": "#texture"},
				"down": {"uv": [8.25, 3.5, 8, 2.5], "texture": "#texture"}
			}
		},
		{
			"from": [9.55, 10.65, 7.7],
			"to": [9.675, 10.775, 8.3],
			"rotation": {"angle": 0, "axis": "y", "origin": [15.25, 8, 7.75]},
			"faces": {
				"north": {"uv": [8, 2, 8.25, 3.5], "texture": "#texture"},
				"east": {"uv": [7.5, 2, 8.5, 3.5], "texture": "#texture"},
				"south": {"uv": [7.75, 2, 8, 3.5], "texture": "#texture"},
				"west": {"uv": [7.5, 2, 8.5, 3.5], "texture": "#texture"},
				"up": {"uv": [6.75, 2.5, 8, 3.5], "texture": "#texture"},
				"down": {"uv": [8.25, 3.5, 8, 2.5], "texture": "#texture"}
			}
		},
		{
			"from": [9.3, 10.65, 7.7],
			"to": [9.425, 10.775, 8.3],
			"rotation": {"angle": 0, "axis": "y", "origin": [15.25, 8, 7.75]},
			"faces": {
				"north": {"uv": [8, 2, 8.25, 3.5], "texture": "#texture"},
				"east": {"uv": [7.5, 2, 8.5, 3.5], "texture": "#texture"},
				"south": {"uv": [7.75, 2, 8, 3.5], "texture": "#texture"},
				"west": {"uv": [7.5, 2, 8.5, 3.5], "texture": "#texture"},
				"up": {"uv": [6.75, 2.5, 8, 3.5], "texture": "#texture"},
				"down": {"uv": [8.25, 3.5, 8, 2.5], "texture": "#texture"}
			}
		},
		{
			"from": [9.05, 10.65, 7.7],
			"to": [9.175, 10.775, 8.3],
			"rotation": {"angle": 0, "axis": "y", "origin": [15.25, 8, 7.75]},
			"faces": {
				"north": {"uv": [8, 2, 8.25, 3.5], "texture": "#texture"},
				"east": {"uv": [7.5, 2, 8.5, 3.5], "texture": "#texture"},
				"south": {"uv": [7.75, 2, 8, 3.5], "texture": "#texture"},
				"west": {"uv": [7.5, 2, 8.5, 3.5], "texture": "#texture"},
				"up": {"uv": [6.75, 2.5, 8, 3.5], "texture": "#texture"},
				"down": {"uv": [8.25, 3.5, 8, 2.5], "texture": "#texture"}
			}
		},
		{
			"from": [8.8, 10.65, 7.7],
			"to": [8.925, 10.775, 8.3],
			"rotation": {"angle": 0, "axis": "y", "origin": [15.25, 8, 7.75]},
			"faces": {
				"north": {"uv": [8, 2, 8.25, 3.5], "texture": "#texture"},
				"east": {"uv": [7.5, 2, 8.5, 3.5], "texture": "#texture"},
				"south": {"uv": [7.75, 2, 8, 3.5], "texture": "#texture"},
				"west": {"uv": [7.5, 2, 8.5, 3.5], "texture": "#texture"},
				"up": {"uv": [6.75, 2.5, 8, 3.5], "texture": "#texture"},
				"down": {"uv": [8.25, 3.5, 8, 2.5], "texture": "#texture"}
			}
		},
		{
			"from": [2.55, 10.5, 7.625],
			"to": [17.925, 10.65, 8.375],
			"faces": {
				"north": {"uv": [7.75, 5.25, 8, 6.25], "texture": "#texture"},
				"east": {"uv": [7, 5.25, 9, 6.25], "texture": "#texture"},
				"south": {"uv": [8, 5.25, 8.25, 6.25], "texture": "#texture"},
				"west": {"uv": [7, 5, 8, 6], "texture": "#texture"},
				"up": {"uv": [8, 7, 8.25, 9], "texture": "#texture"},
				"down": {"uv": [8, 9, 7.75, 7], "texture": "#texture"}
			}
		},
		{
			"from": [14, 6, 7.625],
			"to": [15.75, 6.25, 8.375],
			"faces": {
				"north": {"uv": [0.25, 9.75, 2, 10], "texture": "#texture"},
				"east": {"uv": [7.5, 9.75, 8.5, 10], "texture": "#texture"},
				"south": {"uv": [14, 9.75, 15.75, 10], "texture": "#texture"},
				"west": {"uv": [7.5, 9.75, 8.5, 10], "texture": "#texture"},
				"up": {"uv": [14, 7.5, 15.75, 8.5], "texture": "#texture"},
				"down": {"uv": [2, 8.5, 0.25, 7.5], "texture": "#texture"}
			}
		},
		{
			"from": [16.85, -0.475, 7.625],
			"to": [17.425, -0.225, 8.375],
			"rotation": {"angle": 22.5, "axis": "z", "origin": [0, 0, 0]},
			"faces": {
				"north": {"uv": [0.25, 9.75, 2, 10], "texture": "#texture"},
				"east": {"uv": [7.5, 9.75, 8.5, 10], "texture": "#texture"},
				"south": {"uv": [14, 9.75, 15.75, 10], "texture": "#texture"},
				"west": {"uv": [7.5, 9.75, 8.5, 10], "texture": "#texture"},
				"up": {"uv": [14, 7.5, 15.75, 8.5], "texture": "#texture"},
				"down": {"uv": [2, 8.5, 0.25, 7.5], "texture": "#texture"}
			}
		},
		{
			"from": [13.75, 6, 7.625],
			"to": [14, 7.5, 8.375],
			"faces": {
				"north": {"uv": [0, 8.5, 0.25, 9.75], "texture": "#texture"},
				"east": {"uv": [7.5, 8.5, 8.5, 9.75], "texture": "#texture", "cullface": "east"},
				"south": {"uv": [15.75, 8.5, 16, 9.75], "texture": "#texture"},
				"west": {"uv": [7.5, 8.5, 8.5, 9.75], "texture": "#texture"},
				"down": {"uv": [0.25, 8.5, 0, 7.5], "texture": "#texture"}
			}
		},
		{
			"from": [16.175, 6.425, 7.625],
			"to": [17.925, 7.25, 8.375],
			"faces": {
				"north": {"uv": [16, 12, 15, 11], "texture": "#texture", "cullface": "east"},
				"east": {"uv": [16, 12, 15, 11], "texture": "#texture", "cullface": "east"},
				"south": {"uv": [16, 12, 15, 11], "texture": "#texture", "cullface": "east"},
				"down": {"uv": [16, 12, 15, 11], "texture": "#texture", "cullface": "east"}
			}
		},
		{
			"from": [17.425, -3.825, 7.625],
			"to": [19.175, 0.9, 8.375],
			"rotation": {"angle": 22.5, "axis": "z", "origin": [0, 0, 0]},
			"faces": {
				"north": {"uv": [16, 12, 15, 11], "rotation": 270, "texture": "#texture", "cullface": "east"},
				"east": {"uv": [16, 12, 15, 11], "rotation": 90, "texture": "#texture"},
				"south": {"uv": [16, 12, 15, 11], "rotation": 90, "texture": "#texture", "cullface": "east"},
				"west": {"uv": [16, 12, 15, 11], "rotation": 90, "texture": "#texture", "cullface": "east"},
				"up": {"uv": [16, 12, 15, 11], "rotation": 90, "texture": "#texture"},
				"down": {"uv": [16, 12, 15, 11], "rotation": 90, "texture": "#texture", "cullface": "east"}
			}
		},
		{
			"from": [19.175, -3.825, 7.625],
			"to": [19.3, -1.85, 8.375],
			"rotation": {"angle": 22.5, "axis": "z", "origin": [0, 0, 0]},
			"faces": {
				"north": {"uv": [16, 12, 15, 11], "rotation": 270, "texture": "#texture", "cullface": "east"},
				"east": {"uv": [16, 12, 15, 11], "rotation": 90, "texture": "#texture"},
				"south": {"uv": [16, 12, 15, 11], "rotation": 90, "texture": "#texture", "cullface": "east"},
				"west": {"uv": [16, 12, 15, 11], "rotation": 90, "texture": "#texture", "cullface": "east"},
				"up": {"uv": [16, 12, 15, 11], "rotation": 90, "texture": "#texture"},
				"down": {"uv": [16, 12, 15, 11], "rotation": 90, "texture": "#texture", "cullface": "east"}
			}
		},
		{
			"from": [17.225, -3.825, 7.7],
			"to": [17.575, -3.55, 8.3],
			"rotation": {"angle": 22.5, "axis": "z", "origin": [0, 0, 0]},
			"faces": {
				"north": {"uv": [16, 12, 15, 11], "rotation": 270, "texture": "#texture", "cullface": "east"},
				"east": {"uv": [16, 12, 15, 11], "rotation": 90, "texture": "#texture"},
				"south": {"uv": [16, 12, 15, 11], "rotation": 90, "texture": "#texture", "cullface": "east"},
				"west": {"uv": [16, 12, 15, 11], "rotation": 90, "texture": "#texture", "cullface": "east"},
				"up": {"uv": [16, 12, 15, 11], "rotation": 90, "texture": "#texture"},
				"down": {"uv": [16, 12, 15, 11], "rotation": 90, "texture": "#texture", "cullface": "east"}
			}
		},
		{
			"from": [16, 7.25, 7.475],
			"to": [18.25, 7.5, 8.525],
			"faces": {
				"north": {"uv": [16, 12.5, 15, 11.5], "texture": "#texture", "cullface": "east"},
				"east": {"uv": [16, 12.5, 15, 11.5], "texture": "#texture", "cullface": "east"},
				"south": {"uv": [16, 12.5, 15, 11.5], "texture": "#texture", "cullface": "east"},
				"down": {"uv": [16, 12.5, 15, 11.5], "texture": "#texture", "cullface": "east"}
			}
		},
		{
			"from": [18, 9.75, 7.625],
			"to": [18.5, 10.25, 8.375],
			"faces": {
				"north": {"uv": [1, 5.75, 0, 6.25], "texture": "#texture", "cullface": "east"},
				"east": {"uv": [7.5, 5.75, 8.5, 6.25], "texture": "#texture", "cullface": "east"},
				"south": {"uv": [8, 5.75, 9, 6.25], "texture": "#texture", "cullface": "east"},
				"up": {"uv": [16, 7.5, 15, 8.5], "texture": "#texture", "cullface": "east"}
			}
		},
		{
			"from": [15.35, 6.5, 7.875],
			"to": [15.6, 8, 8.125],
			"rotation": {"angle": -22.5, "axis": "z", "origin": [15.25, 8, 7.75]},
			"faces": {
				"north": {"uv": [0, 2, 0.25, 3.5], "texture": "#texture"},
				"east": {"uv": [7.5, 2, 8.5, 3.5], "texture": "#texture"},
				"south": {"uv": [15.75, 2, 16, 3.5], "texture": "#texture"},
				"west": {"uv": [7.5, 2, 8.5, 3.5], "texture": "#texture"},
				"up": {"uv": [15.75, 7.5, 16, 8.5], "texture": "#texture"},
				"down": {"uv": [0.25, 8.5, 0, 7.5], "texture": "#texture"}
			}
		},
		{
			"from": [8, 9.25, 7.375],
			"to": [18.75, 9.5, 8.625],
			"faces": {
				"north": {"uv": [0, 6.5, 8.25, 6.75], "texture": "#texture", "cullface": "east"},
				"east": {"uv": [7.25, 6.5, 8.75, 6.75], "texture": "#texture", "cullface": "east"},
				"south": {"uv": [0, 6.5, 8.25, 6.75], "texture": "#texture", "cullface": "east"},
				"up": {"uv": [7.75, 7.25, 16, 8.75], "texture": "#texture", "cullface": "east"}
			}
		},
		{
			"from": [10.175, 5.775, 7.525],
			"to": [12.75, 8.55, 8.475],
			"rotation": {"angle": 0, "axis": "y", "origin": [0, -0.475, 0]},
			"faces": {
				"north": {"uv": [0.2, 15.3, 6.8, 15.8], "texture": "#texture", "cullface": "east"},
				"east": {"uv": [6.1, 15.2, 6.7, 15.9], "texture": "#texture", "cullface": "east"},
				"south": {"uv": [6.7, 15.2, 0, 15.9], "texture": "#texture", "cullface": "east"},
				"west": {"uv": [6, 15, 7, 16], "texture": "#texture"},
				"down": {"uv": [6.1, 16, 6.8, 15.2], "texture": "#texture", "cullface": "east"}
			}
		},
		{
			"from": [6.8, 7.4, 7.55],
			"to": [9.375, 10.175, 8.45],
			"rotation": {"angle": -22.5, "axis": "z", "origin": [0, -0.475, 0]},
			"faces": {
				"north": {"uv": [0.2, 15.3, 6.8, 15.8], "texture": "#texture", "cullface": "east"},
				"east": {"uv": [6.1, 15.2, 6.7, 15.9], "texture": "#texture", "cullface": "east"},
				"south": {"uv": [6.7, 15.2, 0, 15.9], "texture": "#texture", "cullface": "east"},
				"west": {"uv": [6, 15, 7, 16], "texture": "#texture"},
				"down": {"uv": [6.1, 16, 6.8, 15.2], "texture": "#texture", "cullface": "east"}
			}
		},
		{
			"from": [3.075, 7.625, 7.575],
			"to": [5.65, 10.4, 8.425],
			"rotation": {"angle": -45, "axis": "z", "origin": [0, -0.475, 0]},
			"faces": {
				"north": {"uv": [0.2, 15.3, 6.8, 15.8], "texture": "#texture", "cullface": "east"},
				"east": {"uv": [6.1, 15.2, 6.7, 15.9], "texture": "#texture", "cullface": "east"},
				"south": {"uv": [6.7, 15.2, 0, 15.9], "texture": "#texture", "cullface": "east"},
				"west": {"uv": [6, 15, 7, 16], "texture": "#texture"},
				"down": {"uv": [6.1, 16, 6.8, 15.2], "texture": "#texture", "cullface": "east"}
			}
		}
	],
	"gui_light": "front",
	"display": {
		"thirdperson_righthand": {
			"rotation": [0, -90, 0],
			"translation": [0, 0.5, -5],
			"scale": [0.8, 0.8, 0.8]
		},
		"thirdperson_lefthand": {
			"rotation": [0, 90, 0],
			"translation": [0, 0.5, -5],
			"scale": [0.8, 0.8, 0.8]
		},
		"firstperson_righthand": {
			"rotation": [47.07, -79.61, 24.79],
			"translation": [0, 3.5, -7.75]
		},
		"firstperson_lefthand": {
			"rotation": [-136.79, 78.54, 157.84],
			"translation": [2.25, 4.25, -9.25]
		},
		"ground": {
			"translation": [-3.25, 2.5, 0],
			"scale": [0.96, 0.96, 0.96]
		},
		"gui": {
			"rotation": [0, 0, -45],
			"translation": [-1.5, 1.75, 0],
			"scale": [0.62, 0.62, 0.9]
		},
		"fixed": {
			"rotation": [0, 180, -45],
			"translation": [2.5, 2.75, -1.1],
			"scale": [0.96, 0.96, 0.96]
		}
	}
}