{
	"credit": "Made by SrDarmith - YouTube: Mainclay",
	"textures": {
		"particle": "item/anvil_1",
		"texture": "item/anvil_1"
	},
	"elements": [
		{
			"from": [5.225, 7.575, 7.4],
			"to": [7.425, 8.7, 8.6],
			"rotation": {"angle": 0, "axis": "y", "origin": [7, 0, 0]},
			"faces": {
				"north": {"uv": [16, 12, 15, 11], "texture": "#texture", "cullface": "west"},
				"east": {"uv": [15, 12, 16, 11], "texture": "#texture", "cullface": "west"},
				"south": {"uv": [15, 12, 16, 11], "texture": "#texture", "cullface": "west"},
				"west": {"uv": [15, 12, 16, 11], "texture": "#texture", "cullface": "west"},
				"up": {"uv": [15, 12, 16, 11], "texture": "#texture", "cullface": "west"},
				"down": {"uv": [16, 12, 15, 11], "texture": "#texture", "cullface": "west"}
			}
		},
		{
			"from": [5.225, 7.825, 7.15],
			"to": [7.425, 8.7, 8.85],
			"rotation": {"angle": 0, "axis": "y", "origin": [7, 0, 0]},
			"faces": {
				"north": {"uv": [16, 12, 15, 11], "texture": "#texture", "cullface": "west"},
				"east": {"uv": [15, 12, 16, 11], "texture": "#texture", "cullface": "west"},
				"south": {"uv": [15, 12, 16, 11], "texture": "#texture", "cullface": "west"},
				"west": {"uv": [15, 12, 16, 11], "texture": "#texture", "cullface": "west"},
				"up": {"uv": [15, 12, 16, 11], "texture": "#texture", "cullface": "west"},
				"down": {"uv": [16, 12, 15, 11], "texture": "#texture", "cullface": "west"}
			}
		},
		{
			"from": [3.225, 7.775, 7.4],
			"to": [5.225, 8.7, 8.6],
			"rotation": {"angle": 0, "axis": "y", "origin": [7, 0, 0]},
			"faces": {
				"north": {"uv": [16, 12, 15, 11], "texture": "#texture", "cullface": "west"},
				"east": {"uv": [15, 12, 16, 11], "texture": "#texture", "cullface": "west"},
				"south": {"uv": [15, 12, 16, 11], "texture": "#texture", "cullface": "west"},
				"west": {"uv": [15, 12, 16, 11], "texture": "#texture", "cullface": "west"},
				"up": {"uv": [15, 12, 16, 11], "texture": "#texture", "cullface": "west"},
				"down": {"uv": [16, 12, 15, 11], "texture": "#texture", "cullface": "west"}
			}
		},
		{
			"from": [3.225, 8.025, 7.15],
			"to": [5.225, 8.7, 8.85],
			"rotation": {"angle": 0, "axis": "y", "origin": [7, 0, 0]},
			"faces": {
				"north": {"uv": [16, 12, 15, 11], "texture": "#texture", "cullface": "west"},
				"east": {"uv": [15, 12, 16, 11], "texture": "#texture", "cullface": "west"},
				"south": {"uv": [15, 12, 16, 11], "texture": "#texture", "cullface": "west"},
				"west": {"uv": [15, 12, 16, 11], "texture": "#texture", "cullface": "west"},
				"up": {"uv": [15, 12, 16, 11], "texture": "#texture", "cullface": "west"},
				"down": {"uv": [16, 12, 15, 11], "texture": "#texture", "cullface": "west"}
			}
		},
		{
			"from": [7.425, 7.625, 7.15],
			"to": [9.85, 8.7, 8.85],
			"rotation": {"angle": 0, "axis": "y", "origin": [7, 0, 0]},
			"faces": {
				"north": {"uv": [16, 12, 15, 11], "texture": "#texture", "cullface": "west"},
				"east": {"uv": [15, 12, 16, 11], "texture": "#texture", "cullface": "west"},
				"south": {"uv": [15, 12, 16, 11], "texture": "#texture", "cullface": "west"},
				"west": {"uv": [15, 12, 16, 11], "texture": "#texture", "cullface": "west"},
				"down": {"uv": [16, 12, 15, 11], "texture": "#texture", "cullface": "west"}
			}
		},
		{
			"from": [7.425, 7.375, 7.4],
			"to": [9.85, 8.7, 8.6],
			"rotation": {"angle": 0, "axis": "y", "origin": [7, 0, 0]},
			"faces": {
				"north": {"uv": [16, 12, 15, 11], "texture": "#texture", "cullface": "west"},
				"east": {"uv": [15, 12, 16, 11], "texture": "#texture", "cullface": "west"},
				"south": {"uv": [15, 12, 16, 11], "texture": "#texture", "cullface": "west"},
				"west": {"uv": [15, 12, 16, 11], "texture": "#texture", "cullface": "west"},
				"down": {"uv": [16, 12, 15, 11], "texture": "#texture", "cullface": "west"}
			}
		},
		{
			"from": [3.225, 7.525, 7.4],
			"to": [3.475, 7.775, 8.6],
			"rotation": {"angle": 0, "axis": "y", "origin": [7, 0, 0]},
			"faces": {
				"north": {"uv": [0, 16, 4, 14], "texture": "#texture", "cullface": "west"},
				"east": {"uv": [4, 16, 0, 14], "texture": "#texture", "cullface": "west"},
				"south": {"uv": [4, 16, 0, 14], "texture": "#texture", "cullface": "west"},
				"west": {"uv": [4, 16, 0, 14], "texture": "#texture", "cullface": "west"},
				"down": {"uv": [0, 14, 4, 16], "texture": "#texture", "cullface": "west"}
			}
		},
		{
			"from": [3, 8.225, 7.5],
			"to": [3.5, 9.125, 8.5],
			"rotation": {"angle": 0, "axis": "y", "origin": [7, 0, 0]},
			"faces": {
				"north": {"uv": [13.5, 7.5, 16, 7.75], "texture": "#texture", "cullface": "west"},
				"east": {"uv": [7.25, 7.5, 8.75, 7.75], "texture": "#texture", "cullface": "west"},
				"south": {"uv": [0, 7.5, 2.5, 7.75], "texture": "#texture", "cullface": "west"},
				"west": {"uv": [7.25, 7.5, 8.75, 7.75], "texture": "#texture", "cullface": "west"},
				"up": {"uv": [0, 7.25, 2.5, 8.75], "texture": "#texture", "cullface": "west"}
			}
		},
		{
			"from": [9.85, 7.5, 7.25],
			"to": [15.25, 9.5, 8.75],
			"rotation": {"angle": 0, "axis": "y", "origin": [7, 0, 0]},
			"faces": {
				"north": {"uv": [4, 16, 0, 14], "texture": "#texture"},
				"east": {"uv": [4, 16, 0, 14], "texture": "#texture"},
				"south": {"uv": [4, 16, 0, 14], "texture": "#texture"},
				"west": {"uv": [4, 16, 0, 14], "texture": "#texture"},
				"up": {"uv": [4, 16, 0, 14], "texture": "#texture"},
				"down": {"uv": [0, 14, 4, 16], "texture": "#texture"}
			}
		},
		{
			"from": [3.25, 8.5, 7.25],
			"to": [9.85, 9.5, 8.75],
			"rotation": {"angle": 0, "axis": "y", "origin": [7, 0, 0]},
			"faces": {
				"north": {"uv": [1, 16, 4, 14], "texture": "#texture"},
				"east": {"uv": [1, 16, 4, 14], "texture": "#texture"},
				"south": {"uv": [1, 16, 4, 14], "texture": "#texture"},
				"west": {"uv": [1, 16, 4, 14], "texture": "#texture"},
				"up": {"uv": [1, 16, 4, 14], "texture": "#texture"},
				"down": {"uv": [4, 14, 1, 16], "texture": "#texture"}
			}
		},
		{
			"from": [5.525, 9.5, 7.4],
			"to": [16.5, 9.75, 8.6],
			"rotation": {"angle": 0, "axis": "y", "origin": [7, 0, 0]},
			"faces": {
				"north": {"uv": [4, 16, 0, 14], "texture": "#texture"},
				"east": {"uv": [4, 16, 0, 14], "texture": "#texture"},
				"south": {"uv": [4, 16, 0, 14], "texture": "#texture"},
				"west": {"uv": [4, 16, 0, 14], "texture": "#texture"},
				"up": {"uv": [4, 16, 0, 14], "texture": "#texture"},
				"down": {"uv": [0, 14, 4, 16], "texture": "#texture"}
			}
		},
		{
			"from": [11.825, 7.25, 7.25],
			"to": [13.625, 7.5, 8.75],
			"rotation": {"angle": 0, "axis": "y", "origin": [7, 0, 0]},
			"faces": {
				"north": {"uv": [16, 12, 15, 11], "texture": "#texture"},
				"east": {"uv": [16, 12, 15, 11], "texture": "#texture"},
				"south": {"uv": [16, 12, 15, 11], "texture": "#texture"},
				"west": {"uv": [16, 12, 15, 11], "texture": "#texture"},
				"down": {"uv": [15, 11, 16, 12], "texture": "#texture"}
			}
		},
		{
			"from": [10.775, 7.3, 7.6],
			"to": [11.025, 7.55, 8.4],
			"rotation": {"angle": 0, "axis": "y", "origin": [7.2, 0, 0]},
			"faces": {
				"north": {"uv": [4, 16, 0, 14], "texture": "#texture"},
				"east": {"uv": [4, 16, 0, 14], "texture": "#texture"},
				"south": {"uv": [4, 16, 0, 14], "texture": "#texture"},
				"west": {"uv": [4, 16, 0, 14], "texture": "#texture"},
				"down": {"uv": [0, 14, 4, 16], "texture": "#texture"}
			}
		},
		{
			"from": [10.125, 7.25, 7.6],
			"to": [10.375, 7.5, 8.4],
			"rotation": {"angle": 0, "axis": "y", "origin": [7.1, 0.075, 0]},
			"faces": {
				"north": {"uv": [4, 16, 0, 14], "texture": "#texture"},
				"east": {"uv": [4, 16, 0, 14], "texture": "#texture"},
				"south": {"uv": [4, 16, 0, 14], "texture": "#texture"},
				"west": {"uv": [4, 16, 0, 14], "texture": "#texture"},
				"up": {"uv": [0, 15, 1, 16], "texture": "#texture"},
				"down": {"uv": [0, 14, 4, 16], "texture": "#texture"}
			}
		},
		{
			"from": [9.7, 7, 7.6],
			"to": [10.375, 7.25, 8.4],
			"rotation": {"angle": 0, "axis": "y", "origin": [7.35, 0.075, 0]},
			"faces": {
				"north": {"uv": [4, 16, 0, 14], "texture": "#texture"},
				"east": {"uv": [4, 16, 0, 14], "texture": "#texture"},
				"south": {"uv": [4, 16, 0, 14], "texture": "#texture"},
				"west": {"uv": [4, 16, 0, 14], "texture": "#texture"},
				"up": {"uv": [0, 15, 1, 16], "texture": "#texture"},
				"down": {"uv": [0, 14, 4, 16], "texture": "#texture"}
			}
		},
		{
			"from": [10.525, 6.575, 7.7],
			"to": [10.775, 7.325, 8.3],
			"rotation": {"angle": 0, "axis": "y", "origin": [7, 0.075, 0]},
			"faces": {
				"north": {"uv": [4, 16, 0, 14], "texture": "#texture"},
				"east": {"uv": [4, 16, 0, 14], "texture": "#texture"},
				"south": {"uv": [4, 16, 0, 14], "texture": "#texture"},
				"west": {"uv": [4, 16, 0, 14], "texture": "#texture"},
				"down": {"uv": [0, 14, 4, 16], "texture": "#texture"}
			}
		},
		{
			"from": [10.775, 6.325, 7.7],
			"to": [11.025, 6.575, 8.3],
			"rotation": {"angle": 0, "axis": "y", "origin": [7, 0.075, 0]},
			"faces": {
				"north": {"uv": [4, 16, 0, 14], "texture": "#texture"},
				"east": {"uv": [4, 16, 0, 14], "texture": "#texture"},
				"south": {"uv": [4, 16, 0, 14], "texture": "#texture"},
				"west": {"uv": [4, 16, 0, 14], "texture": "#texture"},
				"up": {"uv": [0, 15, 1, 16], "texture": "#texture"},
				"down": {"uv": [0, 14, 4, 16], "texture": "#texture"}
			}
		},
		{
			"from": [11.025, 6.075, 7.7],
			"to": [11.775, 6.325, 8.3],
			"rotation": {"angle": 0, "axis": "y", "origin": [7, 0.075, 0]},
			"faces": {
				"north": {"uv": [4, 16, 0, 14], "texture": "#texture"},
				"east": {"uv": [4, 16, 0, 14], "texture": "#texture"},
				"south": {"uv": [4, 16, 0, 14], "texture": "#texture"},
				"west": {"uv": [4, 16, 0, 14], "texture": "#texture"},
				"up": {"uv": [0, 15, 1, 16], "texture": "#texture"},
				"down": {"uv": [0, 14, 4, 16], "texture": "#texture"}
			}
		},
		{
			"from": [11.775, 6.325, 7.7],
			"to": [12.025, 6.575, 8.3],
			"rotation": {"angle": 0, "axis": "y", "origin": [7, 0.075, 0]},
			"faces": {
				"north": {"uv": [4, 16, 0, 14], "texture": "#texture"},
				"east": {"uv": [4, 16, 0, 14], "texture": "#texture"},
				"south": {"uv": [4, 16, 0, 14], "texture": "#texture"},
				"west": {"uv": [4, 16, 0, 14], "texture": "#texture"},
				"up": {"uv": [0, 15, 1, 16], "texture": "#texture"},
				"down": {"uv": [0, 14, 4, 16], "texture": "#texture"}
			}
		},
		{
			"from": [12.025, 6.575, 7.7],
			"to": [12.275, 6.825, 8.3],
			"rotation": {"angle": 0, "axis": "y", "origin": [7, 0.075, 0]},
			"faces": {
				"north": {"uv": [4, 16, 0, 14], "texture": "#texture"},
				"east": {"uv": [4, 16, 0, 14], "texture": "#texture"},
				"south": {"uv": [4, 16, 0, 14], "texture": "#texture"},
				"west": {"uv": [4, 16, 0, 14], "texture": "#texture"},
				"up": {"uv": [0, 15, 1, 16], "texture": "#texture"},
				"down": {"uv": [0, 14, 4, 16], "texture": "#texture"}
			}
		},
		{
			"from": [13.35, 7.1, 7.5],
			"to": [13.575, 7.275, 8.5],
			"rotation": {"angle": 0, "axis": "y", "origin": [7, 0, 0]},
			"faces": {
				"north": {"uv": [16, 12, 15, 11], "texture": "#texture"},
				"east": {"uv": [16, 12, 15, 11], "texture": "#texture"},
				"south": {"uv": [16, 12, 15, 11], "texture": "#texture"},
				"west": {"uv": [16, 12, 15, 11], "texture": "#texture"},
				"down": {"uv": [16, 12, 15, 11], "texture": "#texture"}
			}
		},
		{
			"from": [11.85, 6.625, 7.75],
			"to": [12.05, 8.125, 8.25],
			"rotation": {"angle": -22.5, "axis": "z", "origin": [11.75, 7.825, 7.75]},
			"faces": {
				"north": {"uv": [11.75, 8.75, 12.25, 9.75], "texture": "#texture"},
				"east": {"uv": [7.75, 8.75, 8.25, 9.75], "texture": "#texture"},
				"south": {"uv": [3.75, 8.75, 4.25, 9.75], "texture": "#texture"},
				"west": {"uv": [7.75, 8.75, 8.25, 9.75], "texture": "#texture"},
				"up": {"uv": [3.75, 7.75, 4.25, 8.25], "texture": "#texture"},
				"down": {"uv": [12.25, 8.25, 11.75, 7.75], "texture": "#texture"}
			}
		},
		{
			"from": [9.1, 4.425, 7.6],
			"to": [9.35, 6.875, 8.4],
			"rotation": {"angle": 22.5, "axis": "z", "origin": [9.05, 8.475, 7.5]},
			"faces": {
				"north": {"uv": [2, 16, 0, 14], "texture": "#texture"},
				"east": {"uv": [2, 16, 0, 14], "texture": "#texture"},
				"south": {"uv": [2, 16, 0, 14], "texture": "#texture"},
				"west": {"uv": [2, 16, 0, 14], "texture": "#texture"},
				"down": {"uv": [2, 16, 0, 14], "texture": "#texture"}
			}
		},
		{
			"from": [11.95, 5.65, 7.6],
			"to": [13.375, 5.9, 8.4],
			"rotation": {"angle": -22.5, "axis": "z", "origin": [9.05, 8.475, 7.5]},
			"faces": {
				"north": {"uv": [2, 16, 0, 14], "rotation": 90, "texture": "#texture"},
				"east": {"uv": [2, 16, 0, 14], "rotation": 270, "texture": "#texture"},
				"south": {"uv": [2, 16, 0, 14], "rotation": 270, "texture": "#texture"},
				"up": {"uv": [2, 16, 0, 14], "rotation": 270, "texture": "#texture"},
				"down": {"uv": [2, 16, 0, 14], "rotation": 270, "texture": "#texture"}
			}
		},
		{
			"from": [11.85, 4, 7.5],
			"to": [13.225, 7.55, 8.5],
			"rotation": {"angle": 22.5, "axis": "z", "origin": [11.95, 7.5, 7.5]},
			"faces": {
				"north": {"uv": [15, 12, 16, 11], "texture": "#texture"},
				"east": {"uv": [15, 12, 16, 11], "texture": "#texture"},
				"south": {"uv": [15, 12, 16, 11], "texture": "#texture"},
				"west": {"uv": [15, 12, 16, 11], "texture": "#texture"},
				"down": {"uv": [16, 12, 15, 11], "texture": "#texture"}
			}
		},
		{
			"from": [11.975, 4.225, 7.6],
			"to": [13.2, 4.475, 8.4],
			"rotation": {"angle": 0, "axis": "y", "origin": [13.3, 7.575, 7.5]},
			"faces": {
				"north": {"uv": [2, 16, 0, 14], "rotation": 270, "texture": "#texture"},
				"south": {"uv": [2, 16, 0, 14], "rotation": 90, "texture": "#texture"},
				"west": {"uv": [2, 16, 0, 14], "rotation": 90, "texture": "#texture"},
				"up": {"uv": [2, 16, 0, 14], "rotation": 90, "texture": "#texture"},
				"down": {"uv": [2, 16, 0, 14], "rotation": 90, "texture": "#texture"}
			}
		},
		{
			"from": [14.075, 10.65, 7.4],
			"to": [15.325, 10.85, 7.6],
			"rotation": {"angle": 0, "axis": "y", "origin": [7, 0, 0]},
			"faces": {
				"north": {"uv": [4, 16, 0, 15], "texture": "#texture"},
				"east": {"uv": [4, 16, 0, 15], "texture": "#texture"},
				"south": {"uv": [4, 16, 0, 15], "texture": "#texture"},
				"west": {"uv": [4, 16, 0, 15], "texture": "#texture"},
				"up": {"uv": [4, 16, 0, 15], "texture": "#texture"},
				"down": {"uv": [0, 15, 4, 16], "texture": "#texture"}
			}
		},
		{
			"from": [14.075, 10.65, 8.4],
			"to": [15.325, 10.85, 8.6],
			"rotation": {"angle": 0, "axis": "y", "origin": [7, 0, 0]},
			"faces": {
				"north": {"uv": [4, 16, 0, 15], "texture": "#texture"},
				"east": {"uv": [4, 16, 0, 15], "texture": "#texture"},
				"south": {"uv": [4, 16, 0, 15], "texture": "#texture"},
				"west": {"uv": [4, 16, 0, 15], "texture": "#texture"},
				"up": {"uv": [4, 16, 0, 15], "texture": "#texture"},
				"down": {"uv": [0, 15, 4, 16], "texture": "#texture"}
			}
		},
		{
			"from": [11.8, 10.65, 7.55],
			"to": [11.975, 10.8, 8.45],
			"rotation": {"angle": 0, "axis": "y", "origin": [7, 0, 0]},
			"faces": {
				"north": {"uv": [4, 16, 0, 15], "texture": "#texture"},
				"east": {"uv": [4, 16, 0, 15], "texture": "#texture"},
				"south": {"uv": [4, 16, 0, 15], "texture": "#texture"},
				"west": {"uv": [4, 16, 0, 15], "texture": "#texture"},
				"up": {"uv": [4, 16, 0, 15], "texture": "#texture"},
				"down": {"uv": [0, 15, 4, 16], "texture": "#texture"}
			}
		},
		{
			"from": [11.45, 10.65, 7.55],
			"to": [11.625, 10.8, 8.45],
			"rotation": {"angle": 0, "axis": "y", "origin": [7, 0, 0]},
			"faces": {
				"north": {"uv": [4, 16, 0, 15], "texture": "#texture"},
				"east": {"uv": [4, 16, 0, 15], "texture": "#texture"},
				"south": {"uv": [4, 16, 0, 15], "texture": "#texture"},
				"west": {"uv": [4, 16, 0, 15], "texture": "#texture"},
				"up": {"uv": [4, 16, 0, 15], "texture": "#texture"},
				"down": {"uv": [0, 15, 4, 16], "texture": "#texture"}
			}
		},
		{
			"from": [11.1, 10.65, 7.55],
			"to": [11.275, 10.8, 8.45],
			"rotation": {"angle": 0, "axis": "y", "origin": [7, 0, 0]},
			"faces": {
				"north": {"uv": [4, 16, 0, 15], "texture": "#texture"},
				"east": {"uv": [4, 16, 0, 15], "texture": "#texture"},
				"south": {"uv": [4, 16, 0, 15], "texture": "#texture"},
				"west": {"uv": [4, 16, 0, 15], "texture": "#texture"},
				"up": {"uv": [4, 16, 0, 15], "texture": "#texture"},
				"down": {"uv": [0, 15, 4, 16], "texture": "#texture"}
			}
		},
		{
			"from": [10.75, 10.65, 7.55],
			"to": [10.925, 10.8, 8.45],
			"rotation": {"angle": 0, "axis": "y", "origin": [7, 0, 0]},
			"faces": {
				"north": {"uv": [4, 16, 0, 15], "texture": "#texture"},
				"east": {"uv": [4, 16, 0, 15], "texture": "#texture"},
				"south": {"uv": [4, 16, 0, 15], "texture": "#texture"},
				"west": {"uv": [4, 16, 0, 15], "texture": "#texture"},
				"up": {"uv": [4, 16, 0, 15], "texture": "#texture"},
				"down": {"uv": [0, 15, 4, 16], "texture": "#texture"}
			}
		},
		{
			"from": [10.4, 10.65, 7.55],
			"to": [10.575, 10.8, 8.45],
			"rotation": {"angle": 0, "axis": "y", "origin": [7, 0, 0]},
			"faces": {
				"north": {"uv": [4, 16, 0, 15], "texture": "#texture"},
				"east": {"uv": [4, 16, 0, 15], "texture": "#texture"},
				"south": {"uv": [4, 16, 0, 15], "texture": "#texture"},
				"west": {"uv": [4, 16, 0, 15], "texture": "#texture"},
				"up": {"uv": [4, 16, 0, 15], "texture": "#texture"},
				"down": {"uv": [0, 15, 4, 16], "texture": "#texture"}
			}
		},
		{
			"from": [10.05, 10.65, 7.55],
			"to": [10.225, 10.8, 8.45],
			"rotation": {"angle": 0, "axis": "y", "origin": [7, 0, 0]},
			"faces": {
				"north": {"uv": [4, 16, 0, 15], "texture": "#texture"},
				"east": {"uv": [4, 16, 0, 15], "texture": "#texture"},
				"south": {"uv": [4, 16, 0, 15], "texture": "#texture"},
				"west": {"uv": [4, 16, 0, 15], "texture": "#texture"},
				"up": {"uv": [4, 16, 0, 15], "texture": "#texture"},
				"down": {"uv": [0, 15, 4, 16], "texture": "#texture"}
			}
		},
		{
			"from": [9.7, 10.65, 7.55],
			"to": [9.875, 10.8, 8.45],
			"rotation": {"angle": 0, "axis": "y", "origin": [7, 0, 0]},
			"faces": {
				"north": {"uv": [4, 16, 0, 15], "texture": "#texture"},
				"east": {"uv": [4, 16, 0, 15], "texture": "#texture"},
				"south": {"uv": [4, 16, 0, 15], "texture": "#texture"},
				"west": {"uv": [4, 16, 0, 15], "texture": "#texture"},
				"up": {"uv": [4, 16, 0, 15], "texture": "#texture"},
				"down": {"uv": [0, 15, 4, 16], "texture": "#texture"}
			}
		},
		{
			"from": [13.9, 10.65, 7.55],
			"to": [14.075, 10.8, 8.45],
			"rotation": {"angle": 0, "axis": "y", "origin": [7, 0, 0]},
			"faces": {
				"north": {"uv": [4, 16, 0, 15], "texture": "#texture"},
				"east": {"uv": [4, 16, 0, 15], "texture": "#texture"},
				"south": {"uv": [4, 16, 0, 15], "texture": "#texture"},
				"west": {"uv": [4, 16, 0, 15], "texture": "#texture"},
				"up": {"uv": [4, 16, 0, 15], "texture": "#texture"},
				"down": {"uv": [0, 15, 4, 16], "texture": "#texture"}
			}
		},
		{
			"from": [13.55, 10.65, 7.55],
			"to": [13.725, 10.8, 8.45],
			"rotation": {"angle": 0, "axis": "y", "origin": [7, 0, 0]},
			"faces": {
				"north": {"uv": [4, 16, 0, 15], "texture": "#texture"},
				"east": {"uv": [4, 16, 0, 15], "texture": "#texture"},
				"south": {"uv": [4, 16, 0, 15], "texture": "#texture"},
				"west": {"uv": [4, 16, 0, 15], "texture": "#texture"},
				"up": {"uv": [4, 16, 0, 15], "texture": "#texture"},
				"down": {"uv": [0, 15, 4, 16], "texture": "#texture"}
			}
		},
		{
			"from": [13.2, 10.65, 7.55],
			"to": [13.375, 10.8, 8.45],
			"rotation": {"angle": 0, "axis": "y", "origin": [7, 0, 0]},
			"faces": {
				"north": {"uv": [4, 16, 0, 15], "texture": "#texture"},
				"east": {"uv": [4, 16, 0, 15], "texture": "#texture"},
				"south": {"uv": [4, 16, 0, 15], "texture": "#texture"},
				"west": {"uv": [4, 16, 0, 15], "texture": "#texture"},
				"up": {"uv": [4, 16, 0, 15], "texture": "#texture"},
				"down": {"uv": [0, 15, 4, 16], "texture": "#texture"}
			}
		},
		{
			"from": [12.85, 10.65, 7.55],
			"to": [13.025, 10.8, 8.45],
			"rotation": {"angle": 0, "axis": "y", "origin": [7, 0, 0]},
			"faces": {
				"north": {"uv": [4, 16, 0, 15], "texture": "#texture"},
				"east": {"uv": [4, 16, 0, 15], "texture": "#texture"},
				"south": {"uv": [4, 16, 0, 15], "texture": "#texture"},
				"west": {"uv": [4, 16, 0, 15], "texture": "#texture"},
				"up": {"uv": [4, 16, 0, 15], "texture": "#texture"},
				"down": {"uv": [0, 15, 4, 16], "texture": "#texture"}
			}
		},
		{
			"from": [12.5, 10.65, 7.55],
			"to": [12.675, 10.8, 8.45],
			"rotation": {"angle": 0, "axis": "y", "origin": [7, 0, 0]},
			"faces": {
				"north": {"uv": [4, 16, 0, 15], "texture": "#texture"},
				"east": {"uv": [4, 16, 0, 15], "texture": "#texture"},
				"south": {"uv": [4, 16, 0, 15], "texture": "#texture"},
				"west": {"uv": [4, 16, 0, 15], "texture": "#texture"},
				"up": {"uv": [4, 16, 0, 15], "texture": "#texture"},
				"down": {"uv": [0, 15, 4, 16], "texture": "#texture"}
			}
		},
		{
			"from": [12.15, 10.65, 7.55],
			"to": [12.325, 10.8, 8.45],
			"rotation": {"angle": 0, "axis": "y", "origin": [7, 0, 0]},
			"faces": {
				"north": {"uv": [4, 16, 0, 15], "texture": "#texture"},
				"east": {"uv": [4, 16, 0, 15], "texture": "#texture"},
				"south": {"uv": [4, 16, 0, 15], "texture": "#texture"},
				"west": {"uv": [4, 16, 0, 15], "texture": "#texture"},
				"up": {"uv": [4, 16, 0, 15], "texture": "#texture"},
				"down": {"uv": [0, 15, 4, 16], "texture": "#texture"}
			}
		},
		{
			"from": [9.35, 10.65, 7.55],
			"to": [9.525, 10.8, 8.45],
			"rotation": {"angle": 0, "axis": "y", "origin": [7, 0, 0]},
			"faces": {
				"north": {"uv": [4, 16, 0, 15], "texture": "#texture"},
				"east": {"uv": [4, 16, 0, 15], "texture": "#texture"},
				"south": {"uv": [4, 16, 0, 15], "texture": "#texture"},
				"west": {"uv": [4, 16, 0, 15], "texture": "#texture"},
				"up": {"uv": [4, 16, 0, 15], "texture": "#texture"},
				"down": {"uv": [0, 15, 4, 16], "texture": "#texture"}
			}
		},
		{
			"from": [9.025, 10.65, 7.55],
			"to": [9.2, 10.8, 8.45],
			"rotation": {"angle": 0, "axis": "y", "origin": [7, 0, 0]},
			"faces": {
				"north": {"uv": [4, 16, 0, 15], "texture": "#texture"},
				"east": {"uv": [4, 16, 0, 15], "texture": "#texture"},
				"south": {"uv": [4, 16, 0, 15], "texture": "#texture"},
				"west": {"uv": [4, 16, 0, 15], "texture": "#texture"},
				"up": {"uv": [4, 16, 0, 15], "texture": "#texture"},
				"down": {"uv": [0, 15, 4, 16], "texture": "#texture"}
			}
		},
		{
			"from": [8.675, 10.65, 7.55],
			"to": [8.85, 10.8, 8.45],
			"rotation": {"angle": 0, "axis": "y", "origin": [7, 0, 0]},
			"faces": {
				"north": {"uv": [4, 16, 0, 15], "texture": "#texture"},
				"east": {"uv": [4, 16, 0, 15], "texture": "#texture"},
				"south": {"uv": [4, 16, 0, 15], "texture": "#texture"},
				"west": {"uv": [4, 16, 0, 15], "texture": "#texture"},
				"up": {"uv": [4, 16, 0, 15], "texture": "#texture"},
				"down": {"uv": [0, 15, 4, 16], "texture": "#texture"}
			}
		},
		{
			"from": [8.325, 10.65, 7.55],
			"to": [8.5, 10.8, 8.45],
			"rotation": {"angle": 0, "axis": "y", "origin": [7, 0, 0]},
			"faces": {
				"north": {"uv": [4, 16, 0, 15], "texture": "#texture"},
				"east": {"uv": [4, 16, 0, 15], "texture": "#texture"},
				"south": {"uv": [4, 16, 0, 15], "texture": "#texture"},
				"west": {"uv": [4, 16, 0, 15], "texture": "#texture"},
				"up": {"uv": [4, 16, 0, 15], "texture": "#texture"},
				"down": {"uv": [0, 15, 4, 16], "texture": "#texture"}
			}
		},
		{
			"from": [7.975, 10.65, 7.55],
			"to": [8.15, 10.8, 8.45],
			"rotation": {"angle": 0, "axis": "y", "origin": [7, 0, 0]},
			"faces": {
				"north": {"uv": [4, 16, 0, 15], "texture": "#texture"},
				"east": {"uv": [4, 16, 0, 15], "texture": "#texture"},
				"south": {"uv": [4, 16, 0, 15], "texture": "#texture"},
				"west": {"uv": [4, 16, 0, 15], "texture": "#texture"},
				"up": {"uv": [4, 16, 0, 15], "texture": "#texture"},
				"down": {"uv": [0, 15, 4, 16], "texture": "#texture"}
			}
		},
		{
			"from": [7.625, 10.65, 7.55],
			"to": [7.8, 10.8, 8.45],
			"rotation": {"angle": 0, "axis": "y", "origin": [7, 0, 0]},
			"faces": {
				"north": {"uv": [4, 16, 0, 15], "texture": "#texture"},
				"east": {"uv": [4, 16, 0, 15], "texture": "#texture"},
				"south": {"uv": [4, 16, 0, 15], "texture": "#texture"},
				"west": {"uv": [4, 16, 0, 15], "texture": "#texture"},
				"up": {"uv": [4, 16, 0, 15], "texture": "#texture"},
				"down": {"uv": [0, 15, 4, 16], "texture": "#texture"}
			}
		},
		{
			"from": [7.275, 10.65, 7.55],
			"to": [7.45, 10.8, 8.45],
			"rotation": {"angle": 0, "axis": "y", "origin": [7, 0, 0]},
			"faces": {
				"north": {"uv": [4, 16, 0, 15], "texture": "#texture"},
				"east": {"uv": [4, 16, 0, 15], "texture": "#texture"},
				"south": {"uv": [4, 16, 0, 15], "texture": "#texture"},
				"west": {"uv": [4, 16, 0, 15], "texture": "#texture"},
				"up": {"uv": [4, 16, 0, 15], "texture": "#texture"},
				"down": {"uv": [0, 15, 4, 16], "texture": "#texture"}
			}
		},
		{
			"from": [5.975, 10.725, 7.4],
			"to": [7.05, 11.125, 7.6],
			"rotation": {"angle": 0, "axis": "y", "origin": [7, 0, 0]},
			"faces": {
				"north": {"uv": [4, 15, 0, 14], "texture": "#texture"},
				"east": {"uv": [4, 15, 0, 14], "texture": "#texture"},
				"south": {"uv": [4, 15, 0, 14], "texture": "#texture"},
				"west": {"uv": [4, 15, 0, 14], "texture": "#texture"},
				"up": {"uv": [4, 15, 0, 14], "texture": "#texture"},
				"down": {"uv": [0, 14, 4, 15], "texture": "#texture"}
			}
		},
		{
			"from": [5.975, 10.725, 8.4],
			"to": [7.075, 11.125, 8.6],
			"rotation": {"angle": 0, "axis": "y", "origin": [7, 0, 0]},
			"faces": {
				"north": {"uv": [4, 15, 0, 14], "texture": "#texture"},
				"east": {"uv": [4, 15, 0, 14], "texture": "#texture"},
				"south": {"uv": [4, 15, 0, 14], "texture": "#texture"},
				"west": {"uv": [4, 15, 0, 14], "texture": "#texture"},
				"up": {"uv": [4, 15, 0, 14], "texture": "#texture"},
				"down": {"uv": [0, 14, 4, 15], "texture": "#texture"}
			}
		},
		{
			"from": [14.9, 10.575, 7.9],
			"to": [15.15, 11.025, 8.1],
			"rotation": {"angle": 0, "axis": "y", "origin": [7, 0, 0]},
			"faces": {
				"north": {"uv": [4, 16, 0, 15], "texture": "#texture"},
				"east": {"uv": [4, 16, 0, 15], "texture": "#texture"},
				"south": {"uv": [4, 16, 0, 15], "texture": "#texture"},
				"west": {"uv": [4, 16, 0, 15], "texture": "#texture"},
				"up": {"uv": [4, 16, 0, 15], "texture": "#texture"},
				"down": {"uv": [0, 15, 4, 16], "texture": "#texture"}
			}
		},
		{
			"from": [14.9, 11.05, 8.175],
			"to": [15.15, 11.45, 8.325],
			"rotation": {"angle": 0, "axis": "y", "origin": [7, 0, 0]},
			"faces": {
				"north": {"uv": [4, 16, 0, 15], "texture": "#texture"},
				"east": {"uv": [4, 16, 0, 15], "texture": "#texture"},
				"south": {"uv": [4, 16, 0, 15], "texture": "#texture"},
				"west": {"uv": [4, 16, 0, 15], "texture": "#texture"},
				"up": {"uv": [4, 16, 0, 15], "texture": "#texture"},
				"down": {"uv": [0, 15, 4, 16], "texture": "#texture"}
			}
		},
		{
			"from": [14.9, 11.05, 7.675],
			"to": [15.15, 11.45, 7.825],
			"rotation": {"angle": 0, "axis": "y", "origin": [7, 0, 0]},
			"faces": {
				"north": {"uv": [4, 16, 0, 15], "texture": "#texture"},
				"east": {"uv": [4, 16, 0, 15], "texture": "#texture"},
				"south": {"uv": [4, 16, 0, 15], "texture": "#texture"},
				"west": {"uv": [4, 16, 0, 15], "texture": "#texture"},
				"up": {"uv": [4, 16, 0, 15], "texture": "#texture"},
				"down": {"uv": [0, 15, 4, 16], "texture": "#texture"}
			}
		},
		{
			"from": [14.9, 11.425, 7.8],
			"to": [15.15, 11.575, 8.2],
			"rotation": {"angle": 0, "axis": "y", "origin": [7, 0, 0]},
			"faces": {
				"north": {"uv": [4, 16, 0, 15], "texture": "#texture"},
				"east": {"uv": [4, 16, 0, 15], "texture": "#texture"},
				"south": {"uv": [4, 16, 0, 15], "texture": "#texture"},
				"west": {"uv": [4, 16, 0, 15], "texture": "#texture"},
				"up": {"uv": [4, 16, 0, 15], "texture": "#texture"},
				"down": {"uv": [0, 15, 4, 16], "texture": "#texture"}
			}
		},
		{
			"from": [14.9, 10.925, 7.8],
			"to": [15.15, 11.075, 8.2],
			"rotation": {"angle": 0, "axis": "y", "origin": [7, 0, 0]},
			"faces": {
				"north": {"uv": [4, 16, 0, 15], "texture": "#texture"},
				"east": {"uv": [4, 16, 0, 15], "texture": "#texture"},
				"south": {"uv": [4, 16, 0, 15], "texture": "#texture"},
				"west": {"uv": [4, 16, 0, 15], "texture": "#texture"},
				"up": {"uv": [4, 16, 0, 15], "texture": "#texture"},
				"down": {"uv": [0, 15, 4, 16], "texture": "#texture"}
			}
		},
		{
			"from": [6.475, 10.725, 7.95],
			"to": [6.575, 11.4, 8.05],
			"rotation": {"angle": 0, "axis": "y", "origin": [7, 0, 0]},
			"faces": {
				"north": {"uv": [4, 16, 0, 15], "texture": "#texture"},
				"east": {"uv": [4, 16, 0, 15], "texture": "#texture"},
				"south": {"uv": [4, 16, 0, 15], "texture": "#texture"},
				"west": {"uv": [4, 16, 0, 15], "texture": "#texture"},
				"up": {"uv": [4, 16, 0, 15], "texture": "#texture"},
				"down": {"uv": [0, 15, 4, 16], "texture": "#texture"}
			}
		},
		{
			"from": [5.2, 9.75, 7.65],
			"to": [7.6, 10.35, 8.35],
			"rotation": {"angle": 0, "axis": "y", "origin": [7, 0, 0]},
			"faces": {
				"north": {"uv": [4, 16, 0, 15], "texture": "#texture"},
				"east": {"uv": [4, 16, 0, 15], "texture": "#texture"},
				"south": {"uv": [4, 16, 0, 15], "texture": "#texture"},
				"west": {"uv": [4, 16, 0, 15], "texture": "#texture"},
				"up": {"uv": [4, 16, 0, 15], "texture": "#texture"},
				"down": {"uv": [0, 15, 4, 16], "texture": "#texture"}
			}
		},
		{
			"from": [13.5, 9.75, 7.65],
			"to": [14.15, 10.35, 8.35],
			"rotation": {"angle": 0, "axis": "y", "origin": [7, 0, 0]},
			"faces": {
				"north": {"uv": [4, 16, 0, 15], "texture": "#texture"},
				"east": {"uv": [4, 16, 0, 15], "texture": "#texture"},
				"south": {"uv": [4, 16, 0, 15], "texture": "#texture"},
				"west": {"uv": [4, 16, 0, 15], "texture": "#texture"},
				"up": {"uv": [4, 16, 0, 15], "texture": "#texture"},
				"down": {"uv": [0, 15, 4, 16], "texture": "#texture"}
			}
		},
		{
			"from": [5.675, 9.75, 7.4],
			"to": [7.375, 10.275, 8.6],
			"rotation": {"angle": 0, "axis": "y", "origin": [7, 0, 0]},
			"faces": {
				"north": {"uv": [4, 15, 0, 14], "texture": "#texture"},
				"east": {"uv": [4, 15, 0, 14], "texture": "#texture"},
				"south": {"uv": [4, 15, 0, 14], "texture": "#texture"},
				"west": {"uv": [4, 15, 0, 14], "texture": "#texture"},
				"up": {"uv": [4, 15, 0, 14], "texture": "#texture"},
				"down": {"uv": [0, 14, 4, 15], "texture": "#texture"}
			}
		},
		{
			"from": [13.775, 9.75, 7.4],
			"to": [15.625, 10.3, 8.6],
			"rotation": {"angle": 0, "axis": "y", "origin": [7, 0, 0]},
			"faces": {
				"north": {"uv": [4, 16, 0, 15], "texture": "#texture"},
				"east": {"uv": [4, 16, 0, 15], "texture": "#texture"},
				"south": {"uv": [4, 16, 0, 15], "texture": "#texture"},
				"west": {"uv": [4, 16, 0, 15], "texture": "#texture"},
				"up": {"uv": [4, 16, 0, 15], "texture": "#texture"},
				"down": {"uv": [0, 15, 4, 16], "texture": "#texture"}
			}
		},
		{
			"from": [19, 7.25, 7.25],
			"to": [22.75, 8, 8.775],
			"rotation": {"angle": 0, "axis": "y", "origin": [7, 0, 0]},
			"faces": {
				"north": {"uv": [0, 14, 2, 16], "texture": "#texture"},
				"south": {"uv": [0, 14, 2, 16], "texture": "#texture"},
				"west": {"uv": [0, 14, 2, 16], "texture": "#texture"},
				"up": {"uv": [0, 14, 2, 16], "texture": "#texture"},
				"down": {"uv": [0, 16, 2, 14], "texture": "#texture"}
			}
		},
		{
			"from": [15.25, 7.25, 7.25],
			"to": [19, 8.5, 8.775],
			"rotation": {"angle": 0, "axis": "y", "origin": [7, 0, 0]},
			"faces": {
				"north": {"uv": [0, 14, 2, 16], "texture": "#texture"},
				"south": {"uv": [0, 14, 2, 16], "texture": "#texture"},
				"west": {"uv": [0, 14, 2, 16], "texture": "#texture"},
				"up": {"uv": [0, 14, 2, 16], "texture": "#texture"},
				"down": {"uv": [0, 16, 2, 14], "texture": "#texture"}
			}
		},
		{
			"from": [15.75, 7, 7.25],
			"to": [16.5, 7.25, 8.775],
			"rotation": {"angle": 0, "axis": "y", "origin": [7, 0, 0]},
			"faces": {
				"north": {"uv": [1, 15, 0, 16], "texture": "#texture"},
				"east": {"uv": [1, 15, 0, 16], "texture": "#texture"},
				"south": {"uv": [1, 15, 0, 16], "texture": "#texture"},
				"west": {"uv": [1, 15, 0, 16], "texture": "#texture"},
				"up": {"uv": [1, 15, 0, 16], "texture": "#texture"},
				"down": {"uv": [0, 16, 1, 15], "texture": "#texture"}
			}
		},
		{
			"from": [16, 6.5, 7.25],
			"to": [16.5, 7, 8.775],
			"rotation": {"angle": 0, "axis": "y", "origin": [7, 0, 0]},
			"faces": {
				"north": {"uv": [1, 15, 0, 16], "texture": "#texture"},
				"east": {"uv": [1, 15, 0, 16], "texture": "#texture"},
				"south": {"uv": [1, 15, 0, 16], "texture": "#texture"},
				"west": {"uv": [1, 15, 0, 16], "texture": "#texture"},
				"up": {"uv": [1, 15, 0, 16], "texture": "#texture"},
				"down": {"uv": [0, 16, 1, 15], "texture": "#texture"}
			}
		},
		{
			"from": [17.575, 2.825, 7.525],
			"to": [18.75, 3.1, 8.475],
			"rotation": {"angle": 0, "axis": "y", "origin": [6.25, -1.65, 0]},
			"faces": {
				"north": {"uv": [0.175, 8.2, 3.65, 8.7], "texture": "#texture", "cullface": "east"},
				"east": {"uv": [6.1, 8.1, 6.7, 8.8], "texture": "#texture", "cullface": "east"},
				"south": {"uv": [3.5, 8.1, 0, 8.8], "texture": "#texture", "cullface": "east"},
				"west": {"uv": [6, 8, 7, 9], "texture": "#texture"},
				"down": {"uv": [6.1, 8.9, 6.8, 8.1], "texture": "#texture", "cullface": "east"}
			}
		},
		{
			"from": [16.5, 3.1, 7.525],
			"to": [18.75, 8.375, 8.475],
			"rotation": {"angle": 0, "axis": "y", "origin": [6.25, -1.65, 0]},
			"faces": {
				"north": {"uv": [0.2, 8.2, 6.8, 8.7], "texture": "#texture", "cullface": "east"},
				"east": {"uv": [6.1, 8.1, 6.7, 8.8], "texture": "#texture", "cullface": "east"},
				"south": {"uv": [6.7, 8.1, 0, 8.8], "texture": "#texture", "cullface": "east"},
				"west": {"uv": [6, 8, 7, 9], "texture": "#texture"},
				"down": {"uv": [6.1, 8.9, 6.8, 8.1], "texture": "#texture", "cullface": "east"}
			}
		},
		{
			"from": [15.25, 8, 7.125],
			"to": [23, 9.525, 8.875],
			"rotation": {"angle": 0, "axis": "y", "origin": [7, 0, 0]},
			"faces": {
				"north": {"uv": [0, 15, 2, 16], "texture": "#texture"},
				"south": {"uv": [0, 15, 2, 16], "texture": "#texture"},
				"west": {"uv": [0, 15, 2, 16], "texture": "#texture"},
				"up": {"uv": [0, 15, 2, 16], "texture": "#texture"},
				"down": {"uv": [0, 15, 1, 16], "texture": "#texture"}
			}
		},
		{
			"from": [17.25, 6.15, 7.25],
			"to": [18, 7.25, 8.775],
			"rotation": {"angle": 0, "axis": "y", "origin": [7, 0, 0]},
			"faces": {
				"north": {"uv": [2, 14, 1, 16], "texture": "#texture"},
				"east": {"uv": [2, 14, 1, 16], "texture": "#texture"},
				"south": {"uv": [2, 14, 1, 16], "texture": "#texture"},
				"west": {"uv": [2, 14, 1, 16], "texture": "#texture"},
				"down": {"uv": [1, 16, 2, 14], "texture": "#texture"}
			}
		},
		{
			"from": [16.5, 6.325, 7.25],
			"to": [17.25, 7.25, 8.775],
			"rotation": {"angle": 0, "axis": "y", "origin": [7, 0, 0]},
			"faces": {
				"north": {"uv": [2, 14, 1, 16], "texture": "#texture"},
				"east": {"uv": [2, 14, 1, 16], "texture": "#texture"},
				"south": {"uv": [2, 14, 1, 16], "texture": "#texture"},
				"west": {"uv": [2, 14, 1, 16], "texture": "#texture"},
				"down": {"uv": [1, 16, 2, 14], "texture": "#texture"}
			}
		},
		{
			"from": [18, 6, 7.25],
			"to": [18.9, 7.25, 8.775],
			"rotation": {"angle": 0, "axis": "y", "origin": [7, 0, 0]},
			"faces": {
				"north": {"uv": [2, 14, 1, 16], "texture": "#texture"},
				"east": {"uv": [2, 14, 1, 16], "texture": "#texture"},
				"south": {"uv": [2, 14, 1, 16], "texture": "#texture"},
				"west": {"uv": [2, 14, 1, 16], "texture": "#texture"},
				"down": {"uv": [1, 16, 2, 14], "texture": "#texture"}
			}
		},
		{
			"from": [22.875, 8.025, 7.1],
			"to": [23.375, 9.9, 8.9],
			"rotation": {"angle": 0, "axis": "y", "origin": [7, 0, 0]},
			"faces": {
				"north": {"uv": [16, 12, 15, 11], "texture": "#texture"},
				"east": {"uv": [16, 12, 15, 11], "texture": "#texture"},
				"south": {"uv": [16, 12, 15, 11], "texture": "#texture"},
				"west": {"uv": [16, 12, 15, 11], "texture": "#texture"},
				"up": {"uv": [16, 12, 15, 11], "texture": "#texture"},
				"down": {"uv": [16, 12, 15, 11], "texture": "#texture"}
			}
		},
		{
			"from": [22.625, 6.225, 7.1],
			"to": [23.125, 8.025, 8.9],
			"rotation": {"angle": 0, "axis": "y", "origin": [7, 0, 0]},
			"faces": {
				"north": {"uv": [16, 12, 15, 11], "texture": "#texture"},
				"east": {"uv": [16, 12, 15, 11], "texture": "#texture"},
				"south": {"uv": [16, 12, 15, 11], "texture": "#texture"},
				"west": {"uv": [16, 12, 15, 11], "texture": "#texture"},
				"up": {"uv": [16, 12, 15, 11], "texture": "#texture"},
				"down": {"uv": [16, 12, 15, 11], "texture": "#texture"}
			}
		},
		{
			"from": [5.825, 10.275, 7.4],
			"to": [7.225, 10.725, 8.6],
			"rotation": {"angle": 0, "axis": "y", "origin": [7.025, 0, 0]},
			"faces": {
				"north": {"uv": [4, 15, 0, 14], "texture": "#texture"},
				"east": {"uv": [4, 15, 0, 14], "texture": "#texture"},
				"south": {"uv": [4, 15, 0, 14], "texture": "#texture"},
				"west": {"uv": [4, 15, 0, 14], "texture": "#texture"},
				"up": {"uv": [4, 15, 0, 14], "texture": "#texture"},
				"down": {"uv": [0, 14, 4, 15], "texture": "#texture"}
			}
		},
		{
			"from": [13.925, 10.3, 7.4],
			"to": [15.475, 10.65, 8.6],
			"rotation": {"angle": 0, "axis": "y", "origin": [7.025, 0, 0]},
			"faces": {
				"north": {"uv": [4, 16, 0, 15], "texture": "#texture"},
				"east": {"uv": [4, 16, 0, 15], "texture": "#texture"},
				"south": {"uv": [4, 16, 0, 15], "texture": "#texture"},
				"west": {"uv": [4, 16, 0, 15], "texture": "#texture"},
				"up": {"uv": [4, 16, 0, 15], "texture": "#texture"},
				"down": {"uv": [0, 15, 4, 16], "texture": "#texture"}
			}
		},
		{
			"from": [6.475, 10.325, 7.55],
			"to": [13.925, 10.65, 8.45],
			"rotation": {"angle": 0, "axis": "y", "origin": [7.025, 0, 0]},
			"faces": {
				"north": {"uv": [4, 16, 0, 15], "texture": "#texture"},
				"east": {"uv": [4, 16, 0, 15], "texture": "#texture"},
				"south": {"uv": [4, 16, 0, 15], "texture": "#texture"},
				"west": {"uv": [4, 16, 0, 15], "texture": "#texture"},
				"up": {"uv": [4, 16, 0, 15], "texture": "#texture"},
				"down": {"uv": [0, 15, 4, 16], "texture": "#texture"}
			}
		},
		{
			"from": [19.15, 9.525, 7.125],
			"to": [23, 9.7, 8.875],
			"rotation": {"angle": 0, "axis": "y", "origin": [7, 0, 0]},
			"faces": {
				"north": {"uv": [0, 14, 2, 15], "texture": "#texture"},
				"south": {"uv": [0, 14, 2, 15], "texture": "#texture"},
				"west": {"uv": [0, 14, 2, 15], "texture": "#texture"},
				"up": {"uv": [0, 14, 2, 15], "texture": "#texture"}
			}
		},
		{
			"from": [19.5, 9.7, 7.125],
			"to": [22.5, 9.875, 8.875],
			"rotation": {"angle": 0, "axis": "y", "origin": [7, 0, 0]},
			"faces": {
				"north": {"uv": [0, 14, 2, 15], "texture": "#texture"},
				"east": {"uv": [0, 14, 1, 15], "texture": "#texture"},
				"south": {"uv": [0, 14, 2, 15], "texture": "#texture"},
				"west": {"uv": [0, 14, 2, 15], "texture": "#texture"},
				"up": {"uv": [0, 14, 2, 15], "texture": "#texture"}
			}
		},
		{
			"from": [21.275, 7, 7.25],
			"to": [22.65, 7.25, 8.775],
			"rotation": {"angle": 0, "axis": "y", "origin": [7, 0, 0]},
			"faces": {
				"north": {"uv": [0, 15, 2, 16], "texture": "#texture"},
				"south": {"uv": [0, 15, 2, 16], "texture": "#texture"},
				"west": {"uv": [0, 15, 2, 16], "texture": "#texture"},
				"down": {"uv": [0, 16, 2, 15], "texture": "#texture"}
			}
		},
		{
			"from": [21.525, 6.75, 7.25],
			"to": [22.65, 7, 8.775],
			"rotation": {"angle": 0, "axis": "y", "origin": [7, 0, 0]},
			"faces": {
				"north": {"uv": [0, 15, 2, 16], "texture": "#texture"},
				"south": {"uv": [0, 15, 2, 16], "texture": "#texture"},
				"west": {"uv": [0, 15, 2, 16], "texture": "#texture"},
				"down": {"uv": [0, 16, 2, 15], "texture": "#texture"}
			}
		},
		{
			"from": [22.025, 6.25, 7.25],
			"to": [22.65, 6.5, 8.775],
			"rotation": {"angle": 0, "axis": "y", "origin": [7, 0, 0]},
			"faces": {
				"north": {"uv": [0, 15, 2, 16], "texture": "#texture"},
				"south": {"uv": [0, 15, 2, 16], "texture": "#texture"},
				"west": {"uv": [0, 15, 2, 16], "texture": "#texture"},
				"down": {"uv": [0, 16, 2, 15], "texture": "#texture"}
			}
		},
		{
			"from": [21.775, 6.5, 7.25],
			"to": [22.65, 6.75, 8.775],
			"rotation": {"angle": 0, "axis": "y", "origin": [7, 0, 0]},
			"faces": {
				"north": {"uv": [0, 15, 2, 16], "texture": "#texture"},
				"south": {"uv": [0, 15, 2, 16], "texture": "#texture"},
				"west": {"uv": [0, 15, 2, 16], "texture": "#texture"},
				"down": {"uv": [0, 16, 2, 15], "texture": "#texture"}
			}
		},
		{
			"from": [0.5, 8.925, 7.75],
			"to": [3.75, 9.05, 8.25],
			"rotation": {"angle": 0, "axis": "y", "origin": [7, 0, 0]},
			"faces": {
				"north": {"uv": [0, 14, 2, 16], "texture": "#texture", "cullface": "west"},
				"south": {"uv": [0, 14, 2, 16], "texture": "#texture", "cullface": "west"},
				"west": {"uv": [0, 14, 2, 16], "texture": "#texture", "cullface": "west"},
				"up": {"uv": [0, 14, 2, 16], "texture": "#texture", "cullface": "west"},
				"down": {"uv": [2, 16, 0, 14], "texture": "#texture", "cullface": "west"}
			}
		},
		{
			"from": [-1.5, 8.175, 7.75],
			"to": [0.5, 8.425, 8.25],
			"rotation": {"angle": 0, "axis": "y", "origin": [7, 0, 0]},
			"faces": {
				"north": {"uv": [4, 15, 5, 16], "texture": "#texture", "cullface": "west"},
				"east": {"uv": [4, 15, 5, 16], "texture": "#texture"},
				"south": {"uv": [4, 15, 5, 16], "texture": "#texture", "cullface": "west"},
				"west": {"uv": [4, 15, 5, 16], "texture": "#texture", "cullface": "west"},
				"up": {"uv": [4, 15, 5, 16], "texture": "#texture", "cullface": "west"},
				"down": {"uv": [5, 16, 4, 15], "texture": "#texture", "cullface": "west"}
			}
		},
		{
			"from": [-1.5, 8.425, 8.25],
			"to": [0.5, 8.925, 8.5],
			"rotation": {"angle": 0, "axis": "y", "origin": [7, 0, 0]},
			"faces": {
				"north": {"uv": [4, 15, 5, 16], "texture": "#texture", "cullface": "west"},
				"east": {"uv": [4, 15, 5, 16], "texture": "#texture"},
				"south": {"uv": [4, 15, 5, 16], "texture": "#texture", "cullface": "west"},
				"west": {"uv": [4, 15, 5, 16], "texture": "#texture", "cullface": "west"},
				"up": {"uv": [4, 15, 5, 16], "texture": "#texture", "cullface": "west"},
				"down": {"uv": [5, 16, 4, 15], "texture": "#texture", "cullface": "west"}
			}
		},
		{
			"from": [-1.5, 8.425, 7.5],
			"to": [0.5, 8.925, 7.75],
			"rotation": {"angle": 0, "axis": "y", "origin": [7, 0, 0]},
			"faces": {
				"north": {"uv": [4, 15, 5, 16], "texture": "#texture", "cullface": "west"},
				"east": {"uv": [4, 15, 5, 16], "texture": "#texture"},
				"south": {"uv": [4, 15, 5, 16], "texture": "#texture", "cullface": "west"},
				"west": {"uv": [4, 15, 5, 16], "texture": "#texture", "cullface": "west"},
				"up": {"uv": [4, 15, 5, 16], "texture": "#texture", "cullface": "west"},
				"down": {"uv": [5, 16, 4, 15], "texture": "#texture", "cullface": "west"}
			}
		},
		{
			"from": [-1.5, 8.925, 7.75],
			"to": [0.5, 9.175, 8.25],
			"rotation": {"angle": 0, "axis": "y", "origin": [7, 0, 0]},
			"faces": {
				"north": {"uv": [4, 15, 5, 16], "texture": "#texture", "cullface": "west"},
				"east": {"uv": [4, 15, 5, 16], "texture": "#texture"},
				"south": {"uv": [4, 15, 5, 16], "texture": "#texture", "cullface": "west"},
				"west": {"uv": [4, 15, 5, 16], "texture": "#texture", "cullface": "west"},
				"up": {"uv": [4, 15, 5, 16], "texture": "#texture", "cullface": "west"},
				"down": {"uv": [5, 16, 4, 15], "texture": "#texture", "cullface": "west"}
			}
		},
		{
			"from": [0.5, 8.425, 7.625],
			"to": [3.75, 8.925, 7.75],
			"rotation": {"angle": 0, "axis": "y", "origin": [7, 0, 0]},
			"faces": {
				"north": {"uv": [0, 14, 2, 16], "texture": "#texture", "cullface": "west"},
				"south": {"uv": [0, 14, 2, 16], "texture": "#texture", "cullface": "west"},
				"west": {"uv": [0, 14, 2, 16], "texture": "#texture", "cullface": "west"},
				"up": {"uv": [0, 14, 2, 16], "texture": "#texture", "cullface": "west"},
				"down": {"uv": [2, 16, 0, 14], "texture": "#texture", "cullface": "west"}
			}
		},
		{
			"from": [0.5, 8.425, 8.25],
			"to": [3.75, 8.925, 8.375],
			"rotation": {"angle": 0, "axis": "y", "origin": [7, 0, 0]},
			"faces": {
				"north": {"uv": [0, 14, 2, 16], "texture": "#texture", "cullface": "west"},
				"south": {"uv": [0, 14, 2, 16], "texture": "#texture", "cullface": "west"},
				"west": {"uv": [0, 14, 2, 16], "texture": "#texture", "cullface": "west"},
				"up": {"uv": [0, 14, 2, 16], "texture": "#texture", "cullface": "west"},
				"down": {"uv": [2, 16, 0, 14], "texture": "#texture", "cullface": "west"}
			}
		},
		{
			"from": [0.5, 8.3, 7.75],
			"to": [3.75, 8.425, 8.25],
			"rotation": {"angle": 0, "axis": "y", "origin": [7, 0, 0]},
			"faces": {
				"north": {"uv": [0, 14, 2, 16], "texture": "#texture", "cullface": "west"},
				"south": {"uv": [0, 14, 2, 16], "texture": "#texture", "cullface": "west"},
				"west": {"uv": [0, 14, 2, 16], "texture": "#texture", "cullface": "west"},
				"up": {"uv": [0, 14, 2, 16], "texture": "#texture", "cullface": "west"},
				"down": {"uv": [2, 16, 0, 14], "texture": "#texture", "cullface": "west"}
			}
		}
	],
	"gui_light": "front",
	"display": {
		"thirdperson_righthand": {
			"rotation": [0, -90, 0],
			"translation": [0, 0.5, -3.5],
			"scale": [0.98, 0.98, 0.9]
		},
		"thirdperson_lefthand": {
			"rotation": [0, 90, 0],
			"translation": [0, 0.5, -3.5],
			"scale": [0.98, 0.98, 0.9]
		},
		"firstperson_righthand": {
			"rotation": [47.07, -79.61, 24.79],
			"translation": [0, 3.5, -7.75],
			"scale": [1.1, 1.1, 1.05]
		},
		"firstperson_lefthand": {
			"rotation": [-136.79, 78.54, 157.84],
			"translation": [2.25, 4.25, -9.25],
			"scale": [1.1, 1.1, 1.05]
		},
		"ground": {
			"translation": [4, 1.75, 0],
			"scale": [1.1, 1.1, 1.02]
		},
		"gui": {
			"rotation": [0, 0, -45],
			"translation": [-2.25, 1.75, 0],
			"scale": [0.81, 0.81, 1]
		},
		"head": {
			"translation": [0, 7.5, 0]
		},
		"fixed": {
			"rotation": [0, 180, -45],
			"translation": [-2.65, -3.2, -1.1],
			"scale": [1.23, 1.23, 1.15]
		}
	}
}