{
	"credit": "Made by SrDarmith - YouTube: Mainclay",
	"textures": {
		"1": "item/coal_block",
		"particle": "item/anvil_1",
		"texture": "item/anvil_1"
	},
	"elements": [
		{
			"from": [-1, 10.85, 7.45],
			"to": [9.75, 11.425, 8.55],
			"rotation": {"angle": 0, "axis": "y", "origin": [0, 0.1, 0]},
			"faces": {
				"north": {"uv": [15, 11, 16, 12], "texture": "#texture", "cullface": "west"},
				"east": {"uv": [15, 11, 16, 12], "texture": "#texture", "cullface": "west"},
				"south": {"uv": [15, 11, 16, 12], "texture": "#texture", "cullface": "west"},
				"west": {"uv": [15, 11, 16, 12], "texture": "#texture", "cullface": "west"},
				"up": {"uv": [15, 11, 16, 12], "texture": "#texture", "cullface": "west"},
				"down": {"uv": [16, 12, 15, 11], "texture": "#texture", "cullface": "west"}
			}
		},
		{
			"from": [-1, 11.65, 7.3],
			"to": [1.9, 12.125, 8.7],
			"rotation": {"angle": 0, "axis": "y", "origin": [0, 0.1, 0]},
			"faces": {
				"north": {"uv": [6.5, 5, 16, 5.5], "texture": "#texture", "cullface": "west"},
				"east": {"uv": [7.25, 5, 8.75, 5.5], "texture": "#texture", "cullface": "west"},
				"south": {"uv": [0, 5, 9.5, 5.5], "texture": "#texture", "cullface": "west"},
				"west": {"uv": [7.25, 5, 8.75, 5.5], "texture": "#texture", "cullface": "west"},
				"up": {"uv": [0, 7.25, 9.5, 8.75], "texture": "#texture", "cullface": "west"},
				"down": {"uv": [16, 8.75, 6.5, 7.25], "texture": "#texture", "cullface": "west"}
			}
		},
		{
			"from": [-0.8, 11.425, 7.6],
			"to": [1.6, 11.725, 8.3],
			"rotation": {"angle": 0, "axis": "y", "origin": [0, 0.1, 0]},
			"faces": {
				"north": {"uv": [6.5, 5, 16, 5.5], "texture": "#texture", "cullface": "west"},
				"east": {"uv": [7.25, 5, 8.75, 5.5], "texture": "#texture", "cullface": "west"},
				"south": {"uv": [0, 5, 9.5, 5.5], "texture": "#texture", "cullface": "west"},
				"west": {"uv": [7.25, 5, 8.75, 5.5], "texture": "#texture", "cullface": "west"},
				"up": {"uv": [0, 7.25, 9.5, 8.75], "texture": "#texture", "cullface": "west"},
				"down": {"uv": [16, 8.75, 6.5, 7.25], "texture": "#texture", "cullface": "west"}
			}
		},
		{
			"from": [-0.25, 8.85, 7.25],
			"to": [9.75, 9.85, 8.75],
			"rotation": {"angle": 0, "axis": "y", "origin": [0, 0.1, 0]},
			"faces": {
				"north": {"uv": [15, 11, 16, 12], "texture": "#texture", "cullface": "west"},
				"east": {"uv": [15, 11, 16, 12], "texture": "#texture"},
				"south": {"uv": [15, 11, 16, 12], "texture": "#texture", "cullface": "west"},
				"west": {"uv": [15, 11, 16, 12], "texture": "#texture", "cullface": "west"},
				"up": {"uv": [15, 11, 16, 12], "texture": "#texture", "cullface": "west"},
				"down": {"uv": [16, 12, 15, 11], "texture": "#texture", "cullface": "west"}
			}
		},
		{
			"from": [-0.25, 8.6, 7.5],
			"to": [9.75, 8.85, 8.5],
			"rotation": {"angle": 0, "axis": "y", "origin": [0, 0.1, 0]},
			"faces": {
				"north": {"uv": [15, 11, 16, 12], "texture": "#texture", "cullface": "west"},
				"east": {"uv": [15, 11, 16, 12], "texture": "#texture"},
				"south": {"uv": [15, 11, 16, 12], "texture": "#texture", "cullface": "west"},
				"west": {"uv": [15, 11, 16, 12], "texture": "#texture", "cullface": "west"},
				"up": {"uv": [15, 11, 16, 12], "texture": "#texture", "cullface": "west"},
				"down": {"uv": [16, 12, 15, 11], "texture": "#texture", "cullface": "west"}
			}
		},
		{
			"from": [-3.3, 8.35, 7.5],
			"to": [9.25, 8.6, 8.5],
			"rotation": {"angle": 0, "axis": "y", "origin": [0.5, -0.15, 0]},
			"faces": {
				"north": {"uv": [7.25, 7.25, 16, 7.5], "texture": "#texture", "cullface": "west"},
				"east": {"uv": [7.5, 7.25, 8.5, 7.5], "texture": "#texture", "cullface": "west"},
				"south": {"uv": [0, 7.25, 8.75, 7.5], "texture": "#texture", "cullface": "west"},
				"west": {"uv": [7.5, 7.25, 8.5, 7.5], "texture": "#texture", "cullface": "west"},
				"up": {"uv": [0, 7.5, 8.75, 8.5], "texture": "#texture", "cullface": "west"},
				"down": {"uv": [16, 8.5, 7.25, 7.5], "texture": "#texture", "cullface": "west"}
			}
		},
		{
			"from": [-3.3, 7.1, 7],
			"to": [7.75, 8.1, 7.25],
			"rotation": {"angle": 0, "axis": "y", "origin": [0.5, -0.15, 0]},
			"faces": {
				"north": {"uv": [8.75, 7.75, 16, 8.75], "texture": "#texture", "cullface": "west"},
				"east": {"uv": [8.75, 7.75, 9, 8.75], "texture": "#texture", "cullface": "west"},
				"south": {"uv": [0, 7.75, 7.25, 8.75], "texture": "#texture", "cullface": "west"},
				"west": {"uv": [7, 7.75, 7.25, 8.75], "texture": "#texture", "cullface": "west"},
				"up": {"uv": [0, 7, 7.25, 7.25], "texture": "#texture", "cullface": "west"},
				"down": {"uv": [16, 7.25, 8.75, 7], "texture": "#texture", "cullface": "west"}
			}
		},
		{
			"from": [-3.3, 8.1, 8.5],
			"to": [8.75, 8.35, 8.75],
			"rotation": {"angle": 0, "axis": "y", "origin": [0.5, -0.15, 0]},
			"faces": {
				"north": {"uv": [7.75, 7.5, 16, 8], "texture": "#texture", "cullface": "west"},
				"east": {"uv": [7.25, 7.5, 7.5, 8], "texture": "#texture", "cullface": "west"},
				"south": {"uv": [0, 7.5, 8.25, 8], "texture": "#texture", "cullface": "west"},
				"west": {"uv": [8.5, 7.5, 8.75, 8], "texture": "#texture", "cullface": "west"},
				"up": {"uv": [0, 8.5, 8.25, 8.75], "texture": "#texture", "cullface": "west"},
				"down": {"uv": [16, 8.75, 7.75, 8.5], "texture": "#texture", "cullface": "west"}
			}
		},
		{
			"from": [-3.3, 6.6, 7.5],
			"to": [7.75, 6.85, 8.5],
			"rotation": {"angle": 0, "axis": "y", "origin": [0.5, -0.15, 0]},
			"faces": {
				"north": {"uv": [8.75, 9, 16, 9.25], "texture": "#texture", "cullface": "west"},
				"east": {"uv": [7.5, 9, 8.5, 9.25], "texture": "#texture", "cullface": "west"},
				"south": {"uv": [0, 9, 7.25, 9.25], "texture": "#texture", "cullface": "west"},
				"west": {"uv": [7.5, 9, 8.5, 9.25], "texture": "#texture", "cullface": "west"},
				"up": {"uv": [0, 7.5, 7.25, 8.5], "texture": "#texture", "cullface": "west"},
				"down": {"uv": [16, 8.5, 8.75, 7.5], "texture": "#texture", "cullface": "west"}
			}
		},
		{
			"from": [-3.3, 6.85, 7.25],
			"to": [7.75, 7.1, 7.5],
			"rotation": {"angle": 0, "axis": "y", "origin": [0.5, -0.15, 0]},
			"faces": {
				"north": {"uv": [8.75, 8.75, 16, 9], "texture": "#texture", "cullface": "west"},
				"east": {"uv": [8.5, 8.75, 8.75, 9], "texture": "#texture", "cullface": "west"},
				"south": {"uv": [0, 8.75, 7.25, 9], "texture": "#texture", "cullface": "west"},
				"west": {"uv": [7.25, 8.75, 7.5, 9], "texture": "#texture", "cullface": "west"},
				"up": {"uv": [0, 7.25, 7.25, 7.5], "texture": "#texture", "cullface": "west"},
				"down": {"uv": [16, 7.5, 8.75, 7.25], "texture": "#texture", "cullface": "west"}
			}
		},
		{
			"from": [-3.3, 6.85, 8.5],
			"to": [7.75, 7.1, 8.75],
			"rotation": {"angle": 0, "axis": "y", "origin": [0.5, -0.15, 0]},
			"faces": {
				"north": {"uv": [8.75, 8.75, 16, 9.5], "texture": "#texture", "cullface": "west"},
				"east": {"uv": [7.25, 8.75, 7.5, 9.5], "texture": "#texture", "cullface": "west"},
				"south": {"uv": [0, 8.75, 7.25, 9.5], "texture": "#texture", "cullface": "west"},
				"west": {"uv": [8.5, 8.75, 8.75, 9.5], "texture": "#texture", "cullface": "west"},
				"up": {"uv": [0, 8.5, 7.25, 8.75], "texture": "#texture", "cullface": "west"},
				"down": {"uv": [16, 8.75, 8.75, 8.5], "texture": "#texture", "cullface": "west"}
			}
		},
		{
			"from": [-3.3, 8.1, 7.25],
			"to": [8.75, 8.35, 7.5],
			"rotation": {"angle": 0, "axis": "y", "origin": [0.5, -0.15, 0]},
			"faces": {
				"north": {"uv": [7.75, 7.5, 16, 7.75], "texture": "#texture", "cullface": "west"},
				"east": {"uv": [8.5, 7.5, 8.75, 7.75], "texture": "#texture", "cullface": "west"},
				"south": {"uv": [0, 7.5, 8.25, 7.75], "texture": "#texture", "cullface": "west"},
				"west": {"uv": [7.25, 7.5, 7.5, 7.75], "texture": "#texture", "cullface": "west"},
				"up": {"uv": [0, 7.25, 8.25, 7.5], "texture": "#texture", "cullface": "west"},
				"down": {"uv": [16, 7.5, 7.75, 7.25], "texture": "#texture", "cullface": "west"}
			}
		},
		{
			"from": [-3.3, 7.1, 8.75],
			"to": [8, 8.1, 9],
			"rotation": {"angle": 0, "axis": "y", "origin": [0.5, -0.15, 0]},
			"faces": {
				"north": {"uv": [8.5, 7.75, 16, 8.75], "texture": "#texture", "cullface": "west"},
				"east": {"uv": [7, 7.75, 7.25, 8.75], "texture": "#texture", "cullface": "west"},
				"south": {"uv": [0, 7.75, 7.5, 8.75], "texture": "#texture", "cullface": "west"},
				"west": {"uv": [8.75, 7.75, 9, 8.75], "texture": "#texture", "cullface": "west"},
				"up": {"uv": [0, 8.75, 7.5, 9], "texture": "#texture", "cullface": "west"},
				"down": {"uv": [16, 9, 8.5, 8.75], "texture": "#texture", "cullface": "west"}
			}
		},
		{
			"from": [2.25, 6.85, 6.75],
			"to": [7.5, 8.45, 9.25],
			"rotation": {"angle": 0, "axis": "y", "origin": [0.5, -0.15, 0]},
			"faces": {
				"north": {"uv": [15.15, 11.1, 16, 12], "texture": "#texture"},
				"east": {"uv": [15.5, 11.5, 16, 12], "texture": "#texture"},
				"south": {"uv": [15.05, 11.1, 16, 12], "texture": "#texture"},
				"west": {"uv": [15.5, 11.5, 16, 12], "texture": "#texture"},
				"up": {"uv": [15.15, 11.15, 16, 11.95], "texture": "#texture"},
				"down": {"uv": [16, 11.95, 15.15, 11.15], "texture": "#texture"}
			}
		},
		{
			"from": [6.55, 6.25, 7.15],
			"to": [7.1, 6.5, 8.85],
			"rotation": {"angle": 0, "axis": "y", "origin": [0.5, -0.15, 0]},
			"faces": {
				"north": {"uv": [15.15, 11.25, 16, 11.8], "texture": "#texture"},
				"east": {"uv": [15.2, 11.25, 16, 11.9], "texture": "#texture"},
				"south": {"uv": [15.25, 11.25, 16, 11.9], "texture": "#texture"},
				"west": {"uv": [15.3, 11.25, 16, 11.7], "texture": "#texture"},
				"down": {"uv": [16, 11.75, 15.25, 11.25], "texture": "#texture"}
			}
		},
		{
			"from": [6.55, 6.5, 6.9],
			"to": [7.1, 6.75, 9.1],
			"rotation": {"angle": 0, "axis": "y", "origin": [0.5, -0.15, 0]},
			"faces": {
				"north": {"uv": [15.15, 11, 16, 11.75], "texture": "#texture"},
				"east": {"uv": [15.2, 11, 16, 11.75], "texture": "#texture"},
				"south": {"uv": [15.15, 11, 16, 11.75], "texture": "#texture"},
				"west": {"uv": [15.2, 11, 16, 11.75], "texture": "#texture"},
				"down": {"uv": [16, 11.9, 15.15, 10.9], "texture": "#texture"}
			}
		},
		{
			"from": [6.55, 6.75, 6.65],
			"to": [7.1, 8.15, 9.35],
			"rotation": {"angle": 0, "axis": "y", "origin": [0.5, -0.15, 0]},
			"faces": {
				"north": {"uv": [15.15, 11.1, 16, 12], "texture": "#texture"},
				"east": {"uv": [15.5, 11.5, 16, 12], "texture": "#texture"},
				"south": {"uv": [15.05, 11.1, 16, 12], "texture": "#texture"},
				"west": {"uv": [15.5, 11.5, 16, 12], "texture": "#texture"},
				"up": {"uv": [15.15, 11.15, 16, 11.95], "texture": "#texture"},
				"down": {"uv": [16, 11.95, 15.15, 11.15], "texture": "#texture"}
			}
		},
		{
			"from": [5.55, 6.25, 7.15],
			"to": [6.1, 6.5, 8.85],
			"rotation": {"angle": 0, "axis": "y", "origin": [0.5, -0.15, 0]},
			"faces": {
				"north": {"uv": [15.15, 11.25, 16, 11.8], "texture": "#texture"},
				"east": {"uv": [15.2, 11.25, 16, 11.9], "texture": "#texture"},
				"south": {"uv": [15.25, 11.25, 16, 11.9], "texture": "#texture"},
				"west": {"uv": [15.3, 11.25, 16, 11.7], "texture": "#texture"},
				"down": {"uv": [16, 11.75, 15.25, 11.25], "texture": "#texture"}
			}
		},
		{
			"from": [5.55, 6.5, 6.9],
			"to": [6.1, 6.75, 9.1],
			"rotation": {"angle": 0, "axis": "y", "origin": [0.5, -0.15, 0]},
			"faces": {
				"north": {"uv": [15.15, 11, 16, 11.75], "texture": "#texture"},
				"east": {"uv": [15.2, 11, 16, 11.75], "texture": "#texture"},
				"south": {"uv": [15.15, 11, 16, 11.75], "texture": "#texture"},
				"west": {"uv": [15.2, 11, 16, 11.75], "texture": "#texture"},
				"down": {"uv": [16, 11.9, 15.15, 10.9], "texture": "#texture"}
			}
		},
		{
			"from": [5.55, 6.75, 6.65],
			"to": [6.1, 8.15, 9.35],
			"rotation": {"angle": 0, "axis": "y", "origin": [0.5, -0.15, 0]},
			"faces": {
				"north": {"uv": [15.15, 11.1, 16, 12], "texture": "#texture"},
				"east": {"uv": [15.5, 11.5, 16, 12], "texture": "#texture"},
				"south": {"uv": [15.05, 11.1, 16, 12], "texture": "#texture"},
				"west": {"uv": [15.5, 11.5, 16, 12], "texture": "#texture"},
				"up": {"uv": [15.15, 11.15, 16, 11.95], "texture": "#texture"},
				"down": {"uv": [16, 11.95, 15.15, 11.15], "texture": "#texture"}
			}
		},
		{
			"from": [4.55, 6.25, 7.15],
			"to": [5.1, 6.5, 8.85],
			"rotation": {"angle": 0, "axis": "y", "origin": [0.5, -0.15, 0]},
			"faces": {
				"north": {"uv": [15.15, 11.25, 16, 11.8], "texture": "#texture"},
				"east": {"uv": [15.2, 11.25, 16, 11.9], "texture": "#texture"},
				"south": {"uv": [15.25, 11.25, 16, 11.9], "texture": "#texture"},
				"west": {"uv": [15.3, 11.25, 16, 11.7], "texture": "#texture"},
				"down": {"uv": [16, 11.75, 15.25, 11.25], "texture": "#texture"}
			}
		},
		{
			"from": [4.55, 6.5, 6.9],
			"to": [5.1, 6.75, 9.1],
			"rotation": {"angle": 0, "axis": "y", "origin": [0.5, -0.15, 0]},
			"faces": {
				"north": {"uv": [15.15, 11, 16, 11.75], "texture": "#texture"},
				"east": {"uv": [15.2, 11, 16, 11.75], "texture": "#texture"},
				"south": {"uv": [15.15, 11, 16, 11.75], "texture": "#texture"},
				"west": {"uv": [15.2, 11, 16, 11.75], "texture": "#texture"},
				"down": {"uv": [16, 11.9, 15.15, 10.9], "texture": "#texture"}
			}
		},
		{
			"from": [4.55, 6.75, 6.65],
			"to": [5.1, 8.15, 9.35],
			"rotation": {"angle": 0, "axis": "y", "origin": [0.5, -0.15, 0]},
			"faces": {
				"north": {"uv": [15.15, 11.1, 16, 12], "texture": "#texture"},
				"east": {"uv": [15.5, 11.5, 16, 12], "texture": "#texture"},
				"south": {"uv": [15.05, 11.1, 16, 12], "texture": "#texture"},
				"west": {"uv": [15.5, 11.5, 16, 12], "texture": "#texture"},
				"up": {"uv": [15.15, 11.15, 16, 11.95], "texture": "#texture"},
				"down": {"uv": [16, 11.95, 15.15, 11.15], "texture": "#texture"}
			}
		},
		{
			"from": [3.55, 6.25, 7.15],
			"to": [4.1, 6.5, 8.85],
			"rotation": {"angle": 0, "axis": "y", "origin": [0.5, -0.15, 0]},
			"faces": {
				"north": {"uv": [15.15, 11.25, 16, 11.8], "texture": "#texture"},
				"east": {"uv": [15.2, 11.25, 16, 11.9], "texture": "#texture"},
				"south": {"uv": [15.25, 11.25, 16, 11.9], "texture": "#texture"},
				"west": {"uv": [15.3, 11.25, 16, 11.7], "texture": "#texture"},
				"down": {"uv": [16, 11.75, 15.25, 11.25], "texture": "#texture"}
			}
		},
		{
			"from": [3.55, 6.5, 6.9],
			"to": [4.1, 6.75, 9.1],
			"rotation": {"angle": 0, "axis": "y", "origin": [0.5, -0.15, 0]},
			"faces": {
				"north": {"uv": [15.15, 11, 16, 11.75], "texture": "#texture"},
				"east": {"uv": [15.2, 11, 16, 11.75], "texture": "#texture"},
				"south": {"uv": [15.15, 11, 16, 11.75], "texture": "#texture"},
				"west": {"uv": [15.2, 11, 16, 11.75], "texture": "#texture"},
				"down": {"uv": [16, 11.9, 15.15, 10.9], "texture": "#texture"}
			}
		},
		{
			"from": [3.55, 6.75, 6.65],
			"to": [4.1, 8.15, 9.35],
			"rotation": {"angle": 0, "axis": "y", "origin": [0.5, -0.15, 0]},
			"faces": {
				"north": {"uv": [15.15, 11.1, 16, 12], "texture": "#texture"},
				"east": {"uv": [15.5, 11.5, 16, 12], "texture": "#texture"},
				"south": {"uv": [15.05, 11.1, 16, 12], "texture": "#texture"},
				"west": {"uv": [15.5, 11.5, 16, 12], "texture": "#texture"},
				"up": {"uv": [15.15, 11.15, 16, 11.95], "texture": "#texture"},
				"down": {"uv": [16, 11.95, 15.15, 11.15], "texture": "#texture"}
			}
		},
		{
			"from": [2.55, 6.25, 7.15],
			"to": [3.1, 6.5, 8.85],
			"rotation": {"angle": 0, "axis": "y", "origin": [0.5, -0.15, 0]},
			"faces": {
				"north": {"uv": [15.15, 11.25, 16, 11.8], "texture": "#texture"},
				"east": {"uv": [15.2, 11.25, 16, 11.9], "texture": "#texture"},
				"south": {"uv": [15.25, 11.25, 16, 11.9], "texture": "#texture"},
				"west": {"uv": [15.3, 11.25, 16, 11.7], "texture": "#texture"},
				"down": {"uv": [16, 11.75, 15.25, 11.25], "texture": "#texture"}
			}
		},
		{
			"from": [2.55, 6.5, 6.9],
			"to": [3.1, 6.75, 9.1],
			"rotation": {"angle": 0, "axis": "y", "origin": [0.5, -0.15, 0]},
			"faces": {
				"north": {"uv": [15.15, 11, 16, 11.75], "texture": "#texture"},
				"east": {"uv": [15.2, 11, 16, 11.75], "texture": "#texture"},
				"south": {"uv": [15.15, 11, 16, 11.75], "texture": "#texture"},
				"west": {"uv": [15.2, 11, 16, 11.75], "texture": "#texture"},
				"down": {"uv": [16, 11.9, 15.15, 10.9], "texture": "#texture"}
			}
		},
		{
			"from": [2.55, 6.75, 6.65],
			"to": [3.1, 8.15, 9.35],
			"rotation": {"angle": 0, "axis": "y", "origin": [0.5, -0.15, 0]},
			"faces": {
				"north": {"uv": [15.15, 11.1, 16, 12], "texture": "#texture"},
				"east": {"uv": [15.5, 11.5, 16, 12], "texture": "#texture"},
				"south": {"uv": [15.05, 11.1, 16, 12], "texture": "#texture"},
				"west": {"uv": [15.5, 11.5, 16, 12], "texture": "#texture"},
				"up": {"uv": [15.15, 11.15, 16, 11.95], "texture": "#texture"},
				"down": {"uv": [16, 11.95, 15.15, 11.15], "texture": "#texture"}
			}
		},
		{
			"from": [2.25, 6.6, 7],
			"to": [7.5, 6.85, 9],
			"rotation": {"angle": 0, "axis": "y", "origin": [0.5, -0.15, 0]},
			"faces": {
				"north": {"uv": [15.15, 11, 16, 11.75], "texture": "#texture"},
				"east": {"uv": [15.2, 11, 16, 11.75], "texture": "#texture"},
				"south": {"uv": [15.15, 11, 16, 11.75], "texture": "#texture"},
				"west": {"uv": [15.2, 11, 16, 11.75], "texture": "#texture"},
				"down": {"uv": [16, 11.9, 15.15, 10.9], "texture": "#texture"}
			}
		},
		{
			"from": [2.25, 6.35, 7.25],
			"to": [7.5, 6.6, 8.75],
			"rotation": {"angle": 0, "axis": "y", "origin": [0.5, -0.15, 0]},
			"faces": {
				"north": {"uv": [15.15, 11.25, 16, 11.8], "texture": "#texture"},
				"east": {"uv": [15.2, 11.25, 16, 11.9], "texture": "#texture"},
				"south": {"uv": [15.25, 11.25, 16, 11.9], "texture": "#texture"},
				"west": {"uv": [15.3, 11.25, 16, 11.7], "texture": "#texture"},
				"down": {"uv": [16, 11.75, 15.25, 11.25], "texture": "#texture"}
			}
		},
		{
			"from": [7.75, 7.85, 7],
			"to": [8.25, 8.1, 9],
			"rotation": {"angle": 0, "axis": "y", "origin": [0.5, -0.15, 0]},
			"faces": {
				"north": {"uv": [8.25, 7.75, 8.75, 8], "texture": "#texture"},
				"east": {"uv": [7, 7.75, 9, 8], "texture": "#texture"},
				"south": {"uv": [7.25, 7.75, 7.75, 8], "texture": "#texture"},
				"west": {"uv": [7, 7.75, 9, 8], "texture": "#texture"},
				"up": {"uv": [7.25, 7, 7.75, 9], "texture": "#texture"},
				"down": {"uv": [8.75, 9, 8.25, 7], "texture": "#texture"}
			}
		},
		{
			"from": [7.75, 7.6, 7],
			"to": [8, 7.85, 9],
			"rotation": {"angle": 0, "axis": "y", "origin": [0.5, -0.15, 0]},
			"faces": {
				"north": {"uv": [8.5, 8, 8.75, 8.25], "texture": "#texture"},
				"east": {"uv": [7, 8, 9, 8.25], "texture": "#texture"},
				"south": {"uv": [7.25, 8, 7.5, 8.25], "texture": "#texture"},
				"west": {"uv": [7, 8, 9, 8.25], "texture": "#texture"},
				"down": {"uv": [8.75, 9, 8.5, 7], "texture": "#texture"}
			}
		},
		{
			"from": [7.75, 7.35, 7.5],
			"to": [10.5, 8.6, 8.5],
			"rotation": {"angle": 0, "axis": "y", "origin": [0.5, -0.15, 0]},
			"faces": {
				"north": {"uv": [6, 7.25, 8.75, 8.5], "texture": "#texture"},
				"east": {"uv": [7.5, 7.25, 8.5, 8.5], "texture": "#texture"},
				"south": {"uv": [7.25, 7.25, 10, 8.5], "texture": "#texture"},
				"west": {"uv": [7.5, 7.25, 8.5, 8.5], "texture": "#texture"},
				"up": {"uv": [7.25, 7.5, 10, 8.5], "texture": "#texture"},
				"down": {"uv": [8.75, 8.5, 6, 7.5], "texture": "#texture"}
			}
		},
		{
			"from": [7.5, 7.1, 7.25],
			"to": [7.75, 7.6, 8.75],
			"rotation": {"angle": 0, "axis": "y", "origin": [0.5, -0.15, 0]},
			"faces": {
				"east": {"uv": [7.25, 8.25, 8.75, 8.75], "texture": "#texture"},
				"up": {"uv": [7, 7.25, 7.25, 8.75], "texture": "#texture"},
				"down": {"uv": [9, 8.75, 8.75, 7.25], "texture": "#texture"}
			}
		},
		{
			"from": [7.5, 8.35, 7.25],
			"to": [9.25, 8.6, 8.75],
			"rotation": {"angle": 0, "axis": "y", "origin": [0.5, -0.15, 0]},
			"faces": {
				"north": {"uv": [7.25, 7, 9, 7.5], "texture": "#texture"},
				"east": {"uv": [7.25, 7, 8.75, 7.5], "texture": "#texture"},
				"south": {"uv": [7, 7, 8.75, 7.5], "texture": "#texture"},
				"west": {"uv": [7.25, 7, 8.75, 7.5], "texture": "#texture"},
				"down": {"uv": [9, 8.75, 7.25, 7.25], "texture": "#texture"}
			}
		},
		{
			"from": [7.5, 7.1, 7.5],
			"to": [10.5, 7.35, 8.5],
			"rotation": {"angle": 0, "axis": "y", "origin": [0.5, -0.15, 0]},
			"faces": {
				"north": {"uv": [6.75, 8.5, 9, 8.75], "texture": "#texture"},
				"east": {"uv": [7.5, 8.5, 8.5, 8.75], "texture": "#texture"},
				"south": {"uv": [7, 8.5, 9.25, 8.75], "texture": "#texture"},
				"up": {"uv": [7, 7.5, 9.25, 8.5], "texture": "#texture"},
				"down": {"uv": [9, 8.5, 6.75, 7.5], "texture": "#texture"}
			}
		},
		{
			"from": [7.5, 6.85, 7.5],
			"to": [8.75, 7.1, 8.5],
			"rotation": {"angle": 0, "axis": "y", "origin": [0.5, -0.15, 0]},
			"faces": {
				"north": {"uv": [7.75, 8.75, 9, 9], "texture": "#texture"},
				"east": {"uv": [7.5, 8.75, 8.5, 9], "texture": "#texture"},
				"south": {"uv": [7, 8.75, 8.25, 9], "texture": "#texture"},
				"down": {"uv": [9, 8.5, 7.75, 7.5], "texture": "#texture"}
			}
		},
		{
			"from": [8.175, 5.525, 7.75],
			"to": [8.425, 7.275, 8.25],
			"rotation": {"angle": 22.5, "axis": "z", "origin": [8.25, 6.85, 7.75]},
			"faces": {
				"north": {"uv": [7.75, 9, 8, 10], "texture": "#texture"},
				"east": {"uv": [7.75, 9, 8.25, 10], "texture": "#texture"},
				"south": {"uv": [8, 9, 8.25, 10], "texture": "#texture"},
				"west": {"uv": [7.75, 9, 8.25, 10], "texture": "#texture"},
				"down": {"uv": [8, 8.25, 7.75, 7.75], "texture": "#texture"}
			}
		},
		{
			"from": [8.7, 5.6, 7.75],
			"to": [10.25, 5.85, 8.25],
			"rotation": {"angle": 0, "axis": "y", "origin": [0.5, -0.15, 0]},
			"faces": {
				"north": {"uv": [5.75, 9.75, 7.5, 10], "texture": "#texture"},
				"east": {"uv": [7.75, 9.75, 8.25, 10], "texture": "#texture"},
				"south": {"uv": [8.5, 9.75, 10.25, 10], "texture": "#texture"},
				"west": {"uv": [7.75, 9.75, 8.25, 10], "texture": "#texture"},
				"up": {"uv": [8.5, 7.75, 10.25, 8.25], "texture": "#texture"},
				"down": {"uv": [7.5, 8.25, 5.75, 7.75], "texture": "#texture"}
			}
		},
		{
			"from": [10.05, 6.2, 7.75],
			"to": [10.3, 7.45, 8.25],
			"rotation": {"angle": -22.5, "axis": "z", "origin": [10.25, 7.6, 7.75]},
			"faces": {
				"north": {"uv": [8.25, 0, 8.5, 1], "texture": "#texture"},
				"east": {"uv": [7.75, 0, 8.25, 1], "texture": "#texture"},
				"south": {"uv": [7.5, 0, 7.75, 1], "texture": "#texture"},
				"west": {"uv": [7.75, 0, 8.25, 1], "texture": "#texture"},
				"up": {"uv": [7.5, 7.75, 7.75, 8.25], "texture": "#texture"},
				"down": {"uv": [8.5, 8.25, 8.25, 7.75], "texture": "#texture"}
			}
		},
		{
			"from": [10.775, 5.75, 7.75],
			"to": [11.025, 7.5, 8.25],
			"rotation": {"angle": -22.5, "axis": "z", "origin": [10.25, 7.6, 7.75]},
			"faces": {
				"north": {"uv": [8.25, 0, 8.5, 1], "texture": "#texture"},
				"east": {"uv": [7.75, 0, 8.25, 1], "texture": "#texture"},
				"south": {"uv": [7.5, 0, 7.75, 1], "texture": "#texture"},
				"west": {"uv": [7.75, 0, 8.25, 1], "texture": "#texture"},
				"up": {"uv": [7.5, 7.75, 7.75, 8.25], "texture": "#texture"},
				"down": {"uv": [8.5, 8.25, 8.25, 7.75], "texture": "#texture"}
			}
		},
		{
			"from": [-0.5, 10.1, 7.05],
			"to": [0, 10.35, 8.95],
			"rotation": {"angle": 0, "axis": "y", "origin": [0, 0.1, 0]},
			"faces": {
				"north": {"uv": [15, 11, 16, 12], "texture": "#texture", "cullface": "west"},
				"south": {"uv": [15, 11, 16, 12], "texture": "#texture", "cullface": "west"},
				"west": {"uv": [15, 11, 16, 12], "texture": "#texture", "cullface": "west"},
				"up": {"uv": [15, 11, 16, 12], "texture": "#texture", "cullface": "west"},
				"down": {"uv": [16, 12, 15, 11], "texture": "#texture", "cullface": "west"}
			}
		},
		{
			"from": [0.25, 9.85, 7.5],
			"to": [9.75, 10.325, 8.5],
			"rotation": {"angle": 0, "axis": "y", "origin": [0, 0.1, 0]},
			"faces": {
				"north": {"uv": [9.2, 11, 10, 11.8], "texture": "#1", "cullface": "west"},
				"south": {"uv": [9.2, 11, 10, 11.9], "texture": "#1", "cullface": "west"},
				"west": {"uv": [9.4, 11.2, 10, 11.5], "texture": "#1", "cullface": "west"},
				"up": {"uv": [9.2, 11.05, 10, 11.85], "texture": "#1", "cullface": "west"},
				"down": {"uv": [10, 11.85, 9.2, 11.05], "texture": "#1", "cullface": "west"}
			}
		},
		{
			"from": [-1, 9.85, 7.3],
			"to": [0, 10.35, 8.7],
			"rotation": {"angle": 0, "axis": "y", "origin": [0, 0.1, 0]},
			"faces": {
				"north": {"uv": [15, 11, 16, 12], "texture": "#texture", "cullface": "west"},
				"south": {"uv": [15, 11, 16, 12], "texture": "#texture", "cullface": "west"},
				"west": {"uv": [15, 11, 16, 12], "texture": "#texture", "cullface": "west"},
				"up": {"uv": [15, 11, 16, 12], "texture": "#texture", "cullface": "west"},
				"down": {"uv": [16, 12, 15, 11], "texture": "#texture", "cullface": "west"}
			}
		},
		{
			"from": [-1, 10.35, 7.35],
			"to": [-0.5, 10.85, 8.65],
			"rotation": {"angle": 0, "axis": "y", "origin": [0, 0.1, 0]},
			"faces": {
				"north": {"uv": [15, 11, 16, 12], "texture": "#texture", "cullface": "west"},
				"south": {"uv": [15, 11, 16, 12], "texture": "#texture", "cullface": "west"},
				"west": {"uv": [15, 11, 16, 12], "texture": "#texture", "cullface": "west"},
				"up": {"uv": [15, 11, 16, 12], "texture": "#texture", "cullface": "west"},
				"down": {"uv": [16, 12, 15, 11], "texture": "#texture", "cullface": "west"}
			}
		},
		{
			"from": [-0.5, 10.35, 7.2],
			"to": [-0.25, 10.85, 8.8],
			"rotation": {"angle": 0, "axis": "y", "origin": [0, 0.1, 0]},
			"faces": {
				"north": {"uv": [15, 11, 16, 12], "texture": "#texture", "cullface": "west"},
				"east": {"uv": [15, 11, 16, 12], "texture": "#texture", "cullface": "west"},
				"south": {"uv": [15, 11, 16, 12], "texture": "#texture", "cullface": "west"},
				"west": {"uv": [15, 11, 16, 12], "texture": "#texture", "cullface": "west"},
				"up": {"uv": [15, 11, 16, 12], "texture": "#texture", "cullface": "west"},
				"down": {"uv": [16, 12, 15, 11], "texture": "#texture", "cullface": "west"}
			}
		},
		{
			"from": [7.75, 10.35, 7.2],
			"to": [9.75, 10.85, 8.8],
			"rotation": {"angle": 0, "axis": "y", "origin": [0, 0.1, 0]},
			"faces": {
				"north": {"uv": [15, 11, 16, 12], "texture": "#texture", "cullface": "west"},
				"east": {"uv": [15, 11, 16, 12], "texture": "#texture"},
				"south": {"uv": [15, 11, 16, 12], "texture": "#texture", "cullface": "west"},
				"west": {"uv": [15, 11, 16, 12], "texture": "#texture", "cullface": "west"},
				"up": {"uv": [15, 11, 16, 12], "texture": "#texture", "cullface": "west"},
				"down": {"uv": [16, 12, 15, 11], "texture": "#texture", "cullface": "west"}
			}
		},
		{
			"from": [0.25, 10.35, 7.2],
			"to": [1.25, 10.85, 8.8],
			"rotation": {"angle": 0, "axis": "y", "origin": [0, 0.1, 0]},
			"faces": {
				"north": {"uv": [15, 11, 16, 12], "texture": "#texture", "cullface": "west"},
				"east": {"uv": [15, 11, 16, 12], "texture": "#texture"},
				"south": {"uv": [15, 11, 16, 12], "texture": "#texture", "cullface": "west"},
				"west": {"uv": [15, 11, 16, 12], "texture": "#texture", "cullface": "west"},
				"up": {"uv": [15, 11, 16, 12], "texture": "#texture", "cullface": "west"},
				"down": {"uv": [16, 12, 15, 11], "texture": "#texture", "cullface": "west"}
			}
		},
		{
			"from": [1.75, 10.35, 7.2],
			"to": [2.75, 10.85, 8.8],
			"rotation": {"angle": 0, "axis": "y", "origin": [0, 0.1, 0]},
			"faces": {
				"north": {"uv": [15, 11, 16, 12], "texture": "#texture", "cullface": "west"},
				"east": {"uv": [15, 11, 16, 12], "texture": "#texture"},
				"south": {"uv": [15, 11, 16, 12], "texture": "#texture", "cullface": "west"},
				"west": {"uv": [15, 11, 16, 12], "texture": "#texture", "cullface": "west"},
				"up": {"uv": [15, 11, 16, 12], "texture": "#texture", "cullface": "west"},
				"down": {"uv": [16, 12, 15, 11], "texture": "#texture", "cullface": "west"}
			}
		},
		{
			"from": [3.25, 10.35, 7.2],
			"to": [4.25, 10.85, 8.8],
			"rotation": {"angle": 0, "axis": "y", "origin": [0, 0.1, 0]},
			"faces": {
				"north": {"uv": [15, 11, 16, 12], "texture": "#texture", "cullface": "west"},
				"east": {"uv": [15, 11, 16, 12], "texture": "#texture"},
				"south": {"uv": [15, 11, 16, 12], "texture": "#texture", "cullface": "west"},
				"west": {"uv": [15, 11, 16, 12], "texture": "#texture", "cullface": "west"},
				"up": {"uv": [15, 11, 16, 12], "texture": "#texture", "cullface": "west"},
				"down": {"uv": [16, 12, 15, 11], "texture": "#texture", "cullface": "west"}
			}
		},
		{
			"from": [4.75, 10.35, 7.2],
			"to": [5.75, 10.85, 8.8],
			"rotation": {"angle": 0, "axis": "y", "origin": [0, 0.1, 0]},
			"faces": {
				"north": {"uv": [15, 11, 16, 12], "texture": "#texture", "cullface": "west"},
				"east": {"uv": [15, 11, 16, 12], "texture": "#texture"},
				"south": {"uv": [15, 11, 16, 12], "texture": "#texture", "cullface": "west"},
				"west": {"uv": [15, 11, 16, 12], "texture": "#texture", "cullface": "west"},
				"up": {"uv": [15, 11, 16, 12], "texture": "#texture", "cullface": "west"},
				"down": {"uv": [16, 12, 15, 11], "texture": "#texture", "cullface": "west"}
			}
		},
		{
			"from": [6.25, 10.35, 7.2],
			"to": [7.25, 10.85, 8.8],
			"rotation": {"angle": 0, "axis": "y", "origin": [0, 0.1, 0]},
			"faces": {
				"north": {"uv": [15, 11, 16, 12], "texture": "#texture", "cullface": "west"},
				"east": {"uv": [15, 11, 16, 12], "texture": "#texture"},
				"south": {"uv": [15, 11, 16, 12], "texture": "#texture", "cullface": "west"},
				"west": {"uv": [15, 11, 16, 12], "texture": "#texture", "cullface": "west"},
				"up": {"uv": [15, 11, 16, 12], "texture": "#texture", "cullface": "west"},
				"down": {"uv": [16, 12, 15, 11], "texture": "#texture", "cullface": "west"}
			}
		},
		{
			"from": [-0.175, 9.85, 7],
			"to": [0.5, 10.35, 9],
			"rotation": {"angle": 0, "axis": "y", "origin": [0, 0.1, 0]},
			"faces": {
				"north": {"uv": [15, 11, 16, 12], "texture": "#texture", "cullface": "west"},
				"east": {"uv": [15, 11, 16, 12], "texture": "#texture"},
				"south": {"uv": [15, 11, 16, 12], "texture": "#texture", "cullface": "west"},
				"west": {"uv": [15, 11, 16, 12], "texture": "#texture", "cullface": "west"},
				"up": {"uv": [15, 11, 16, 12], "texture": "#texture", "cullface": "west"},
				"down": {"uv": [16, 12, 15, 11], "texture": "#texture", "cullface": "west"}
			}
		},
		{
			"from": [1, 9.85, 7],
			"to": [2, 10.35, 9],
			"rotation": {"angle": 0, "axis": "y", "origin": [0, 0.1, 0]},
			"faces": {
				"north": {"uv": [15, 11, 16, 12], "texture": "#texture", "cullface": "west"},
				"east": {"uv": [15, 11, 16, 12], "texture": "#texture"},
				"south": {"uv": [15, 11, 16, 12], "texture": "#texture", "cullface": "west"},
				"west": {"uv": [15, 11, 16, 12], "texture": "#texture", "cullface": "west"},
				"up": {"uv": [15, 11, 16, 12], "texture": "#texture", "cullface": "west"},
				"down": {"uv": [16, 12, 15, 11], "texture": "#texture", "cullface": "west"}
			}
		},
		{
			"from": [2.5, 9.85, 7],
			"to": [3.5, 10.35, 9],
			"rotation": {"angle": 0, "axis": "y", "origin": [0, 0.1, 0]},
			"faces": {
				"north": {"uv": [15, 11, 16, 12], "texture": "#texture", "cullface": "west"},
				"east": {"uv": [15, 11, 16, 12], "texture": "#texture"},
				"south": {"uv": [15, 11, 16, 12], "texture": "#texture", "cullface": "west"},
				"west": {"uv": [15, 11, 16, 12], "texture": "#texture", "cullface": "west"},
				"up": {"uv": [15, 11, 16, 12], "texture": "#texture", "cullface": "west"},
				"down": {"uv": [16, 12, 15, 11], "texture": "#texture", "cullface": "west"}
			}
		},
		{
			"from": [4, 9.85, 7],
			"to": [5, 10.35, 9],
			"rotation": {"angle": 0, "axis": "y", "origin": [0, 0.1, 0]},
			"faces": {
				"north": {"uv": [15, 11, 16, 12], "texture": "#texture", "cullface": "west"},
				"east": {"uv": [15, 11, 16, 12], "texture": "#texture"},
				"south": {"uv": [15, 11, 16, 12], "texture": "#texture", "cullface": "west"},
				"west": {"uv": [15, 11, 16, 12], "texture": "#texture", "cullface": "west"},
				"up": {"uv": [15, 11, 16, 12], "texture": "#texture", "cullface": "west"},
				"down": {"uv": [16, 12, 15, 11], "texture": "#texture", "cullface": "west"}
			}
		},
		{
			"from": [5.5, 9.85, 7],
			"to": [6.5, 10.35, 9],
			"rotation": {"angle": 0, "axis": "y", "origin": [0, 0.1, 0]},
			"faces": {
				"north": {"uv": [15, 11, 16, 12], "texture": "#texture", "cullface": "west"},
				"east": {"uv": [15, 11, 16, 12], "texture": "#texture"},
				"south": {"uv": [15, 11, 16, 12], "texture": "#texture", "cullface": "west"},
				"west": {"uv": [15, 11, 16, 12], "texture": "#texture", "cullface": "west"},
				"up": {"uv": [15, 11, 16, 12], "texture": "#texture", "cullface": "west"},
				"down": {"uv": [16, 12, 15, 11], "texture": "#texture", "cullface": "west"}
			}
		},
		{
			"from": [7, 9.85, 7],
			"to": [8, 10.35, 9],
			"rotation": {"angle": 0, "axis": "y", "origin": [0, 0.1, 0]},
			"faces": {
				"north": {"uv": [15, 11, 16, 12], "texture": "#texture", "cullface": "west"},
				"east": {"uv": [15, 11, 16, 12], "texture": "#texture"},
				"south": {"uv": [15, 11, 16, 12], "texture": "#texture", "cullface": "west"},
				"west": {"uv": [15, 11, 16, 12], "texture": "#texture", "cullface": "west"},
				"up": {"uv": [15, 11, 16, 12], "texture": "#texture", "cullface": "west"},
				"down": {"uv": [16, 12, 15, 11], "texture": "#texture", "cullface": "west"}
			}
		},
		{
			"from": [8.5, 9.85, 7],
			"to": [9.75, 10.35, 9],
			"rotation": {"angle": 0, "axis": "y", "origin": [0, 0.1, 0]},
			"faces": {
				"north": {"uv": [15, 11, 16, 12], "texture": "#texture", "cullface": "west"},
				"east": {"uv": [15, 11, 16, 12], "texture": "#texture"},
				"south": {"uv": [15, 11, 16, 12], "texture": "#texture", "cullface": "west"},
				"west": {"uv": [15, 11, 16, 12], "texture": "#texture", "cullface": "west"},
				"up": {"uv": [15, 11, 16, 12], "texture": "#texture", "cullface": "west"},
				"down": {"uv": [16, 12, 15, 11], "texture": "#texture", "cullface": "west"}
			}
		},
		{
			"from": [-0.175, 9.1, 7],
			"to": [9.75, 9.85, 9],
			"rotation": {"angle": 0, "axis": "y", "origin": [0, 0.1, 0]},
			"faces": {
				"north": {"uv": [15, 11, 16, 12], "texture": "#texture", "cullface": "west"},
				"east": {"uv": [15, 11, 16, 12], "texture": "#texture"},
				"south": {"uv": [15, 11, 16, 12], "texture": "#texture", "cullface": "west"},
				"west": {"uv": [15, 11, 16, 12], "texture": "#texture", "cullface": "west"},
				"up": {"uv": [15, 11, 16, 12], "texture": "#texture", "cullface": "west"},
				"down": {"uv": [16, 12, 15, 11], "texture": "#texture", "cullface": "west"}
			}
		},
		{
			"from": [27.4, 5.475, 7.4],
			"to": [27.65, 10.725, 8.6],
			"rotation": {"angle": 0, "axis": "y", "origin": [0.4, 0.225, 0]},
			"faces": {
				"north": {"uv": [0, 5.25, 1, 7], "texture": "#texture", "cullface": "east"},
				"east": {"uv": [7.25, 5.25, 8.75, 7], "texture": "#texture", "cullface": "east"},
				"south": {"uv": [13, 5.25, 12, 7], "texture": "#texture", "cullface": "east"},
				"up": {"uv": [16, 7.25, 15, 8.75], "texture": "#texture", "cullface": "east"},
				"down": {"uv": [0, 8.75, 1, 7.25], "texture": "#texture", "cullface": "east"}
			}
		},
		{
			"from": [18.65, 8.725, 7.4],
			"to": [27.4, 10.725, 8.6],
			"rotation": {"angle": 0, "axis": "y", "origin": [0.4, 0.225, 0]},
			"faces": {
				"north": {"uv": [16, 6.25, 15, 7], "texture": "#texture", "cullface": "east"},
				"east": {"uv": [15.5, 6.25, 16, 7], "texture": "#texture", "cullface": "east"},
				"south": {"uv": [16, 6.25, 15, 7], "texture": "#texture", "cullface": "east"},
				"west": {"uv": [15, 6, 16, 7], "texture": "#texture"},
				"up": {"uv": [16, 6.25, 15, 6.75], "texture": "#texture", "cullface": "east"},
				"down": {"uv": [16, 6.75, 15, 6.25], "texture": "#texture", "cullface": "east"}
			}
		},
		{
			"from": [19.875, 8.475, 7.4],
			"to": [27.4, 8.725, 8.6],
			"rotation": {"angle": 0, "axis": "y", "origin": [0.4, -0.275, 0]},
			"faces": {
				"north": {"uv": [16, 6, 15, 6.25], "texture": "#texture", "cullface": "east"},
				"east": {"uv": [15.5, 6, 16, 6.25], "texture": "#texture", "cullface": "east"},
				"south": {"uv": [15, 6, 16, 6.25], "texture": "#texture", "cullface": "east"},
				"west": {"uv": [15.5, 6, 16, 6.25], "texture": "#texture", "cullface": "east"},
				"down": {"uv": [16, 6.75, 15, 6.25], "texture": "#texture", "cullface": "east"}
			}
		},
		{
			"from": [19.2, 8.475, 7.4],
			"to": [27.9, 8.725, 8.6],
			"rotation": {"angle": -22.5, "axis": "z", "origin": [19.9, 8.725, 7.25]},
			"faces": {
				"north": {"uv": [16, 6.25, 15.2, 6.9], "texture": "#texture", "cullface": "east"},
				"east": {"uv": [15.3, 6.25, 16, 6.7], "texture": "#texture", "cullface": "east"},
				"south": {"uv": [16, 6.15, 15.1, 6.7], "texture": "#texture", "cullface": "east"},
				"west": {"uv": [15.1, 6.25, 16, 6.7], "texture": "#texture", "cullface": "east"},
				"up": {"uv": [15, 6.25, 16, 6.75], "texture": "#texture", "cullface": "east"},
				"down": {"uv": [16, 6.75, 15.1, 6.35], "texture": "#texture", "cullface": "east"}
			}
		},
		{
			"from": [20.525, 8.225, 7.4],
			"to": [27.4, 8.475, 8.6],
			"rotation": {"angle": 0, "axis": "y", "origin": [0.4, -0.275, 0]},
			"faces": {
				"north": {"uv": [16, 6.25, 15, 6.5], "texture": "#texture", "cullface": "east"},
				"east": {"uv": [15.5, 6.25, 16, 6.5], "texture": "#texture", "cullface": "east"},
				"south": {"uv": [16, 6.25, 15, 6.5], "texture": "#texture", "cullface": "east"},
				"west": {"uv": [15.5, 6.25, 16, 6.5], "texture": "#texture", "cullface": "east"},
				"down": {"uv": [16, 6.75, 15, 6.25], "texture": "#texture", "cullface": "east"}
			}
		},
		{
			"from": [21.15, 7.975, 7.4],
			"to": [27.4, 8.225, 8.6],
			"rotation": {"angle": 0, "axis": "y", "origin": [0.4, -0.275, 0]},
			"faces": {
				"north": {"uv": [16, 6.5, 15, 6.75], "texture": "#texture", "cullface": "east"},
				"east": {"uv": [15.5, 6.5, 16, 6.75], "texture": "#texture", "cullface": "east"},
				"south": {"uv": [16, 6.5, 15, 6.75], "texture": "#texture", "cullface": "east"},
				"west": {"uv": [15.5, 6.5, 16, 6.75], "texture": "#texture", "cullface": "east"},
				"down": {"uv": [16, 6.75, 15, 6.25], "texture": "#texture", "cullface": "east"}
			}
		},
		{
			"from": [21.65, 7.725, 7.4],
			"to": [27.4, 7.975, 8.6],
			"rotation": {"angle": 0, "axis": "y", "origin": [0.4, -0.275, 0]},
			"faces": {
				"north": {"uv": [16, 6.15, 15.1, 6.7], "texture": "#texture", "cullface": "east"},
				"east": {"uv": [15.5, 6.25, 16, 6.5], "texture": "#texture", "cullface": "east"},
				"south": {"uv": [16, 6.75, 15, 6], "texture": "#texture", "cullface": "east"},
				"west": {"uv": [15.1, 6.25, 16, 6.6], "texture": "#texture", "cullface": "east"},
				"down": {"uv": [15.1, 6.75, 16, 6.15], "texture": "#texture", "cullface": "east"}
			}
		},
		{
			"from": [22.325, 7.475, 7.4],
			"to": [27.4, 7.725, 8.6],
			"rotation": {"angle": 0, "axis": "y", "origin": [0.4, -0.275, 0]},
			"faces": {
				"north": {"uv": [16, 6.5, 15.2, 6.75], "texture": "#texture", "cullface": "east"},
				"east": {"uv": [15.4, 6.5, 16, 6.55], "texture": "#texture", "cullface": "east"},
				"south": {"uv": [16, 6.2, 15.1, 6.75], "texture": "#texture", "cullface": "east"},
				"west": {"uv": [15.4, 6.3, 16, 6.65], "texture": "#texture", "cullface": "east"},
				"down": {"uv": [16, 6.75, 15.1, 6.25], "texture": "#texture", "cullface": "east"}
			}
		},
		{
			"from": [22.9, 7.225, 7.4],
			"to": [27.4, 7.475, 8.6],
			"rotation": {"angle": 0, "axis": "y", "origin": [0.4, -0.275, 0]},
			"faces": {
				"north": {"uv": [16, 6.25, 15.2, 6.8], "texture": "#texture", "cullface": "east"},
				"east": {"uv": [15.2, 6.25, 16, 6.6], "texture": "#texture", "cullface": "east"},
				"south": {"uv": [16, 6.75, 15.2, 6.2], "texture": "#texture", "cullface": "east"},
				"west": {"uv": [15.3, 6.45, 16, 6.6], "texture": "#texture", "cullface": "east"},
				"down": {"uv": [16, 6.75, 15.2, 6.25], "texture": "#texture", "cullface": "east"}
			}
		},
		{
			"from": [23.5, 6.975, 7.4],
			"to": [27.4, 7.225, 8.6],
			"rotation": {"angle": 0, "axis": "y", "origin": [0.4, -0.275, 0]},
			"faces": {
				"north": {"uv": [15.3, 6.5, 16, 6.75], "texture": "#texture", "cullface": "east"},
				"east": {"uv": [15.4, 6.3, 16, 6.75], "texture": "#texture", "cullface": "east"},
				"south": {"uv": [16, 6.8, 15.2, 6.25], "texture": "#texture", "cullface": "east"},
				"west": {"uv": [15.4, 6.3, 16, 6.75], "texture": "#texture", "cullface": "east"},
				"down": {"uv": [16, 6.75, 15.2, 6.25], "texture": "#texture", "cullface": "east"}
			}
		},
		{
			"from": [24.15, 6.725, 7.4],
			"to": [27.4, 6.975, 8.6],
			"rotation": {"angle": 0, "axis": "y", "origin": [0.4, -0.275, 0]},
			"faces": {
				"north": {"uv": [15.3, 11.25, 16, 11.6], "texture": "#texture", "cullface": "east"},
				"east": {"uv": [15.2, 11.15, 16, 12], "texture": "#texture", "cullface": "east"},
				"south": {"uv": [15.95, 11.15, 15.15, 12], "rotation": 180, "texture": "#texture", "cullface": "east"},
				"west": {"uv": [15.1, 11.15, 16, 12], "texture": "#texture", "cullface": "east"},
				"down": {"uv": [16, 11.75, 15.1, 11.35], "texture": "#texture", "cullface": "east"}
			}
		},
		{
			"from": [24.65, 6.475, 7.4],
			"to": [27.4, 6.725, 8.6],
			"rotation": {"angle": 0, "axis": "y", "origin": [0.4, -0.275, 0]},
			"faces": {
				"north": {"uv": [15.9, 11.3, 15.3, 11.75], "texture": "#texture", "cullface": "east"},
				"east": {"uv": [15.2, 11.3, 16, 11.85], "texture": "#texture", "cullface": "east"},
				"south": {"uv": [16, 11.2, 15.1, 11.95], "texture": "#texture", "cullface": "east"},
				"west": {"uv": [15.2, 11.3, 16, 11.85], "texture": "#texture", "cullface": "east"},
				"down": {"uv": [16, 11.75, 15.2, 11.35], "texture": "#texture", "cullface": "east"}
			}
		},
		{
			"from": [25.4, 6.225, 7.4],
			"to": [27.4, 6.475, 8.6],
			"rotation": {"angle": 0, "axis": "y", "origin": [0.4, -0.275, 0]},
			"faces": {
				"north": {"uv": [16, 11.25, 15.3, 11.8], "texture": "#texture", "cullface": "east"},
				"east": {"uv": [15.2, 11.25, 16, 11.5], "texture": "#texture", "cullface": "east"},
				"south": {"uv": [16, 11.15, 15.2, 11.9], "texture": "#texture", "cullface": "east"},
				"west": {"uv": [15.3, 11.35, 16, 11.5], "texture": "#texture", "cullface": "east"},
				"down": {"uv": [16, 11.75, 15.2, 11.35], "texture": "#texture", "cullface": "east"}
			}
		},
		{
			"from": [25.9, 5.975, 7.4],
			"to": [27.4, 6.225, 8.6],
			"rotation": {"angle": 0, "axis": "y", "origin": [0.4, -0.275, 0]},
			"faces": {
				"north": {"uv": [16, 11.5, 15.4, 11.75], "texture": "#texture", "cullface": "east"},
				"east": {"uv": [15.4, 11.5, 16, 11.75], "texture": "#texture", "cullface": "east"},
				"south": {"uv": [16, 11.2, 15.1, 11.95], "texture": "#texture", "cullface": "east"},
				"west": {"uv": [15.2, 11.5, 15.75, 11.8], "rotation": 270, "texture": "#texture", "cullface": "east"},
				"down": {"uv": [16, 11.75, 15.2, 11.35], "texture": "#texture", "cullface": "east"}
			}
		},
		{
			"from": [26.55, 5.725, 7.4],
			"to": [27.4, 5.975, 8.6],
			"rotation": {"angle": 0, "axis": "y", "origin": [0.4, -0.275, 0]},
			"faces": {
				"north": {"uv": [15.35, 11.75, 16, 11.35], "rotation": 90, "texture": "#texture", "cullface": "east"},
				"east": {"uv": [15.3, 11.35, 16, 11.9], "texture": "#texture", "cullface": "east"},
				"south": {"uv": [16, 11.25, 15.1, 11.6], "texture": "#texture", "cullface": "east"},
				"west": {"uv": [15.1, 11.45, 16, 11.5], "texture": "#texture", "cullface": "east"},
				"down": {"uv": [16, 11.75, 15.2, 11.35], "texture": "#texture", "cullface": "east"}
			}
		},
		{
			"from": [27.15, 5.45, 7.4],
			"to": [27.4, 5.725, 8.6],
			"rotation": {"angle": 0, "axis": "y", "origin": [0.4, -0.275, 0]},
			"faces": {
				"north": {"uv": [0, 11.4, 0.8, 11.75], "texture": "#texture", "cullface": "east"},
				"east": {"uv": [15.4, 11.4, 16, 11.65], "texture": "#texture", "cullface": "east"},
				"south": {"uv": [16, 11.3, 15.1, 11.85], "texture": "#texture", "cullface": "east"},
				"west": {"uv": [15.2, 11.3, 16, 11.75], "texture": "#texture", "cullface": "east"},
				"down": {"uv": [0.8, 11.75, 0, 11.25], "texture": "#texture", "cullface": "east"}
			}
		},
		{
			"from": [16, 11.5, 7.5],
			"to": [17.25, 13, 7.8],
			"faces": {
				"north": {"uv": [1, 3, 0, 4.5], "texture": "#texture", "cullface": "east"},
				"east": {"uv": [7.5, 3, 8.5, 4.5], "texture": "#texture", "cullface": "east"},
				"south": {"uv": [15, 3, 16, 4.5], "texture": "#texture", "cullface": "east"},
				"west": {"uv": [7.5, 3, 8.5, 4.5], "texture": "#texture", "cullface": "east"},
				"up": {"uv": [15, 7.5, 16, 8.5], "texture": "#texture", "cullface": "east"}
			}
		},
		{
			"from": [9.75, 9.4, 7.25],
			"to": [10.5, 10.925, 8.75],
			"rotation": {"angle": 0, "axis": "y", "origin": [0.25, 16, 0]},
			"faces": {
				"north": {"uv": [5.75, 5.25, 6.5, 7], "texture": "#texture"},
				"east": {"uv": [7.25, 5.25, 8.75, 7], "texture": "#texture"},
				"south": {"uv": [9.5, 5.25, 10.25, 7], "texture": "#texture"},
				"up": {"uv": [9.5, 7.25, 10.25, 8.75], "texture": "#texture"},
				"down": {"uv": [6.5, 8.75, 5.75, 7.25], "texture": "#texture"}
			}
		},
		{
			"from": [-1.325, 9.925, 7.4],
			"to": [-1.075, 10.575, 8.575],
			"rotation": {"angle": 0, "axis": "y", "origin": [-4.5, 0.45, 0]},
			"faces": {
				"north": {"uv": [14.5, 5.5, 14.75, 6.5], "texture": "#texture"},
				"east": {"uv": [7.75, 3.5, 8.25, 6.5], "texture": "#texture"},
				"south": {"uv": [1.25, 5.5, 1.5, 6.5], "texture": "#texture"},
				"west": {"uv": [7.75, 3.5, 8.25, 6.5], "texture": "#texture"},
				"up": {"uv": [1.25, 7.75, 1.5, 8.25], "texture": "#texture"},
				"down": {"uv": [14.75, 8.25, 14.5, 7.75], "texture": "#texture"}
			}
		},
		{
			"from": [-3.25, 9.925, 7.4],
			"to": [-3, 10.575, 8.575],
			"rotation": {"angle": 0, "axis": "y", "origin": [-4.5, 0.45, 0]},
			"faces": {
				"north": {"uv": [14.5, 5.5, 14.75, 6.5], "texture": "#texture"},
				"east": {"uv": [7.75, 3.5, 8.25, 6.5], "texture": "#texture"},
				"south": {"uv": [1.25, 5.5, 1.5, 6.5], "texture": "#texture"},
				"west": {"uv": [7.75, 3.5, 8.25, 6.5], "texture": "#texture"},
				"up": {"uv": [1.25, 7.75, 1.5, 8.25], "texture": "#texture"},
				"down": {"uv": [14.75, 8.25, 14.5, 7.75], "texture": "#texture"}
			}
		},
		{
			"from": [-7.825, 9.75, 7.75],
			"to": [-0.575, 10, 8.25],
			"rotation": {"angle": 0, "axis": "y", "origin": [-4.575, 0.35, 0]},
			"faces": {
				"north": {"uv": [14.5, 7.5, 16, 7.75], "texture": "#texture", "cullface": "west"},
				"south": {"uv": [0, 7.5, 1.5, 7.75], "texture": "#texture", "cullface": "west"},
				"west": {"uv": [7.75, 7.5, 8.25, 7.75], "texture": "#texture", "cullface": "west"},
				"up": {"uv": [0, 7.75, 1.5, 8.25], "texture": "#texture", "cullface": "west"},
				"down": {"uv": [16, 8.25, 14.5, 7.75], "texture": "#texture", "cullface": "west"}
			}
		},
		{
			"from": [-7.825, 10, 8.25],
			"to": [-0.575, 10.5, 8.5],
			"rotation": {"angle": 0, "axis": "y", "origin": [-4.575, 0.35, 0]},
			"faces": {
				"north": {"uv": [14.5, 7, 16, 7.5], "texture": "#texture", "cullface": "west"},
				"south": {"uv": [0, 7, 1.5, 7.5], "texture": "#texture", "cullface": "west"},
				"west": {"uv": [8.25, 7, 8.5, 7.5], "texture": "#texture", "cullface": "west"},
				"up": {"uv": [0, 8.25, 1.5, 8.5], "texture": "#texture", "cullface": "west"},
				"down": {"uv": [16, 8.5, 14.5, 8.25], "texture": "#texture", "cullface": "west"}
			}
		},
		{
			"from": [-7.825, 10, 7.5],
			"to": [-0.575, 10.5, 7.75],
			"rotation": {"angle": 0, "axis": "y", "origin": [-4.575, 0.35, 0]},
			"faces": {
				"north": {"uv": [14.5, 7, 16, 7.5], "texture": "#texture", "cullface": "west"},
				"south": {"uv": [0, 7, 1.5, 7.5], "texture": "#texture", "cullface": "west"},
				"west": {"uv": [7.5, 7, 7.75, 7.5], "texture": "#texture", "cullface": "west"},
				"up": {"uv": [0, 7.5, 1.5, 7.75], "texture": "#texture", "cullface": "west"},
				"down": {"uv": [16, 7.75, 14.5, 7.5], "texture": "#texture", "cullface": "west"}
			}
		},
		{
			"from": [-7.825, 10.5, 7.75],
			"to": [-0.575, 10.75, 8.25],
			"rotation": {"angle": 0, "axis": "y", "origin": [-4.575, 0.35, 0]},
			"faces": {
				"north": {"uv": [13.5, 6.75, 15, 7], "texture": "#texture", "cullface": "west"},
				"south": {"uv": [0, 6.75, 1.5, 7], "texture": "#texture", "cullface": "west"},
				"west": {"uv": [7.75, 6.75, 8.25, 7], "texture": "#texture", "cullface": "west"},
				"up": {"uv": [0, 7.75, 1.5, 8.25], "texture": "#texture", "cullface": "west"},
				"down": {"uv": [16, 8.25, 14.5, 7.75], "texture": "#texture", "cullface": "west"}
			}
		},
		{
			"from": [-9.325, 9.675, 7.675],
			"to": [-7.575, 10, 8.325],
			"rotation": {"angle": 0, "axis": "y", "origin": [-4.575, 0.35, 0]},
			"faces": {
				"north": {"uv": [14.5, 7.5, 16, 7.75], "texture": "#texture", "cullface": "west"},
				"east": {"uv": [5, 7, 6, 8], "texture": "#texture"},
				"south": {"uv": [0, 7.5, 1.5, 7.75], "texture": "#texture", "cullface": "west"},
				"west": {"uv": [7.75, 7.5, 8.25, 7.75], "texture": "#texture", "cullface": "west"},
				"up": {"uv": [0, 7.75, 1.5, 8.25], "texture": "#texture", "cullface": "west"},
				"down": {"uv": [16, 8.25, 14.5, 7.75], "texture": "#texture", "cullface": "west"}
			}
		},
		{
			"from": [-9.325, 9.925, 8.25],
			"to": [-7.575, 10.575, 8.575],
			"rotation": {"angle": 0, "axis": "y", "origin": [-4.575, 0.35, 0]},
			"faces": {
				"north": {"uv": [14.5, 7, 16, 7.5], "texture": "#texture", "cullface": "west"},
				"east": {"uv": [5, 7, 6, 8], "texture": "#texture"},
				"south": {"uv": [0, 7, 1.5, 7.5], "texture": "#texture", "cullface": "west"},
				"west": {"uv": [8.25, 7, 8.5, 7.5], "texture": "#texture", "cullface": "west"},
				"up": {"uv": [0, 8.25, 1.5, 8.5], "texture": "#texture", "cullface": "west"},
				"down": {"uv": [16, 8.5, 14.5, 8.25], "texture": "#texture", "cullface": "west"}
			}
		},
		{
			"from": [-9.325, 9.925, 7.425],
			"to": [-7.575, 10.575, 7.75],
			"rotation": {"angle": 0, "axis": "y", "origin": [-4.575, 0.35, 0]},
			"faces": {
				"north": {"uv": [14.5, 7, 16, 7.5], "texture": "#texture", "cullface": "west"},
				"east": {"uv": [5, 7, 6, 8], "texture": "#texture"},
				"south": {"uv": [0, 7, 1.5, 7.5], "texture": "#texture", "cullface": "west"},
				"west": {"uv": [7.5, 7, 7.75, 7.5], "texture": "#texture", "cullface": "west"},
				"up": {"uv": [0, 7.5, 1.5, 7.75], "texture": "#texture", "cullface": "west"},
				"down": {"uv": [16, 7.75, 14.5, 7.5], "texture": "#texture", "cullface": "west"}
			}
		},
		{
			"from": [-9.325, 10.5, 7.675],
			"to": [-7.575, 10.825, 8.325],
			"rotation": {"angle": 0, "axis": "y", "origin": [-4.575, 0.35, 0]},
			"faces": {
				"north": {"uv": [13.5, 6.75, 15, 7], "texture": "#texture", "cullface": "west"},
				"east": {"uv": [5, 7, 6, 8], "texture": "#texture"},
				"south": {"uv": [0, 6.75, 1.5, 7], "texture": "#texture", "cullface": "west"},
				"west": {"uv": [7.75, 6.75, 8.25, 7], "texture": "#texture", "cullface": "west"},
				"up": {"uv": [0, 7.75, 1.5, 8.25], "texture": "#texture", "cullface": "west"},
				"down": {"uv": [16, 8.25, 14.5, 7.75], "texture": "#texture", "cullface": "west"}
			}
		},
		{
			"from": [-1.075, 9.6, 7.38],
			"to": [-0.975, 11.125, 8.63],
			"rotation": {"angle": 0, "axis": "y", "origin": [-4.325, 0.35, 0]},
			"faces": {
				"north": {"uv": [12.75, 5.25, 13.25, 7], "texture": "#texture"},
				"south": {"uv": [2.75, 5.25, 3.25, 7], "texture": "#texture"},
				"west": {"uv": [7, 5.25, 9, 7], "texture": "#texture"},
				"up": {"uv": [2.75, 7, 3.25, 9], "texture": "#texture"},
				"down": {"uv": [13.25, 9, 12.75, 7], "texture": "#texture"}
			}
		},
		{
			"from": [10.5, 9.4, 7.5],
			"to": [10.75, 10.925, 8.5],
			"rotation": {"angle": 0, "axis": "y", "origin": [0.25, 16, 0]},
			"faces": {
				"north": {"uv": [5.5, 5.5, 5.75, 6.75], "texture": "#texture"},
				"south": {"uv": [10.25, 5.5, 10.5, 6.75], "texture": "#texture"},
				"up": {"uv": [10.25, 7.5, 10.5, 8.5], "texture": "#texture"},
				"down": {"uv": [5.75, 8.5, 5.5, 7.5], "texture": "#texture"}
			}
		},
		{
			"from": [9.75, 9.15, 7.5],
			"to": [10.5, 11.175, 8.5],
			"rotation": {"angle": 0, "axis": "y", "origin": [0.25, 16, 0]},
			"faces": {
				"north": {"uv": [5.75, 5.25, 6.5, 7], "texture": "#texture"},
				"east": {"uv": [7.25, 5.25, 8.75, 7], "texture": "#texture"},
				"south": {"uv": [9.5, 5.25, 10.25, 7], "texture": "#texture"},
				"up": {"uv": [9.5, 7.25, 10.25, 8.75], "texture": "#texture"},
				"down": {"uv": [6.5, 8.75, 5.75, 7.25], "texture": "#texture"}
			}
		},
		{
			"from": [-3.25, 10.925, 7.8],
			"to": [-1.25, 11.125, 8.2],
			"rotation": {"angle": 0, "axis": "y", "origin": [-4.5, 0.45, 0]},
			"faces": {
				"north": {"uv": [13.25, 5.25, 14.75, 5.5], "texture": "#texture"},
				"south": {"uv": [1.25, 5.25, 2.75, 5.5], "texture": "#texture"},
				"up": {"uv": [1.25, 7.75, 2.75, 8.25], "texture": "#texture"},
				"down": {"uv": [14.75, 8.25, 13.25, 7.75], "texture": "#texture"}
			}
		},
		{
			"from": [-1.325, 9.425, 7.7],
			"to": [-1.075, 11.325, 8.3],
			"rotation": {"angle": 0, "axis": "y", "origin": [-4.5, 0.45, 0]},
			"faces": {
				"north": {"uv": [14.5, 3.5, 14.75, 6.5], "texture": "#texture"},
				"east": {"uv": [7.75, 3.5, 8.25, 6.5], "texture": "#texture"},
				"south": {"uv": [1.25, 3.5, 1.5, 6.5], "texture": "#texture"},
				"west": {"uv": [7.75, 3.5, 8.25, 6.5], "texture": "#texture"},
				"up": {"uv": [1.25, 7.75, 1.5, 8.25], "texture": "#texture"},
				"down": {"uv": [14.75, 8.25, 14.5, 7.75], "texture": "#texture"}
			}
		},
		{
			"from": [-2.75, 12.45, 7.7],
			"to": [-2.5, 12.95, 7.875],
			"rotation": {"angle": 45, "axis": "z", "origin": [-2.75, 12.7, 7.75]},
			"faces": {
				"north": {"uv": [14, 3.25, 14.5, 4], "texture": "#texture"},
				"east": {"uv": [7.5, 5.25, 8.5, 6], "texture": "#texture"},
				"south": {"uv": [1, 3.25, 1.5, 4], "texture": "#texture"},
				"west": {"uv": [7.5, 5.25, 8.5, 6], "texture": "#texture"},
				"up": {"uv": [0, 7.5, 0.5, 8.5], "texture": "#texture"},
				"down": {"uv": [16, 8.5, 15.5, 7.5], "texture": "#texture"}
			}
		},
		{
			"from": [-2.75, 12.45, 8.125],
			"to": [-2.5, 12.95, 8.3],
			"rotation": {"angle": 45, "axis": "z", "origin": [-2.75, 12.7, 7.75]},
			"faces": {
				"north": {"uv": [14, 3.25, 14.5, 4], "texture": "#texture"},
				"east": {"uv": [7.5, 5.25, 8.5, 6], "texture": "#texture"},
				"south": {"uv": [1, 3.25, 1.5, 4], "texture": "#texture"},
				"west": {"uv": [7.5, 5.25, 8.5, 6], "texture": "#texture"},
				"up": {"uv": [0, 7.5, 0.5, 8.5], "texture": "#texture"},
				"down": {"uv": [16, 8.5, 15.5, 7.5], "texture": "#texture"}
			}
		},
		{
			"from": [-2.75, 10.1, 7.7],
			"to": [-2.5, 12.45, 8.3],
			"rotation": {"angle": 45, "axis": "z", "origin": [-2.75, 12.7, 7.75]},
			"faces": {
				"north": {"uv": [14, 3.25, 14.5, 5.25], "texture": "#texture"},
				"east": {"uv": [7.5, 5.25, 8.5, 7.25], "texture": "#texture"},
				"south": {"uv": [1, 3.25, 1.5, 5.25], "texture": "#texture"},
				"west": {"uv": [7.5, 5.25, 8.5, 7.25], "texture": "#texture"},
				"up": {"uv": [0, 7.5, 0.5, 8.5], "texture": "#texture"},
				"down": {"uv": [16, 8.5, 15.5, 7.5], "texture": "#texture"}
			}
		},
		{
			"from": [-2.4, 12.2, 7.7],
			"to": [-2.25, 12.35, 8.3],
			"rotation": {"angle": 0, "axis": "y", "origin": [-4.5, 0.45, 0]},
			"faces": {
				"north": {"uv": [14, 3.5, 14.5, 4], "texture": "#texture"},
				"east": {"uv": [7.75, 3.5, 8.25, 4], "texture": "#texture"},
				"south": {"uv": [1.5, 3.5, 2, 4], "texture": "#texture"},
				"up": {"uv": [1.5, 7.75, 2, 8.25], "texture": "#texture"},
				"down": {"uv": [14.5, 8.25, 14, 7.75], "texture": "#texture"}
			}
		},
		{
			"from": [-3, 12.2, 7.7],
			"to": [-2.4, 12.7, 8.3],
			"rotation": {"angle": 0, "axis": "y", "origin": [-4.5, 0.45, 0]},
			"faces": {
				"north": {"uv": [14, 3.5, 14.5, 4], "texture": "#texture"},
				"east": {"uv": [7.75, 3.5, 8.25, 4], "texture": "#texture"},
				"south": {"uv": [1.5, 3.5, 2, 4], "texture": "#texture"},
				"up": {"uv": [1.5, 7.75, 2, 8.25], "texture": "#texture"},
				"down": {"uv": [14.5, 8.25, 14, 7.75], "texture": "#texture"}
			}
		},
		{
			"from": [-3, 11.85, 7.7],
			"to": [-2.75, 12.35, 8.3],
			"rotation": {"angle": 0, "axis": "y", "origin": [-4.5, 0.45, 0]},
			"faces": {
				"north": {"uv": [14, 3.5, 14.5, 4], "texture": "#texture"},
				"east": {"uv": [7.75, 3.5, 8.25, 4], "texture": "#texture"},
				"south": {"uv": [1.5, 3.5, 2, 4], "texture": "#texture"},
				"up": {"uv": [1.5, 7.75, 2, 8.25], "texture": "#texture"},
				"down": {"uv": [14.5, 8.25, 14, 7.75], "texture": "#texture"}
			}
		},
		{
			"from": [-3, 12.35, 8.125],
			"to": [-2.75, 13.05, 8.3],
			"rotation": {"angle": 0, "axis": "y", "origin": [-18.5, 0.45, 0]},
			"faces": {
				"north": {"uv": [14, 3.5, 14.5, 4], "texture": "#texture"},
				"east": {"uv": [7.75, 3.5, 8.25, 4], "texture": "#texture"},
				"south": {"uv": [1.5, 3.5, 2, 4], "texture": "#texture"},
				"up": {"uv": [1.5, 7.75, 2, 8.25], "texture": "#texture"},
				"down": {"uv": [14.5, 8.25, 14, 7.75], "texture": "#texture"}
			}
		},
		{
			"from": [-3, 12.35, 7.7],
			"to": [-2.75, 13.05, 7.875],
			"rotation": {"angle": 0, "axis": "y", "origin": [-18.5, 0.45, 0]},
			"faces": {
				"north": {"uv": [14, 3.5, 14.5, 4], "texture": "#texture"},
				"east": {"uv": [7.75, 3.5, 8.25, 4], "texture": "#texture"},
				"south": {"uv": [1.5, 3.5, 2, 4], "texture": "#texture"},
				"up": {"uv": [1.5, 7.75, 2, 8.25], "texture": "#texture"},
				"down": {"uv": [14.5, 8.25, 14, 7.75], "texture": "#texture"}
			}
		},
		{
			"from": [-3.25, 9.45, 7.875],
			"to": [-3, 12.7, 8.125],
			"rotation": {"angle": 0, "axis": "y", "origin": [-4.5, 0.45, 0]},
			"faces": {
				"north": {"uv": [14.5, 3.5, 14.75, 6.5], "texture": "#texture"},
				"east": {"uv": [7.75, 3.5, 8.25, 6.5], "texture": "#texture"},
				"south": {"uv": [1.25, 3.5, 1.5, 6.5], "texture": "#texture"},
				"west": {"uv": [7.75, 3.5, 8.25, 10], "texture": "#texture"},
				"up": {"uv": [1.25, 7.75, 1.5, 8.25], "texture": "#texture"},
				"down": {"uv": [14.75, 8.25, 14.5, 7.75], "texture": "#texture"}
			}
		},
		{
			"from": [-3.25, 9.45, 7.7],
			"to": [-3, 13.05, 7.875],
			"rotation": {"angle": 0, "axis": "y", "origin": [-4.5, 0.45, 0]},
			"faces": {
				"north": {"uv": [14.5, 3.5, 14.75, 6.5], "texture": "#texture"},
				"east": {"uv": [7.75, 3.5, 8.25, 6.5], "texture": "#texture"},
				"south": {"uv": [1.25, 3.5, 1.5, 6.5], "texture": "#texture"},
				"west": {"uv": [7.75, 3.5, 8.25, 6.5], "texture": "#texture"},
				"up": {"uv": [1.25, 7.75, 1.5, 8.25], "texture": "#texture"},
				"down": {"uv": [14.75, 8.25, 14.5, 7.75], "texture": "#texture"}
			}
		},
		{
			"from": [-3.25, 9.45, 8.125],
			"to": [-3, 13.05, 8.3],
			"rotation": {"angle": 0, "axis": "y", "origin": [-4.5, 0.45, 0]},
			"faces": {
				"north": {"uv": [14.5, 3.5, 14.75, 6.5], "texture": "#texture"},
				"east": {"uv": [7.75, 3.5, 8.25, 6.5], "texture": "#texture"},
				"south": {"uv": [1.25, 3.5, 1.5, 6.5], "texture": "#texture"},
				"west": {"uv": [7.75, 3.5, 8.25, 6.5], "texture": "#texture"},
				"up": {"uv": [1.25, 7.75, 1.5, 8.25], "texture": "#texture"},
				"down": {"uv": [14.75, 8.25, 14.5, 7.75], "texture": "#texture"}
			}
		},
		{
			"from": [16, 11.5, 8.2],
			"to": [17.25, 13, 8.5],
			"faces": {
				"north": {"uv": [0, 3, 1, 4.5], "texture": "#texture", "cullface": "east"},
				"east": {"uv": [7.5, 3, 8.5, 4.5], "texture": "#texture", "cullface": "east"},
				"south": {"uv": [15, 3, 16, 4.5], "texture": "#texture", "cullface": "east"},
				"west": {"uv": [7.5, 3, 8.5, 4.5], "texture": "#texture", "cullface": "east"},
				"up": {"uv": [16, 7.5, 15, 8.5], "texture": "#texture", "cullface": "east"}
			}
		},
		{
			"from": [16, 11.5, 7.8],
			"to": [17.25, 12.75, 8.2],
			"faces": {
				"north": {"uv": [0, 3, 1, 4.5], "texture": "#texture", "cullface": "east"},
				"east": {"uv": [7.5, 3, 8.5, 4.5], "texture": "#texture", "cullface": "east"},
				"south": {"uv": [16, 3, 15, 4.5], "texture": "#texture", "cullface": "east"},
				"west": {"uv": [7.5, 3, 8.5, 4.5], "texture": "#texture", "cullface": "east"},
				"up": {"uv": [16, 7.5, 15, 8.5], "texture": "#texture", "cullface": "east"}
			}
		},
		{
			"from": [15, 13, 7.5],
			"to": [16.975, 13.25, 7.8],
			"faces": {
				"north": {"uv": [0, 3, 1, 4.5], "texture": "#texture", "cullface": "east"},
				"east": {"uv": [7.5, 3, 8.5, 4.5], "texture": "#texture", "cullface": "east"},
				"south": {"uv": [16, 3, 15, 4.5], "texture": "#texture", "cullface": "east"},
				"west": {"uv": [7.5, 3, 8.5, 4.5], "texture": "#texture", "cullface": "east"},
				"up": {"uv": [16, 7.5, 15, 8.5], "texture": "#texture", "cullface": "east"}
			}
		},
		{
			"from": [15, 13, 8.2],
			"to": [16.975, 13.25, 8.5],
			"faces": {
				"north": {"uv": [0, 3, 1, 4.5], "texture": "#texture", "cullface": "east"},
				"east": {"uv": [7.5, 3, 8.5, 4.5], "texture": "#texture", "cullface": "east"},
				"south": {"uv": [16, 3, 15, 3.5], "texture": "#texture", "cullface": "east"},
				"west": {"uv": [7.5, 3, 8.5, 4.5], "texture": "#texture", "cullface": "east"},
				"up": {"uv": [16, 7.5, 15, 8.5], "texture": "#texture", "cullface": "east"}
			}
		},
		{
			"from": [17.25, 11.5, 7.5],
			"to": [17.5, 12.5, 8.5],
			"faces": {
				"north": {"uv": [1, 3.25, 0, 4.5], "texture": "#texture", "cullface": "east"},
				"east": {"uv": [7.5, 3.25, 8.5, 4.5], "texture": "#texture", "cullface": "east"},
				"south": {"uv": [15, 3.25, 16, 4.5], "texture": "#texture", "cullface": "east"},
				"up": {"uv": [15, 7.5, 16, 8.5], "texture": "#texture", "cullface": "east"}
			}
		},
		{
			"from": [17.5, 11.5, 7.5],
			"to": [17.75, 12.025, 8.5],
			"faces": {
				"north": {"uv": [0, 4, 1, 4.5], "texture": "#texture", "cullface": "east"},
				"east": {"uv": [7.5, 4, 8.5, 4.5], "texture": "#texture", "cullface": "east"},
				"south": {"uv": [15, 4, 16, 4.5], "texture": "#texture", "cullface": "east"},
				"up": {"uv": [16, 7.5, 15, 8.5], "texture": "#texture", "cullface": "east"}
			}
		},
		{
			"from": [11, 12.5, 7.5],
			"to": [16, 12.75, 8.5],
			"faces": {
				"north": {"uv": [0, 3.25, 5, 3.5], "texture": "#texture", "cullface": "east"},
				"south": {"uv": [11, 3.25, 16, 3.5], "texture": "#texture", "cullface": "east"},
				"west": {"uv": [7.5, 3.25, 8.5, 3.5], "texture": "#texture", "cullface": "east"},
				"up": {"uv": [11, 7.5, 16, 8.5], "texture": "#texture", "cullface": "east"},
				"down": {"uv": [5, 8.5, 0, 7.5], "texture": "#texture", "cullface": "east"}
			}
		},
		{
			"from": [12.725, 12.75, 7.5],
			"to": [16, 13, 7.8],
			"faces": {
				"north": {"uv": [0, 3, 2, 3.25], "texture": "#texture", "cullface": "east"},
				"south": {"uv": [14, 3, 16, 3.25], "texture": "#texture", "cullface": "east"},
				"west": {"uv": [7.5, 3, 8.5, 3.25], "texture": "#texture", "cullface": "east"},
				"up": {"uv": [14, 7.5, 16, 8.5], "texture": "#texture", "cullface": "east"}
			}
		},
		{
			"from": [12.725, 12.75, 8.2],
			"to": [16, 13, 8.5],
			"faces": {
				"north": {"uv": [0, 3, 2, 3.25], "texture": "#texture", "cullface": "east"},
				"south": {"uv": [14, 3, 16, 3.25], "texture": "#texture", "cullface": "east"},
				"west": {"uv": [7.5, 3, 8.5, 3.25], "texture": "#texture", "cullface": "east"},
				"up": {"uv": [14, 7.5, 16, 8.5], "texture": "#texture", "cullface": "east"}
			}
		},
		{
			"from": [10.75, 11.5, 7.5],
			"to": [11, 12.5, 8.5],
			"faces": {
				"north": {"uv": [5, 3.5, 5.25, 4.5], "texture": "#texture"},
				"east": {"uv": [7.5, 3.5, 8.5, 4.5], "texture": "#texture"},
				"south": {"uv": [10.75, 3.5, 11, 4.5], "texture": "#texture"},
				"west": {"uv": [7.5, 3.5, 8.5, 4.5], "texture": "#texture"},
				"up": {"uv": [10.75, 7.5, 11, 8.5], "texture": "#texture"}
			}
		},
		{
			"from": [10.75, 11, 7.5],
			"to": [16, 11.5, 8.5],
			"faces": {
				"north": {"uv": [0, 4.5, 5.25, 5], "texture": "#texture", "cullface": "east"},
				"east": {"uv": [7.25, 4.5, 8.75, 5], "texture": "#texture", "cullface": "east"},
				"south": {"uv": [10.75, 4.5, 15, 5], "texture": "#texture", "cullface": "east"},
				"west": {"uv": [7.25, 4.5, 8.75, 5], "texture": "#texture", "cullface": "east"},
				"up": {"uv": [10.75, 7.25, 16, 8.75], "texture": "#texture", "cullface": "east"}
			}
		},
		{
			"from": [16, 11, 7.5],
			"to": [18, 11.5, 8.5],
			"faces": {
				"north": {"uv": [0, 4.5, 5.25, 5], "texture": "#texture", "cullface": "east"},
				"east": {"uv": [7.25, 4.5, 8.75, 5], "texture": "#texture", "cullface": "east"},
				"south": {"uv": [14.75, 3.5, 16, 4], "texture": "#texture", "cullface": "east"},
				"west": {"uv": [7.25, 4.5, 8.75, 5], "texture": "#texture", "cullface": "east"},
				"up": {"uv": [10.75, 7.25, 16, 8.75], "texture": "#texture", "cullface": "east"}
			}
		},
		{
			"from": [-0.5, 10.85, 7.2],
			"to": [9.75, 11.15, 8.8],
			"rotation": {"angle": 0, "axis": "y", "origin": [0, 0.1, 0]},
			"faces": {
				"north": {"uv": [15, 11, 16, 12], "texture": "#texture", "cullface": "west"},
				"east": {"uv": [15, 11, 16, 12], "texture": "#texture"},
				"south": {"uv": [15, 11, 16, 12], "texture": "#texture", "cullface": "west"},
				"west": {"uv": [15, 11, 16, 12], "texture": "#texture", "cullface": "west"},
				"up": {"uv": [15, 11, 16, 12], "texture": "#texture", "cullface": "west"},
				"down": {"uv": [16, 12, 15, 11], "texture": "#texture", "cullface": "west"}
			}
		},
		{
			"from": [10.75, 9.5, 7.15],
			"to": [18.4, 10.375, 8.85],
			"faces": {
				"north": {"uv": [0, 5, 5.5, 7], "texture": "#texture", "cullface": "east"},
				"east": {"uv": [7, 5, 9, 7.25], "texture": "#texture", "cullface": "east"},
				"south": {"uv": [9.5, 5, 15, 7], "texture": "#texture", "cullface": "east"},
				"west": {"uv": [7, 5, 9, 7.25], "texture": "#texture", "cullface": "east"},
				"up": {"uv": [10.5, 7, 16, 9], "texture": "#texture", "cullface": "east"},
				"down": {"uv": [5.5, 9, 0, 7], "texture": "#texture", "cullface": "east"}
			}
		},
		{
			"from": [10.75, 8.5, 7.4],
			"to": [18.65, 10.85, 8.6],
			"faces": {
				"north": {"uv": [0, 5, 5.5, 7.25], "texture": "#texture", "cullface": "east"},
				"east": {"uv": [7, 5, 9, 7.25], "texture": "#texture", "cullface": "east"},
				"south": {"uv": [9.5, 5, 15, 7.25], "texture": "#texture", "cullface": "east"},
				"west": {"uv": [7, 5, 9, 7.25], "texture": "#texture", "cullface": "east"},
				"up": {"uv": [10.5, 7, 16, 9], "texture": "#texture", "cullface": "east"},
				"down": {"uv": [5.5, 9, 0, 7], "texture": "#texture", "cullface": "east"}
			}
		},
		{
			"from": [11, 7, 7.325],
			"to": [12.5, 9.5, 8.675],
			"rotation": {"angle": 0, "axis": "y", "origin": [0.25, 0, 0]},
			"faces": {
				"north": {"uv": [1.75, 6.25, 3.25, 8], "texture": "#texture"},
				"south": {"uv": [10.75, 7.25, 12.25, 9], "texture": "#texture"},
				"west": {"uv": [7, 7.25, 9, 9], "texture": "#texture"},
				"down": {"uv": [5.25, 9, 3.75, 7], "texture": "#texture"}
			}
		},
		{
			"from": [12.5, 6.75, 7.325],
			"to": [14, 9.5, 8.675],
			"rotation": {"angle": 0, "axis": "y", "origin": [0.25, 0, 0]},
			"faces": {
				"north": {"uv": [0.25, 6.25, 1.75, 8.25], "texture": "#texture"},
				"east": {"uv": [7, 7.25, 9, 9.25], "texture": "#texture"},
				"south": {"uv": [12.25, 7.25, 13.75, 9.25], "texture": "#texture"},
				"west": {"uv": [7, 7.25, 9, 9.25], "texture": "#texture"},
				"down": {"uv": [3.75, 9, 2.25, 7], "texture": "#texture"}
			}
		},
		{
			"from": [14, 8.25, 7.4],
			"to": [18.1, 8.5, 8.6],
			"faces": {
				"north": {"uv": [0, 7.25, 2.25, 7.75], "texture": "#texture", "cullface": "east"},
				"east": {"uv": [7, 7.25, 9, 7.75], "texture": "#texture", "cullface": "east"},
				"south": {"uv": [13.75, 7.25, 16, 7.75], "texture": "#texture", "cullface": "east"},
				"down": {"uv": [2.25, 9, 0, 7], "texture": "#texture", "cullface": "east"}
			}
		},
		{
			"from": [14, 6.75, 7.575],
			"to": [14.25, 7.25, 8.425],
			"faces": {
				"north": {"uv": [1.75, 8.75, 2.25, 9.25], "texture": "#texture"},
				"east": {"uv": [7.5, 8.75, 8.5, 9.25], "texture": "#texture"},
				"south": {"uv": [13.75, 8.75, 14.25, 9.25], "texture": "#texture"},
				"up": {"uv": [13.75, 7.5, 14.25, 8.5], "texture": "#texture"},
				"down": {"uv": [2.25, 8.5, 1.75, 7.5], "texture": "#texture"}
			}
		},
		{
			"from": [14.25, 6.75, 7.625],
			"to": [16, 7, 8.375],
			"faces": {
				"north": {"uv": [0, 9, 1.75, 9.25], "texture": "#texture"},
				"south": {"uv": [14.25, 9, 16, 9.25], "texture": "#texture"},
				"up": {"uv": [14.25, 7.75, 16, 8.25], "texture": "#texture"},
				"down": {"uv": [1.75, 8.25, 0, 7.75], "texture": "#texture"}
			}
		},
		{
			"from": [14, 8, 7.575],
			"to": [14.25, 8.25, 8.425],
			"faces": {
				"north": {"uv": [1.75, 7.75, 2.25, 8.25], "texture": "#texture"},
				"east": {"uv": [7.5, 7.75, 8.5, 8.25], "texture": "#texture"},
				"south": {"uv": [13.75, 7.75, 14.25, 8.25], "texture": "#texture"},
				"down": {"uv": [2.25, 8.5, 1.75, 7.5], "texture": "#texture"}
			}
		},
		{
			"from": [16, 6.75, 7.575],
			"to": [16.5, 7.25, 8.425],
			"faces": {
				"north": {"uv": [0, 8.75, 1, 9.25], "texture": "#texture", "cullface": "east"},
				"south": {"uv": [16, 8.75, 15, 9.25], "texture": "#texture", "cullface": "east"},
				"west": {"uv": [7.5, 8.75, 8.5, 9.25], "texture": "#texture", "cullface": "east"},
				"up": {"uv": [16, 7.5, 15, 8.5], "texture": "#texture", "cullface": "east"},
				"down": {"uv": [0, 8.5, 1, 7.5], "texture": "#texture", "cullface": "east"}
			}
		},
		{
			"from": [16, 8, 7.575],
			"to": [16.5, 8.25, 8.425],
			"faces": {
				"north": {"uv": [0, 7.75, 1, 8.25], "texture": "#texture", "cullface": "east"},
				"south": {"uv": [16, 7.75, 15, 8.25], "texture": "#texture", "cullface": "east"},
				"west": {"uv": [7.5, 7.75, 8.5, 8.25], "texture": "#texture", "cullface": "east"},
				"down": {"uv": [0, 8.5, 1, 7.5], "texture": "#texture", "cullface": "east"}
			}
		},
		{
			"from": [16.25, 7.25, 7.575],
			"to": [16.5, 8, 8.425],
			"faces": {
				"north": {"uv": [0, 8.25, 1, 8.75], "texture": "#texture", "cullface": "east"},
				"south": {"uv": [16, 8.25, 15, 8.75], "texture": "#texture", "cullface": "east"},
				"west": {"uv": [7.5, 8.25, 8.5, 8.75], "texture": "#texture", "cullface": "east"}
			}
		},
		{
			"from": [15.625, 7.325, 7.825],
			"to": [15.875, 8.575, 8.175],
			"rotation": {"angle": -22.5, "axis": "z", "origin": [15.5, 8.5, 7.75]},
			"faces": {
				"north": {"uv": [8.25, 0, 8.5, 1.25], "texture": "#texture"},
				"east": {"uv": [7.75, 0, 8.25, 1.25], "texture": "#texture"},
				"south": {"uv": [7.5, 0, 7.75, 1.25], "texture": "#texture"},
				"west": {"uv": [7.75, 0, 8.25, 1.25], "texture": "#texture"},
				"up": {"uv": [7.5, 7.75, 7.75, 8.25], "texture": "#texture"},
				"down": {"uv": [8.5, 8.25, 8.25, 7.75], "texture": "#texture"}
			}
		},
		{
			"from": [16.5, 6.75, 7.4],
			"to": [17.825, 8.25, 8.6],
			"faces": {
				"north": {"uv": [0, 11.15, 0.8, 11.65], "texture": "#texture", "cullface": "east"},
				"east": {"uv": [0, 11.15, 0.8, 11.85], "texture": "#texture", "cullface": "east"},
				"south": {"uv": [0.9, 11.85, 0, 11.15], "texture": "#texture", "cullface": "east"},
				"west": {"uv": [0, 11.8, 0.7, 11.35], "texture": "#texture", "cullface": "east"},
				"down": {"uv": [0.8, 11.75, 0, 11.25], "texture": "#texture", "cullface": "east"}
			}
		},
		{
			"from": [16.5, 3.5, 7.4],
			"to": [17.925, 7.25, 8.6],
			"rotation": {"angle": 22.5, "axis": "z", "origin": [16.5, 7.25, 7.25]},
			"faces": {
				"north": {"uv": [0, 11.25, 0.9, 11.9], "texture": "#texture", "cullface": "east"},
				"east": {"uv": [0, 11.25, 0.9, 11.9], "texture": "#texture", "cullface": "east"},
				"south": {"uv": [1, 11.65, 0, 11.9], "texture": "#texture", "cullface": "east"},
				"west": {"uv": [0, 11.2, 0.9, 11.9], "texture": "#texture", "cullface": "east"},
				"up": {"uv": [0, 11.25, 0.9, 11.85], "texture": "#texture", "cullface": "east"},
				"down": {"uv": [0, 11.75, 0.9, 11.25], "texture": "#texture", "cullface": "east"}
			}
		},
		{
			"from": [16.25, 3.475, 7.575],
			"to": [16.75, 6.875, 8.425],
			"rotation": {"angle": 22.5, "axis": "z", "origin": [16.5, 6.75, 7.25]},
			"faces": {
				"north": {"uv": [0, 11.15, 0.9, 11.8], "texture": "#texture", "cullface": "east"},
				"east": {"uv": [0, 11.15, 0.9, 11.9], "texture": "#texture", "cullface": "east"},
				"south": {"uv": [1, 11.85, 0, 11.2], "texture": "#texture", "cullface": "east"},
				"west": {"uv": [0, 11.2, 0.9, 11.9], "texture": "#texture", "cullface": "east"},
				"down": {"uv": [0, 11.65, 1, 11.35], "texture": "#texture", "cullface": "east"}
			}
		},
		{
			"from": [17.325, -2.975, 7.775],
			"to": [17.475, -2.55, 8.225],
			"rotation": {"angle": 22.5, "axis": "z", "origin": [0.825, 0.4, 0]},
			"faces": {
				"north": {"uv": [0, 11.75, 0, 12], "rotation": 270, "texture": "#texture", "cullface": "east"},
				"south": {"uv": [0.8, 11.25, 0, 11.9], "rotation": 90, "texture": "#texture", "cullface": "east"},
				"west": {"uv": [0, 11.3, 0.6, 11.7], "rotation": 90, "texture": "#texture", "cullface": "east"},
				"up": {"uv": [0, 11.75, 1, 12], "rotation": 90, "texture": "#texture", "cullface": "east"},
				"down": {"uv": [0, 11.45, 1, 11.7], "rotation": 90, "texture": "#texture", "cullface": "east"}
			}
		},
		{
			"from": [17.325, -0.975, 7.775],
			"to": [17.475, -0.55, 8.225],
			"rotation": {"angle": 22.5, "axis": "z", "origin": [0.825, 0.4, 0]},
			"faces": {
				"north": {"uv": [0, 11.75, 0, 12], "rotation": 270, "texture": "#texture", "cullface": "east"},
				"south": {"uv": [0.8, 11.25, 0, 11.9], "rotation": 90, "texture": "#texture", "cullface": "east"},
				"west": {"uv": [0, 11.3, 0.6, 11.6], "rotation": 90, "texture": "#texture", "cullface": "east"},
				"up": {"uv": [0, 11.75, 1, 12], "rotation": 90, "texture": "#texture", "cullface": "east"},
				"down": {"uv": [0, 11.45, 1, 11.7], "rotation": 90, "texture": "#texture", "cullface": "east"}
			}
		},
		{
			"from": [10.75, 10.85, 7.6],
			"to": [18.425, 11.1, 8.4],
			"rotation": {"angle": 0, "axis": "y", "origin": [0, -0.25, 0]},
			"faces": {
				"north": {"uv": [13, 5.25, 14, 5.75], "texture": "#texture"},
				"east": {"uv": [7.5, 5.25, 8.5, 5.75], "texture": "#texture"},
				"south": {"uv": [2, 5.25, 3, 5.75], "texture": "#texture"},
				"west": {"uv": [7.5, 5.25, 8.5, 5.75], "texture": "#texture"},
				"up": {"uv": [2, 7.5, 3, 8.5], "texture": "#texture"},
				"down": {"uv": [2, 7, 3, 8], "texture": "#texture"}
			}
		},
		{
			"from": [11.25, 9.65, 7.125],
			"to": [14.125, 10.4, 7.65],
			"rotation": {"angle": 0, "axis": "y", "origin": [4, 0.65, 0]},
			"faces": {
				"north": {"uv": [15, 11.25, 16, 11.5], "texture": "#texture", "cullface": "east"},
				"east": {"uv": [15, 11.25, 16, 11.5], "texture": "#texture", "cullface": "east"},
				"south": {"uv": [15, 11.25, 16, 11.5], "texture": "#texture", "cullface": "east"},
				"west": {"uv": [15, 11, 16, 12], "texture": "#texture"},
				"up": {"uv": [15, 11.25, 16, 11.75], "texture": "#texture", "cullface": "east"},
				"down": {"uv": [15, 11, 16, 12], "texture": "#texture"}
			}
		},
		{
			"from": [11.15, 5.525, 7.525],
			"to": [13.9, 8.025, 8.475],
			"rotation": {"angle": 0, "axis": "y", "origin": [0, -1, 0]},
			"faces": {
				"north": {"uv": [0, 8.2, 6.6, 8.7], "texture": "#texture", "cullface": "east"},
				"east": {"uv": [6.1, 8.1, 6.7, 8.8], "texture": "#texture", "cullface": "east"},
				"south": {"uv": [6.7, 8.1, 0, 8.8], "texture": "#texture", "cullface": "east"},
				"west": {"uv": [6, 8, 7, 9], "texture": "#texture"},
				"down": {"uv": [6.1, 8.9, 6.8, 8.1], "texture": "#texture", "cullface": "east"}
			}
		},
		{
			"from": [11, 4.275, 7.525],
			"to": [13.75, 5.525, 8.475],
			"rotation": {"angle": 0, "axis": "y", "origin": [0, -1, 0]},
			"faces": {
				"north": {"uv": [0, 8.2, 6.5, 8.7], "texture": "#texture", "cullface": "east"},
				"east": {"uv": [6.2, 8.1, 6.7, 8.8], "texture": "#texture", "cullface": "east"},
				"south": {"uv": [6.7, 8.1, 0, 8.8], "texture": "#texture", "cullface": "east"},
				"west": {"uv": [6, 8, 7, 9], "texture": "#texture"},
				"up": {"uv": [6, 8, 7, 9], "texture": "#texture"},
				"down": {"uv": [6.1, 8.9, 6.8, 8.1], "texture": "#texture", "cullface": "east"}
			}
		},
		{
			"from": [11, 5.525, 7.525],
			"to": [11.4, 5.775, 8.475],
			"rotation": {"angle": 0, "axis": "y", "origin": [0, -1, 0]},
			"faces": {
				"north": {"uv": [6, 8.2, 6.5, 8.7], "texture": "#texture", "cullface": "east"},
				"east": {"uv": [6.2, 8.1, 6.7, 8.8], "texture": "#texture", "cullface": "east"},
				"south": {"uv": [6.7, 8.1, 6, 8.8], "texture": "#texture", "cullface": "east"},
				"west": {"uv": [6, 8, 7, 9], "texture": "#texture"},
				"up": {"uv": [6, 8, 7, 9], "texture": "#texture"},
				"down": {"uv": [6.1, 8.9, 6.8, 8.1], "texture": "#texture", "cullface": "east"}
			}
		},
		{
			"from": [10.75, 4.275, 7.525],
			"to": [11, 4.525, 8.475],
			"rotation": {"angle": 0, "axis": "y", "origin": [0, -1, 0]},
			"faces": {
				"north": {"uv": [6.5, 8.2, 6, 8.7], "texture": "#texture", "cullface": "east"},
				"east": {"uv": [6.2, 8.1, 6.7, 8.8], "texture": "#texture", "cullface": "east"},
				"south": {"uv": [6.7, 8.1, 6, 8.8], "texture": "#texture", "cullface": "east"},
				"west": {"uv": [6, 8, 7, 9], "texture": "#texture"},
				"up": {"uv": [6, 8, 7, 9], "texture": "#texture"},
				"down": {"uv": [6.1, 8.9, 6.8, 8.1], "texture": "#texture", "cullface": "east"}
			}
		},
		{
			"from": [10.75, 3.275, 7.525],
			"to": [13.5, 4.275, 8.475],
			"rotation": {"angle": 0, "axis": "y", "origin": [0, -1, 0]},
			"faces": {
				"north": {"uv": [0, 8.2, 6.5, 8.7], "texture": "#texture", "cullface": "east"},
				"east": {"uv": [6.2, 8.1, 6.7, 8.8], "texture": "#texture", "cullface": "east"},
				"south": {"uv": [6.7, 8.1, 0, 8.8], "texture": "#texture", "cullface": "east"},
				"west": {"uv": [6, 8, 7, 9], "texture": "#texture"},
				"up": {"uv": [6, 8, 7, 9], "texture": "#texture"},
				"down": {"uv": [6.1, 8.9, 6.8, 8.1], "texture": "#texture", "cullface": "east"}
			}
		},
		{
			"from": [11.85, 2.275, 7.525],
			"to": [13.25, 2.525, 8.475],
			"rotation": {"angle": 0, "axis": "y", "origin": [0, -1, 0]},
			"faces": {
				"north": {"uv": [0, 8.2, 6.5, 8.7], "texture": "#texture", "cullface": "east"},
				"east": {"uv": [6.2, 8.1, 6.7, 8.8], "texture": "#texture", "cullface": "east"},
				"south": {"uv": [2.7, 8.1, 0, 8.8], "texture": "#texture", "cullface": "east"},
				"west": {"uv": [6, 8, 7, 9], "texture": "#texture"},
				"up": {"uv": [6, 8, 7, 9], "texture": "#texture"},
				"down": {"uv": [6.1, 8.9, 6.8, 8.1], "texture": "#texture", "cullface": "east"}
			}
		},
		{
			"from": [10.5, 2.525, 7.525],
			"to": [13.25, 3.275, 8.475],
			"rotation": {"angle": 0, "axis": "y", "origin": [0, -1, 0]},
			"faces": {
				"north": {"uv": [0, 8.2, 6.5, 8.7], "texture": "#texture", "cullface": "east"},
				"east": {"uv": [6.2, 8.1, 6.7, 8.8], "texture": "#texture", "cullface": "east"},
				"south": {"uv": [6.7, 8.1, 0, 8.8], "texture": "#texture", "cullface": "east"},
				"west": {"uv": [6, 8, 7, 9], "texture": "#texture"},
				"up": {"uv": [6, 8, 7, 9], "texture": "#texture"},
				"down": {"uv": [6.1, 8.9, 6.8, 8.1], "texture": "#texture", "cullface": "east"}
			}
		},
		{
			"from": [10.5, 3.275, 7.525],
			"to": [10.75, 3.525, 8.475],
			"rotation": {"angle": 0, "axis": "y", "origin": [0, -1, 0]},
			"faces": {
				"north": {"uv": [6, 8.2, 6.5, 8.7], "texture": "#texture", "cullface": "east"},
				"east": {"uv": [6.2, 8.1, 6.7, 8.8], "texture": "#texture", "cullface": "east"},
				"south": {"uv": [6.7, 8.1, 6, 8.8], "texture": "#texture", "cullface": "east"},
				"west": {"uv": [6, 8, 7, 9], "texture": "#texture"},
				"up": {"uv": [6, 8, 7, 9], "texture": "#texture"},
				"down": {"uv": [6.1, 8.9, 6.8, 8.1], "texture": "#texture", "cullface": "east"}
			}
		}
	],
	"gui_light": "front",
	"display": {
		"thirdperson_righthand": {
			"rotation": [116.65, -90, 116.77],
			"translation": [0, -0.25, -5.25],
			"scale": [0.8, 0.8, 0.8]
		},
		"thirdperson_lefthand": {
			"rotation": [-116.65, 90, 116.77],
			"translation": [0, -0.25, -5.25],
			"scale": [0.8, 0.8, 0.8]
		},
		"firstperson_righthand": {
			"rotation": [0, -90, 0],
			"translation": [0, 1.5, -7]
		},
		"firstperson_lefthand": {
			"rotation": [0, 90, 0],
			"translation": [0, 1.5, -7]
		},
		"ground": {
			"translation": [-1.75, 1.5, 0]
		},
		"gui": {
			"rotation": [0, 0, -45],
			"translation": [-1.25, 0.5, 0],
			"scale": [0.55, 0.55, 1]
		},
		"fixed": {
			"rotation": [0, 180, -45],
			"translation": [1.75, 0.85, -1.1]
		}
	}
}