{
	"credit": "Made by SrDarmith - YouTube: Mainclay",
	"textures": {
		"particle": "item/anvil_1",
		"texture": "item/anvil_1",
		"wood door texture": "item/door_wood_lower"
	},
	"elements": [
		{
			"from": [-5.825, 8.525, 7.75],
			"to": [2.925, 8.775, 8.25],
			"faces": {
				"north": {"uv": [14.5, 6.75, 16, 7], "texture": "#texture", "cullface": "west"},
				"south": {"uv": [0, 6.75, 1.5, 7], "texture": "#texture", "cullface": "west"},
				"west": {"uv": [7.75, 6.75, 8.25, 7], "texture": "#texture", "cullface": "west"},
				"up": {"uv": [0, 7.75, 1.5, 8.25], "texture": "#texture", "cullface": "west"},
				"down": {"uv": [16, 8.25, 14.5, 7.75], "texture": "#texture", "cullface": "west"}
			}
		},
		{
			"from": [-5.175, 7.775, 7.5],
			"to": [-4.175, 8.775, 8.5],
			"faces": {
				"north": {"uv": [16, 6.75, 15, 7.75], "texture": "#texture", "cullface": "west"},
				"east": {"uv": [7.5, 6.75, 8.5, 7.75], "texture": "#texture", "cullface": "west"},
				"south": {"uv": [0, 6.75, 1, 7.75], "texture": "#texture", "cullface": "west"},
				"west": {"uv": [7.5, 6.75, 8.5, 7.75], "texture": "#texture", "cullface": "west"},
				"up": {"uv": [0, 7.5, 1, 8.5], "texture": "#texture", "cullface": "west"},
				"down": {"uv": [16, 8.5, 15, 7.5], "texture": "#texture", "cullface": "west"}
			}
		},
		{
			"from": [-5.175, 8.775, 7.75],
			"to": [-4.175, 9.9, 8.25],
			"faces": {
				"north": {"uv": [16, 6, 15, 6.75], "texture": "#texture", "cullface": "west"},
				"east": {"uv": [7.75, 6, 8.25, 6.75], "texture": "#texture", "cullface": "west"},
				"south": {"uv": [0, 6, 1, 6.75], "texture": "#texture", "cullface": "west"},
				"west": {"uv": [7.75, 6, 8.25, 6.75], "texture": "#texture", "cullface": "west"},
				"up": {"uv": [0, 7.75, 1, 8.25], "texture": "#texture", "cullface": "west"}
			}
		},
		{
			"from": [-5.175, 9.9, 7.75],
			"to": [-4.425, 10.425, 8.25],
			"faces": {
				"north": {"uv": [16, 5.5, 15, 6], "texture": "#texture", "cullface": "west"},
				"east": {"uv": [7.75, 5.5, 8.25, 6], "texture": "#texture", "cullface": "west"},
				"south": {"uv": [0, 5.5, 1, 6], "texture": "#texture", "cullface": "west"},
				"west": {"uv": [7.75, 5.5, 8.25, 6], "texture": "#texture", "cullface": "west"},
				"up": {"uv": [0, 7.75, 1, 8.25], "texture": "#texture", "cullface": "west"}
			}
		},
		{
			"from": [-5.175, 10.675, 7.6],
			"to": [-4.425, 11.175, 7.825],
			"faces": {
				"north": {"uv": [16, 5, 15, 5.5], "texture": "#texture", "cullface": "west"},
				"east": {"uv": [8.25, 5, 8.5, 5.5], "texture": "#texture", "cullface": "west"},
				"south": {"uv": [0, 5, 1, 5.5], "texture": "#texture", "cullface": "west"},
				"west": {"uv": [7.5, 5, 7.75, 5.5], "texture": "#texture", "cullface": "west"},
				"up": {"uv": [0, 7.5, 1, 7.75], "texture": "#texture", "cullface": "west"},
				"down": {"uv": [16, 7.75, 15, 7.5], "texture": "#texture", "cullface": "west"}
			}
		},
		{
			"from": [-5.175, 10.675, 8.175],
			"to": [-4.425, 11.175, 8.4],
			"faces": {
				"north": {"uv": [16, 5, 15, 5.5], "texture": "#texture", "cullface": "west"},
				"east": {"uv": [7.5, 5, 7.75, 5.5], "texture": "#texture", "cullface": "west"},
				"south": {"uv": [0, 5, 1, 5.5], "texture": "#texture", "cullface": "west"},
				"west": {"uv": [8.25, 5, 8.5, 5.5], "texture": "#texture", "cullface": "west"},
				"up": {"uv": [0, 8.25, 1, 8.5], "texture": "#texture", "cullface": "west"},
				"down": {"uv": [16, 8.5, 15, 8.25], "texture": "#texture", "cullface": "west"}
			}
		},
		{
			"from": [-5.175, 11.175, 7.75],
			"to": [-4.425, 11.425, 8.25],
			"faces": {
				"north": {"uv": [16, 4.75, 15, 5], "texture": "#texture", "cullface": "west"},
				"east": {"uv": [7.75, 4.75, 8.25, 5], "texture": "#texture", "cullface": "west"},
				"south": {"uv": [0, 4.75, 1, 5], "texture": "#texture", "cullface": "west"},
				"west": {"uv": [7.75, 4.75, 8.25, 5], "texture": "#texture", "cullface": "west"},
				"up": {"uv": [0, 7.75, 1, 8.25], "texture": "#texture", "cullface": "west"},
				"down": {"uv": [16, 8.25, 15, 7.75], "texture": "#texture", "cullface": "west"}
			}
		},
		{
			"from": [-5.175, 10.425, 7.75],
			"to": [-4.425, 10.675, 8.25],
			"faces": {
				"north": {"uv": [16, 4.75, 15, 5], "texture": "#texture", "cullface": "west"},
				"east": {"uv": [7.75, 4.75, 8.25, 5], "texture": "#texture", "cullface": "west"},
				"south": {"uv": [0, 4.75, 1, 5], "texture": "#texture", "cullface": "west"},
				"west": {"uv": [7.75, 4.75, 8.25, 5], "texture": "#texture", "cullface": "west"},
				"up": {"uv": [0, 7.75, 1, 8.25], "texture": "#texture", "cullface": "west"},
				"down": {"uv": [16, 8.25, 15, 7.75], "texture": "#texture", "cullface": "west"}
			}
		},
		{
			"from": [1, 9.125, 7.675],
			"to": [7.5, 9.675, 8.325],
			"faces": {
				"north": {"uv": [5, 16, 4, 15], "texture": "#texture"},
				"south": {"uv": [5, 16, 4, 15], "texture": "#texture"},
				"west": {"uv": [5, 16, 4, 15], "texture": "#texture"},
				"up": {"uv": [5, 16, 4, 15], "texture": "#texture"}
			}
		},
		{
			"from": [-0.25, 7.65, 7.45],
			"to": [1.5, 9.15, 8.55],
			"faces": {
				"north": {"uv": [15.75, 14.75, 16, 15.75], "texture": "#texture"},
				"east": {"uv": [0, 0, 0, 0], "texture": "#texture"},
				"south": {"uv": [15.7, 14.55, 15.95, 15.55], "texture": "#texture"},
				"west": {"uv": [15.5, 14.75, 16, 15.75], "texture": "#texture"},
				"up": {"uv": [15.75, 13.5, 16, 16], "texture": "#texture"},
				"down": {"uv": [16, 16, 15.75, 13.5], "texture": "#texture"}
			}
		},
		{
			"from": [-0.25, 9.125, 7.675],
			"to": [1, 9.675, 8.325],
			"faces": {
				"north": {"uv": [15.75, 15.75, 16, 16], "texture": "#texture"},
				"south": {"uv": [14.75, 16, 16, 15.25], "texture": "#texture"},
				"west": {"uv": [14.5, 15.75, 16, 16], "texture": "#texture"},
				"up": {"uv": [15.75, 14.25, 16, 15.75], "texture": "#texture"}
			}
		},
		{
			"from": [7.75, 7.05, 7.275],
			"to": [9, 9.75, 8.725],
			"faces": {
				"north": {"uv": [14.25, 6.75, 14.5, 7.75], "texture": "#texture"},
				"east": {"uv": [0, 0, 0, 0], "texture": "#texture"},
				"south": {"uv": [8.675, 7.65, 8.925, 8.65], "texture": "#texture"},
				"west": {"uv": [6.75, 6.75, 9.25, 7.75], "texture": "#texture"},
				"up": {"uv": [1.5, 6.75, 1.75, 9.25], "texture": "#texture"},
				"down": {"uv": [14.5, 9.25, 14.25, 6.75], "texture": "#texture"}
			}
		},
		{
			"from": [9, 9.5, 7.25],
			"to": [10.25, 10.5, 8.75],
			"faces": {
				"north": {"uv": [8.25, 5.25, 10.25, 6.75], "texture": "#texture"},
				"east": {"uv": [7, 5.25, 9, 6.75], "texture": "#texture"},
				"south": {"uv": [5.75, 5.25, 7.75, 6.75], "texture": "#texture"},
				"west": {"uv": [7, 5.25, 9, 6.75], "texture": "#texture"},
				"up": {"uv": [5.75, 7, 7.75, 9], "texture": "#texture"}
			}
		},
		{
			"from": [9, 9.25, 7.5],
			"to": [17.25, 9.75, 8.5],
			"faces": {
				"north": {"uv": [0, 5.5, 8.25, 6.25], "texture": "#texture", "cullface": "east"},
				"east": {"uv": [7.5, 5.5, 8.5, 6.25], "texture": "#texture", "cullface": "east"},
				"south": {"uv": [7.75, 5.5, 16, 6], "texture": "#texture", "cullface": "east"},
				"up": {"uv": [7.75, 7.5, 16, 8.25], "texture": "#texture", "cullface": "east"}
			}
		},
		{
			"from": [9, 7.75, 7.375],
			"to": [17.25, 9.25, 8.625],
			"faces": {
				"north": {"uv": [8.75, 7.25, 16, 9], "texture": "#texture", "cullface": "east"},
				"east": {"uv": [7, 6.75, 9, 8.5], "texture": "#texture", "cullface": "east"},
				"south": {"uv": [7.75, 7, 16, 8.5], "texture": "#texture", "cullface": "east"},
				"west": {"uv": [7, 6.75, 9, 8.5], "texture": "#texture", "cullface": "east"},
				"up": {"uv": [7.75, 7, 16, 9], "texture": "#texture", "cullface": "east"},
				"down": {"uv": [8.25, 9, 0, 7], "texture": "#texture", "cullface": "east"}
			}
		},
		{
			"from": [11, 6.25, 7.375],
			"to": [17.25, 7.75, 8.625],
			"faces": {
				"north": {"uv": [7, 8, 16, 9], "texture": "#texture", "cullface": "east"},
				"east": {"uv": [7, 8, 9, 9], "texture": "#texture", "cullface": "east"},
				"south": {"uv": [7.75, 8, 16, 9], "texture": "#texture", "cullface": "east"},
				"west": {"uv": [7, 8, 9, 9], "texture": "#texture", "cullface": "east"},
				"up": {"uv": [7.75, 8.25, 16, 9.5], "texture": "#texture", "cullface": "east"},
				"down": {"uv": [8.25, 9.5, 0, 8.25], "texture": "#texture", "cullface": "east"}
			}
		},
		{
			"from": [9, 5.6, 7.275],
			"to": [12.125, 9.5, 8.725],
			"faces": {
				"north": {"uv": [8.25, 7.75, 5, 9.5], "texture": "#texture", "cullface": "east"},
				"east": {"uv": [7, 6.75, 9, 8.5], "texture": "#texture", "cullface": "east"},
				"south": {"uv": [5, 7.75, 10.25, 9.5], "texture": "#texture", "cullface": "east"},
				"west": {"uv": [7, 6.75, 9, 8.5], "texture": "#texture", "cullface": "east"},
				"up": {"uv": [7.75, 7, 16, 9], "texture": "#texture", "cullface": "east"},
				"down": {"uv": [8.25, 9, 0, 7], "texture": "#texture", "cullface": "east"}
			}
		},
		{
			"from": [-5.825, 8.025, 7.5],
			"to": [2.925, 8.525, 7.75],
			"faces": {
				"north": {"uv": [14.5, 7, 16, 7.5], "texture": "#texture", "cullface": "west"},
				"south": {"uv": [0, 7, 1.5, 7.5], "texture": "#texture", "cullface": "west"},
				"west": {"uv": [7.5, 7, 7.75, 7.5], "texture": "#texture", "cullface": "west"},
				"up": {"uv": [0, 7.5, 1.5, 7.75], "texture": "#texture", "cullface": "west"},
				"down": {"uv": [16, 7.75, 14.5, 7.5], "texture": "#texture", "cullface": "west"}
			}
		},
		{
			"from": [-5.825, 8.025, 8.25],
			"to": [2.925, 8.525, 8.5],
			"faces": {
				"north": {"uv": [14.5, 7, 16, 7.5], "texture": "#texture", "cullface": "west"},
				"south": {"uv": [0, 7, 1.5, 7.5], "texture": "#texture", "cullface": "west"},
				"west": {"uv": [8.25, 7, 8.5, 7.5], "texture": "#texture", "cullface": "west"},
				"up": {"uv": [0, 8.25, 1.5, 8.5], "texture": "#texture", "cullface": "west"},
				"down": {"uv": [16, 8.5, 14.5, 8.25], "texture": "#texture", "cullface": "west"}
			}
		},
		{
			"from": [-5.825, 7.775, 7.75],
			"to": [2.925, 8.025, 8.25],
			"faces": {
				"north": {"uv": [14.5, 7.5, 16, 7.75], "texture": "#texture", "cullface": "west"},
				"south": {"uv": [0, 7.5, 1.5, 7.75], "texture": "#texture", "cullface": "west"},
				"west": {"uv": [7.75, 7.5, 8.25, 7.75], "texture": "#texture", "cullface": "west"},
				"up": {"uv": [0, 7.75, 1.5, 8.25], "texture": "#texture", "cullface": "west"},
				"down": {"uv": [16, 8.25, 14.5, 7.75], "texture": "#texture", "cullface": "west"}
			}
		},
		{
			"from": [-2.25, 9.175, 7.875],
			"to": [4.5, 9.425, 8.125],
			"faces": {
				"north": {"uv": [14.5, 7.5, 16, 7.75], "texture": "#texture", "cullface": "west"},
				"south": {"uv": [0, 7.5, 1.5, 7.75], "texture": "#texture", "cullface": "west"},
				"west": {"uv": [7.75, 7.5, 8.25, 7.75], "texture": "#texture", "cullface": "west"},
				"up": {"uv": [0, 7.75, 1.5, 8.25], "texture": "#texture", "cullface": "west"},
				"down": {"uv": [16, 8.25, 14.5, 7.75], "texture": "#texture", "cullface": "west"}
			}
		},
		{
			"from": [-2.15, 9.125, 7.825],
			"to": [-1.9, 9.5, 8.175],
			"faces": {
				"north": {"uv": [14.5, 7.5, 16, 7.75], "texture": "#texture", "cullface": "west"},
				"east": {"uv": [7, 7, 8, 8], "texture": "#texture"},
				"south": {"uv": [0, 7.5, 1.5, 7.75], "texture": "#texture", "cullface": "west"},
				"west": {"uv": [7.75, 7.5, 8.25, 7.75], "texture": "#texture", "cullface": "west"},
				"up": {"uv": [0, 7.75, 1.5, 8.25], "texture": "#texture", "cullface": "west"},
				"down": {"uv": [16, 8.25, 14.5, 7.75], "texture": "#texture", "cullface": "west"}
			}
		},
		{
			"from": [-0.5, 9.125, 7.825],
			"to": [-0.25, 9.5, 8.175],
			"faces": {
				"north": {"uv": [14.5, 7.5, 16, 7.75], "texture": "#texture", "cullface": "west"},
				"east": {"uv": [6, 7, 7, 8], "texture": "#texture"},
				"south": {"uv": [0, 7.5, 1.5, 7.75], "texture": "#texture", "cullface": "west"},
				"west": {"uv": [7.75, 7.5, 8.25, 7.75], "texture": "#texture", "cullface": "west"},
				"up": {"uv": [0, 7.75, 1.5, 8.25], "texture": "#texture", "cullface": "west"},
				"down": {"uv": [16, 8.25, 14.5, 7.75], "texture": "#texture", "cullface": "west"}
			}
		},
		{
			"from": [10.25, 9.5, 7.25],
			"to": [10.5, 10.5, 8.75],
			"faces": {
				"north": {"uv": [8, 5.25, 8.25, 6.5], "texture": "#texture"},
				"east": {"uv": [7, 5.25, 9, 6.5], "texture": "#texture"},
				"south": {"uv": [7.75, 5.25, 8, 6.5], "texture": "#texture"},
				"up": {"uv": [7.75, 7, 8, 9], "texture": "#texture"},
				"down": {"uv": [8.25, 9, 8, 7], "texture": "#texture"}
			}
		},
		{
			"from": [10.5, 9.5, 7.25],
			"to": [10.75, 10.5, 8.75],
			"faces": {
				"north": {"uv": [7.75, 5.25, 8, 6.25], "texture": "#texture"},
				"east": {"uv": [7, 5.25, 9, 6.25], "texture": "#texture"},
				"south": {"uv": [8, 5.25, 8.25, 6.25], "texture": "#texture"},
				"up": {"uv": [8, 7, 8.25, 9], "texture": "#texture"},
				"down": {"uv": [8, 9, 7.75, 7], "texture": "#texture"}
			}
		},
		{
			"from": [10.75, 9.5, 7.25],
			"to": [11, 10.25, 8.75],
			"faces": {
				"north": {"uv": [7.75, 5.25, 8, 6.25], "texture": "#texture"},
				"east": {"uv": [7, 5.25, 9, 6.25], "texture": "#texture"},
				"south": {"uv": [8, 5.25, 8.25, 6.25], "texture": "#texture"},
				"up": {"uv": [8, 7, 8.25, 9], "texture": "#texture"},
				"down": {"uv": [8, 9, 7.75, 7], "texture": "#texture"}
			}
		},
		{
			"from": [12.95, 4.75, 7.5],
			"to": [13.2, 5, 8.5],
			"rotation": {"angle": 0, "axis": "y", "origin": [-0.8, -1.5, 0]},
			"faces": {
				"north": {"uv": [1.75, 9.5, 2.25, 9.75], "texture": "#texture"},
				"east": {"uv": [7.5, 9.5, 8.5, 9.75], "texture": "#texture"},
				"south": {"uv": [13.75, 9.5, 14.25, 9.75], "texture": "#texture"},
				"up": {"uv": [13.75, 7.5, 14.25, 8.5], "texture": "#texture"},
				"down": {"uv": [2.25, 8.5, 1.75, 7.5], "texture": "#texture"}
			}
		},
		{
			"from": [12.95, 6, 7.5],
			"to": [13.2, 6.25, 8.5],
			"rotation": {"angle": 0, "axis": "y", "origin": [-0.8, -1.5, 0]},
			"faces": {
				"north": {"uv": [1.75, 9.5, 2.25, 9.75], "texture": "#texture"},
				"east": {"uv": [7.5, 9.5, 8.5, 9.75], "texture": "#texture"},
				"south": {"uv": [13.75, 9.5, 14.25, 9.75], "texture": "#texture"},
				"up": {"uv": [13.75, 7.5, 14.25, 8.5], "texture": "#texture"},
				"down": {"uv": [2.25, 8.5, 1.75, 7.5], "texture": "#texture"}
			}
		},
		{
			"from": [12.95, 4.5, 7.5],
			"to": [14.95, 4.75, 8.5],
			"rotation": {"angle": 0, "axis": "y", "origin": [-0.8, -1.5, 0]},
			"faces": {
				"north": {"uv": [0.25, 9.75, 2, 10], "texture": "#texture"},
				"east": {"uv": [7.5, 9.75, 8.5, 10], "texture": "#texture"},
				"south": {"uv": [14, 9.75, 15.75, 10], "texture": "#texture"},
				"west": {"uv": [7.5, 9.75, 8.5, 10], "texture": "#texture"},
				"up": {"uv": [14, 7.5, 15.75, 8.5], "texture": "#texture"},
				"down": {"uv": [2, 8.5, 0.25, 7.5], "texture": "#texture"}
			}
		},
		{
			"from": [14.95, 4.75, 7.5],
			"to": [15.2, 6.25, 8.5],
			"rotation": {"angle": 0, "axis": "y", "origin": [-0.8, -1.5, 0]},
			"faces": {
				"north": {"uv": [0, 8.5, 0.25, 9.75], "texture": "#texture"},
				"east": {"uv": [7.5, 8.5, 8.5, 9.75], "texture": "#texture", "cullface": "east"},
				"south": {"uv": [15.75, 8.5, 16, 9.75], "texture": "#texture"},
				"west": {"uv": [7.5, 8.5, 8.5, 9.75], "texture": "#texture"},
				"down": {"uv": [0.25, 8.5, 0, 7.5], "texture": "#texture"}
			}
		},
		{
			"from": [15.2, 5, 7.5],
			"to": [15.45, 5.875, 8.5],
			"rotation": {"angle": 0, "axis": "y", "origin": [-0.8, -1.5, 0]},
			"faces": {
				"north": {"uv": [0, 8.5, 0.25, 9.75], "texture": "#texture"},
				"east": {"uv": [7.5, 8.5, 8.5, 9.75], "texture": "#texture", "cullface": "east"},
				"south": {"uv": [15.75, 8.5, 16, 9.75], "texture": "#texture"},
				"west": {"uv": [7.5, 8.5, 8.5, 9.75], "texture": "#texture"},
				"down": {"uv": [0.25, 8.5, 0, 7.5], "texture": "#texture"}
			}
		},
		{
			"from": [12.7, 4.75, 7.5],
			"to": [12.95, 6.25, 8.5],
			"rotation": {"angle": 0, "axis": "y", "origin": [-0.8, -1.5, 0]},
			"faces": {
				"north": {"uv": [0, 8.5, 0.25, 9.75], "texture": "#texture"},
				"east": {"uv": [7.5, 8.5, 8.5, 9.75], "texture": "#texture", "cullface": "east"},
				"south": {"uv": [15.75, 8.5, 16, 9.75], "texture": "#texture"},
				"west": {"uv": [7.5, 8.5, 8.5, 9.75], "texture": "#texture"},
				"down": {"uv": [0.25, 8.5, 0, 7.5], "texture": "#texture"}
			}
		},
		{
			"from": [11.875, 5.35, 7.5],
			"to": [12.7, 6.25, 8.5],
			"rotation": {"angle": 0, "axis": "y", "origin": [-0.8, -1.5, 0]},
			"faces": {
				"north": {"uv": [0, 8.5, 0.25, 9.75], "texture": "#texture"},
				"east": {"uv": [7.5, 8.5, 8.5, 9.75], "texture": "#texture", "cullface": "east"},
				"south": {"uv": [15.75, 8.5, 16, 9.75], "texture": "#texture"},
				"west": {"uv": [7.5, 8.5, 8.5, 9.75], "texture": "#texture"},
				"down": {"uv": [0.25, 8.5, 0, 7.5], "texture": "#texture"}
			}
		},
		{
			"from": [16.675, -4.875, 7.525],
			"to": [18.675, -0.25, 8.475],
			"rotation": {"angle": 22.5, "axis": "z", "origin": [-0.8, -1.25, 0]},
			"faces": {
				"north": {"uv": [4, 3.5, 7, 6.5], "texture": "#texture", "cullface": "east"},
				"east": {"uv": [7.5, 8.5, 8.5, 9.5], "texture": "#texture", "cullface": "east"},
				"south": {"uv": [5, 3.5, 8, 7.5], "texture": "#texture", "cullface": "east"},
				"west": {"uv": [2, 3, 3, 4], "texture": "#texture"},
				"up": {"uv": [2, 3, 5, 6], "texture": "#texture"},
				"down": {"uv": [3, 7.5, 6, 4.5], "texture": "#texture", "cullface": "east"}
			}
		},
		{
			"from": [16.85, -4.675, 7.425],
			"to": [18.5, -1.425, 8.575],
			"rotation": {"angle": 22.5, "axis": "z", "origin": [-0.8, -1.25, 0]},
			"faces": {
				"north": {"uv": [6, 13, 9, 16], "texture": "#wood door texture", "cullface": "east"},
				"east": {"uv": [8, 15, 9, 16], "texture": "#wood door texture", "cullface": "east"},
				"south": {"uv": [6, 12, 9, 16], "texture": "#wood door texture", "cullface": "east"},
				"west": {"uv": [2, 3, 3, 4], "texture": "#wood door texture"},
				"up": {"uv": [6, 13, 9, 16], "texture": "#wood door texture"},
				"down": {"uv": [6, 16, 9, 13], "texture": "#wood door texture", "cullface": "east"}
			}
		},
		{
			"from": [15.575, 5.3, 7.425],
			"to": [17.075, 6.175, 8.575],
			"rotation": {"angle": 0, "axis": "y", "origin": [-0.8, -1.25, 0]},
			"faces": {
				"north": {"uv": [6, 13, 9, 14], "texture": "#wood door texture", "cullface": "east"},
				"east": {"uv": [8, 15, 9, 16], "texture": "#wood door texture", "cullface": "east"},
				"south": {"uv": [6, 12, 9, 13], "texture": "#wood door texture", "cullface": "east"},
				"west": {"uv": [2, 3, 3, 4], "texture": "#wood door texture"},
				"up": {"uv": [6, 13, 9, 16], "texture": "#wood door texture"},
				"down": {"uv": [6, 16, 9, 13], "texture": "#wood door texture", "cullface": "east"}
			}
		},
		{
			"from": [14.55, 5, 7.75],
			"to": [14.8, 6.5, 8.25],
			"rotation": {"angle": -22.5, "axis": "z", "origin": [14.45, 6.5, 7.75]},
			"faces": {
				"north": {"uv": [0, 2, 0.25, 3.5], "texture": "#texture"},
				"east": {"uv": [7.5, 2, 8.5, 3.5], "texture": "#texture"},
				"south": {"uv": [15.75, 2, 16, 3.5], "texture": "#texture"},
				"west": {"uv": [7.5, 2, 8.5, 3.5], "texture": "#texture"},
				"up": {"uv": [15.75, 7.5, 16, 8.5], "texture": "#texture"},
				"down": {"uv": [0.25, 8.5, 0, 7.5], "texture": "#texture"}
			}
		},
		{
			"from": [10.5, 10.5, 8.225],
			"to": [10.75, 10.65, 8.675],
			"rotation": {"angle": 0, "axis": "y", "origin": [15.25, 8, 7.75]},
			"faces": {
				"north": {"uv": [0, 2, 0.25, 3.5], "texture": "#texture"},
				"east": {"uv": [7.5, 2, 8.5, 3.5], "texture": "#texture"},
				"south": {"uv": [15.75, 2, 16, 3.5], "texture": "#texture"},
				"west": {"uv": [7.5, 2, 8.5, 3.5], "texture": "#texture"},
				"up": {"uv": [15.75, 7.5, 16, 8.5], "texture": "#texture"},
				"down": {"uv": [0.25, 8.5, 0, 7.5], "texture": "#texture"}
			}
		},
		{
			"from": [10.5, 10.5, 7.325],
			"to": [10.75, 10.65, 7.775],
			"rotation": {"angle": 0, "axis": "y", "origin": [15.25, 8, 7.75]},
			"faces": {
				"north": {"uv": [0, 2, 0.25, 3.5], "texture": "#texture"},
				"east": {"uv": [7.5, 2, 8.5, 3.5], "texture": "#texture"},
				"south": {"uv": [15.75, 2, 16, 3.5], "texture": "#texture"},
				"west": {"uv": [7.5, 2, 8.5, 3.5], "texture": "#texture"},
				"up": {"uv": [15.75, 7.5, 16, 8.5], "texture": "#texture"},
				"down": {"uv": [0.25, 8.5, 0, 7.5], "texture": "#texture"}
			}
		},
		{
			"from": [19.25, 7.25, 7.375],
			"to": [19.75, 9.75, 8.625],
			"rotation": {"angle": 0, "axis": "y", "origin": [0, 0.25, 0]},
			"faces": {
				"north": {"uv": [8.75, 0.75, 9.5, 2.5], "texture": "#wood door texture", "cullface": "east"},
				"east": {"uv": [7, 0.75, 9, 2.5], "texture": "#wood door texture", "cullface": "east"},
				"south": {"uv": [6.5, 0.75, 7.25, 2.5], "texture": "#wood door texture", "cullface": "east"},
				"west": {"uv": [7, 0.75, 9, 2.5], "texture": "#wood door texture", "cullface": "east"},
				"up": {"uv": [6.5, 7, 7.25, 9], "texture": "#wood door texture", "cullface": "east"},
				"down": {"uv": [9.5, 9, 8.75, 7], "texture": "#wood door texture", "cullface": "east"}
			}
		},
		{
			"from": [19.75, 7.25, 7.375],
			"to": [20.625, 9.25, 8.625],
			"rotation": {"angle": 0, "axis": "y", "origin": [0, 0.25, 0]},
			"faces": {
				"north": {"uv": [8, 1, 8.75, 2.75], "texture": "#wood door texture", "cullface": "east"},
				"east": {"uv": [7, 6, 8, 7], "texture": "#wood door texture"},
				"south": {"uv": [7.25, 1, 8, 2.75], "texture": "#wood door texture", "cullface": "east"},
				"west": {"uv": [7, 1, 9, 2.75], "texture": "#wood door texture", "cullface": "east"},
				"up": {"uv": [7.25, 7, 8, 9], "texture": "#wood door texture", "cullface": "east"},
				"down": {"uv": [8.75, 9, 8, 7], "texture": "#wood door texture", "cullface": "east"}
			}
		},
		{
			"from": [20.625, 8.75, 7.375],
			"to": [21.05, 9, 8.625],
			"rotation": {"angle": 0, "axis": "y", "origin": [0.125, 0.25, 0]},
			"faces": {
				"north": {"uv": [13, 9, 11, 7], "texture": "#wood door texture", "cullface": "east"},
				"east": {"uv": [11, 7, 12, 8], "texture": "#wood door texture"},
				"south": {"uv": [13, 9, 11, 7], "texture": "#wood door texture", "cullface": "east"},
				"west": {"uv": [13, 9, 11, 7], "texture": "#wood door texture", "cullface": "east"},
				"up": {"uv": [13, 9, 11, 7], "texture": "#wood door texture", "cullface": "east"},
				"down": {"uv": [13, 9, 11, 7], "texture": "#wood door texture", "cullface": "east"}
			}
		},
		{
			"from": [20.625, 7.25, 7.375],
			"to": [27.45, 8.75, 8.625],
			"rotation": {"angle": 0, "axis": "y", "origin": [0.2, 0.25, 0]},
			"faces": {
				"north": {"uv": [7.25, 0.5, 14.75, 2.5], "texture": "#wood door texture", "cullface": "east"},
				"east": {"uv": [7, 7, 8, 8], "texture": "#wood door texture"},
				"south": {"uv": [7.5, 0.5, 15, 2.5], "texture": "#wood door texture", "cullface": "east"},
				"west": {"uv": [7, 0.5, 9, 2.5], "texture": "#wood door texture", "cullface": "east"},
				"up": {"uv": [7.5, 7, 15, 9], "texture": "#wood door texture", "cullface": "east"},
				"down": {"uv": [7.5, 7, 15, 9], "texture": "#wood door texture", "cullface": "east"}
			}
		},
		{
			"from": [19.75, 9.25, 7.375],
			"to": [20.2, 9.5, 8.625],
			"rotation": {"angle": 0, "axis": "y", "origin": [0, 0.25, 0]},
			"faces": {
				"north": {"uv": [9.25, 0.25, 11, 0.5], "texture": "#wood door texture", "cullface": "east"},
				"east": {"uv": [9, 7, 10, 8], "texture": "#wood door texture"},
				"south": {"uv": [9.25, 0.25, 11, 0.5], "texture": "#wood door texture", "cullface": "east"},
				"west": {"uv": [7, 0.25, 5, 0.5], "texture": "#wood door texture", "cullface": "east"},
				"up": {"uv": [9.25, 7, 11, 9], "texture": "#wood door texture", "cullface": "east"}
			}
		},
		{
			"from": [23.75, 8.75, 7.375],
			"to": [27.35, 9, 8.625],
			"rotation": {"angle": 0, "axis": "y", "origin": [0.075, 0.25, 0]},
			"faces": {
				"north": {"uv": [9.25, 0.25, 11, 0.5], "texture": "#wood door texture", "cullface": "east"},
				"east": {"uv": [9, 7, 10, 8], "texture": "#wood door texture"},
				"south": {"uv": [9.25, 0.25, 11, 0.5], "texture": "#wood door texture", "cullface": "east"},
				"west": {"uv": [7, 0.25, 5, 0.5], "texture": "#wood door texture", "cullface": "east"},
				"up": {"uv": [9.25, 7, 15, 9], "texture": "#wood door texture", "cullface": "east"}
			}
		},
		{
			"from": [22, 6.5, 7.375],
			"to": [27.45, 6.75, 8.625],
			"rotation": {"angle": 0, "axis": "y", "origin": [-0.55, 0.25, 0]},
			"faces": {
				"north": {"uv": [7.25, 3, 12.75, 3.25], "texture": "#wood door texture", "cullface": "east"},
				"east": {"uv": [6, 6, 7, 7], "texture": "#wood door texture"},
				"south": {"uv": [9.5, 3, 15, 3.25], "texture": "#wood door texture", "cullface": "east"},
				"west": {"uv": [7, 3, 9, 3.25], "texture": "#wood door texture", "cullface": "east"},
				"down": {"uv": [9.5, 7, 15, 9], "texture": "#wood door texture", "cullface": "east"}
			}
		},
		{
			"from": [23.2, 6, 7.375],
			"to": [27.45, 6.25, 8.625],
			"rotation": {"angle": 0, "axis": "y", "origin": [-0.55, 0.25, 0]},
			"faces": {
				"north": {"uv": [7.25, 3.5, 11.5, 3.75], "texture": "#wood door texture", "cullface": "east"},
				"east": {"uv": [6, 6, 7, 7], "texture": "#wood door texture"},
				"south": {"uv": [10.75, 3.5, 15, 3.75], "texture": "#wood door texture", "cullface": "east"},
				"west": {"uv": [7, 3.5, 9, 3.75], "texture": "#wood door texture", "cullface": "east"},
				"down": {"uv": [10.75, 7, 15, 9], "texture": "#wood door texture", "cullface": "east"}
			}
		},
		{
			"from": [22.625, 6.25, 7.375],
			"to": [27.45, 6.5, 8.625],
			"rotation": {"angle": 0, "axis": "y", "origin": [-0.55, 0.25, 0]},
			"faces": {
				"north": {"uv": [7.25, 3.25, 12.25, 3.5], "texture": "#wood door texture", "cullface": "east"},
				"east": {"uv": [6, 6, 7, 7], "texture": "#wood door texture"},
				"south": {"uv": [10, 3.25, 15, 3.5], "texture": "#wood door texture", "cullface": "east"},
				"west": {"uv": [7, 3.25, 9, 3.5], "texture": "#wood door texture", "cullface": "east"},
				"down": {"uv": [10, 7, 15, 9], "texture": "#wood door texture", "cullface": "east"}
			}
		},
		{
			"from": [20.8, 7, 7.375],
			"to": [27.45, 7.25, 8.625],
			"rotation": {"angle": 0, "axis": "y", "origin": [-0.55, 0.25, 0]},
			"faces": {
				"north": {"uv": [7.25, 2.5, 14, 2.75], "texture": "#wood door texture", "cullface": "east"},
				"east": {"uv": [8, 7, 9, 8], "texture": "#wood door texture"},
				"south": {"uv": [8.25, 2.5, 15, 2.75], "texture": "#wood door texture", "cullface": "east"},
				"west": {"uv": [7, 2.5, 9, 2.75], "texture": "#wood door texture", "cullface": "east"},
				"down": {"uv": [8.25, 7, 15, 9], "texture": "#wood door texture", "cullface": "east"}
			}
		},
		{
			"from": [21.4, 6.75, 7.375],
			"to": [27.45, 7, 8.625],
			"rotation": {"angle": 0, "axis": "y", "origin": [-0.55, 0.25, 0]},
			"faces": {
				"north": {"uv": [7.25, 2.75, 13.25, 3], "texture": "#wood door texture", "cullface": "east"},
				"east": {"uv": [7, 5, 8, 6], "texture": "#wood door texture"},
				"south": {"uv": [9, 2.75, 15, 3], "texture": "#wood door texture", "cullface": "east"},
				"west": {"uv": [7, 2.75, 9, 3], "texture": "#wood door texture", "cullface": "east"}
			}
		},
		{
			"from": [20.2, 7.25, 7.375],
			"to": [27.45, 7.5, 8.625],
			"rotation": {"angle": -22.5, "axis": "z", "origin": [20.2, 7.5, 7]},
			"faces": {
				"north": {"uv": [7.75, 2.25, 15.5, 2.5], "texture": "#wood door texture", "cullface": "east"},
				"east": {"uv": [7, 2.25, 9, 2.5], "texture": "#wood door texture", "cullface": "east"},
				"south": {"uv": [7, 2.25, 11.5, 2.5], "texture": "#wood door texture", "cullface": "east"},
				"west": {"uv": [7, 2.25, 9, 2.5], "texture": "#wood door texture", "cullface": "east"},
				"up": {"uv": [7.75, 7, 15.5, 9], "texture": "#wood door texture", "cullface": "east"},
				"down": {"uv": [7.75, 7, 15.5, 9], "texture": "#wood door texture", "cullface": "east"}
			}
		},
		{
			"from": [23.775, 5.75, 7.375],
			"to": [27.45, 6, 8.625],
			"rotation": {"angle": 0, "axis": "y", "origin": [-0.55, 0.25, 0]},
			"faces": {
				"north": {"uv": [7.25, 3.75, 11, 4], "texture": "#wood door texture", "cullface": "east"},
				"east": {"uv": [6, 6, 7, 7], "texture": "#wood door texture"},
				"south": {"uv": [11.25, 3.75, 15, 4], "texture": "#wood door texture", "cullface": "east"},
				"west": {"uv": [7, 3.75, 9, 4], "texture": "#wood door texture", "cullface": "east"},
				"down": {"uv": [11.25, 7, 15, 9], "texture": "#wood door texture", "cullface": "east"}
			}
		},
		{
			"from": [24.45, 5.5, 7.375],
			"to": [27.45, 5.75, 8.625],
			"rotation": {"angle": 0, "axis": "y", "origin": [-0.55, 0.25, 0]},
			"faces": {
				"north": {"uv": [7.25, 4, 10.25, 4.25], "texture": "#wood door texture", "cullface": "east"},
				"east": {"uv": [6, 6, 7, 7], "texture": "#wood door texture"},
				"south": {"uv": [12, 4, 15, 4.25], "texture": "#wood door texture", "cullface": "east"},
				"west": {"uv": [7, 4, 9, 4.25], "texture": "#wood door texture", "cullface": "east"},
				"down": {"uv": [12, 7, 15, 9], "texture": "#wood door texture", "cullface": "east"}
			}
		},
		{
			"from": [25, 5.25, 7.375],
			"to": [27.45, 5.5, 8.625],
			"rotation": {"angle": 0, "axis": "y", "origin": [-0.55, 0.25, 0]},
			"faces": {
				"north": {"uv": [7.25, 4.25, 9.75, 4.5], "texture": "#wood door texture", "cullface": "east"},
				"east": {"uv": [6, 6, 7, 7], "texture": "#wood door texture"},
				"south": {"uv": [12.5, 4.25, 15, 4.5], "texture": "#wood door texture", "cullface": "east"},
				"west": {"uv": [7, 4.25, 9, 4.5], "texture": "#wood door texture", "cullface": "east"},
				"down": {"uv": [12.5, 7, 15, 9], "texture": "#wood door texture", "cullface": "east"}
			}
		},
		{
			"from": [25.625, 5, 7.375],
			"to": [27.45, 5.25, 8.625],
			"rotation": {"angle": 0, "axis": "y", "origin": [-0.55, 0.25, 0]},
			"faces": {
				"north": {"uv": [7.25, 4.5, 9, 4.75], "texture": "#wood door texture", "cullface": "east"},
				"east": {"uv": [6, 6, 7, 7], "texture": "#wood door texture"},
				"south": {"uv": [13.25, 4.5, 15, 4.75], "texture": "#wood door texture", "cullface": "east"},
				"west": {"uv": [7, 4.5, 9, 4.75], "texture": "#wood door texture", "cullface": "east"},
				"down": {"uv": [13.25, 7, 15, 9], "texture": "#wood door texture", "cullface": "east"}
			}
		},
		{
			"from": [26.2, 4.75, 7.375],
			"to": [27.45, 5, 8.625],
			"rotation": {"angle": 0, "axis": "y", "origin": [-0.55, 0.25, 0]},
			"faces": {
				"north": {"uv": [13.25, 4.75, 14.5, 5], "texture": "#wood door texture", "cullface": "east"},
				"east": {"uv": [6, 6, 7, 7], "texture": "#wood door texture"},
				"south": {"uv": [13.75, 4.75, 15, 5], "texture": "#wood door texture", "cullface": "east"},
				"west": {"uv": [7, 4.75, 9, 5], "texture": "#wood door texture", "cullface": "east"},
				"down": {"uv": [13.75, 7, 15, 9], "texture": "#wood door texture", "cullface": "east"}
			}
		},
		{
			"from": [26.8, 4.5, 7.375],
			"to": [27.375, 4.75, 8.625],
			"rotation": {"angle": 0, "axis": "y", "origin": [-0.55, 0.25, 0]},
			"faces": {
				"north": {"uv": [14.25, 5, 15, 5.25], "texture": "#wood door texture", "cullface": "east"},
				"east": {"uv": [6, 6, 7, 7], "texture": "#wood door texture"},
				"south": {"uv": [14.25, 5, 15, 5.25], "texture": "#wood door texture", "cullface": "east"},
				"west": {"uv": [7, 5, 9, 5.25], "texture": "#wood door texture", "cullface": "east"},
				"down": {"uv": [14.25, 7, 15, 9], "texture": "#wood door texture", "cullface": "east"}
			}
		},
		{
			"from": [14.7, 4.75, 7.5],
			"to": [14.95, 5, 8.5],
			"rotation": {"angle": 0, "axis": "y", "origin": [-0.8, -1.5, 0]},
			"faces": {
				"north": {"uv": [0.25, 9.5, 0.5, 9.75], "texture": "#texture"},
				"south": {"uv": [15.5, 9.5, 15.75, 9.75], "texture": "#texture"},
				"west": {"uv": [7.5, 9.5, 8.5, 9.75], "texture": "#texture"},
				"up": {"uv": [15.5, 7.5, 15.75, 8.5], "texture": "#texture"}
			}
		},
		{
			"from": [14.7, 6, 7.5],
			"to": [14.95, 6.25, 8.5],
			"rotation": {"angle": 0, "axis": "y", "origin": [-0.8, -1.5, 0]},
			"faces": {
				"north": {"uv": [0.25, 9.5, 0.5, 9.75], "texture": "#texture"},
				"south": {"uv": [15.5, 9.5, 15.75, 9.75], "texture": "#texture"},
				"west": {"uv": [7.5, 9.5, 8.5, 9.75], "texture": "#texture"},
				"up": {"uv": [15.5, 7.5, 15.75, 8.5], "texture": "#texture"}
			}
		},
		{
			"from": [17.25, 9.25, 7.5],
			"to": [19.25, 9.75, 8.5],
			"faces": {
				"north": {"uv": [4, 15.2, 4.95, 15.85], "texture": "#texture", "cullface": "east"},
				"east": {"uv": [4.1, 15.6, 4.1, 15.65], "texture": "#texture", "cullface": "east"},
				"south": {"uv": [4, 15.9, 4.85, 15.25], "texture": "#texture", "cullface": "east"},
				"up": {"uv": [4.7, 15.2, 4, 15.9], "texture": "#texture", "cullface": "east"}
			}
		},
		{
			"from": [17.25, 7.25, 7.375],
			"to": [19.25, 9.25, 8.625],
			"faces": {
				"north": {"uv": [4.15, 15.15, 4.8, 15.9], "texture": "#texture", "cullface": "east"},
				"east": {"uv": [4, 14.95, 5, 16], "texture": "#texture", "cullface": "east"},
				"south": {"uv": [4, 15.1, 4.75, 16], "texture": "#texture", "cullface": "east"},
				"west": {"uv": [4, 15.25, 5, 16], "texture": "#texture", "cullface": "east"},
				"up": {"uv": [4, 15, 5, 16], "texture": "#texture", "cullface": "east"},
				"down": {"uv": [4, 16, 4.8, 15.1], "texture": "#texture", "cullface": "east"}
			}
		},
		{
			"from": [9.175, 3.025, 7.525],
			"to": [11.4, 5.275, 8.475],
			"rotation": {"angle": 0, "axis": "y", "origin": [0, -1, 0]},
			"faces": {
				"north": {"uv": [0, 8.2, 6.6, 8.7], "texture": "#texture", "cullface": "east"},
				"east": {"uv": [6.1, 8.1, 6.7, 8.8], "texture": "#texture", "cullface": "east"},
				"south": {"uv": [6.8, 8.1, 0.1, 8.8], "texture": "#texture", "cullface": "east"},
				"west": {"uv": [6, 8, 7, 9], "texture": "#texture"},
				"down": {"uv": [6.1, 8.9, 6.8, 8.1], "texture": "#texture", "cullface": "east"}
			}
		},
		{
			"from": [9.025, 1.275, 7.525],
			"to": [11.25, 3.025, 8.475],
			"rotation": {"angle": 0, "axis": "y", "origin": [0, -1, 0]},
			"faces": {
				"north": {"uv": [0, 8.2, 6.5, 8.7], "texture": "#texture", "cullface": "east"},
				"east": {"uv": [6.2, 8.1, 6.7, 8.8], "texture": "#texture", "cullface": "east"},
				"south": {"uv": [6.8, 8.1, 0.1, 8.8], "texture": "#texture", "cullface": "east"},
				"west": {"uv": [6, 8, 7, 9], "texture": "#texture"},
				"up": {"uv": [6, 8, 7, 9], "texture": "#texture"},
				"down": {"uv": [6.1, 8.9, 6.8, 8.1], "texture": "#texture", "cullface": "east"}
			}
		},
		{
			"from": [9.025, 3.025, 7.525],
			"to": [9.425, 3.275, 8.475],
			"rotation": {"angle": 0, "axis": "y", "origin": [0, -1, 0]},
			"faces": {
				"north": {"uv": [6, 8.2, 6.5, 8.7], "texture": "#texture", "cullface": "east"},
				"east": {"uv": [6.2, 8.1, 6.7, 8.8], "texture": "#texture", "cullface": "east"},
				"south": {"uv": [6.8, 8.1, 6.1, 8.8], "texture": "#texture", "cullface": "east"},
				"west": {"uv": [6, 8, 7, 9], "texture": "#texture"},
				"up": {"uv": [6, 8, 7, 9], "texture": "#texture"},
				"down": {"uv": [6.1, 8.9, 6.8, 8.1], "texture": "#texture", "cullface": "east"}
			}
		},
		{
			"from": [8.775, 1.275, 7.525],
			"to": [9.025, 1.525, 8.475],
			"rotation": {"angle": 0, "axis": "y", "origin": [0, -1, 0]},
			"faces": {
				"north": {"uv": [6.5, 8.2, 6, 8.7], "texture": "#texture", "cullface": "east"},
				"east": {"uv": [6.2, 8.1, 6.7, 8.8], "texture": "#texture", "cullface": "east"},
				"south": {"uv": [6.8, 8.1, 6.1, 8.8], "texture": "#texture", "cullface": "east"},
				"west": {"uv": [6, 8, 7, 9], "texture": "#texture"},
				"up": {"uv": [6, 8, 7, 9], "texture": "#texture"},
				"down": {"uv": [6.1, 8.9, 6.8, 8.1], "texture": "#texture", "cullface": "east"}
			}
		},
		{
			"from": [8.775, 0.025, 7.525],
			"to": [11, 1.275, 8.475],
			"rotation": {"angle": 0, "axis": "y", "origin": [0, -1, 0]},
			"faces": {
				"north": {"uv": [0, 8.2, 6.5, 8.7], "texture": "#texture", "cullface": "east"},
				"east": {"uv": [6.2, 8.1, 6.7, 8.8], "texture": "#texture", "cullface": "east"},
				"south": {"uv": [6.8, 8.1, 0.1, 8.8], "texture": "#texture", "cullface": "east"},
				"west": {"uv": [6, 8, 7, 9], "texture": "#texture"},
				"up": {"uv": [6, 8, 7, 9], "texture": "#texture"},
				"down": {"uv": [6.1, 8.9, 6.8, 8.1], "texture": "#texture", "cullface": "east"}
			}
		},
		{
			"from": [9.875, -0.725, 7.525],
			"to": [10.75, -0.475, 8.475],
			"rotation": {"angle": 0, "axis": "y", "origin": [0, -1, 0]},
			"faces": {
				"north": {"uv": [0, 8.2, 6.5, 8.7], "texture": "#texture", "cullface": "east"},
				"east": {"uv": [6.2, 8.1, 6.7, 8.8], "texture": "#texture", "cullface": "east"},
				"south": {"uv": [2.8, 8.1, 0.1, 8.8], "texture": "#texture", "cullface": "east"},
				"west": {"uv": [6, 8, 7, 9], "texture": "#texture"},
				"up": {"uv": [6, 8, 7, 9], "texture": "#texture"},
				"down": {"uv": [6.1, 8.9, 6.8, 8.1], "texture": "#texture", "cullface": "east"}
			}
		},
		{
			"from": [8.525, -0.475, 7.525],
			"to": [10.75, 0.025, 8.475],
			"rotation": {"angle": 0, "axis": "y", "origin": [0, -1, 0]},
			"faces": {
				"north": {"uv": [0, 8.2, 6.5, 8.7], "texture": "#texture", "cullface": "east"},
				"east": {"uv": [6.2, 8.1, 6.7, 8.8], "texture": "#texture", "cullface": "east"},
				"south": {"uv": [6.8, 8.1, 0.1, 8.8], "texture": "#texture", "cullface": "east"},
				"west": {"uv": [6, 8, 7, 9], "texture": "#texture"},
				"up": {"uv": [6, 8, 7, 9], "texture": "#texture"},
				"down": {"uv": [6.1, 8.9, 6.8, 8.1], "texture": "#texture", "cullface": "east"}
			}
		},
		{
			"from": [8.525, 0.025, 7.525],
			"to": [8.775, 0.275, 8.475],
			"rotation": {"angle": 0, "axis": "y", "origin": [0, -1, 0]},
			"faces": {
				"north": {"uv": [6, 8.2, 6.5, 8.7], "texture": "#texture", "cullface": "east"},
				"east": {"uv": [6.2, 8.1, 6.7, 8.8], "texture": "#texture", "cullface": "east"},
				"south": {"uv": [6.8, 8.1, 6.1, 8.8], "texture": "#texture", "cullface": "east"},
				"west": {"uv": [6, 8, 7, 9], "texture": "#texture"},
				"up": {"uv": [6, 8, 7, 9], "texture": "#texture"},
				"down": {"uv": [6.1, 8.9, 6.8, 8.1], "texture": "#texture", "cullface": "east"}
			}
		},
		{
			"from": [9.175, 5.275, 7.525],
			"to": [11.4, 5.775, 8.475],
			"rotation": {"angle": 0, "axis": "y", "origin": [0, -1, 0]},
			"faces": {
				"north": {"uv": [0, 8.2, 6.6, 8.7], "texture": "#texture", "cullface": "east"},
				"east": {"uv": [6.1, 8.1, 6.7, 8.8], "texture": "#texture", "cullface": "east"},
				"south": {"uv": [6.8, 8.1, 0.1, 8.8], "texture": "#texture", "cullface": "east"},
				"west": {"uv": [6, 8, 7, 9], "texture": "#texture"},
				"down": {"uv": [6.1, 8.9, 6.8, 8.1], "texture": "#texture", "cullface": "east"}
			}
		},
		{
			"from": [1.5, 7.4, 7.45],
			"to": [7.75, 9.15, 8.55],
			"faces": {
				"north": {"uv": [14.25, 6.75, 14.5, 7.75], "texture": "#texture"},
				"east": {"uv": [0, 0, 0, 0], "texture": "#texture"},
				"south": {"uv": [8.5, 7.75, 8.75, 8.75], "texture": "#texture"},
				"west": {"uv": [6.75, 6.75, 9.25, 7.75], "texture": "#texture"},
				"up": {"uv": [1.5, 6.75, 1.75, 9.25], "texture": "#texture"},
				"down": {"uv": [14.5, 9.25, 14.25, 6.75], "texture": "#texture"}
			}
		},
		{
			"from": [7.5, 7.225, 7.275],
			"to": [7.75, 9.75, 8.725],
			"faces": {
				"north": {"uv": [14.25, 6.75, 14.5, 7.75], "texture": "#texture"},
				"east": {"uv": [0, 0, 0, 0], "texture": "#texture"},
				"south": {"uv": [8.675, 7.65, 8.925, 8.65], "texture": "#texture"},
				"west": {"uv": [6.75, 6.75, 9.25, 7.75], "texture": "#texture"},
				"up": {"uv": [1.5, 6.75, 1.75, 9.25], "texture": "#texture"},
				"down": {"uv": [14.5, 9.25, 14.25, 6.75], "texture": "#texture"}
			}
		},
		{
			"from": [8.75, 9.5, 7.25],
			"to": [9, 10.425, 8.75],
			"faces": {
				"north": {"uv": [7.75, 5.25, 8, 6.25], "texture": "#texture"},
				"east": {"uv": [7, 5.25, 9, 6.25], "texture": "#texture"},
				"south": {"uv": [8, 5.25, 8.25, 6.25], "texture": "#texture"},
				"west": {"uv": [7, 5, 8, 6], "texture": "#texture"},
				"up": {"uv": [8, 7, 8.25, 9], "texture": "#texture"},
				"down": {"uv": [8, 9, 7.75, 7], "texture": "#texture"}
			}
		}
	],
	"gui_light": "front",
	"display": {
		"thirdperson_righthand": {
			"rotation": [116.65, -90, 116.77],
			"translation": [0, 1.25, -4.5],
			"scale": [0.78, 0.78, 0.78]
		},
		"thirdperson_lefthand": {
			"rotation": [-116.65, 90, 116.77],
			"translation": [0, 1.25, -4.5],
			"scale": [0.78, 0.78, 0.78]
		},
		"firstperson_righthand": {
			"rotation": [0, -90, 0],
			"translation": [0, 2.5, -7.5]
		},
		"firstperson_lefthand": {
			"rotation": [0, 90, 0],
			"translation": [0, 2.5, -7.5]
		},
		"ground": {
			"translation": [-2.5, 4.25, 0],
			"scale": [0.96, 0.96, 0.96]
		},
		"gui": {
			"rotation": [0, 0, -45],
			"translation": [-1, 1.25, 0],
			"scale": [0.58, 0.58, 0.9]
		},
		"fixed": {
			"rotation": [0, 180, -45],
			"translation": [2, 2.25, -1.1],
			"scale": [0.94, 0.94, 0.94]
		}
	}
}