{
	"credit": "Made by SrDarmith - YouTube: Mainclay",
	"textures": {
		"1": "item/darkwood1",
		"particle": "item/anvil",
		"texture": "item/anvil"
	},
	"elements": [
		{
			"from": [-12.75, 8.85, 7.75],
			"to": [7.75, 9.1, 8.25],
			"rotation": {"angle": 0, "axis": "y", "origin": [-0.5, 9, 0]},
			"faces": {
				"north": {"uv": [14.5, 6.75, 16, 7], "texture": "#texture", "cullface": "west"},
				"south": {"uv": [0, 6.75, 1.5, 7], "texture": "#texture", "cullface": "west"},
				"west": {"uv": [7.75, 6.75, 8.25, 7], "texture": "#texture", "cullface": "west"},
				"up": {"uv": [0, 7.75, 1.5, 8.25], "texture": "#texture", "cullface": "west"},
				"down": {"uv": [16, 8.25, 14.5, 7.75], "texture": "#texture", "cullface": "west"}
			}
		},
		{
			"from": [-4.25, 6.8, 7.425],
			"to": [-3, 9.15, 8.575],
			"rotation": {"angle": 0, "axis": "y", "origin": [-0.5, 9, 0]},
			"faces": {
				"north": {"uv": [16, 7, 15, 7.75], "texture": "#texture", "cullface": "west"},
				"east": {"uv": [7.5, 6.75, 8.5, 7.75], "texture": "#texture", "cullface": "west"},
				"south": {"uv": [0, 7, 1, 7.75], "texture": "#texture", "cullface": "west"},
				"west": {"uv": [7.5, 6.75, 8.5, 7.75], "texture": "#texture", "cullface": "west"},
				"up": {"uv": [0, 7.5, 1, 8.5], "texture": "#texture", "cullface": "west"},
				"down": {"uv": [16, 8.5, 15, 7.5], "texture": "#texture", "cullface": "west"}
			}
		},
		{
			"from": [-11.675, 7.9, 7.425],
			"to": [-10.425, 9.25, 8.575],
			"rotation": {"angle": 0, "axis": "y", "origin": [-0.5, 9, 0]},
			"faces": {
				"north": {"uv": [16, 7, 15, 7.75], "texture": "#texture", "cullface": "west"},
				"east": {"uv": [7.5, 6.75, 8.5, 7.75], "texture": "#texture", "cullface": "west"},
				"south": {"uv": [0, 7, 1, 7.75], "texture": "#texture", "cullface": "west"},
				"west": {"uv": [7.5, 6.75, 8.5, 7.75], "texture": "#texture", "cullface": "west"},
				"up": {"uv": [0, 7.5, 1, 8.5], "texture": "#texture", "cullface": "west"},
				"down": {"uv": [16, 8.5, 15, 7.5], "texture": "#texture", "cullface": "west"}
			}
		},
		{
			"from": [-11.325, -0.725, 7.5],
			"to": [-10.825, 5.625, 7.9],
			"rotation": {"angle": -22.5, "axis": "x", "origin": [-0.5, 9, 0]},
			"faces": {
				"north": {"uv": [16, 7, 15, 7.75], "texture": "#texture", "cullface": "west"},
				"east": {"uv": [7.5, 6.75, 8.5, 7.75], "texture": "#texture", "cullface": "west"},
				"south": {"uv": [0, 7, 1, 7.75], "texture": "#texture", "cullface": "west"},
				"west": {"uv": [7.5, 6.75, 8.5, 7.75], "texture": "#texture", "cullface": "west"},
				"up": {"uv": [0, 7.5, 1, 8.5], "texture": "#texture", "cullface": "west"},
				"down": {"uv": [16, 8.5, 15, 7.5], "texture": "#texture", "cullface": "west"}
			}
		},
		{
			"from": [-11.45, 5.15, 6.65],
			"to": [-10.7, 5.5, 7.3],
			"rotation": {"angle": 22.5, "axis": "x", "origin": [-0.375, 9, 0]},
			"faces": {
				"north": {"uv": [16, 7, 15, 7.75], "texture": "#texture", "cullface": "west"},
				"east": {"uv": [7.5, 6.75, 8.5, 7.75], "texture": "#texture", "cullface": "west"},
				"south": {"uv": [0, 7, 1, 7.75], "texture": "#texture", "cullface": "west"},
				"west": {"uv": [7.5, 6.75, 8.5, 7.75], "texture": "#texture", "cullface": "west"},
				"up": {"uv": [0, 7.5, 1, 8.5], "texture": "#texture", "cullface": "west"},
				"down": {"uv": [16, 8.5, 15, 7.5], "texture": "#texture", "cullface": "west"}
			}
		},
		{
			"from": [-11.45, -0.975, 7.5],
			"to": [-10.7, -0.625, 8.15],
			"rotation": {"angle": -22.5, "axis": "x", "origin": [-0.375, 9, 0]},
			"faces": {
				"north": {"uv": [16, 7, 15, 7.75], "texture": "#texture", "cullface": "west"},
				"east": {"uv": [7.5, 6.75, 8.5, 7.75], "texture": "#texture", "cullface": "west"},
				"south": {"uv": [0, 7, 1, 7.75], "texture": "#texture", "cullface": "west"},
				"west": {"uv": [7.5, 6.75, 8.5, 7.75], "texture": "#texture", "cullface": "west"},
				"up": {"uv": [0, 7.5, 1, 8.5], "texture": "#texture", "cullface": "west"},
				"down": {"uv": [16, 8.5, 15, 7.5], "texture": "#texture", "cullface": "west"}
			}
		},
		{
			"from": [-11.325, 5.4, 6.9],
			"to": [-10.825, 11.75, 7.3],
			"rotation": {"angle": 22.5, "axis": "x", "origin": [-0.5, 9, 0]},
			"faces": {
				"north": {"uv": [16, 7, 15, 7.75], "texture": "#texture", "cullface": "west"},
				"east": {"uv": [7.5, 6.75, 8.5, 7.75], "texture": "#texture", "cullface": "west"},
				"south": {"uv": [0, 7, 1, 7.75], "texture": "#texture", "cullface": "west"},
				"west": {"uv": [7.5, 6.75, 8.5, 7.75], "texture": "#texture", "cullface": "west"},
				"up": {"uv": [0, 7.5, 1, 8.5], "texture": "#texture", "cullface": "west"},
				"down": {"uv": [16, 8.5, 15, 7.5], "texture": "#texture", "cullface": "west"}
			}
		},
		{
			"from": [7.75, 6.75, 7.2],
			"to": [15.75, 8.75, 8.8],
			"rotation": {"angle": 0, "axis": "y", "origin": [0, -0.75, 0]},
			"faces": {
				"north": {"uv": [5.75, 7, 13, 8.5], "texture": "#texture"},
				"east": {"uv": [1, 7, 2, 8], "texture": "#texture"},
				"south": {"uv": [8, 7, 15.25, 8.5], "texture": "#texture"},
				"west": {"uv": [7, 7, 9, 8.5], "texture": "#texture"},
				"up": {"uv": [8, 7, 15.25, 9], "texture": "#texture"},
				"down": {"uv": [8, 9, 0.75, 7], "texture": "#texture"}
			}
		},
		{
			"from": [14, 5.5, 7.5],
			"to": [14.25, 5.75, 8.5],
			"rotation": {"angle": 0, "axis": "y", "origin": [-1, -0.75, 0]},
			"faces": {
				"north": {"uv": [10.9, 4.2, 10.2, 4.8], "texture": "#texture"},
				"south": {"uv": [11, 4, 10, 5], "texture": "#texture"},
				"west": {"uv": [10.9, 4.65, 10.1, 4.2], "texture": "#texture"},
				"up": {"uv": [10.85, 4.9, 10.05, 4.1], "texture": "#texture"}
			}
		},
		{
			"from": [13.8, 5.875, 7.75],
			"to": [14.05, 7.125, 8.25],
			"rotation": {"angle": -22.5, "axis": "z", "origin": [13.5, 6.75, 7.75]},
			"faces": {
				"north": {"uv": [0.75, 2, 1.25, 3.25], "texture": "#texture"},
				"east": {"uv": [7.75, 2, 8.25, 3.25], "texture": "#texture"},
				"south": {"uv": [14.75, 2, 15.25, 3.25], "texture": "#texture"},
				"west": {"uv": [7.75, 2, 8.25, 3.25], "texture": "#texture"},
				"down": {"uv": [1.25, 8.25, 0.75, 7.75], "texture": "#texture"}
			}
		},
		{
			"from": [14.25, 5.5, 7.5],
			"to": [14.5, 6.5, 8.5],
			"rotation": {"angle": 0, "axis": "y", "origin": [-1, -0.75, 0]},
			"faces": {
				"north": {"uv": [10.9, 4.2, 10.2, 4.8], "texture": "#texture"},
				"east": {"uv": [10.9, 4.2, 10.1, 4.6], "texture": "#texture"},
				"south": {"uv": [11, 4, 10, 5], "texture": "#texture"},
				"west": {"uv": [10.9, 4.2, 10.1, 4.6], "texture": "#texture"},
				"down": {"uv": [10.05, 4.3, 10.9, 4.8], "texture": "#texture"}
			}
		},
		{
			"from": [12.5, 5.25, 7.5],
			"to": [14.25, 5.5, 8.5],
			"rotation": {"angle": 0, "axis": "y", "origin": [-1, -0.75, 0]},
			"faces": {
				"north": {"uv": [10.9, 4.2, 10.2, 4.8], "texture": "#texture"},
				"east": {"uv": [10.9, 4.9, 10.1, 4.25], "texture": "#texture"},
				"south": {"uv": [11, 4, 10, 5], "texture": "#texture"},
				"west": {"uv": [10.9, 4.9, 10.1, 4.25], "texture": "#texture"},
				"up": {"uv": [10.85, 4.9, 10.05, 4.1], "texture": "#texture"},
				"down": {"uv": [10.2, 4.3, 10.9, 4.8], "texture": "#texture"}
			}
		},
		{
			"from": [11.5, 5.5, 7.5],
			"to": [12.25, 6.75, 8.5],
			"rotation": {"angle": 0, "axis": "y", "origin": [-1, -0.75, 0]},
			"faces": {
				"north": {"uv": [10.9, 4.2, 10.2, 4.8], "texture": "#texture"},
				"east": {"uv": [10.9, 4.2, 10.1, 4.6], "texture": "#texture"},
				"south": {"uv": [11, 4, 10, 5], "texture": "#texture"},
				"west": {"uv": [10.9, 4.2, 10.1, 4.6], "texture": "#texture"},
				"down": {"uv": [10.2, 4.3, 10.9, 4.8], "texture": "#texture"}
			}
		},
		{
			"from": [11.325, 5.75, 7.5],
			"to": [11.5, 6.75, 8.5],
			"rotation": {"angle": 0, "axis": "y", "origin": [-1, -0.75, 0]},
			"faces": {
				"north": {"uv": [10.9, 4.2, 10.2, 4.8], "texture": "#texture"},
				"east": {"uv": [10.9, 4.2, 10.1, 4.6], "texture": "#texture"},
				"south": {"uv": [11, 4, 10, 5], "texture": "#texture"},
				"west": {"uv": [10.9, 4.2, 10.1, 4.6], "texture": "#texture"},
				"down": {"uv": [10.2, 4.3, 10.9, 4.8], "texture": "#texture"}
			}
		},
		{
			"from": [10.875, 5.75, 7.25],
			"to": [11.625, 6.5, 8.75],
			"rotation": {"angle": 0, "axis": "y", "origin": [-1, -0.75, 0]},
			"faces": {
				"north": {"uv": [10.9, 4.2, 10.2, 4.8], "texture": "#texture"},
				"east": {"uv": [10.9, 4.2, 10.1, 4.6], "texture": "#texture"},
				"south": {"uv": [11, 4, 10, 5], "texture": "#texture"},
				"west": {"uv": [10.9, 4.2, 10.1, 4.6], "texture": "#texture"},
				"down": {"uv": [10.2, 4.3, 10.9, 4.8], "texture": "#texture"}
			}
		},
		{
			"from": [12.25, 5.5, 7.5],
			"to": [12.5, 6.75, 8.5],
			"rotation": {"angle": 0, "axis": "y", "origin": [-1, -0.75, 0]},
			"faces": {
				"north": {"uv": [10.9, 4.2, 10.2, 4.8], "texture": "#texture"},
				"east": {"uv": [10.9, 4.2, 10.1, 4.6], "texture": "#texture"},
				"south": {"uv": [11, 4, 10, 5], "texture": "#texture"},
				"west": {"uv": [10.9, 4.2, 10.1, 4.6], "texture": "#texture"},
				"down": {"uv": [10.2, 4.3, 10.9, 4.8], "texture": "#texture"}
			}
		},
		{
			"from": [12.5, 5.5, 7.5],
			"to": [12.75, 5.75, 8.5],
			"rotation": {"angle": 0, "axis": "y", "origin": [-1, -0.75, 0]},
			"faces": {
				"north": {"uv": [10.9, 4.2, 10.2, 4.8], "texture": "#texture"},
				"east": {"uv": [10.9, 4.65, 10.1, 4.2], "texture": "#texture"},
				"south": {"uv": [11, 4, 10, 5], "texture": "#texture"},
				"up": {"uv": [10.85, 4.9, 10.05, 4.1], "texture": "#texture"}
			}
		},
		{
			"from": [23.675, 3.75, 7.275],
			"to": [24.425, 4, 8.725],
			"rotation": {"angle": 0, "axis": "y", "origin": [-1.075, -0.25, 0]},
			"faces": {
				"north": {"uv": [16, 11.9, 11.1, 13], "texture": "#1", "cullface": "east"},
				"south": {"uv": [4.95, 11.9, 0.05, 13], "texture": "#1", "cullface": "east"},
				"west": {"uv": [15.95, 14.9, 11.05, 16], "texture": "#1", "cullface": "east"},
				"down": {"uv": [7.95, 13.9, 3.05, 15], "texture": "#1", "cullface": "east"}
			}
		},
		{
			"from": [22.675, 4, 7.275],
			"to": [24.425, 4.25, 8.725],
			"rotation": {"angle": 0, "axis": "y", "origin": [-1.075, -0.25, 0]},
			"faces": {
				"north": {"uv": [4.9, 11.9, 0, 13], "texture": "#1", "cullface": "east"},
				"south": {"uv": [16, 10.9, 11.1, 12], "texture": "#1", "cullface": "east"},
				"west": {"uv": [15.95, 14.9, 11.05, 16], "texture": "#1", "cullface": "east"},
				"down": {"uv": [7.95, 13.9, 3.05, 15], "texture": "#1", "cullface": "east"}
			}
		},
		{
			"from": [21.675, 4.25, 7.275],
			"to": [24.425, 4.5, 8.725],
			"rotation": {"angle": 0, "axis": "y", "origin": [-1.075, -0.25, 0]},
			"faces": {
				"north": {"uv": [5, 14.9, 0.1, 16], "texture": "#1", "cullface": "east"},
				"south": {"uv": [4.95, 11.9, 0.05, 13], "texture": "#1", "cullface": "east"},
				"west": {"uv": [15.95, 14.9, 11.05, 16], "texture": "#1", "cullface": "east"},
				"down": {"uv": [7.95, 13.9, 3.05, 15], "texture": "#1", "cullface": "east"}
			}
		},
		{
			"from": [20.675, 4.5, 7.275],
			"to": [24.425, 4.75, 8.725],
			"rotation": {"angle": 0, "axis": "y", "origin": [-1.075, -0.25, 0]},
			"faces": {
				"north": {"uv": [13, 12.9, 8.1, 14], "texture": "#1", "cullface": "east"},
				"south": {"uv": [4.95, 12.9, 0.05, 14], "texture": "#1", "cullface": "east"},
				"west": {"uv": [15.95, 14.9, 11.05, 16], "texture": "#1", "cullface": "east"},
				"down": {"uv": [7.95, 13.9, 3.05, 15], "texture": "#1", "cullface": "east"}
			}
		},
		{
			"from": [19.925, 4.75, 7.275],
			"to": [24.425, 5, 8.725],
			"rotation": {"angle": 0, "axis": "y", "origin": [-1.075, -0.25, 0]},
			"faces": {
				"north": {"uv": [16, 14.9, 11.1, 16], "texture": "#1", "cullface": "east"},
				"south": {"uv": [4.9, 8.9, 0, 10], "texture": "#1", "cullface": "east"},
				"west": {"uv": [15.95, 14.9, 11.05, 16], "texture": "#1", "cullface": "east"},
				"down": {"uv": [7.95, 13.9, 3.05, 15], "texture": "#1", "cullface": "east"}
			}
		},
		{
			"from": [19.175, 5, 7.275],
			"to": [24.425, 5.25, 8.725],
			"rotation": {"angle": 0, "axis": "y", "origin": [-1.075, -0.25, 0]},
			"faces": {
				"north": {"uv": [16, 13.9, 11.1, 15], "texture": "#1", "cullface": "east"},
				"south": {"uv": [4.95, 11.9, 0.05, 13], "texture": "#1", "cullface": "east"},
				"west": {"uv": [15.95, 14.9, 11.05, 16], "texture": "#1", "cullface": "east"},
				"down": {"uv": [7.95, 13.9, 3.05, 15], "texture": "#1", "cullface": "east"}
			}
		},
		{
			"from": [18.675, 5.25, 7.275],
			"to": [24.425, 5.5, 8.725],
			"rotation": {"angle": 0, "axis": "y", "origin": [-1.075, -0.25, 0]},
			"faces": {
				"north": {"uv": [4.9, 0.9, 0, 2], "texture": "#1", "cullface": "east"},
				"south": {"uv": [8.95, 9.9, 4.05, 11], "texture": "#1", "cullface": "east"},
				"west": {"uv": [15.95, 14.9, 11.05, 16], "texture": "#1", "cullface": "east"},
				"down": {"uv": [7.95, 13.9, 3.05, 15], "texture": "#1", "cullface": "east"}
			}
		},
		{
			"from": [18.425, 5.5, 7.275],
			"to": [24.425, 5.75, 8.725],
			"rotation": {"angle": 0, "axis": "y", "origin": [-1.075, -0.25, 0]},
			"faces": {
				"north": {"uv": [6, 12.9, 1.1, 14], "texture": "#1", "cullface": "east"},
				"south": {"uv": [4.95, 8.9, 0.05, 10], "texture": "#1", "cullface": "east"},
				"west": {"uv": [15.95, 14.9, 11.05, 16], "texture": "#1", "cullface": "east"},
				"down": {"uv": [7.95, 13.9, 3.05, 15], "texture": "#1", "cullface": "east"}
			}
		},
		{
			"from": [18.175, 5.75, 7.275],
			"to": [24.425, 6, 8.725],
			"rotation": {"angle": 0, "axis": "y", "origin": [-1.075, -0.25, 0]},
			"faces": {
				"north": {"uv": [16, 11.9, 11.1, 13], "texture": "#1", "cullface": "east"},
				"south": {"uv": [5.95, 12.9, 1.05, 14], "texture": "#1", "cullface": "east"},
				"west": {"uv": [15.95, 14.9, 11.05, 16], "texture": "#1", "cullface": "east"},
				"down": {"uv": [7.95, 13.9, 3.05, 15], "texture": "#1", "cullface": "east"}
			}
		},
		{
			"from": [24.425, 3.5, 7.25],
			"to": [24.675, 7.5, 8.75],
			"rotation": {"angle": 0, "axis": "y", "origin": [-1.075, -0.25, 0]},
			"faces": {
				"north": {"uv": [0, 7, 1, 11.25], "texture": "#texture", "cullface": "east"},
				"east": {"uv": [7.25, 8, 8.75, 12.25], "texture": "#texture", "cullface": "east"},
				"south": {"uv": [16, 7, 15, 11.25], "texture": "#texture", "cullface": "east"},
				"west": {"uv": [7.25, 8, 8.75, 12.25], "texture": "#texture", "cullface": "east"},
				"up": {"uv": [15, 7.25, 16, 8.75], "texture": "#texture", "cullface": "east"},
				"down": {"uv": [0, 8.75, 1, 7.25], "texture": "#texture", "cullface": "east"}
			}
		},
		{
			"from": [16.675, 4.65, 7.5],
			"to": [18.175, 7, 8.5],
			"rotation": {"angle": 22.5, "axis": "z", "origin": [16.425, 7, 7.5]},
			"faces": {
				"north": {"uv": [4.95, 12.9, 0.05, 16], "texture": "#1", "cullface": "east"},
				"east": {"uv": [4.95, 12.9, 0.05, 16], "texture": "#1", "cullface": "east"},
				"south": {"uv": [4.95, 12.9, 0.05, 16], "texture": "#1", "cullface": "east"},
				"west": {"uv": [4.95, 12.9, 0.05, 16], "texture": "#1", "cullface": "east"},
				"up": {"uv": [4.95, 12.9, 0.05, 16], "texture": "#1", "cullface": "east"},
				"down": {"uv": [4.95, 12.9, 0.05, 16], "texture": "#1", "cullface": "east"}
			}
		},
		{
			"from": [16.9, 6, 7.275],
			"to": [20.925, 7.75, 8.725],
			"rotation": {"angle": 0, "axis": "y", "origin": [-1.075, -0.25, 0]},
			"faces": {
				"north": {"uv": [6.95, 12.9, 2.05, 16], "texture": "#1", "cullface": "east"},
				"east": {"uv": [6.95, 12.9, 2.05, 16], "texture": "#1"},
				"south": {"uv": [6.95, 12.9, 2.05, 16], "texture": "#1", "cullface": "east"},
				"west": {"uv": [6.95, 12.9, 2.05, 16], "texture": "#1", "cullface": "east"},
				"up": {"uv": [6.95, 12.9, 2.05, 16], "texture": "#1", "cullface": "east"},
				"down": {"uv": [6.95, 12.9, 2.05, 16], "texture": "#1", "cullface": "east"}
			}
		},
		{
			"from": [1.65, 6.25, 7.275],
			"to": [7.775, 8.175, 8.725],
			"rotation": {"angle": 0, "axis": "y", "origin": [-1.075, -0.25, 0]},
			"faces": {
				"north": {"uv": [2.7, 9.9, 6.7, 11.95], "texture": "#1", "cullface": "east"},
				"east": {"uv": [3, 10, 4, 11], "texture": "#1"},
				"south": {"uv": [2.8, 9.8, 6.7, 11.85], "texture": "#1", "cullface": "east"},
				"west": {"uv": [2.7, 9.9, 6.7, 11.95], "texture": "#1", "cullface": "east"},
				"up": {"uv": [2.7, 9.8, 6.5, 12], "texture": "#1", "cullface": "east"},
				"down": {"uv": [2.7, 9.8, 6.5, 12], "texture": "#1", "cullface": "east"}
			}
		},
		{
			"from": [2.15, 6, 7.525],
			"to": [7.275, 6.25, 8.475],
			"rotation": {"angle": 0, "axis": "y", "origin": [-1.075, -0.25, 0]},
			"faces": {
				"north": {"uv": [2.7, 9.9, 6.7, 11.95], "texture": "#1", "cullface": "east"},
				"east": {"uv": [3, 10, 4, 11], "texture": "#1"},
				"south": {"uv": [2.8, 9.8, 6.7, 11.85], "texture": "#1", "cullface": "east"},
				"west": {"uv": [2.7, 9.9, 6.7, 11.95], "texture": "#1", "cullface": "east"},
				"up": {"uv": [2.7, 9.8, 6.5, 12], "texture": "#1", "cullface": "east"},
				"down": {"uv": [2.7, 9.8, 6.5, 12], "texture": "#1", "cullface": "east"}
			}
		},
		{
			"from": [20.9, 6, 7.275],
			"to": [24.425, 7.5, 8.725],
			"rotation": {"angle": 0, "axis": "y", "origin": [-1.075, -0.25, 0]},
			"faces": {
				"north": {"uv": [4.95, 12.9, 0.05, 16], "texture": "#1", "cullface": "east"},
				"south": {"uv": [4.95, 12.9, 0.05, 16], "texture": "#1", "cullface": "east"},
				"west": {"uv": [4.95, 12.9, 0.05, 16], "texture": "#1", "cullface": "east"},
				"up": {"uv": [4.95, 12.9, 0.05, 16], "texture": "#1", "cullface": "east"},
				"down": {"uv": [4.95, 12.9, 0.05, 16], "texture": "#1", "cullface": "east"}
			}
		},
		{
			"from": [16.1, 7.275, 7.25],
			"to": [17.8, 8.95, 8.75],
			"rotation": {"angle": -22.5, "axis": "z", "origin": [14.575, 9, 7.25]},
			"faces": {
				"north": {"uv": [9, 11.4, 9.65, 11.95], "texture": "#texture", "cullface": "east"},
				"east": {"uv": [9, 11.35, 9.7, 11.9], "texture": "#texture", "cullface": "east"},
				"south": {"uv": [9, 11.3, 9.75, 11.85], "texture": "#texture", "cullface": "east"},
				"west": {"uv": [9, 11.35, 9.6, 11.9], "texture": "#texture", "cullface": "east"},
				"up": {"uv": [9, 11.3, 9.75, 12], "texture": "#texture", "cullface": "east"},
				"down": {"uv": [9, 11.3, 9.75, 12], "texture": "#texture", "cullface": "east"}
			}
		},
		{
			"from": [15.75, 6.75, 7.2],
			"to": [16, 8.5, 8.8],
			"rotation": {"angle": 0, "axis": "y", "origin": [0, -0.75, 0]},
			"faces": {
				"north": {"uv": [1, 6.5, 1.75, 9], "texture": "#texture"},
				"east": {"uv": [7.25, 6.5, 8.75, 9], "texture": "#texture", "cullface": "east"},
				"south": {"uv": [14.25, 6.5, 15, 9], "texture": "#texture"},
				"west": {"uv": [7.25, 6.5, 8.75, 9], "texture": "#texture"},
				"up": {"uv": [15.25, 7.25, 16, 8.75], "texture": "#texture"},
				"down": {"uv": [1.75, 8.75, 1, 7.25], "texture": "#texture"}
			}
		},
		{
			"from": [7.75, 8.75, 7.2],
			"to": [15.5, 9, 8.8],
			"rotation": {"angle": 0, "axis": "y", "origin": [0, -0.75, 0]},
			"faces": {
				"north": {"uv": [1, 6.25, 1.5, 6.5], "texture": "#texture"},
				"east": {"uv": [7.5, 6.25, 8.5, 6.5], "texture": "#texture"},
				"south": {"uv": [14.5, 6.25, 15, 6.5], "texture": "#texture"},
				"west": {"uv": [7.5, 6.25, 8.5, 6.5], "texture": "#texture"},
				"up": {"uv": [14.5, 7.5, 15, 8.5], "texture": "#texture"}
			}
		},
		{
			"from": [7.75, 9, 7.275],
			"to": [15.25, 9.25, 8.725],
			"rotation": {"angle": 0, "axis": "y", "origin": [0, -0.75, 0]},
			"faces": {
				"north": {"uv": [1, 6, 1.5, 6.25], "texture": "#texture"},
				"east": {"uv": [7.75, 6, 8.25, 6.25], "texture": "#texture"},
				"south": {"uv": [14.5, 6, 15, 6.25], "texture": "#texture"},
				"west": {"uv": [7.75, 6, 8.25, 6.25], "texture": "#texture"},
				"up": {"uv": [14.5, 7.75, 15, 8.25], "texture": "#texture"}
			}
		},
		{
			"from": [13, 9.3, 7.275],
			"to": [15.125, 9.75, 7.375],
			"rotation": {"angle": 0, "axis": "y", "origin": [0, -0.75, 0]},
			"faces": {
				"north": {"uv": [1, 6, 1.5, 6.25], "texture": "#texture"},
				"east": {"uv": [7.75, 6, 8.25, 6.25], "texture": "#texture"},
				"south": {"uv": [14.5, 6, 15, 6.25], "texture": "#texture"},
				"west": {"uv": [7.75, 6, 8.25, 6.25], "texture": "#texture"},
				"up": {"uv": [14.5, 7.75, 15, 8.25], "texture": "#texture"},
				"down": {"uv": [14, 8, 15, 9], "texture": "#texture"}
			}
		},
		{
			"from": [13, 9.3, 8.625],
			"to": [15.125, 9.75, 8.725],
			"rotation": {"angle": 0, "axis": "y", "origin": [0, -0.75, 0]},
			"faces": {
				"north": {"uv": [1, 6, 1.5, 6.25], "texture": "#texture"},
				"east": {"uv": [7.75, 6, 8.25, 6.25], "texture": "#texture"},
				"south": {"uv": [14.5, 6, 15, 6.25], "texture": "#texture"},
				"west": {"uv": [7.75, 6, 8.25, 6.25], "texture": "#texture"},
				"up": {"uv": [14.5, 7.75, 15, 8.25], "texture": "#texture"},
				"down": {"uv": [14, 8, 15, 9], "texture": "#texture"}
			}
		},
		{
			"from": [13.05, 9.25, 7.3],
			"to": [15.075, 9.35, 8.7],
			"rotation": {"angle": 0, "axis": "y", "origin": [0, -0.75, 0]},
			"faces": {
				"north": {"uv": [1, 6, 1.5, 6.25], "texture": "#texture"},
				"east": {"uv": [7.75, 6, 8.25, 6.25], "texture": "#texture"},
				"south": {"uv": [14.5, 6, 15, 6.25], "texture": "#texture"},
				"west": {"uv": [7.75, 6, 8.25, 6.25], "texture": "#texture"},
				"up": {"uv": [14.5, 7.75, 15, 8.25], "texture": "#texture"}
			}
		},
		{
			"from": [14.65, 9.35, 8.15],
			"to": [14.825, 10.7, 8.325],
			"rotation": {"angle": 0, "axis": "y", "origin": [0, -0.75, 0]},
			"faces": {
				"north": {"uv": [1, 6, 1.5, 6.25], "texture": "#texture"},
				"east": {"uv": [7.75, 6, 8.25, 6.25], "texture": "#texture"},
				"south": {"uv": [14.5, 6, 15, 6.25], "texture": "#texture"},
				"west": {"uv": [7.75, 6, 8.25, 6.25], "texture": "#texture"},
				"up": {"uv": [14.5, 7.75, 15, 8.25], "texture": "#texture"}
			}
		},
		{
			"from": [14.65, 10.6, 7.85],
			"to": [14.825, 10.7, 8.15],
			"rotation": {"angle": 0, "axis": "y", "origin": [0, -0.75, 0]},
			"faces": {
				"north": {"uv": [1, 6, 1.5, 6.25], "texture": "#texture"},
				"east": {"uv": [7.75, 6, 8.25, 6.25], "texture": "#texture"},
				"south": {"uv": [14.5, 6, 15, 6.25], "texture": "#texture"},
				"west": {"uv": [7.75, 6, 8.25, 6.25], "texture": "#texture"},
				"up": {"uv": [14.5, 7.75, 15, 8.25], "texture": "#texture"}
			}
		},
		{
			"from": [14.65, 9.35, 7.85],
			"to": [14.825, 9.7, 8.15],
			"rotation": {"angle": 0, "axis": "y", "origin": [0, -0.75, 0]},
			"faces": {
				"north": {"uv": [1, 6, 1.5, 6.25], "texture": "#texture"},
				"east": {"uv": [7.75, 6, 8.25, 6.25], "texture": "#texture"},
				"south": {"uv": [14.5, 6, 15, 6.25], "texture": "#texture"},
				"west": {"uv": [7.75, 6, 8.25, 6.25], "texture": "#texture"},
				"up": {"uv": [14.5, 7.75, 15, 8.25], "texture": "#texture"}
			}
		},
		{
			"from": [13.5, 9.175, 7.775],
			"to": [14.825, 9.525, 8.225],
			"rotation": {"angle": 0, "axis": "y", "origin": [0, -0.75, 0]},
			"faces": {
				"north": {"uv": [1, 6, 1.5, 6.25], "texture": "#texture"},
				"east": {"uv": [7.75, 6, 8.25, 6.25], "texture": "#texture"},
				"south": {"uv": [14.5, 6, 15, 6.25], "texture": "#texture"},
				"west": {"uv": [7.75, 6, 8.25, 6.25], "texture": "#texture"},
				"up": {"uv": [14.5, 7.75, 15, 8.25], "texture": "#texture"}
			}
		},
		{
			"from": [14.65, 9.35, 7.675],
			"to": [14.825, 10.7, 7.85],
			"rotation": {"angle": 0, "axis": "y", "origin": [0, -0.75, 0]},
			"faces": {
				"north": {"uv": [1, 6, 1.5, 6.25], "texture": "#texture"},
				"east": {"uv": [7.75, 6, 8.25, 6.25], "texture": "#texture"},
				"south": {"uv": [14.5, 6, 15, 6.25], "texture": "#texture"},
				"west": {"uv": [7.75, 6, 8.25, 6.25], "texture": "#texture"},
				"up": {"uv": [14.5, 7.75, 15, 8.25], "texture": "#texture"}
			}
		},
		{
			"from": [10.7, 9.425, 7.325],
			"to": [11.925, 9.675, 8.675],
			"rotation": {"angle": 0, "axis": "y", "origin": [0, -0.75, 0]},
			"faces": {
				"north": {"uv": [1, 6, 1.5, 6.25], "texture": "#texture"},
				"east": {"uv": [7.75, 6, 8.25, 6.25], "texture": "#texture"},
				"south": {"uv": [14.5, 6, 15, 6.25], "texture": "#texture"},
				"west": {"uv": [7.75, 6, 8.25, 6.25], "texture": "#texture"},
				"up": {"uv": [14.5, 7.75, 15, 8.25], "texture": "#texture"}
			}
		},
		{
			"from": [10.5, 9.25, 7.275],
			"to": [12.125, 9.425, 8.725],
			"rotation": {"angle": 0, "axis": "y", "origin": [0, -0.75, 0]},
			"faces": {
				"north": {"uv": [1, 6, 1.5, 6.25], "texture": "#texture"},
				"east": {"uv": [7.75, 6, 8.25, 6.25], "texture": "#texture"},
				"south": {"uv": [14.5, 6, 15, 6.25], "texture": "#texture"},
				"west": {"uv": [7.75, 6, 8.25, 6.25], "texture": "#texture"},
				"up": {"uv": [14.5, 7.75, 15, 8.25], "texture": "#texture"}
			}
		},
		{
			"from": [7.75, 6.5, 7.225],
			"to": [16, 6.75, 8.75],
			"rotation": {"angle": 0, "axis": "y", "origin": [0, -0.75, 0]},
			"faces": {
				"north": {"uv": [5.75, 8.5, 12.5, 8.75], "texture": "#texture"},
				"east": {"uv": [1, 7, 2, 8], "texture": "#texture"},
				"south": {"uv": [8.5, 8.5, 15.25, 8.75], "texture": "#texture"},
				"west": {"uv": [7.25, 8.5, 8.75, 8.75], "texture": "#texture"},
				"down": {"uv": [7.5, 8.75, 0.75, 7.25], "texture": "#texture"}
			}
		},
		{
			"from": [8, 8.225, 7.1],
			"to": [11.25, 9.05, 7.85],
			"rotation": {"angle": 0, "axis": "y", "origin": [0, -0.75, 0]},
			"faces": {
				"north": {"uv": [10.25, 4.4, 10.75, 4.9], "texture": "#texture"},
				"east": {"uv": [10, 4, 11, 5], "texture": "#texture"},
				"south": {"uv": [10.35, 4.1, 10.7, 5.1], "texture": "#texture"},
				"west": {"uv": [10.3, 4.1, 10.7, 4.9], "texture": "#texture"},
				"up": {"uv": [10.35, 4.3, 10.6, 5], "texture": "#texture"},
				"down": {"uv": [10.8, 5, 10.25, 4.1], "texture": "#texture"}
			}
		},
		{
			"from": [-10.25, 9.1, 7.75],
			"to": [-9.5, 9.525, 8.25],
			"rotation": {"angle": 0, "axis": "y", "origin": [-0.5, 9, 0]},
			"faces": {
				"north": {"uv": [16, 6, 15, 6.75], "texture": "#texture", "cullface": "west"},
				"east": {"uv": [7.75, 6, 8.25, 6.75], "texture": "#texture", "cullface": "west"},
				"south": {"uv": [0, 6, 1, 6.75], "texture": "#texture", "cullface": "west"},
				"west": {"uv": [7.75, 6, 8.25, 6.75], "texture": "#texture", "cullface": "west"},
				"up": {"uv": [0, 7.75, 1, 8.25], "texture": "#texture", "cullface": "west"}
			}
		},
		{
			"from": [-10.25, 9.525, 8.25],
			"to": [-9.5, 10.025, 8.45],
			"rotation": {"angle": 0, "axis": "y", "origin": [-0.5, 9, 0]},
			"faces": {
				"north": {"uv": [16, 5.5, 15, 6], "texture": "#texture", "cullface": "west"},
				"east": {"uv": [7.75, 5.5, 8.25, 6], "texture": "#texture", "cullface": "west"},
				"south": {"uv": [0, 5.5, 1, 6], "texture": "#texture", "cullface": "west"},
				"west": {"uv": [7.75, 5.5, 8.25, 6], "texture": "#texture", "cullface": "west"},
				"up": {"uv": [0, 7.75, 1, 8.25], "texture": "#texture", "cullface": "west"},
				"down": {"uv": [0, 1, 1, 0], "texture": "#texture"}
			}
		},
		{
			"from": [-10.25, 9.525, 7.55],
			"to": [-9.5, 10.025, 7.75],
			"rotation": {"angle": 0, "axis": "y", "origin": [-0.5, 9, 0]},
			"faces": {
				"north": {"uv": [16, 5.5, 15, 6], "texture": "#texture", "cullface": "west"},
				"east": {"uv": [7.75, 5.5, 8.25, 6], "texture": "#texture", "cullface": "west"},
				"south": {"uv": [0, 5.5, 1, 6], "texture": "#texture", "cullface": "west"},
				"west": {"uv": [7.75, 5.5, 8.25, 6], "texture": "#texture", "cullface": "west"},
				"up": {"uv": [0, 7.75, 1, 8.25], "texture": "#texture", "cullface": "west"},
				"down": {"uv": [0, 1, 1, 0], "texture": "#texture"}
			}
		},
		{
			"from": [-10.25, 10.025, 7.75],
			"to": [-9.5, 10.25, 8.25],
			"rotation": {"angle": 0, "axis": "y", "origin": [-0.5, 9, 0]},
			"faces": {
				"north": {"uv": [16, 5.5, 15, 6], "texture": "#texture", "cullface": "west"},
				"east": {"uv": [7.75, 5.5, 8.25, 6], "texture": "#texture", "cullface": "west"},
				"south": {"uv": [0, 5.5, 1, 6], "texture": "#texture", "cullface": "west"},
				"west": {"uv": [7.75, 5.5, 8.25, 6], "texture": "#texture", "cullface": "west"},
				"up": {"uv": [0, 7.75, 1, 8.25], "texture": "#texture", "cullface": "west"},
				"down": {"uv": [0, 1, 1, 0], "texture": "#texture"}
			}
		},
		{
			"from": [-12.75, 8.35, 7.5],
			"to": [7.75, 8.85, 7.75],
			"rotation": {"angle": 0, "axis": "y", "origin": [-0.5, 9, 0]},
			"faces": {
				"north": {"uv": [14.5, 7, 16, 7.5], "texture": "#texture", "cullface": "west"},
				"south": {"uv": [0, 7, 1.5, 7.5], "texture": "#texture", "cullface": "west"},
				"west": {"uv": [7.5, 7, 7.75, 7.5], "texture": "#texture", "cullface": "west"},
				"up": {"uv": [0, 7.5, 1.5, 7.75], "texture": "#texture", "cullface": "west"},
				"down": {"uv": [16, 7.75, 14.5, 7.5], "texture": "#texture", "cullface": "west"}
			}
		},
		{
			"from": [-12.75, 8.35, 8.25],
			"to": [7.75, 8.85, 8.5],
			"rotation": {"angle": 0, "axis": "y", "origin": [-0.5, 9, 0]},
			"faces": {
				"north": {"uv": [14.5, 7, 16, 7.5], "texture": "#texture", "cullface": "west"},
				"south": {"uv": [0, 7, 1.5, 7.5], "texture": "#texture", "cullface": "west"},
				"west": {"uv": [8.25, 7, 8.5, 7.5], "texture": "#texture", "cullface": "west"},
				"up": {"uv": [0, 8.25, 1.5, 8.5], "texture": "#texture", "cullface": "west"},
				"down": {"uv": [16, 8.5, 14.5, 8.25], "texture": "#texture", "cullface": "west"}
			}
		},
		{
			"from": [-12.75, 8.1, 7.75],
			"to": [7.75, 8.35, 8.25],
			"rotation": {"angle": 0, "axis": "y", "origin": [-0.5, 9, 0]},
			"faces": {
				"north": {"uv": [14.5, 7.5, 16, 7.75], "texture": "#texture", "cullface": "west"},
				"south": {"uv": [0, 7.5, 1.5, 7.75], "texture": "#texture", "cullface": "west"},
				"west": {"uv": [7.75, 7.5, 8.25, 7.75], "texture": "#texture", "cullface": "west"},
				"up": {"uv": [0, 7.75, 1.5, 8.25], "texture": "#texture", "cullface": "west"},
				"down": {"uv": [16, 8.25, 14.5, 7.75], "texture": "#texture", "cullface": "west"}
			}
		},
		{
			"from": [-5.5, 6.85, 7.75],
			"to": [7.75, 7.85, 8.25],
			"rotation": {"angle": 0, "axis": "y", "origin": [-0.5, 9, 0]},
			"faces": {
				"north": {"uv": [14.5, 6.75, 16, 7], "texture": "#texture", "cullface": "west"},
				"south": {"uv": [0, 6.75, 1.5, 7], "texture": "#texture", "cullface": "west"},
				"west": {"uv": [7.75, 6.75, 8.25, 7], "texture": "#texture", "cullface": "west"},
				"up": {"uv": [0, 7.75, 1.5, 8.25], "texture": "#texture", "cullface": "west"},
				"down": {"uv": [16, 8.25, 14.5, 7.75], "texture": "#texture", "cullface": "west"}
			}
		},
		{
			"from": [-5.5, 7.1, 7.5],
			"to": [7.75, 7.6, 8.5],
			"rotation": {"angle": 0, "axis": "y", "origin": [-0.5, 9, 0]},
			"faces": {
				"north": {"uv": [14.5, 7, 16, 7.5], "texture": "#texture", "cullface": "west"},
				"south": {"uv": [0, 7, 1.5, 7.5], "texture": "#texture", "cullface": "west"},
				"west": {"uv": [7.5, 7, 7.75, 7.5], "texture": "#texture", "cullface": "west"},
				"up": {"uv": [0, 7.5, 1.5, 7.75], "texture": "#texture", "cullface": "west"},
				"down": {"uv": [16, 7.75, 14.5, 7.5], "texture": "#texture", "cullface": "west"}
			}
		},
		{
			"name": "Element",
			"from": [8, 3.25, 7.5],
			"to": [8.5, 6.75, 8.5],
			"faces": {
				"north": {"uv": [15.5, 11.25, 16, 11.5], "texture": "#texture"},
				"east": {"uv": [15.2, 11.15, 16, 11.6], "texture": "#texture"},
				"south": {"uv": [15.2, 11.15, 16, 11.5], "texture": "#texture"},
				"west": {"uv": [15.2, 11.25, 16, 11.5], "texture": "#texture"},
				"down": {"uv": [16, 11.5, 15.5, 11.5], "texture": "#texture"}
			}
		},
		{
			"name": "Element",
			"from": [8.5, 3.25, 7.75],
			"to": [8.75, 6.75, 8.25],
			"faces": {
				"north": {"uv": [15.25, 11.15, 16, 11.7], "texture": "#texture"},
				"south": {"uv": [16, 11.15, 15.25, 11.6], "texture": "#texture"},
				"down": {"uv": [16, 11.15, 15.25, 11.35], "texture": "#texture"}
			}
		},
		{
			"name": "Element",
			"from": [9, 3, 7.5],
			"to": [10, 6.75, 8.5],
			"faces": {
				"north": {"uv": [15.2, 11.15, 16, 11.9], "texture": "#texture"},
				"east": {"uv": [15.2, 11.15, 16, 11.9], "texture": "#texture"},
				"south": {"uv": [15.2, 11.15, 16, 11.9], "texture": "#texture"},
				"west": {"uv": [15.2, 11.15, 16, 11.9], "texture": "#texture"},
				"down": {"uv": [16, 11.2, 15.2, 11.9], "texture": "#texture"}
			}
		},
		{
			"name": "Element",
			"from": [8.75, 3.25, 7.5],
			"to": [9, 6.75, 8.5],
			"faces": {
				"north": {"uv": [15.2, 11.15, 16, 11.9], "texture": "#texture"},
				"east": {"uv": [15.2, 11.15, 16, 11.9], "texture": "#texture"},
				"south": {"uv": [15.2, 11.15, 16, 11.9], "texture": "#texture"},
				"west": {"uv": [15.2, 11.15, 16, 11.9], "texture": "#texture"},
				"down": {"uv": [16, 11.2, 15.2, 11.9], "texture": "#texture"}
			}
		},
		{
			"name": "Element",
			"from": [10, 2.75, 7.5],
			"to": [11.25, 6.75, 8.5],
			"faces": {
				"north": {"uv": [15.2, 11.15, 16, 11.9], "texture": "#texture"},
				"east": {"uv": [15.2, 11.15, 16, 11.9], "texture": "#texture"},
				"south": {"uv": [15.2, 11.15, 16, 11.9], "texture": "#texture"},
				"west": {"uv": [15.2, 11.15, 16, 11.9], "texture": "#texture"},
				"down": {"uv": [16, 11.2, 15.2, 11.9], "texture": "#texture"}
			}
		}
	],
	"gui_light": "front",
	"display": {
		"thirdperson_righthand": {
			"rotation": [0, -90, 0],
			"translation": [0, 1.25, -4],
			"scale": [0.86, 0.86, 0.86]
		},
		"thirdperson_lefthand": {
			"rotation": [0, 90, 0],
			"translation": [0, 1.25, -4],
			"scale": [0.86, 0.86, 0.86]
		},
		"firstperson_righthand": {
			"rotation": [47.07, -79.61, 24.79],
			"translation": [0, 3.5, -7.75],
			"scale": [1.04, 1.04, 1.04]
		},
		"firstperson_lefthand": {
			"rotation": [-136.79, 78.54, 157.84],
			"translation": [2.25, 4.25, -9.25],
			"scale": [1.04, 1.04, 1.04]
		},
		"ground": {
			"translation": [2.25, 1, 0]
		},
		"gui": {
			"rotation": [0, 0, -45],
			"translation": [1.5, -0.25, 0],
			"scale": [0.53, 0.53, 0.9]
		},
		"fixed": {
			"rotation": [0, 180, -45],
			"translation": [-1.5, -0.5, -1.1],
			"scale": [0.95, 0.95, 0.95]
		}
	}
}