{
	"credit": "Made by SrDarmith - YouTube: Mainclay",
	"textures": {
		"1": "item/hardened_clay_stained_green",
		"particle": "item/anvil_1",
		"texture": "item/anvil_1"
	},
	"elements": [
		{
			"from": [26.65, 7.225, 7.1],
			"to": [27.65, 12.725, 8.9],
			"rotation": {"angle": 0, "axis": "y", "origin": [-0.1, 0.725, 0]},
			"faces": {
				"north": {"uv": [16, 12, 15, 11], "texture": "#texture", "cullface": "east"},
				"east": {"uv": [16, 12, 15, 11], "texture": "#texture", "cullface": "east"},
				"south": {"uv": [16, 12, 15, 11], "texture": "#texture", "cullface": "east"},
				"west": {"uv": [16, 12, 15, 11], "texture": "#texture"},
				"up": {"uv": [16, 12, 15, 11], "texture": "#texture", "cullface": "east"},
				"down": {"uv": [16, 12, 15, 11], "texture": "#texture", "cullface": "east"}
			}
		},
		{
			"from": [22.65, 8.725, 7.1],
			"to": [26.65, 10.725, 8.9],
			"rotation": {"angle": 0, "axis": "y", "origin": [-0.1, 0.725, 0]},
			"faces": {
				"north": {"uv": [16, 12, 15, 11], "texture": "#texture", "cullface": "east"},
				"east": {"uv": [15, 12, 16, 11], "texture": "#texture", "cullface": "east"},
				"south": {"uv": [16, 12, 15, 11], "texture": "#texture", "cullface": "east"},
				"west": {"uv": [16, 12, 15, 11], "texture": "#texture"},
				"up": {"uv": [16, 12, 15, 11], "texture": "#texture", "cullface": "east"},
				"down": {"uv": [16, 12, 15, 11], "texture": "#texture", "cullface": "east"}
			}
		},
		{
			"from": [23.65, 10.725, 7.1],
			"to": [26.65, 11.975, 8.9],
			"rotation": {"angle": 0, "axis": "y", "origin": [-0.1, 0.725, 0]},
			"faces": {
				"north": {"uv": [16, 12, 15, 11], "texture": "#texture", "cullface": "east"},
				"east": {"uv": [15, 12, 16, 11], "texture": "#texture", "cullface": "east"},
				"south": {"uv": [16, 12, 15, 11], "texture": "#texture", "cullface": "east"},
				"west": {"uv": [16, 12, 15, 11], "texture": "#texture"},
				"up": {"uv": [16, 12, 15, 11], "texture": "#texture", "cullface": "east"},
				"down": {"uv": [16, 12, 15, 11], "texture": "#texture", "cullface": "east"}
			}
		},
		{
			"from": [24.65, 11.975, 7.1],
			"to": [26.65, 12.225, 8.9],
			"rotation": {"angle": 0, "axis": "y", "origin": [-0.1, 0.725, 0]},
			"faces": {
				"north": {"uv": [16, 12, 15, 11], "texture": "#texture", "cullface": "east"},
				"east": {"uv": [15, 12, 16, 11], "texture": "#texture", "cullface": "east"},
				"south": {"uv": [16, 12, 15, 11], "texture": "#texture", "cullface": "east"},
				"west": {"uv": [16, 12, 15, 11], "texture": "#texture"},
				"up": {"uv": [16, 12, 15, 11], "texture": "#texture", "cullface": "east"},
				"down": {"uv": [16, 12, 15, 11], "texture": "#texture", "cullface": "east"}
			}
		},
		{
			"from": [25.65, 12.225, 7.1],
			"to": [26.65, 12.475, 8.9],
			"rotation": {"angle": 0, "axis": "y", "origin": [-0.1, 0.725, 0]},
			"faces": {
				"north": {"uv": [16, 12, 15, 11], "texture": "#texture", "cullface": "east"},
				"east": {"uv": [15, 12, 16, 11], "texture": "#texture", "cullface": "east"},
				"south": {"uv": [16, 12, 15, 11], "texture": "#texture", "cullface": "east"},
				"west": {"uv": [16, 12, 15, 11], "texture": "#texture"},
				"up": {"uv": [16, 12, 15, 11], "texture": "#texture", "cullface": "east"},
				"down": {"uv": [16, 12, 15, 11], "texture": "#texture", "cullface": "east"}
			}
		},
		{
			"from": [22.625, 12.05, 7.1],
			"to": [25.075, 12.3, 8.9],
			"rotation": {"angle": -45, "axis": "z", "origin": [19.4, 9.225, 7.25]},
			"faces": {
				"north": {"uv": [16, 12, 15, 11], "texture": "#texture", "cullface": "east"},
				"east": {"uv": [15, 12, 16, 11], "texture": "#texture", "cullface": "east"},
				"south": {"uv": [16, 12, 15, 11], "texture": "#texture", "cullface": "east"},
				"west": {"uv": [15, 12, 16, 11], "texture": "#texture", "cullface": "east"},
				"up": {"uv": [16, 12, 15, 11], "texture": "#texture", "cullface": "east"},
				"down": {"uv": [16, 12, 15, 11], "texture": "#texture", "cullface": "east"}
			}
		},
		{
			"from": [24.15, 8.475, 7.1],
			"to": [26.65, 8.725, 8.9],
			"rotation": {"angle": 0, "axis": "y", "origin": [-0.1, 0.225, 0]},
			"faces": {
				"north": {"uv": [16, 12, 15, 11], "texture": "#texture", "cullface": "east"},
				"east": {"uv": [15, 12, 16, 11], "texture": "#texture", "cullface": "east"},
				"south": {"uv": [16, 12, 15, 11], "texture": "#texture", "cullface": "east"},
				"west": {"uv": [15, 12, 16, 11], "texture": "#texture", "cullface": "east"},
				"down": {"uv": [16, 12, 15, 11], "texture": "#texture", "cullface": "east"}
			}
		},
		{
			"from": [24.45, 8.225, 7.1],
			"to": [26.65, 8.475, 8.9],
			"rotation": {"angle": 0, "axis": "y", "origin": [-0.1, 0.225, 0]},
			"faces": {
				"north": {"uv": [16, 12, 15, 11], "texture": "#texture", "cullface": "east"},
				"east": {"uv": [15, 12, 16, 11], "texture": "#texture", "cullface": "east"},
				"south": {"uv": [16, 12, 15, 11], "texture": "#texture", "cullface": "east"},
				"west": {"uv": [15, 12, 16, 11], "texture": "#texture", "cullface": "east"},
				"down": {"uv": [15, 12, 16, 11], "texture": "#texture", "cullface": "east"}
			}
		},
		{
			"from": [24.7, 7.975, 7.1],
			"to": [26.65, 8.225, 8.9],
			"rotation": {"angle": 0, "axis": "y", "origin": [-0.1, 0.225, 0]},
			"faces": {
				"north": {"uv": [16, 12, 15, 11], "texture": "#texture", "cullface": "east"},
				"east": {"uv": [15, 12, 16, 11], "texture": "#texture", "cullface": "east"},
				"south": {"uv": [16, 12, 15, 11], "texture": "#texture", "cullface": "east"},
				"west": {"uv": [15, 12, 16, 11], "texture": "#texture", "cullface": "east"},
				"down": {"uv": [16, 12, 15, 11], "texture": "#texture", "cullface": "east"}
			}
		},
		{
			"from": [24.95, 7.725, 7.1],
			"to": [26.65, 7.975, 8.9],
			"rotation": {"angle": 0, "axis": "y", "origin": [-0.1, 0.225, 0]},
			"faces": {
				"north": {"uv": [16, 12, 15, 11], "texture": "#texture", "cullface": "east"},
				"east": {"uv": [15, 12, 16, 11], "texture": "#texture", "cullface": "east"},
				"south": {"uv": [16, 12, 15, 11], "texture": "#texture", "cullface": "east"},
				"west": {"uv": [15, 12, 16, 11], "texture": "#texture", "cullface": "east"},
				"down": {"uv": [16, 12, 15, 11], "texture": "#texture", "cullface": "east"}
			}
		},
		{
			"from": [25.175, 7.475, 7.1],
			"to": [26.65, 7.725, 8.9],
			"rotation": {"angle": 0, "axis": "y", "origin": [-0.1, 0.225, 0]},
			"faces": {
				"north": {"uv": [15, 12, 16, 11], "texture": "#texture", "cullface": "east"},
				"east": {"uv": [15, 12, 16, 11], "texture": "#texture", "cullface": "east"},
				"south": {"uv": [16, 12, 15, 11], "texture": "#texture", "cullface": "east"},
				"west": {"uv": [15, 12, 16, 11], "texture": "#texture", "cullface": "east"},
				"down": {"uv": [16, 12, 15, 11], "texture": "#texture", "cullface": "east"}
			}
		},
		{
			"from": [25.4, 7.225, 7.1],
			"to": [26.65, 7.475, 8.9],
			"rotation": {"angle": 0, "axis": "y", "origin": [-0.1, 0.225, 0]},
			"faces": {
				"north": {"uv": [15, 12, 16, 11], "texture": "#texture", "cullface": "east"},
				"east": {"uv": [15, 12, 16, 11], "texture": "#texture", "cullface": "east"},
				"south": {"uv": [16, 12, 15, 11], "rotation": 180, "texture": "#texture", "cullface": "east"},
				"west": {"uv": [15, 12, 16, 11], "texture": "#texture", "cullface": "east"},
				"down": {"uv": [16, 12, 15, 11], "texture": "#texture", "cullface": "east"}
			}
		},
		{
			"from": [-9.675, 7.35, 7.625],
			"to": [-8.7, 9.925, 8.375],
			"rotation": {"angle": 0, "axis": "y", "origin": [2, 0, 0]},
			"faces": {
				"north": {"uv": [16, 11, 15, 12], "texture": "#texture", "cullface": "east"},
				"east": {"uv": [16, 11, 15, 12], "texture": "#texture", "cullface": "east"},
				"south": {"uv": [16, 11, 15, 12], "texture": "#texture", "cullface": "east"},
				"west": {"uv": [16, 11, 15, 12], "texture": "#texture", "cullface": "east"},
				"up": {"uv": [16, 11, 15, 12], "texture": "#texture", "cullface": "east"},
				"down": {"uv": [16, 11, 15, 12], "texture": "#texture"}
			}
		},
		{
			"from": [-9.375, 7.925, 8.9],
			"to": [1.375, 8.425, 9.35],
			"rotation": {"angle": 0, "axis": "y", "origin": [1, -0.4, 0]},
			"faces": {
				"north": {"uv": [16, 12, 15, 11], "texture": "#texture"},
				"east": {"uv": [16, 12, 15, 11], "texture": "#texture"},
				"south": {"uv": [16, 12, 15, 11], "texture": "#texture"},
				"west": {"uv": [16, 12, 15, 11], "texture": "#texture"},
				"up": {"uv": [16, 12, 15, 11], "texture": "#texture"},
				"down": {"uv": [16, 11, 15, 12], "texture": "#texture"}
			}
		},
		{
			"from": [-9.375, 7.425, 8.15],
			"to": [-8.875, 7.925, 9.35],
			"rotation": {"angle": 0, "axis": "y", "origin": [1, -0.4, 0]},
			"faces": {
				"north": {"uv": [16, 12, 15, 11], "texture": "#texture"},
				"east": {"uv": [16, 12, 15, 11], "texture": "#texture"},
				"south": {"uv": [16, 12, 15, 11], "texture": "#texture"},
				"west": {"uv": [16, 12, 15, 11], "texture": "#texture"},
				"up": {"uv": [16, 12, 15, 11], "texture": "#texture"},
				"down": {"uv": [16, 11, 15, 12], "texture": "#texture"}
			}
		},
		{
			"from": [-10.375, 7.3, 8.9],
			"to": [-9.375, 8.05, 9.35],
			"rotation": {"angle": 0, "axis": "y", "origin": [1, -0.4, 0]},
			"faces": {
				"north": {"uv": [16, 12, 15, 11], "texture": "#texture"},
				"east": {"uv": [16, 12, 15, 11], "texture": "#texture"},
				"south": {"uv": [16, 12, 15, 11], "texture": "#texture"},
				"west": {"uv": [16, 12, 15, 11], "texture": "#texture"},
				"up": {"uv": [16, 12, 15, 11], "texture": "#texture"},
				"down": {"uv": [16, 11, 15, 12], "texture": "#texture"}
			}
		},
		{
			"from": [-10.375, 7.3, 6.65],
			"to": [-9.375, 8.05, 7.1],
			"rotation": {"angle": 0, "axis": "y", "origin": [1, -0.4, 0]},
			"faces": {
				"north": {"uv": [16, 12, 15, 11], "texture": "#texture"},
				"east": {"uv": [16, 12, 15, 11], "texture": "#texture"},
				"south": {"uv": [16, 12, 15, 11], "texture": "#texture"},
				"west": {"uv": [16, 12, 15, 11], "texture": "#texture"},
				"up": {"uv": [16, 12, 15, 11], "texture": "#texture"},
				"down": {"uv": [16, 11, 15, 12], "texture": "#texture"}
			}
		},
		{
			"from": [-8.375, 7.425, 8.9],
			"to": [-8.125, 7.925, 9.35],
			"rotation": {"angle": 0, "axis": "y", "origin": [1, -0.4, 0]},
			"faces": {
				"north": {"uv": [15, 11.5, 16, 12], "texture": "#texture"},
				"east": {"uv": [15, 11.5, 16, 12], "texture": "#texture"},
				"south": {"uv": [15, 11.5, 16, 12], "texture": "#texture"},
				"west": {"uv": [15, 11.5, 16, 12], "texture": "#texture"},
				"down": {"uv": [16, 12, 15, 11], "texture": "#texture"}
			}
		},
		{
			"from": [-4.625, 7.425, 8.9],
			"to": [-4.375, 7.925, 9.35],
			"rotation": {"angle": 0, "axis": "y", "origin": [1, -0.4, 0]},
			"faces": {
				"north": {"uv": [15, 11.5, 16, 12], "texture": "#texture"},
				"east": {"uv": [15, 11.5, 16, 12], "texture": "#texture"},
				"south": {"uv": [15, 11.5, 16, 12], "texture": "#texture"},
				"west": {"uv": [15, 11.5, 16, 12], "texture": "#texture"},
				"down": {"uv": [16, 12, 15, 11], "texture": "#texture"}
			}
		},
		{
			"from": [-5.375, 7.425, 8.9],
			"to": [-5.125, 7.925, 9.35],
			"rotation": {"angle": 0, "axis": "y", "origin": [1, -0.4, 0]},
			"faces": {
				"north": {"uv": [15, 11.5, 16, 12], "texture": "#texture"},
				"east": {"uv": [15, 11.5, 16, 12], "texture": "#texture"},
				"south": {"uv": [15, 11.5, 16, 12], "texture": "#texture"},
				"west": {"uv": [15, 11.5, 16, 12], "texture": "#texture"},
				"down": {"uv": [16, 12, 15, 11], "texture": "#texture"}
			}
		},
		{
			"from": [-6.125, 7.425, 8.9],
			"to": [-5.875, 7.925, 9.35],
			"rotation": {"angle": 0, "axis": "y", "origin": [1, -0.4, 0]},
			"faces": {
				"north": {"uv": [15, 11.5, 16, 12], "texture": "#texture"},
				"east": {"uv": [15, 11.5, 16, 12], "texture": "#texture"},
				"south": {"uv": [15, 11.5, 16, 12], "texture": "#texture"},
				"west": {"uv": [15, 11.5, 16, 12], "texture": "#texture"},
				"down": {"uv": [16, 12, 15, 11], "texture": "#texture"}
			}
		},
		{
			"from": [-7.625, 7.425, 8.9],
			"to": [-7.375, 7.925, 9.35],
			"rotation": {"angle": 0, "axis": "y", "origin": [1, -0.4, 0]},
			"faces": {
				"north": {"uv": [15, 11.5, 16, 12], "texture": "#texture"},
				"east": {"uv": [15, 11.5, 16, 12], "texture": "#texture"},
				"south": {"uv": [15, 11.5, 16, 12], "texture": "#texture"},
				"west": {"uv": [15, 11.5, 16, 12], "texture": "#texture"},
				"down": {"uv": [16, 12, 15, 11], "texture": "#texture"}
			}
		},
		{
			"from": [-6.875, 7.425, 8.9],
			"to": [-6.625, 7.925, 9.35],
			"rotation": {"angle": 0, "axis": "y", "origin": [1, -0.4, 0]},
			"faces": {
				"north": {"uv": [15, 11.5, 16, 12], "texture": "#texture"},
				"east": {"uv": [15, 11.5, 16, 12], "texture": "#texture"},
				"south": {"uv": [15, 11.5, 16, 12], "texture": "#texture"},
				"west": {"uv": [15, 11.5, 16, 12], "texture": "#texture"},
				"down": {"uv": [16, 12, 15, 11], "texture": "#texture"}
			}
		},
		{
			"from": [-1.625, 7.425, 8.9],
			"to": [-1.375, 7.925, 9.35],
			"rotation": {"angle": 0, "axis": "y", "origin": [1, -0.4, 0]},
			"faces": {
				"north": {"uv": [15, 11.5, 16, 12], "texture": "#texture"},
				"east": {"uv": [15, 11.5, 16, 12], "texture": "#texture"},
				"south": {"uv": [15, 11.5, 16, 12], "texture": "#texture"},
				"west": {"uv": [15, 11.5, 16, 12], "texture": "#texture"},
				"down": {"uv": [16, 12, 15, 11], "texture": "#texture"}
			}
		},
		{
			"from": [1.125, 6.925, 8.9],
			"to": [1.375, 8.425, 9.85],
			"rotation": {"angle": 0, "axis": "y", "origin": [1, -0.4, 0]},
			"faces": {
				"north": {"uv": [15, 11.5, 16, 12], "texture": "#texture"},
				"east": {"uv": [15, 11.5, 16, 12], "texture": "#texture"},
				"south": {"uv": [15, 11.5, 16, 12], "texture": "#texture"},
				"west": {"uv": [15, 11.5, 16, 12], "texture": "#texture"},
				"up": {"uv": [15, 11, 16, 12], "texture": "#texture"},
				"down": {"uv": [16, 12, 15, 11], "texture": "#texture"}
			}
		},
		{
			"from": [1.125, 6.925, 6.15],
			"to": [1.375, 8.425, 7.1],
			"rotation": {"angle": 0, "axis": "y", "origin": [1, -0.4, 0]},
			"faces": {
				"north": {"uv": [15, 11.5, 16, 12], "texture": "#texture"},
				"east": {"uv": [15, 11.5, 16, 12], "texture": "#texture"},
				"south": {"uv": [15, 11.5, 16, 12], "texture": "#texture"},
				"west": {"uv": [15, 11.5, 16, 12], "texture": "#texture"},
				"up": {"uv": [15, 11, 16, 12], "texture": "#texture"},
				"down": {"uv": [16, 12, 15, 11], "texture": "#texture"}
			}
		},
		{
			"from": [0.625, 7.425, 8.9],
			"to": [1.375, 7.925, 9.35],
			"rotation": {"angle": 0, "axis": "y", "origin": [1, -0.4, 0]},
			"faces": {
				"north": {"uv": [15, 11.5, 16, 12], "texture": "#texture"},
				"east": {"uv": [15, 11.5, 16, 12], "texture": "#texture"},
				"south": {"uv": [15, 11.5, 16, 12], "texture": "#texture"},
				"west": {"uv": [15, 11.5, 16, 12], "texture": "#texture"},
				"down": {"uv": [16, 12, 15, 11], "texture": "#texture"}
			}
		},
		{
			"from": [-2.375, 7.425, 8.9],
			"to": [-2.125, 7.925, 9.35],
			"rotation": {"angle": 0, "axis": "y", "origin": [1, -0.4, 0]},
			"faces": {
				"north": {"uv": [15, 11.5, 16, 12], "texture": "#texture"},
				"east": {"uv": [15, 11.5, 16, 12], "texture": "#texture"},
				"south": {"uv": [15, 11.5, 16, 12], "texture": "#texture"},
				"west": {"uv": [15, 11.5, 16, 12], "texture": "#texture"},
				"down": {"uv": [16, 12, 15, 11], "texture": "#texture"}
			}
		},
		{
			"from": [-3.125, 7.425, 8.9],
			"to": [-2.875, 7.925, 9.35],
			"rotation": {"angle": 0, "axis": "y", "origin": [1, -0.4, 0]},
			"faces": {
				"north": {"uv": [15, 11.5, 16, 12], "texture": "#texture"},
				"east": {"uv": [15, 11.5, 16, 12], "texture": "#texture"},
				"south": {"uv": [15, 11.5, 16, 12], "texture": "#texture"},
				"west": {"uv": [15, 11.5, 16, 12], "texture": "#texture"},
				"down": {"uv": [16, 12, 15, 11], "texture": "#texture"}
			}
		},
		{
			"from": [-3.875, 7.425, 8.9],
			"to": [-3.625, 7.925, 9.35],
			"rotation": {"angle": 0, "axis": "y", "origin": [1, -0.4, 0]},
			"faces": {
				"north": {"uv": [15, 11.5, 16, 12], "texture": "#texture"},
				"east": {"uv": [15, 11.5, 16, 12], "texture": "#texture"},
				"south": {"uv": [15, 11.5, 16, 12], "texture": "#texture"},
				"west": {"uv": [15, 11.5, 16, 12], "texture": "#texture"},
				"down": {"uv": [16, 12, 15, 11], "texture": "#texture"}
			}
		},
		{
			"from": [-0.125, 7.425, 8.9],
			"to": [0.125, 7.925, 9.35],
			"rotation": {"angle": 0, "axis": "y", "origin": [1, -0.4, 0]},
			"faces": {
				"north": {"uv": [15, 11.5, 16, 12], "texture": "#texture"},
				"east": {"uv": [15, 11.5, 16, 12], "texture": "#texture"},
				"south": {"uv": [15, 11.5, 16, 12], "texture": "#texture"},
				"west": {"uv": [15, 11.5, 16, 12], "texture": "#texture"},
				"down": {"uv": [16, 12, 15, 11], "texture": "#texture"}
			}
		},
		{
			"from": [-0.875, 7.425, 8.9],
			"to": [-0.625, 7.925, 9.35],
			"rotation": {"angle": 0, "axis": "y", "origin": [1, -0.4, 0]},
			"faces": {
				"north": {"uv": [15, 11.5, 16, 12], "texture": "#texture"},
				"east": {"uv": [15, 11.5, 16, 12], "texture": "#texture"},
				"south": {"uv": [15, 11.5, 16, 12], "texture": "#texture"},
				"west": {"uv": [15, 11.5, 16, 12], "texture": "#texture"},
				"down": {"uv": [16, 12, 15, 11], "texture": "#texture"}
			}
		},
		{
			"from": [-9.375, 6.925, 8.9],
			"to": [1.375, 7.425, 9.35],
			"rotation": {"angle": 0, "axis": "y", "origin": [1, -0.4, 0]},
			"faces": {
				"north": {"uv": [16, 12, 15, 11], "texture": "#texture"},
				"east": {"uv": [16, 12, 15, 11], "texture": "#texture"},
				"south": {"uv": [16, 12, 15, 11], "texture": "#texture"},
				"west": {"uv": [16, 12, 15, 11], "texture": "#texture", "cullface": "west"},
				"up": {"uv": [16, 12, 15, 11], "texture": "#texture"},
				"down": {"uv": [16, 11, 15, 12], "texture": "#texture"}
			}
		},
		{
			"from": [-8.375, 7.425, 6.65],
			"to": [-8.125, 7.925, 7.1],
			"rotation": {"angle": 0, "axis": "y", "origin": [1, -0.4, 0]},
			"faces": {
				"north": {"uv": [15, 11.5, 16, 12], "texture": "#texture"},
				"east": {"uv": [15, 11.5, 16, 12], "texture": "#texture"},
				"south": {"uv": [15, 11.5, 16, 12], "texture": "#texture"},
				"west": {"uv": [15, 11.5, 16, 12], "texture": "#texture"},
				"down": {"uv": [16, 12, 15, 11], "texture": "#texture"}
			}
		},
		{
			"from": [-9.375, 7.425, 6.65],
			"to": [-8.875, 7.925, 7.85],
			"rotation": {"angle": 0, "axis": "y", "origin": [1, -0.4, 0]},
			"faces": {
				"north": {"uv": [16, 12, 15, 11], "texture": "#texture"},
				"east": {"uv": [16, 12, 15, 11], "texture": "#texture"},
				"south": {"uv": [16, 12, 15, 11], "texture": "#texture"},
				"west": {"uv": [16, 12, 15, 11], "texture": "#texture"},
				"up": {"uv": [16, 12, 15, 11], "texture": "#texture"},
				"down": {"uv": [16, 11, 15, 12], "texture": "#texture"}
			}
		},
		{
			"from": [-0.125, 7.425, 6.65],
			"to": [0.125, 7.925, 7.1],
			"rotation": {"angle": 0, "axis": "y", "origin": [1, -0.4, 0]},
			"faces": {
				"north": {"uv": [15, 11.5, 16, 12], "texture": "#texture"},
				"east": {"uv": [15, 11.5, 16, 12], "texture": "#texture"},
				"south": {"uv": [15, 11.5, 16, 12], "texture": "#texture"},
				"west": {"uv": [15, 11.5, 16, 12], "texture": "#texture"},
				"down": {"uv": [16, 12, 15, 11], "texture": "#texture"}
			}
		},
		{
			"from": [-0.875, 7.425, 6.65],
			"to": [-0.625, 7.925, 7.1],
			"rotation": {"angle": 0, "axis": "y", "origin": [1, -0.4, 0]},
			"faces": {
				"north": {"uv": [15, 11.5, 16, 12], "texture": "#texture"},
				"east": {"uv": [15, 11.5, 16, 12], "texture": "#texture"},
				"south": {"uv": [15, 11.5, 16, 12], "texture": "#texture"},
				"west": {"uv": [15, 11.5, 16, 12], "texture": "#texture"},
				"down": {"uv": [16, 12, 15, 11], "texture": "#texture"}
			}
		},
		{
			"from": [0.625, 7.425, 6.65],
			"to": [1.375, 7.925, 7.1],
			"rotation": {"angle": 0, "axis": "y", "origin": [1, -0.4, 0]},
			"faces": {
				"north": {"uv": [15, 11.5, 16, 12], "texture": "#texture"},
				"east": {"uv": [15, 11.5, 16, 12], "texture": "#texture"},
				"south": {"uv": [15, 11.5, 16, 12], "texture": "#texture"},
				"west": {"uv": [15, 11.5, 16, 12], "texture": "#texture"},
				"down": {"uv": [16, 12, 15, 11], "texture": "#texture"}
			}
		},
		{
			"from": [-1.625, 7.425, 6.65],
			"to": [-1.375, 7.925, 7.1],
			"rotation": {"angle": 0, "axis": "y", "origin": [1, -0.4, 0]},
			"faces": {
				"north": {"uv": [15, 11.5, 16, 12], "texture": "#texture"},
				"east": {"uv": [15, 11.5, 16, 12], "texture": "#texture"},
				"south": {"uv": [15, 11.5, 16, 12], "texture": "#texture"},
				"west": {"uv": [15, 11.5, 16, 12], "texture": "#texture"},
				"down": {"uv": [16, 12, 15, 11], "texture": "#texture"}
			}
		},
		{
			"from": [-2.375, 7.425, 6.65],
			"to": [-2.125, 7.925, 7.1],
			"rotation": {"angle": 0, "axis": "y", "origin": [1, -0.4, 0]},
			"faces": {
				"north": {"uv": [15, 11.5, 16, 12], "texture": "#texture"},
				"east": {"uv": [15, 11.5, 16, 12], "texture": "#texture"},
				"south": {"uv": [15, 11.5, 16, 12], "texture": "#texture"},
				"west": {"uv": [15, 11.5, 16, 12], "texture": "#texture"},
				"down": {"uv": [16, 12, 15, 11], "texture": "#texture"}
			}
		},
		{
			"from": [-3.125, 7.425, 6.65],
			"to": [-2.875, 7.925, 7.1],
			"rotation": {"angle": 0, "axis": "y", "origin": [1, -0.4, 0]},
			"faces": {
				"north": {"uv": [15, 11.5, 16, 12], "texture": "#texture"},
				"east": {"uv": [15, 11.5, 16, 12], "texture": "#texture"},
				"south": {"uv": [15, 11.5, 16, 12], "texture": "#texture"},
				"west": {"uv": [15, 11.5, 16, 12], "texture": "#texture"},
				"down": {"uv": [16, 12, 15, 11], "texture": "#texture"}
			}
		},
		{
			"from": [-3.875, 7.425, 6.65],
			"to": [-3.625, 7.925, 7.1],
			"rotation": {"angle": 0, "axis": "y", "origin": [1, -0.4, 0]},
			"faces": {
				"north": {"uv": [15, 11.5, 16, 12], "texture": "#texture"},
				"east": {"uv": [15, 11.5, 16, 12], "texture": "#texture"},
				"south": {"uv": [15, 11.5, 16, 12], "texture": "#texture"},
				"west": {"uv": [15, 11.5, 16, 12], "texture": "#texture"},
				"down": {"uv": [16, 12, 15, 11], "texture": "#texture"}
			}
		},
		{
			"from": [-4.625, 7.425, 6.65],
			"to": [-4.375, 7.925, 7.1],
			"rotation": {"angle": 0, "axis": "y", "origin": [1, -0.4, 0]},
			"faces": {
				"north": {"uv": [15, 11.5, 16, 12], "texture": "#texture"},
				"east": {"uv": [15, 11.5, 16, 12], "texture": "#texture"},
				"south": {"uv": [15, 11.5, 16, 12], "texture": "#texture"},
				"west": {"uv": [15, 11.5, 16, 12], "texture": "#texture"},
				"down": {"uv": [16, 12, 15, 11], "texture": "#texture"}
			}
		},
		{
			"from": [-5.375, 7.425, 6.65],
			"to": [-5.125, 7.925, 7.1],
			"rotation": {"angle": 0, "axis": "y", "origin": [1, -0.4, 0]},
			"faces": {
				"north": {"uv": [15, 11.5, 16, 12], "texture": "#texture"},
				"east": {"uv": [15, 11.5, 16, 12], "texture": "#texture"},
				"south": {"uv": [15, 11.5, 16, 12], "texture": "#texture"},
				"west": {"uv": [15, 11.5, 16, 12], "texture": "#texture"},
				"down": {"uv": [16, 12, 15, 11], "texture": "#texture"}
			}
		},
		{
			"from": [-6.125, 7.425, 6.65],
			"to": [-5.875, 7.925, 7.1],
			"rotation": {"angle": 0, "axis": "y", "origin": [1, -0.4, 0]},
			"faces": {
				"north": {"uv": [15, 11.5, 16, 12], "texture": "#texture"},
				"east": {"uv": [15, 11.5, 16, 12], "texture": "#texture"},
				"south": {"uv": [15, 11.5, 16, 12], "texture": "#texture"},
				"west": {"uv": [15, 11.5, 16, 12], "texture": "#texture"},
				"down": {"uv": [16, 12, 15, 11], "texture": "#texture"}
			}
		},
		{
			"from": [-6.875, 7.425, 6.65],
			"to": [-6.625, 7.925, 7.1],
			"rotation": {"angle": 0, "axis": "y", "origin": [1, -0.4, 0]},
			"faces": {
				"north": {"uv": [15, 11.5, 16, 12], "texture": "#texture"},
				"east": {"uv": [15, 11.5, 16, 12], "texture": "#texture"},
				"south": {"uv": [15, 11.5, 16, 12], "texture": "#texture"},
				"west": {"uv": [15, 11.5, 16, 12], "texture": "#texture"},
				"down": {"uv": [16, 12, 15, 11], "texture": "#texture"}
			}
		},
		{
			"from": [-7.625, 7.425, 6.65],
			"to": [-7.375, 7.925, 7.1],
			"rotation": {"angle": 0, "axis": "y", "origin": [1, -0.4, 0]},
			"faces": {
				"north": {"uv": [15, 11.5, 16, 12], "texture": "#texture"},
				"east": {"uv": [15, 11.5, 16, 12], "texture": "#texture"},
				"south": {"uv": [15, 11.5, 16, 12], "texture": "#texture"},
				"west": {"uv": [15, 11.5, 16, 12], "texture": "#texture"},
				"down": {"uv": [16, 12, 15, 11], "texture": "#texture"}
			}
		},
		{
			"from": [-9.375, 7.925, 6.65],
			"to": [1.375, 8.425, 7.1],
			"rotation": {"angle": 0, "axis": "y", "origin": [1, -0.4, 0]},
			"faces": {
				"north": {"uv": [16, 12, 15, 11], "texture": "#texture"},
				"east": {"uv": [16, 12, 15, 11], "texture": "#texture"},
				"south": {"uv": [16, 12, 15, 11], "texture": "#texture"},
				"west": {"uv": [16, 12, 15, 11], "texture": "#texture"},
				"up": {"uv": [16, 12, 15, 11], "texture": "#texture"},
				"down": {"uv": [16, 11, 15, 12], "texture": "#texture"}
			}
		},
		{
			"from": [-9.375, 6.925, 6.65],
			"to": [1.375, 7.425, 7.1],
			"rotation": {"angle": 0, "axis": "y", "origin": [1, -0.4, 0]},
			"faces": {
				"north": {"uv": [16, 12, 15, 11], "texture": "#texture"},
				"east": {"uv": [16, 12, 15, 11], "texture": "#texture"},
				"south": {"uv": [16, 12, 15, 11], "texture": "#texture"},
				"west": {"uv": [16, 12, 15, 11], "texture": "#texture", "cullface": "west"},
				"up": {"uv": [16, 12, 15, 11], "texture": "#texture"},
				"down": {"uv": [16, 11, 15, 12], "texture": "#texture"}
			}
		},
		{
			"from": [-9.675, 9.85, 7.375],
			"to": [-8.7, 11.175, 8.625],
			"rotation": {"angle": 0, "axis": "y", "origin": [2, 0, 0]},
			"faces": {
				"north": {"uv": [15, 12, 16, 11], "texture": "#texture", "cullface": "east"},
				"east": {"uv": [15, 12, 16, 11], "texture": "#texture", "cullface": "east"},
				"south": {"uv": [15, 12, 16, 11], "texture": "#texture", "cullface": "east"},
				"west": {"uv": [15, 12, 16, 11], "texture": "#texture", "cullface": "east"},
				"up": {"uv": [15, 12, 16, 11], "texture": "#texture", "cullface": "east"},
				"down": {"uv": [15, 12, 16, 11], "texture": "#texture"}
			}
		},
		{
			"from": [-4.675, 8.35, 7.375],
			"to": [-3.95, 11.175, 8.625],
			"rotation": {"angle": 0, "axis": "y", "origin": [2, 0, 0]},
			"faces": {
				"north": {"uv": [0, 16, 2, 14], "texture": "#texture", "cullface": "east"},
				"east": {"uv": [0, 16, 2, 14], "texture": "#texture", "cullface": "east"},
				"south": {"uv": [0, 16, 2, 14], "texture": "#texture", "cullface": "east"},
				"west": {"uv": [0, 16, 2, 14], "texture": "#texture", "cullface": "east"},
				"up": {"uv": [0, 16, 2, 14], "texture": "#texture", "cullface": "east"},
				"down": {"uv": [0, 16, 2, 14], "texture": "#texture"}
			}
		},
		{
			"from": [-2.175, 8.35, 7.375],
			"to": [-1.45, 11.175, 8.625],
			"rotation": {"angle": 0, "axis": "y", "origin": [2, 0, 0]},
			"faces": {
				"north": {"uv": [0, 16, 2, 14], "texture": "#texture", "cullface": "east"},
				"east": {"uv": [0, 16, 2, 14], "texture": "#texture", "cullface": "east"},
				"south": {"uv": [0, 16, 2, 14], "texture": "#texture", "cullface": "east"},
				"west": {"uv": [0, 16, 2, 14], "texture": "#texture", "cullface": "east"},
				"up": {"uv": [0, 16, 2, 14], "texture": "#texture", "cullface": "east"},
				"down": {"uv": [0, 16, 2, 14], "texture": "#texture"}
			}
		},
		{
			"from": [-8.55, 10.9, 7.9],
			"to": [-8.2, 13.675, 8.1],
			"rotation": {"angle": 0, "axis": "y", "origin": [2, 0, 0]},
			"faces": {
				"north": {"uv": [15, 12, 16, 11], "texture": "#texture", "cullface": "east"},
				"east": {"uv": [15, 12, 16, 11], "texture": "#texture", "cullface": "east"},
				"south": {"uv": [15, 12, 16, 11], "texture": "#texture", "cullface": "east"},
				"west": {"uv": [15, 12, 16, 11], "texture": "#texture", "cullface": "east"},
				"up": {"uv": [15, 12, 16, 11], "texture": "#texture", "cullface": "east"},
				"down": {"uv": [15, 12, 16, 11], "texture": "#texture"}
			}
		},
		{
			"from": [-2.55, 13.7, 7.9],
			"to": [-2.2, 16.525, 8.1],
			"rotation": {"angle": 22.5, "axis": "z", "origin": [2, 0, 0]},
			"faces": {
				"north": {"uv": [15, 12, 16, 11], "texture": "#texture", "cullface": "east"},
				"east": {"uv": [15, 12, 16, 11], "texture": "#texture", "cullface": "east"},
				"south": {"uv": [15, 12, 16, 11], "texture": "#texture", "cullface": "east"},
				"west": {"uv": [15, 12, 16, 11], "texture": "#texture", "cullface": "east"},
				"up": {"uv": [15, 12, 16, 11], "texture": "#texture", "cullface": "east"},
				"down": {"uv": [15, 12, 16, 11], "texture": "#texture"}
			}
		},
		{
			"from": [-12.75, 9.925, 7.675],
			"to": [8.25, 10.25, 8.325],
			"rotation": {"angle": 0, "axis": "y", "origin": [-2.575, 0.35, 0]},
			"faces": {
				"north": {"uv": [3, 7, 5, 5], "texture": "#texture", "cullface": "west"},
				"east": {"uv": [3, 7, 5, 5], "texture": "#texture"},
				"south": {"uv": [3, 7, 5, 5], "texture": "#texture", "cullface": "west"},
				"west": {"uv": [3, 7, 5, 5], "texture": "#texture", "cullface": "west"},
				"up": {"uv": [3, 7, 5, 5], "texture": "#texture", "cullface": "west"},
				"down": {"uv": [3, 7, 5, 5], "texture": "#texture", "cullface": "west"}
			}
		},
		{
			"from": [-6.75, 8.425, 7.675],
			"to": [13.25, 9.575, 8.325],
			"rotation": {"angle": 0, "axis": "y", "origin": [-3.575, 0.35, 0]},
			"faces": {
				"north": {"uv": [3, 7, 5, 5], "texture": "#texture", "cullface": "west"},
				"east": {"uv": [3, 7, 5, 5], "texture": "#texture"},
				"south": {"uv": [3, 7, 5, 5], "texture": "#texture", "cullface": "west"},
				"west": {"uv": [3, 7, 5, 5], "texture": "#texture", "cullface": "west"},
				"up": {"uv": [3, 7, 5, 5], "texture": "#texture", "cullface": "west"},
				"down": {"uv": [3, 7, 5, 5], "texture": "#texture", "cullface": "west"}
			}
		},
		{
			"from": [-6.75, 8.675, 7.425],
			"to": [13.25, 9.325, 8.575],
			"rotation": {"angle": 0, "axis": "y", "origin": [-3.575, 0.35, 0]},
			"faces": {
				"north": {"uv": [3, 7, 5, 5], "texture": "#texture", "cullface": "west"},
				"east": {"uv": [3, 7, 5, 5], "texture": "#texture"},
				"south": {"uv": [3, 7, 5, 5], "texture": "#texture", "cullface": "west"},
				"west": {"uv": [3, 7, 5, 5], "texture": "#texture", "cullface": "west"},
				"up": {"uv": [3, 7, 5, 5], "texture": "#texture", "cullface": "west"},
				"down": {"uv": [3, 7, 5, 5], "texture": "#texture", "cullface": "west"}
			}
		},
		{
			"from": [-8.25, 8.675, 7.675],
			"to": [11.75, 9.325, 8.325],
			"rotation": {"angle": 0, "axis": "y", "origin": [-3.575, 0.35, 0]},
			"faces": {
				"north": {"uv": [3, 7, 5, 5], "texture": "#texture", "cullface": "west"},
				"east": {"uv": [3, 7, 5, 5], "texture": "#texture"},
				"south": {"uv": [3, 7, 5, 5], "texture": "#texture", "cullface": "west"},
				"west": {"uv": [3, 7, 5, 5], "texture": "#texture", "cullface": "west"},
				"up": {"uv": [3, 7, 5, 5], "texture": "#texture", "cullface": "west"},
				"down": {"uv": [3, 7, 5, 5], "texture": "#texture", "cullface": "west"}
			}
		},
		{
			"from": [-12.75, 10.175, 8.25],
			"to": [8.25, 10.825, 8.575],
			"rotation": {"angle": 0, "axis": "y", "origin": [-2.575, 0.35, 0]},
			"faces": {
				"north": {"uv": [3, 7, 5, 5], "texture": "#texture", "cullface": "west"},
				"east": {"uv": [3, 7, 5, 5], "texture": "#texture"},
				"south": {"uv": [3, 7, 5, 5], "texture": "#texture", "cullface": "west"},
				"west": {"uv": [3, 7, 5, 5], "texture": "#texture", "cullface": "west"},
				"up": {"uv": [3, 7, 5, 5], "texture": "#texture", "cullface": "west"},
				"down": {"uv": [3, 7, 5, 5], "texture": "#texture", "cullface": "west"}
			}
		},
		{
			"from": [-12.75, 10.175, 7.425],
			"to": [8.25, 10.825, 7.75],
			"rotation": {"angle": 0, "axis": "y", "origin": [-2.575, 0.35, 0]},
			"faces": {
				"north": {"uv": [3, 7, 5, 5], "texture": "#texture", "cullface": "west"},
				"east": {"uv": [3, 7, 5, 5], "texture": "#texture"},
				"south": {"uv": [3, 7, 5, 5], "texture": "#texture", "cullface": "west"},
				"west": {"uv": [3, 7, 5, 5], "texture": "#texture", "cullface": "west"},
				"up": {"uv": [3, 7, 5, 5], "texture": "#texture", "cullface": "west"},
				"down": {"uv": [3, 7, 5, 5], "texture": "#texture", "cullface": "west"}
			}
		},
		{
			"from": [-12.75, 10.75, 7.675],
			"to": [8.25, 11.075, 8.325],
			"rotation": {"angle": 0, "axis": "y", "origin": [-2.575, 0.35, 0]},
			"faces": {
				"north": {"uv": [3, 7, 5, 5], "texture": "#texture", "cullface": "west"},
				"east": {"uv": [3, 7, 5, 5], "texture": "#texture"},
				"south": {"uv": [3, 7, 5, 5], "texture": "#texture", "cullface": "west"},
				"west": {"uv": [3, 7, 5, 5], "texture": "#texture", "cullface": "west"},
				"up": {"uv": [3, 7, 5, 5], "texture": "#texture", "cullface": "west"},
				"down": {"uv": [3, 7, 5, 5], "texture": "#texture", "cullface": "west"}
			}
		},
		{
			"from": [12.75, 7.75, 7.15],
			"to": [18.65, 8.85, 8.85],
			"rotation": {"angle": 0, "axis": "y", "origin": [0, -0.25, 0]},
			"faces": {
				"north": {"uv": [0, 16, 2, 15], "texture": "#texture", "cullface": "east"},
				"east": {"uv": [2, 16, 0, 15], "texture": "#texture", "cullface": "east"},
				"south": {"uv": [2, 16, 0, 15], "texture": "#texture", "cullface": "east"},
				"west": {"uv": [2, 16, 0, 15], "texture": "#texture", "cullface": "east"},
				"up": {"uv": [0, 16, 2, 15], "texture": "#texture", "cullface": "east"},
				"down": {"uv": [0, 15, 2, 16], "texture": "#texture", "cullface": "east"}
			}
		},
		{
			"from": [1.675, 8.85, 7.15],
			"to": [22.65, 11.2, 8.85],
			"faces": {
				"north": {"uv": [12, 6, 10, 4], "texture": "#texture", "cullface": "east"},
				"east": {"uv": [12, 6, 10, 4], "texture": "#texture", "cullface": "east"},
				"south": {"uv": [12, 6, 10, 4], "texture": "#texture", "cullface": "east"},
				"west": {"uv": [12, 6, 10, 4], "texture": "#texture", "cullface": "east"},
				"up": {"uv": [10, 6, 12, 4], "texture": "#texture", "cullface": "east"},
				"down": {"uv": [10, 4, 12, 6], "texture": "#texture", "cullface": "east"}
			}
		},
		{
			"from": [11.5, 11.2, 7.15],
			"to": [12.75, 11.775, 8.85],
			"faces": {
				"north": {"uv": [12, 4, 10, 6], "texture": "#texture", "cullface": "east"},
				"east": {"uv": [12, 4, 10, 6], "texture": "#texture", "cullface": "east"},
				"south": {"uv": [12, 4, 10, 6], "texture": "#texture", "cullface": "east"},
				"west": {"uv": [12, 4, 10, 6], "texture": "#texture", "cullface": "east"},
				"up": {"uv": [10, 4, 12, 6], "texture": "#texture", "cullface": "east"},
				"down": {"uv": [10, 6, 12, 4], "texture": "#texture", "cullface": "east"}
			}
		},
		{
			"from": [12.275, 14.775, 7.4],
			"to": [12.525, 15.025, 8.6],
			"rotation": {"angle": 0, "axis": "y", "origin": [0.275, 0, 0]},
			"faces": {
				"north": {"uv": [5, 13, 2, 11], "texture": "#texture", "cullface": "east"},
				"east": {"uv": [5, 13, 2, 11], "texture": "#texture", "cullface": "east"},
				"south": {"uv": [5, 13, 2, 11], "texture": "#texture", "cullface": "east"},
				"west": {"uv": [5, 13, 2, 11], "texture": "#texture", "cullface": "east"},
				"up": {"uv": [2, 13, 5, 11], "texture": "#texture", "cullface": "east"},
				"down": {"uv": [2, 11, 5, 13], "texture": "#texture", "cullface": "east"}
			}
		},
		{
			"from": [12.275, 13.275, 8.4],
			"to": [12.525, 14.775, 8.6],
			"rotation": {"angle": 0, "axis": "y", "origin": [0.275, 0, 0]},
			"faces": {
				"north": {"uv": [5, 13, 2, 11], "texture": "#texture", "cullface": "east"},
				"east": {"uv": [5, 13, 2, 11], "texture": "#texture", "cullface": "east"},
				"south": {"uv": [5, 13, 2, 11], "texture": "#texture", "cullface": "east"},
				"west": {"uv": [5, 13, 2, 11], "texture": "#texture", "cullface": "east"},
				"up": {"uv": [2, 13, 5, 11], "texture": "#texture", "cullface": "east"},
				"down": {"uv": [2, 11, 5, 13], "texture": "#texture", "cullface": "east"}
			}
		},
		{
			"from": [12.275, 13.275, 7.4],
			"to": [12.525, 14.775, 7.6],
			"rotation": {"angle": 0, "axis": "y", "origin": [0.275, 0, 0]},
			"faces": {
				"north": {"uv": [5, 13, 2, 11], "texture": "#texture", "cullface": "east"},
				"east": {"uv": [5, 13, 2, 11], "texture": "#texture", "cullface": "east"},
				"south": {"uv": [5, 13, 2, 11], "texture": "#texture", "cullface": "east"},
				"west": {"uv": [5, 13, 2, 11], "texture": "#texture", "cullface": "east"},
				"up": {"uv": [2, 13, 5, 11], "texture": "#texture", "cullface": "east"},
				"down": {"uv": [2, 11, 5, 13], "texture": "#texture", "cullface": "east"}
			}
		},
		{
			"from": [12.275, 11.775, 7.475],
			"to": [12.525, 13.65, 8.525],
			"rotation": {"angle": 0, "axis": "y", "origin": [0.275, 0, 0]},
			"faces": {
				"north": {"uv": [5, 13, 2, 11], "texture": "#texture", "cullface": "east"},
				"east": {"uv": [5, 13, 2, 11], "texture": "#texture", "cullface": "east"},
				"south": {"uv": [5, 13, 2, 11], "texture": "#texture", "cullface": "east"},
				"west": {"uv": [5, 13, 2, 11], "texture": "#texture", "cullface": "east"},
				"up": {"uv": [2, 13, 5, 11], "texture": "#texture", "cullface": "east"},
				"down": {"uv": [2, 11, 5, 13], "texture": "#texture", "cullface": "east"}
			}
		},
		{
			"from": [12.75, 11.2, 7.15],
			"to": [19.65, 12.275, 8.85],
			"faces": {
				"north": {"uv": [12, 6, 10, 5], "texture": "#texture", "cullface": "east"},
				"east": {"uv": [12, 6, 10, 5], "texture": "#texture", "cullface": "east"},
				"south": {"uv": [12, 6, 10, 5], "texture": "#texture", "cullface": "east"},
				"west": {"uv": [12, 6, 10, 5], "texture": "#texture", "cullface": "east"},
				"up": {"uv": [10, 6, 12, 5], "texture": "#texture", "cullface": "east"},
				"down": {"uv": [10, 5, 12, 6], "texture": "#texture", "cullface": "east"}
			}
		},
		{
			"from": [13, 11.775, 8.2],
			"to": [15.9, 12.025, 9.075],
			"faces": {
				"north": {"uv": [4, 13, 2, 11], "texture": "#texture", "cullface": "east"},
				"east": {"uv": [4, 13, 2, 11], "texture": "#texture", "cullface": "east"},
				"south": {"uv": [4, 13, 2, 11], "texture": "#texture", "cullface": "east"},
				"west": {"uv": [4, 13, 2, 11], "texture": "#texture", "cullface": "east"},
				"up": {"uv": [2, 13, 4, 11], "texture": "#texture", "cullface": "east"},
				"down": {"uv": [2, 11, 4, 13], "texture": "#texture", "cullface": "east"}
			}
		},
		{
			"from": [13.25, 11.2, 8.2],
			"to": [15.65, 11.775, 8.875],
			"faces": {
				"north": {"uv": [16, 12, 15, 11], "texture": "#texture", "cullface": "east"},
				"east": {"uv": [16, 12, 15, 11], "texture": "#texture", "cullface": "east"},
				"south": {"uv": [16, 12, 15, 11], "texture": "#texture", "cullface": "east"},
				"west": {"uv": [16, 12, 15, 11], "texture": "#texture", "cullface": "east"},
				"up": {"uv": [15, 12, 16, 11], "texture": "#texture", "cullface": "east"},
				"down": {"uv": [15, 11, 16, 12], "texture": "#texture", "cullface": "east"}
			}
		},
		{
			"from": [13, 11.2, 8.2],
			"to": [13.275, 11.8, 9.075],
			"faces": {
				"north": {"uv": [4, 13, 2, 11], "texture": "#texture", "cullface": "east"},
				"east": {"uv": [4, 13, 2, 11], "texture": "#texture", "cullface": "east"},
				"south": {"uv": [4, 13, 2, 11], "texture": "#texture", "cullface": "east"},
				"west": {"uv": [4, 13, 2, 11], "texture": "#texture", "cullface": "east"},
				"up": {"uv": [2, 13, 4, 11], "texture": "#texture", "cullface": "east"},
				"down": {"uv": [2, 11, 4, 13], "texture": "#texture", "cullface": "east"}
			}
		},
		{
			"from": [15.625, 11.2, 8.2],
			"to": [15.9, 11.8, 9.075],
			"faces": {
				"north": {"uv": [4, 13, 2, 11], "texture": "#texture", "cullface": "east"},
				"east": {"uv": [4, 13, 2, 11], "texture": "#texture", "cullface": "east"},
				"south": {"uv": [4, 13, 2, 11], "texture": "#texture", "cullface": "east"},
				"west": {"uv": [4, 13, 2, 11], "texture": "#texture", "cullface": "east"},
				"up": {"uv": [2, 13, 4, 11], "texture": "#texture", "cullface": "east"},
				"down": {"uv": [2, 11, 4, 13], "texture": "#texture", "cullface": "east"}
			}
		},
		{
			"from": [13, 10.95, 8.2],
			"to": [15.9, 11.2, 9.075],
			"faces": {
				"north": {"uv": [4, 13, 2, 11], "texture": "#texture", "cullface": "east"},
				"east": {"uv": [4, 13, 2, 11], "texture": "#texture", "cullface": "east"},
				"south": {"uv": [4, 13, 2, 11], "texture": "#texture", "cullface": "east"},
				"west": {"uv": [4, 13, 2, 11], "texture": "#texture", "cullface": "east"},
				"up": {"uv": [2, 13, 4, 11], "texture": "#texture", "cullface": "east"},
				"down": {"uv": [2, 11, 4, 13], "texture": "#texture", "cullface": "east"}
			}
		},
		{
			"from": [19.65, 11.2, 7.125],
			"to": [24.15, 11.9, 8.875],
			"faces": {
				"north": {"uv": [15, 12, 16, 11], "texture": "#texture", "cullface": "east"},
				"east": {"uv": [15, 12, 16, 11], "texture": "#texture", "cullface": "east"},
				"south": {"uv": [15, 12, 16, 11], "texture": "#texture", "cullface": "east"},
				"west": {"uv": [15, 12, 16, 11], "texture": "#texture", "cullface": "east"},
				"up": {"uv": [16, 12, 15, 11], "texture": "#texture", "cullface": "east"},
				"down": {"uv": [16, 11, 15, 12], "texture": "#texture", "cullface": "east"}
			}
		},
		{
			"from": [22.65, 10.7, 7.125],
			"to": [24.15, 11.2, 8.875],
			"faces": {
				"north": {"uv": [15, 12, 16, 11], "texture": "#texture", "cullface": "east"},
				"east": {"uv": [15, 12, 16, 11], "texture": "#texture", "cullface": "east"},
				"south": {"uv": [15, 12, 16, 11], "texture": "#texture", "cullface": "east"},
				"west": {"uv": [15, 12, 16, 11], "texture": "#texture", "cullface": "east"},
				"up": {"uv": [16, 12, 15, 11], "texture": "#texture", "cullface": "east"},
				"down": {"uv": [16, 11, 15, 12], "texture": "#texture", "cullface": "east"}
			}
		},
		{
			"from": [12.9, 4.825, 8.9],
			"to": [15.95, 10.425, 14.6],
			"rotation": {"angle": 0, "axis": "y", "origin": [0, -0.5, 0]},
			"faces": {
				"north": {"uv": [2, 10, 0, 5], "texture": "#1", "cullface": "east"},
				"east": {"uv": [2, 10, 0, 5], "texture": "#1", "cullface": "east"},
				"south": {"uv": [2, 10, 0, 5], "texture": "#1", "cullface": "east"},
				"west": {"uv": [2, 10, 0, 5], "texture": "#1", "cullface": "east"},
				"up": {"uv": [0, 10, 2, 9], "texture": "#1", "cullface": "east"},
				"down": {"uv": [0, 5, 2, 10], "texture": "#1", "cullface": "east"}
			}
		},
		{
			"from": [1.725, 7.425, 6.9],
			"to": [12.75, 9.95, 9.1],
			"faces": {
				"north": {"uv": [16, 12, 15, 11], "texture": "#texture", "cullface": "east"},
				"east": {"uv": [16, 12, 15, 11], "texture": "#texture", "cullface": "east"},
				"south": {"uv": [16, 12, 15, 11], "texture": "#texture", "cullface": "east"},
				"west": {"uv": [16, 12, 15, 11], "texture": "#texture", "cullface": "east"},
				"up": {"uv": [15, 12, 16, 11], "texture": "#texture", "cullface": "east"},
				"down": {"uv": [15, 11, 16, 12], "texture": "#texture", "cullface": "east"}
			}
		},
		{
			"from": [1.725, 10.15, 6.9],
			"to": [12.75, 10.975, 9.1],
			"faces": {
				"north": {"uv": [16, 12, 15, 11], "texture": "#texture", "cullface": "east"},
				"east": {"uv": [16, 12, 15, 11], "texture": "#texture", "cullface": "east"},
				"south": {"uv": [16, 12, 15, 11], "texture": "#texture", "cullface": "east"},
				"west": {"uv": [16, 12, 15, 11], "texture": "#texture", "cullface": "east"},
				"up": {"uv": [15, 12, 16, 11], "texture": "#texture", "cullface": "east"},
				"down": {"uv": [15, 11, 16, 12], "texture": "#texture", "cullface": "east"}
			}
		},
		{
			"from": [10.975, 11.425, 7.15],
			"to": [11.5, 11.625, 8.85],
			"faces": {
				"north": {"uv": [16, 12, 15, 11], "texture": "#texture", "cullface": "east"},
				"east": {"uv": [16, 12, 15, 11], "texture": "#texture", "cullface": "east"},
				"south": {"uv": [16, 12, 15, 11], "texture": "#texture", "cullface": "east"},
				"west": {"uv": [16, 12, 15, 11], "texture": "#texture", "cullface": "east"},
				"up": {"uv": [15, 12, 16, 11], "texture": "#texture", "cullface": "east"},
				"down": {"uv": [15, 11, 16, 12], "texture": "#texture", "cullface": "east"}
			}
		},
		{
			"from": [10.475, 11.425, 7.15],
			"to": [10.75, 11.625, 8.85],
			"faces": {
				"north": {"uv": [16, 12, 15, 11], "texture": "#texture", "cullface": "east"},
				"east": {"uv": [16, 12, 15, 11], "texture": "#texture", "cullface": "east"},
				"south": {"uv": [16, 12, 15, 11], "texture": "#texture", "cullface": "east"},
				"west": {"uv": [16, 12, 15, 11], "texture": "#texture", "cullface": "east"},
				"up": {"uv": [15, 12, 16, 11], "texture": "#texture", "cullface": "east"},
				"down": {"uv": [15, 11, 16, 12], "texture": "#texture", "cullface": "east"}
			}
		},
		{
			"from": [9.975, 11.425, 7.15],
			"to": [10.25, 11.625, 8.85],
			"faces": {
				"north": {"uv": [16, 12, 15, 11], "texture": "#texture", "cullface": "east"},
				"east": {"uv": [16, 12, 15, 11], "texture": "#texture", "cullface": "east"},
				"south": {"uv": [16, 12, 15, 11], "texture": "#texture", "cullface": "east"},
				"west": {"uv": [16, 12, 15, 11], "texture": "#texture", "cullface": "east"},
				"up": {"uv": [15, 12, 16, 11], "texture": "#texture", "cullface": "east"},
				"down": {"uv": [15, 11, 16, 12], "texture": "#texture", "cullface": "east"}
			}
		},
		{
			"from": [9.475, 11.425, 7.15],
			"to": [9.75, 11.625, 8.85],
			"faces": {
				"north": {"uv": [16, 12, 15, 11], "texture": "#texture", "cullface": "east"},
				"east": {"uv": [16, 12, 15, 11], "texture": "#texture", "cullface": "east"},
				"south": {"uv": [16, 12, 15, 11], "texture": "#texture", "cullface": "east"},
				"west": {"uv": [16, 12, 15, 11], "texture": "#texture", "cullface": "east"},
				"up": {"uv": [15, 12, 16, 11], "texture": "#texture", "cullface": "east"},
				"down": {"uv": [15, 11, 16, 12], "texture": "#texture", "cullface": "east"}
			}
		},
		{
			"from": [8.975, 11.425, 7.15],
			"to": [9.25, 11.625, 8.85],
			"faces": {
				"north": {"uv": [16, 12, 15, 11], "texture": "#texture", "cullface": "east"},
				"east": {"uv": [16, 12, 15, 11], "texture": "#texture", "cullface": "east"},
				"south": {"uv": [16, 12, 15, 11], "texture": "#texture", "cullface": "east"},
				"west": {"uv": [16, 12, 15, 11], "texture": "#texture", "cullface": "east"},
				"up": {"uv": [15, 12, 16, 11], "texture": "#texture", "cullface": "east"},
				"down": {"uv": [15, 11, 16, 12], "texture": "#texture", "cullface": "east"}
			}
		},
		{
			"from": [8.475, 11.425, 7.15],
			"to": [8.75, 11.625, 8.85],
			"faces": {
				"north": {"uv": [16, 12, 15, 11], "texture": "#texture", "cullface": "east"},
				"east": {"uv": [16, 12, 15, 11], "texture": "#texture", "cullface": "east"},
				"south": {"uv": [16, 12, 15, 11], "texture": "#texture", "cullface": "east"},
				"west": {"uv": [16, 12, 15, 11], "texture": "#texture", "cullface": "east"},
				"up": {"uv": [15, 12, 16, 11], "texture": "#texture", "cullface": "east"},
				"down": {"uv": [15, 11, 16, 12], "texture": "#texture", "cullface": "east"}
			}
		},
		{
			"from": [7.975, 11.425, 7.15],
			"to": [8.25, 11.625, 8.85],
			"faces": {
				"north": {"uv": [16, 12, 15, 11], "texture": "#texture", "cullface": "east"},
				"east": {"uv": [16, 12, 15, 11], "texture": "#texture", "cullface": "east"},
				"south": {"uv": [16, 12, 15, 11], "texture": "#texture", "cullface": "east"},
				"west": {"uv": [16, 12, 15, 11], "texture": "#texture", "cullface": "east"},
				"up": {"uv": [15, 12, 16, 11], "texture": "#texture", "cullface": "east"},
				"down": {"uv": [15, 11, 16, 12], "texture": "#texture", "cullface": "east"}
			}
		},
		{
			"from": [7.475, 11.425, 7.15],
			"to": [7.75, 11.625, 8.85],
			"faces": {
				"north": {"uv": [16, 12, 15, 11], "texture": "#texture", "cullface": "east"},
				"east": {"uv": [16, 12, 15, 11], "texture": "#texture", "cullface": "east"},
				"south": {"uv": [16, 12, 15, 11], "texture": "#texture", "cullface": "east"},
				"west": {"uv": [16, 12, 15, 11], "texture": "#texture", "cullface": "east"},
				"up": {"uv": [15, 12, 16, 11], "texture": "#texture", "cullface": "east"},
				"down": {"uv": [15, 11, 16, 12], "texture": "#texture", "cullface": "east"}
			}
		},
		{
			"from": [6.975, 11.425, 7.15],
			"to": [7.25, 11.625, 8.85],
			"faces": {
				"north": {"uv": [16, 12, 15, 11], "texture": "#texture", "cullface": "east"},
				"east": {"uv": [16, 12, 15, 11], "texture": "#texture", "cullface": "east"},
				"south": {"uv": [16, 12, 15, 11], "texture": "#texture", "cullface": "east"},
				"west": {"uv": [16, 12, 15, 11], "texture": "#texture", "cullface": "east"},
				"up": {"uv": [15, 12, 16, 11], "texture": "#texture", "cullface": "east"},
				"down": {"uv": [15, 11, 16, 12], "texture": "#texture", "cullface": "east"}
			}
		},
		{
			"from": [6.475, 11.425, 7.15],
			"to": [6.75, 11.625, 8.85],
			"faces": {
				"north": {"uv": [16, 12, 15, 11], "texture": "#texture", "cullface": "east"},
				"east": {"uv": [16, 12, 15, 11], "texture": "#texture", "cullface": "east"},
				"south": {"uv": [16, 12, 15, 11], "texture": "#texture", "cullface": "east"},
				"west": {"uv": [16, 12, 15, 11], "texture": "#texture", "cullface": "east"},
				"up": {"uv": [15, 12, 16, 11], "texture": "#texture", "cullface": "east"},
				"down": {"uv": [15, 11, 16, 12], "texture": "#texture", "cullface": "east"}
			}
		},
		{
			"from": [5.975, 11.425, 7.15],
			"to": [6.25, 11.625, 8.85],
			"faces": {
				"north": {"uv": [16, 12, 15, 11], "texture": "#texture", "cullface": "east"},
				"east": {"uv": [16, 12, 15, 11], "texture": "#texture", "cullface": "east"},
				"south": {"uv": [16, 12, 15, 11], "texture": "#texture", "cullface": "east"},
				"west": {"uv": [16, 12, 15, 11], "texture": "#texture", "cullface": "east"},
				"up": {"uv": [15, 12, 16, 11], "texture": "#texture", "cullface": "east"},
				"down": {"uv": [15, 11, 16, 12], "texture": "#texture", "cullface": "east"}
			}
		},
		{
			"from": [5.475, 11.425, 7.15],
			"to": [5.75, 11.625, 8.85],
			"faces": {
				"north": {"uv": [16, 12, 15, 11], "texture": "#texture", "cullface": "east"},
				"east": {"uv": [16, 12, 15, 11], "texture": "#texture", "cullface": "east"},
				"south": {"uv": [16, 12, 15, 11], "texture": "#texture", "cullface": "east"},
				"west": {"uv": [16, 12, 15, 11], "texture": "#texture", "cullface": "east"},
				"up": {"uv": [15, 12, 16, 11], "texture": "#texture", "cullface": "east"},
				"down": {"uv": [15, 11, 16, 12], "texture": "#texture", "cullface": "east"}
			}
		},
		{
			"from": [4.975, 11.425, 7.15],
			"to": [5.25, 11.625, 8.85],
			"faces": {
				"north": {"uv": [16, 12, 15, 11], "texture": "#texture", "cullface": "east"},
				"east": {"uv": [16, 12, 15, 11], "texture": "#texture", "cullface": "east"},
				"south": {"uv": [16, 12, 15, 11], "texture": "#texture", "cullface": "east"},
				"west": {"uv": [16, 12, 15, 11], "texture": "#texture", "cullface": "east"},
				"up": {"uv": [15, 12, 16, 11], "texture": "#texture", "cullface": "east"},
				"down": {"uv": [15, 11, 16, 12], "texture": "#texture", "cullface": "east"}
			}
		},
		{
			"from": [4.475, 11.425, 7.15],
			"to": [4.75, 11.625, 8.85],
			"faces": {
				"north": {"uv": [16, 12, 15, 11], "texture": "#texture", "cullface": "east"},
				"east": {"uv": [16, 12, 15, 11], "texture": "#texture", "cullface": "east"},
				"south": {"uv": [16, 12, 15, 11], "texture": "#texture", "cullface": "east"},
				"west": {"uv": [16, 12, 15, 11], "texture": "#texture", "cullface": "east"},
				"up": {"uv": [15, 12, 16, 11], "texture": "#texture", "cullface": "east"},
				"down": {"uv": [15, 11, 16, 12], "texture": "#texture", "cullface": "east"}
			}
		},
		{
			"from": [3.975, 11.425, 7.15],
			"to": [4.25, 11.625, 8.85],
			"faces": {
				"north": {"uv": [16, 12, 15, 11], "texture": "#texture", "cullface": "east"},
				"east": {"uv": [16, 12, 15, 11], "texture": "#texture", "cullface": "east"},
				"south": {"uv": [16, 12, 15, 11], "texture": "#texture", "cullface": "east"},
				"west": {"uv": [16, 12, 15, 11], "texture": "#texture", "cullface": "east"},
				"up": {"uv": [15, 12, 16, 11], "texture": "#texture", "cullface": "east"},
				"down": {"uv": [15, 11, 16, 12], "texture": "#texture", "cullface": "east"}
			}
		},
		{
			"from": [3.475, 11.425, 7.15],
			"to": [3.75, 11.625, 8.85],
			"faces": {
				"north": {"uv": [16, 12, 15, 11], "texture": "#texture", "cullface": "east"},
				"east": {"uv": [16, 12, 15, 11], "texture": "#texture", "cullface": "east"},
				"south": {"uv": [16, 12, 15, 11], "texture": "#texture", "cullface": "east"},
				"west": {"uv": [16, 12, 15, 11], "texture": "#texture", "cullface": "east"},
				"up": {"uv": [15, 12, 16, 11], "texture": "#texture", "cullface": "east"},
				"down": {"uv": [15, 11, 16, 12], "texture": "#texture", "cullface": "east"}
			}
		},
		{
			"from": [2.975, 11.425, 7.15],
			"to": [3.25, 11.625, 8.85],
			"faces": {
				"north": {"uv": [16, 12, 15, 11], "texture": "#texture", "cullface": "east"},
				"east": {"uv": [16, 12, 15, 11], "texture": "#texture", "cullface": "east"},
				"south": {"uv": [16, 12, 15, 11], "texture": "#texture", "cullface": "east"},
				"west": {"uv": [16, 12, 15, 11], "texture": "#texture", "cullface": "east"},
				"up": {"uv": [15, 12, 16, 11], "texture": "#texture", "cullface": "east"},
				"down": {"uv": [15, 11, 16, 12], "texture": "#texture", "cullface": "east"}
			}
		},
		{
			"from": [2.475, 11.425, 7.15],
			"to": [2.75, 11.625, 8.85],
			"faces": {
				"north": {"uv": [16, 12, 15, 11], "texture": "#texture", "cullface": "east"},
				"east": {"uv": [16, 12, 15, 11], "texture": "#texture", "cullface": "east"},
				"south": {"uv": [16, 12, 15, 11], "texture": "#texture", "cullface": "east"},
				"west": {"uv": [16, 12, 15, 11], "texture": "#texture", "cullface": "east"},
				"up": {"uv": [15, 12, 16, 11], "texture": "#texture", "cullface": "east"},
				"down": {"uv": [15, 11, 16, 12], "texture": "#texture", "cullface": "east"}
			}
		},
		{
			"from": [1.725, 11.425, 7.15],
			"to": [2.25, 11.625, 8.85],
			"faces": {
				"north": {"uv": [16, 12, 15, 11], "texture": "#texture", "cullface": "east"},
				"east": {"uv": [16, 12, 15, 11], "texture": "#texture", "cullface": "east"},
				"south": {"uv": [16, 12, 15, 11], "texture": "#texture", "cullface": "east"},
				"west": {"uv": [16, 12, 15, 11], "texture": "#texture", "cullface": "east"},
				"up": {"uv": [15, 12, 16, 11], "texture": "#texture", "cullface": "east"},
				"down": {"uv": [15, 11, 16, 12], "texture": "#texture", "cullface": "east"}
			}
		},
		{
			"from": [9.475, 10.975, 6.9],
			"to": [9.75, 11.425, 9.1],
			"faces": {
				"north": {"uv": [16, 12, 15, 11], "texture": "#texture", "cullface": "east"},
				"east": {"uv": [16, 12, 15, 11], "texture": "#texture", "cullface": "east"},
				"south": {"uv": [16, 12, 15, 11], "texture": "#texture", "cullface": "east"},
				"west": {"uv": [16, 12, 15, 11], "texture": "#texture", "cullface": "east"},
				"up": {"uv": [15, 12, 16, 11], "texture": "#texture", "cullface": "east"},
				"down": {"uv": [15, 11, 16, 12], "texture": "#texture", "cullface": "east"}
			}
		},
		{
			"from": [8.975, 10.975, 6.9],
			"to": [9.25, 11.425, 9.1],
			"faces": {
				"north": {"uv": [16, 12, 15, 11], "texture": "#texture", "cullface": "east"},
				"east": {"uv": [16, 12, 15, 11], "texture": "#texture", "cullface": "east"},
				"south": {"uv": [16, 12, 15, 11], "texture": "#texture", "cullface": "east"},
				"west": {"uv": [16, 12, 15, 11], "texture": "#texture", "cullface": "east"},
				"up": {"uv": [15, 12, 16, 11], "texture": "#texture", "cullface": "east"},
				"down": {"uv": [15, 11, 16, 12], "texture": "#texture", "cullface": "east"}
			}
		},
		{
			"from": [8.475, 10.975, 6.9],
			"to": [8.75, 11.425, 9.1],
			"faces": {
				"north": {"uv": [16, 12, 15, 11], "texture": "#texture", "cullface": "east"},
				"east": {"uv": [16, 12, 15, 11], "texture": "#texture", "cullface": "east"},
				"south": {"uv": [16, 12, 15, 11], "texture": "#texture", "cullface": "east"},
				"west": {"uv": [16, 12, 15, 11], "texture": "#texture", "cullface": "east"},
				"up": {"uv": [15, 12, 16, 11], "texture": "#texture", "cullface": "east"},
				"down": {"uv": [15, 11, 16, 12], "texture": "#texture", "cullface": "east"}
			}
		},
		{
			"from": [10.975, 10.975, 6.9],
			"to": [11.5, 11.425, 9.1],
			"faces": {
				"north": {"uv": [16, 12, 15, 11], "texture": "#texture", "cullface": "east"},
				"east": {"uv": [16, 12, 15, 11], "texture": "#texture", "cullface": "east"},
				"south": {"uv": [16, 12, 15, 11], "texture": "#texture", "cullface": "east"},
				"west": {"uv": [16, 12, 15, 11], "texture": "#texture", "cullface": "east"},
				"up": {"uv": [15, 12, 16, 11], "texture": "#texture", "cullface": "east"},
				"down": {"uv": [15, 11, 16, 12], "texture": "#texture", "cullface": "east"}
			}
		},
		{
			"from": [10.475, 10.975, 6.9],
			"to": [10.75, 11.425, 9.1],
			"faces": {
				"north": {"uv": [16, 12, 15, 11], "texture": "#texture", "cullface": "east"},
				"east": {"uv": [16, 12, 15, 11], "texture": "#texture", "cullface": "east"},
				"south": {"uv": [16, 12, 15, 11], "texture": "#texture", "cullface": "east"},
				"west": {"uv": [16, 12, 15, 11], "texture": "#texture", "cullface": "east"},
				"up": {"uv": [15, 12, 16, 11], "texture": "#texture", "cullface": "east"},
				"down": {"uv": [15, 11, 16, 12], "texture": "#texture", "cullface": "east"}
			}
		},
		{
			"from": [9.975, 10.975, 6.9],
			"to": [10.25, 11.425, 9.1],
			"faces": {
				"north": {"uv": [16, 12, 15, 11], "texture": "#texture", "cullface": "east"},
				"east": {"uv": [16, 12, 15, 11], "texture": "#texture", "cullface": "east"},
				"south": {"uv": [16, 12, 15, 11], "texture": "#texture", "cullface": "east"},
				"west": {"uv": [16, 12, 15, 11], "texture": "#texture", "cullface": "east"},
				"up": {"uv": [15, 12, 16, 11], "texture": "#texture", "cullface": "east"},
				"down": {"uv": [15, 11, 16, 12], "texture": "#texture", "cullface": "east"}
			}
		},
		{
			"from": [7.975, 10.975, 6.9],
			"to": [8.25, 11.425, 9.1],
			"faces": {
				"north": {"uv": [16, 12, 15, 11], "texture": "#texture", "cullface": "east"},
				"east": {"uv": [16, 12, 15, 11], "texture": "#texture", "cullface": "east"},
				"south": {"uv": [16, 12, 15, 11], "texture": "#texture", "cullface": "east"},
				"west": {"uv": [16, 12, 15, 11], "texture": "#texture", "cullface": "east"},
				"up": {"uv": [15, 12, 16, 11], "texture": "#texture", "cullface": "east"},
				"down": {"uv": [15, 11, 16, 12], "texture": "#texture", "cullface": "east"}
			}
		},
		{
			"from": [7.475, 10.975, 6.9],
			"to": [7.75, 11.425, 9.1],
			"faces": {
				"north": {"uv": [16, 12, 15, 11], "texture": "#texture", "cullface": "east"},
				"east": {"uv": [16, 12, 15, 11], "texture": "#texture", "cullface": "east"},
				"south": {"uv": [16, 12, 15, 11], "texture": "#texture", "cullface": "east"},
				"west": {"uv": [16, 12, 15, 11], "texture": "#texture", "cullface": "east"},
				"up": {"uv": [15, 12, 16, 11], "texture": "#texture", "cullface": "east"},
				"down": {"uv": [15, 11, 16, 12], "texture": "#texture", "cullface": "east"}
			}
		},
		{
			"from": [6.975, 10.975, 6.9],
			"to": [7.25, 11.425, 9.1],
			"faces": {
				"north": {"uv": [16, 12, 15, 11], "texture": "#texture", "cullface": "east"},
				"east": {"uv": [16, 12, 15, 11], "texture": "#texture", "cullface": "east"},
				"south": {"uv": [16, 12, 15, 11], "texture": "#texture", "cullface": "east"},
				"west": {"uv": [16, 12, 15, 11], "texture": "#texture", "cullface": "east"},
				"up": {"uv": [15, 12, 16, 11], "texture": "#texture", "cullface": "east"},
				"down": {"uv": [15, 11, 16, 12], "texture": "#texture", "cullface": "east"}
			}
		},
		{
			"from": [6.475, 10.975, 6.9],
			"to": [6.75, 11.425, 9.1],
			"faces": {
				"north": {"uv": [16, 12, 15, 11], "texture": "#texture", "cullface": "east"},
				"east": {"uv": [16, 12, 15, 11], "texture": "#texture", "cullface": "east"},
				"south": {"uv": [16, 12, 15, 11], "texture": "#texture", "cullface": "east"},
				"west": {"uv": [16, 12, 15, 11], "texture": "#texture", "cullface": "east"},
				"up": {"uv": [15, 12, 16, 11], "texture": "#texture", "cullface": "east"},
				"down": {"uv": [15, 11, 16, 12], "texture": "#texture", "cullface": "east"}
			}
		},
		{
			"from": [5.975, 10.975, 6.9],
			"to": [6.25, 11.425, 9.1],
			"faces": {
				"north": {"uv": [16, 12, 15, 11], "texture": "#texture", "cullface": "east"},
				"east": {"uv": [16, 12, 15, 11], "texture": "#texture", "cullface": "east"},
				"south": {"uv": [16, 12, 15, 11], "texture": "#texture", "cullface": "east"},
				"west": {"uv": [16, 12, 15, 11], "texture": "#texture", "cullface": "east"},
				"up": {"uv": [15, 12, 16, 11], "texture": "#texture", "cullface": "east"},
				"down": {"uv": [15, 11, 16, 12], "texture": "#texture", "cullface": "east"}
			}
		},
		{
			"from": [5.475, 10.975, 6.9],
			"to": [5.75, 11.425, 9.1],
			"faces": {
				"north": {"uv": [16, 12, 15, 11], "texture": "#texture", "cullface": "east"},
				"east": {"uv": [16, 12, 15, 11], "texture": "#texture", "cullface": "east"},
				"south": {"uv": [16, 12, 15, 11], "texture": "#texture", "cullface": "east"},
				"west": {"uv": [16, 12, 15, 11], "texture": "#texture", "cullface": "east"},
				"up": {"uv": [15, 12, 16, 11], "texture": "#texture", "cullface": "east"},
				"down": {"uv": [15, 11, 16, 12], "texture": "#texture", "cullface": "east"}
			}
		},
		{
			"from": [4.975, 10.975, 6.9],
			"to": [5.25, 11.425, 9.1],
			"faces": {
				"north": {"uv": [16, 12, 15, 11], "texture": "#texture", "cullface": "east"},
				"east": {"uv": [16, 12, 15, 11], "texture": "#texture", "cullface": "east"},
				"south": {"uv": [16, 12, 15, 11], "texture": "#texture", "cullface": "east"},
				"west": {"uv": [16, 12, 15, 11], "texture": "#texture", "cullface": "east"},
				"up": {"uv": [15, 12, 16, 11], "texture": "#texture", "cullface": "east"},
				"down": {"uv": [15, 11, 16, 12], "texture": "#texture", "cullface": "east"}
			}
		},
		{
			"from": [4.475, 10.975, 6.9],
			"to": [4.75, 11.425, 9.1],
			"faces": {
				"north": {"uv": [16, 12, 15, 11], "texture": "#texture", "cullface": "east"},
				"east": {"uv": [16, 12, 15, 11], "texture": "#texture", "cullface": "east"},
				"south": {"uv": [16, 12, 15, 11], "texture": "#texture", "cullface": "east"},
				"west": {"uv": [16, 12, 15, 11], "texture": "#texture", "cullface": "east"},
				"up": {"uv": [15, 12, 16, 11], "texture": "#texture", "cullface": "east"},
				"down": {"uv": [15, 11, 16, 12], "texture": "#texture", "cullface": "east"}
			}
		},
		{
			"from": [3.975, 10.975, 6.9],
			"to": [4.25, 11.425, 9.1],
			"faces": {
				"north": {"uv": [16, 12, 15, 11], "texture": "#texture", "cullface": "east"},
				"east": {"uv": [16, 12, 15, 11], "texture": "#texture", "cullface": "east"},
				"south": {"uv": [16, 12, 15, 11], "texture": "#texture", "cullface": "east"},
				"west": {"uv": [16, 12, 15, 11], "texture": "#texture", "cullface": "east"},
				"up": {"uv": [15, 12, 16, 11], "texture": "#texture", "cullface": "east"},
				"down": {"uv": [15, 11, 16, 12], "texture": "#texture", "cullface": "east"}
			}
		},
		{
			"from": [3.475, 10.975, 6.9],
			"to": [3.75, 11.425, 9.1],
			"faces": {
				"north": {"uv": [16, 12, 15, 11], "texture": "#texture", "cullface": "east"},
				"east": {"uv": [16, 12, 15, 11], "texture": "#texture", "cullface": "east"},
				"south": {"uv": [16, 12, 15, 11], "texture": "#texture", "cullface": "east"},
				"west": {"uv": [16, 12, 15, 11], "texture": "#texture", "cullface": "east"},
				"up": {"uv": [15, 12, 16, 11], "texture": "#texture", "cullface": "east"},
				"down": {"uv": [15, 11, 16, 12], "texture": "#texture", "cullface": "east"}
			}
		},
		{
			"from": [2.975, 10.975, 6.9],
			"to": [3.25, 11.425, 9.1],
			"faces": {
				"north": {"uv": [16, 12, 15, 11], "texture": "#texture", "cullface": "east"},
				"east": {"uv": [16, 12, 15, 11], "texture": "#texture", "cullface": "east"},
				"south": {"uv": [16, 12, 15, 11], "texture": "#texture", "cullface": "east"},
				"west": {"uv": [16, 12, 15, 11], "texture": "#texture", "cullface": "east"},
				"up": {"uv": [15, 12, 16, 11], "texture": "#texture", "cullface": "east"},
				"down": {"uv": [15, 11, 16, 12], "texture": "#texture", "cullface": "east"}
			}
		},
		{
			"from": [2.475, 10.975, 6.9],
			"to": [2.75, 11.425, 9.1],
			"faces": {
				"north": {"uv": [16, 12, 15, 11], "texture": "#texture", "cullface": "east"},
				"east": {"uv": [16, 12, 15, 11], "texture": "#texture", "cullface": "east"},
				"south": {"uv": [16, 12, 15, 11], "texture": "#texture", "cullface": "east"},
				"west": {"uv": [16, 12, 15, 11], "texture": "#texture", "cullface": "east"},
				"up": {"uv": [15, 12, 16, 11], "texture": "#texture", "cullface": "east"},
				"down": {"uv": [15, 11, 16, 12], "texture": "#texture", "cullface": "east"}
			}
		},
		{
			"from": [1.725, 10.975, 6.9],
			"to": [2.25, 11.425, 9.1],
			"faces": {
				"north": {"uv": [16, 12, 15, 11], "texture": "#texture", "cullface": "east"},
				"east": {"uv": [16, 12, 15, 11], "texture": "#texture", "cullface": "east"},
				"south": {"uv": [16, 12, 15, 11], "texture": "#texture", "cullface": "east"},
				"west": {"uv": [16, 12, 15, 11], "texture": "#texture", "cullface": "east"},
				"up": {"uv": [15, 12, 16, 11], "texture": "#texture", "cullface": "east"},
				"down": {"uv": [15, 11, 16, 12], "texture": "#texture", "cullface": "east"}
			}
		},
		{
			"from": [14.25, 6.25, 7.625],
			"to": [16, 6.5, 8.375],
			"rotation": {"angle": 0, "axis": "y", "origin": [0, -0.5, 0]},
			"faces": {
				"north": {"uv": [15, 11, 16, 12], "texture": "#texture"},
				"south": {"uv": [15, 11, 16, 12], "texture": "#texture"},
				"west": {"uv": [15, 11, 16, 12], "texture": "#texture"},
				"up": {"uv": [15, 11, 16, 12], "texture": "#texture"},
				"down": {"uv": [16, 12, 15, 11], "texture": "#texture"}
			}
		},
		{
			"from": [14, 6.5, 7.575],
			"to": [14.25, 7.75, 8.425],
			"rotation": {"angle": 0, "axis": "y", "origin": [0, -0.5, 0]},
			"faces": {
				"north": {"uv": [15, 11, 16, 12], "texture": "#texture"},
				"east": {"uv": [15, 11, 16, 12], "texture": "#texture"},
				"south": {"uv": [15, 11, 16, 12], "texture": "#texture"},
				"west": {"uv": [15, 11, 16, 12], "texture": "#texture"},
				"down": {"uv": [16, 12, 15, 11], "texture": "#texture"}
			}
		},
		{
			"from": [16, 6.5, 7.55],
			"to": [16.25, 6.75, 8.45],
			"rotation": {"angle": 0, "axis": "y", "origin": [0, -0.5, 0]},
			"faces": {
				"north": {"uv": [15, 11, 16, 12], "texture": "#texture", "cullface": "east"},
				"south": {"uv": [15, 11, 16, 12], "texture": "#texture", "cullface": "east"},
				"west": {"uv": [15, 11, 16, 12], "texture": "#texture", "cullface": "east"},
				"up": {"uv": [15, 11, 16, 12], "texture": "#texture", "cullface": "east"},
				"down": {"uv": [15, 12, 16, 11], "texture": "#texture", "cullface": "east"}
			}
		},
		{
			"from": [16, 7.5, 7.575],
			"to": [16.5, 7.75, 8.425],
			"rotation": {"angle": 0, "axis": "y", "origin": [0, -0.5, 0]},
			"faces": {
				"north": {"uv": [15, 11, 16, 12], "texture": "#texture", "cullface": "east"},
				"south": {"uv": [15, 11, 16, 12], "texture": "#texture", "cullface": "east"},
				"west": {"uv": [15, 11, 16, 12], "texture": "#texture", "cullface": "east"},
				"down": {"uv": [15, 12, 16, 11], "texture": "#texture", "cullface": "east"}
			}
		},
		{
			"from": [16.25, 6.75, 7.55],
			"to": [16.5, 7.5, 8.45],
			"rotation": {"angle": 0, "axis": "y", "origin": [0, -0.5, 0]},
			"faces": {
				"north": {"uv": [15, 11, 16, 12], "texture": "#texture", "cullface": "east"},
				"south": {"uv": [15, 11, 16, 12], "texture": "#texture", "cullface": "east"},
				"west": {"uv": [15, 11, 16, 12], "texture": "#texture", "cullface": "east"}
			}
		},
		{
			"from": [16.2, 6.9, 7.825],
			"to": [16.675, 8.1, 8.175],
			"rotation": {"angle": -22.5, "axis": "z", "origin": [15.4, 8, 7.75]},
			"faces": {
				"north": {"uv": [8.25, 0, 8.5, 1.25], "texture": "#texture"},
				"east": {"uv": [7.75, 0, 8.25, 1.25], "texture": "#texture"},
				"south": {"uv": [7.5, 0, 7.75, 1.25], "texture": "#texture"},
				"west": {"uv": [7.75, 0, 8.25, 1.25], "texture": "#texture"},
				"up": {"uv": [7.5, 7.75, 7.75, 8.25], "texture": "#texture"},
				"down": {"uv": [8.5, 8.25, 8.25, 7.75], "texture": "#texture"}
			}
		},
		{
			"from": [15.6, 6.65, 7.825],
			"to": [15.875, 7.9, 8.175],
			"rotation": {"angle": 22.5, "axis": "z", "origin": [15.4, 8, 7.75]},
			"faces": {
				"north": {"uv": [8.25, 0, 8.5, 1.25], "texture": "#texture"},
				"east": {"uv": [7.75, 0, 8.25, 1.25], "texture": "#texture"},
				"south": {"uv": [7.5, 0, 7.75, 1.25], "texture": "#texture"},
				"west": {"uv": [7.75, 0, 8.25, 1.25], "texture": "#texture"},
				"up": {"uv": [7.5, 7.75, 7.75, 8.25], "texture": "#texture"},
				"down": {"uv": [8.5, 8.25, 8.25, 7.75], "texture": "#texture"}
			}
		},
		{
			"from": [15.85, 6.65, 7.825],
			"to": [16.15, 7.9, 8.175],
			"rotation": {"angle": 0, "axis": "z", "origin": [15.4, 8, 7.75]},
			"faces": {
				"north": {"uv": [8.25, 0, 8.5, 1.25], "texture": "#texture"},
				"east": {"uv": [7.75, 0, 8.25, 1.25], "texture": "#texture"},
				"south": {"uv": [7.5, 0, 7.75, 1.25], "texture": "#texture"},
				"west": {"uv": [7.75, 0, 8.25, 1.25], "texture": "#texture"},
				"up": {"uv": [7.5, 7.75, 7.75, 8.25], "texture": "#texture"},
				"down": {"uv": [8.5, 8.25, 8.25, 7.75], "texture": "#texture"}
			}
		},
		{
			"from": [16.5, 6.25, 7.4],
			"to": [17.825, 7.75, 8.6],
			"rotation": {"angle": 0, "axis": "y", "origin": [0, -0.5, 0]},
			"faces": {
				"north": {"uv": [0, 11.15, 0.8, 11.65], "texture": "#texture", "cullface": "east"},
				"east": {"uv": [0, 11.15, 0.8, 11.85], "texture": "#texture", "cullface": "east"},
				"south": {"uv": [0.9, 11.85, 0, 11.15], "texture": "#texture", "cullface": "east"},
				"west": {"uv": [0, 11.8, 0.7, 11.35], "texture": "#texture", "cullface": "east"},
				"down": {"uv": [0.8, 11.75, 0, 11.25], "texture": "#texture", "cullface": "east"}
			}
		},
		{
			"from": [16.5, 3, 7.4],
			"to": [17.925, 6.75, 8.6],
			"rotation": {"angle": 22.5, "axis": "z", "origin": [16.5, 6.75, 7.25]},
			"faces": {
				"north": {"uv": [0, 11.25, 0.9, 11.9], "texture": "#texture", "cullface": "east"},
				"east": {"uv": [0, 11.25, 0.9, 11.9], "texture": "#texture", "cullface": "east"},
				"south": {"uv": [1, 11.65, 0, 11.9], "texture": "#texture", "cullface": "east"},
				"west": {"uv": [0, 11.2, 0.9, 11.9], "texture": "#texture", "cullface": "east"},
				"up": {"uv": [0, 11.25, 0.9, 11.85], "texture": "#texture", "cullface": "east"},
				"down": {"uv": [0, 11.75, 0.9, 11.25], "texture": "#texture", "cullface": "east"}
			}
		},
		{
			"from": [8.425, 12.1, 3.95],
			"to": [13.45, 12.775, 4.65],
			"rotation": {"angle": 0, "axis": "x", "origin": [3.275, 10.275, 0.175]},
			"faces": {
				"north": {"uv": [15, 12, 16, 11], "rotation": 180, "texture": "#texture", "cullface": "west"},
				"east": {"uv": [15, 12, 16, 11], "rotation": 90, "texture": "#texture", "cullface": "west"},
				"south": {"uv": [15, 11, 16, 12], "texture": "#texture", "cullface": "west"},
				"west": {"uv": [15, 12, 16, 11], "rotation": 270, "texture": "#texture", "cullface": "west"},
				"up": {"uv": [15, 12, 16, 11], "texture": "#texture", "cullface": "west"},
				"down": {"uv": [15, 12, 16, 11], "rotation": 180, "texture": "#texture", "cullface": "west"}
			}
		},
		{
			"from": [8.525, 12.25, 4.45],
			"to": [8.8, 12.625, 6.65],
			"rotation": {"angle": 0, "axis": "x", "origin": [3.275, 10.025, 0.425]},
			"faces": {
				"north": {"uv": [10, 6, 12, 4], "rotation": 180, "texture": "#texture", "cullface": "west"},
				"east": {"uv": [10, 6, 12, 4], "rotation": 90, "texture": "#texture", "cullface": "west"},
				"south": {"uv": [10, 4, 12, 6], "texture": "#texture", "cullface": "west"},
				"west": {"uv": [10, 6, 12, 4], "rotation": 270, "texture": "#texture", "cullface": "west"},
				"up": {"uv": [10, 6, 12, 4], "texture": "#texture", "cullface": "west"},
				"down": {"uv": [10, 6, 12, 4], "rotation": 180, "texture": "#texture", "cullface": "west"}
			}
		},
		{
			"from": [11.025, 12.15, 6.475],
			"to": [12.025, 12.775, 7.1],
			"rotation": {"angle": 0, "axis": "y", "origin": [3.775, 1.025, 0.425]},
			"faces": {
				"north": {"uv": [10, 6, 12, 4], "texture": "#texture", "cullface": "east"},
				"east": {"uv": [10, 6, 12, 4], "texture": "#texture", "cullface": "east"},
				"south": {"uv": [10, 6, 12, 4], "texture": "#texture", "cullface": "east"},
				"west": {"uv": [10, 6, 12, 4], "texture": "#texture", "cullface": "east"},
				"up": {"uv": [10, 6, 12, 4], "texture": "#texture", "cullface": "east"},
				"down": {"uv": [12, 4, 10, 6], "texture": "#texture", "cullface": "east"}
			}
		},
		{
			"from": [8.525, 12.225, 6.575],
			"to": [11.525, 12.675, 7],
			"rotation": {"angle": 0, "axis": "y", "origin": [3.775, 1.025, 0.425]},
			"faces": {
				"north": {"uv": [10, 6, 12, 4], "texture": "#texture", "cullface": "east"},
				"east": {"uv": [10, 6, 12, 4], "texture": "#texture", "cullface": "east"},
				"south": {"uv": [10, 6, 12, 4], "texture": "#texture", "cullface": "east"},
				"west": {"uv": [10, 6, 12, 4], "texture": "#texture", "cullface": "east"},
				"up": {"uv": [10, 6, 12, 4], "texture": "#texture", "cullface": "east"},
				"down": {"uv": [12, 4, 10, 6], "texture": "#texture", "cullface": "east"}
			}
		},
		{
			"from": [11.65, 5.925, 6.475],
			"to": [11.925, 7, 6.85],
			"rotation": {"angle": -45, "axis": "x", "origin": [3.275, 10.025, 0.425]},
			"faces": {
				"north": {"uv": [10, 6, 12, 4], "texture": "#texture", "cullface": "west"},
				"east": {"uv": [10, 6, 12, 4], "texture": "#texture", "cullface": "west"},
				"south": {"uv": [10, 6, 12, 4], "texture": "#texture", "cullface": "west"},
				"west": {"uv": [10, 6, 12, 4], "texture": "#texture", "cullface": "west"},
				"up": {"uv": [10, 6, 12, 4], "texture": "#texture", "cullface": "west"},
				"down": {"uv": [10, 4, 12, 6], "texture": "#texture", "cullface": "west"}
			}
		},
		{
			"from": [17.925, 3, 7.4],
			"to": [18.025, 7.5, 8.6],
			"rotation": {"angle": 22.5, "axis": "z", "origin": [16.5, 6.75, 7.25]},
			"faces": {
				"north": {"uv": [0, 11.25, 0.9, 11.9], "texture": "#texture", "cullface": "east"},
				"east": {"uv": [0, 11.25, 0.9, 11.9], "texture": "#texture", "cullface": "east"},
				"south": {"uv": [1, 11.65, 0, 11.9], "texture": "#texture", "cullface": "east"},
				"west": {"uv": [0, 11.2, 0.9, 11.9], "texture": "#texture", "cullface": "east"},
				"up": {"uv": [0, 11.25, 0.9, 11.85], "texture": "#texture", "cullface": "east"},
				"down": {"uv": [0, 11.75, 0.9, 11.25], "texture": "#texture", "cullface": "east"}
			}
		},
		{
			"from": [16.25, 2.975, 7.575],
			"to": [16.75, 6.8, 8.425],
			"rotation": {"angle": 22.5, "axis": "z", "origin": [16.5, 6.25, 7.25]},
			"faces": {
				"north": {"uv": [0, 11.15, 0.9, 11.8], "texture": "#texture", "cullface": "east"},
				"east": {"uv": [0, 11.15, 0.9, 11.9], "texture": "#texture", "cullface": "east"},
				"south": {"uv": [1, 11.85, 0, 11.2], "texture": "#texture", "cullface": "east"},
				"west": {"uv": [0, 11.2, 0.9, 11.9], "texture": "#texture", "cullface": "east"},
				"down": {"uv": [0, 11.65, 1, 11.35], "texture": "#texture", "cullface": "east"}
			}
		},
		{
			"from": [17.325, -3.475, 7.775],
			"to": [17.475, -3.05, 8.225],
			"rotation": {"angle": 22.5, "axis": "z", "origin": [0.825, -0.1, 0]},
			"faces": {
				"north": {"uv": [0, 11.75, 0, 12], "rotation": 270, "texture": "#texture", "cullface": "east"},
				"south": {"uv": [0.8, 11.25, 0, 11.9], "rotation": 90, "texture": "#texture", "cullface": "east"},
				"west": {"uv": [0, 11.3, 0.6, 11.7], "rotation": 90, "texture": "#texture", "cullface": "east"},
				"up": {"uv": [0, 11.75, 1, 12], "rotation": 90, "texture": "#texture", "cullface": "east"},
				"down": {"uv": [0, 11.45, 1, 11.7], "rotation": 90, "texture": "#texture", "cullface": "east"}
			}
		}
	],
	"gui_light": "front",
	"display": {
		"thirdperson_righthand": {
			"rotation": [0, -90, 0],
			"translation": [0, 0, -5.25],
			"scale": [0.8, 0.8, 0.82]
		},
		"thirdperson_lefthand": {
			"rotation": [0, 90, 0],
			"translation": [0, 0, -5.25],
			"scale": [0.8, 0.8, 0.82]
		},
		"firstperson_righthand": {
			"rotation": [0, -90, 0],
			"translation": [0, 1.25, -7.5],
			"scale": [0.96, 0.96, 0.98]
		},
		"firstperson_lefthand": {
			"rotation": [0, 90, 0],
			"translation": [0, 1.25, -7.5],
			"scale": [0.96, 0.96, 0.98]
		},
		"ground": {
			"translation": [0, 0.5, 0],
			"scale": [0.97, 0.97, 0.99]
		},
		"gui": {
			"rotation": [0, 0, -45],
			"translation": [-0.75, -0.75, 0],
			"scale": [0.51, 0.51, 1]
		},
		"fixed": {
			"rotation": [0, 180, -45],
			"translation": [0.75, -1.4, -1.1],
			"scale": [0.84, 0.84, 0.86]
		}
	}
}