{
	"credit": "Made by SrDarmith - YouTube: Mainclay",
	"textures": {
		"2": "item/hardened_clay_stained_green",
		"particle": "item/anvil_1",
		"texture": "item/anvil_1"
	},
	"elements": [
		{
			"from": [-8.575, 8.85, 7.75],
			"to": [-8.325, 9.35, 8.25],
			"rotation": {"angle": 0, "axis": "y", "origin": [-0.5, 0, 0]},
			"faces": {
				"north": {"uv": [14.5, 6.75, 16, 7], "texture": "#texture", "cullface": "west"},
				"south": {"uv": [0, 6.75, 1.5, 7], "texture": "#texture", "cullface": "west"},
				"west": {"uv": [7.75, 6.75, 8.25, 7], "texture": "#texture", "cullface": "west"},
				"up": {"uv": [0, 7.75, 1.5, 8.25], "texture": "#texture", "cullface": "west"},
				"down": {"uv": [16, 8.25, 14.5, 7.75], "texture": "#texture", "cullface": "west"}
			}
		},
		{
			"from": [-9.075, 9.3, 7.7],
			"to": [-5.075, 9.65, 8.3],
			"rotation": {"angle": 0, "axis": "y", "origin": [-0.5, 0, 0]},
			"faces": {
				"north": {"uv": [14.5, 6.75, 16, 7], "texture": "#texture", "cullface": "west"},
				"south": {"uv": [0, 6.75, 1.5, 7], "texture": "#texture", "cullface": "west"},
				"west": {"uv": [7.75, 6.75, 8.25, 7], "texture": "#texture", "cullface": "west"},
				"up": {"uv": [0, 7.75, 1.5, 8.25], "texture": "#texture", "cullface": "west"},
				"down": {"uv": [16, 8.25, 14.5, 7.75], "texture": "#texture", "cullface": "west"}
			}
		},
		{
			"from": [-9.825, 8.425, 7.55],
			"to": [-9.075, 8.85, 8.45],
			"rotation": {"angle": 0, "axis": "y", "origin": [-0.5, 0, 0]},
			"faces": {
				"north": {"uv": [14.5, 7.5, 16, 7.75], "texture": "#texture", "cullface": "west"},
				"east": {"uv": [5, 7, 6, 8], "texture": "#texture"},
				"south": {"uv": [0, 7.5, 1.5, 7.75], "texture": "#texture", "cullface": "west"},
				"west": {"uv": [7.75, 7.5, 8.25, 7.75], "texture": "#texture", "cullface": "west"},
				"up": {"uv": [0, 7.75, 1.5, 8.25], "texture": "#texture", "cullface": "west"},
				"down": {"uv": [16, 8.25, 14.5, 7.75], "texture": "#texture", "cullface": "west"}
			}
		},
		{
			"from": [-9.825, 8.675, 8.25],
			"to": [-9.075, 9.525, 8.7],
			"rotation": {"angle": 0, "axis": "y", "origin": [-0.5, 0, 0]},
			"faces": {
				"north": {"uv": [14.5, 7, 16, 7.5], "texture": "#texture", "cullface": "west"},
				"east": {"uv": [5, 7, 6, 8], "texture": "#texture"},
				"south": {"uv": [0, 7, 1.5, 7.5], "texture": "#texture", "cullface": "west"},
				"west": {"uv": [8.25, 7, 8.5, 7.5], "texture": "#texture", "cullface": "west"},
				"up": {"uv": [0, 8.25, 1.5, 8.5], "texture": "#texture", "cullface": "west"},
				"down": {"uv": [16, 8.5, 14.5, 8.25], "texture": "#texture", "cullface": "west"}
			}
		},
		{
			"from": [-9.825, 8.675, 7.3],
			"to": [-9.075, 9.525, 7.75],
			"rotation": {"angle": 0, "axis": "y", "origin": [-0.5, 0, 0]},
			"faces": {
				"north": {"uv": [14.5, 7, 16, 7.5], "texture": "#texture", "cullface": "west"},
				"east": {"uv": [5, 7, 6, 8], "texture": "#texture"},
				"south": {"uv": [0, 7, 1.5, 7.5], "texture": "#texture", "cullface": "west"},
				"west": {"uv": [7.5, 7, 7.75, 7.5], "texture": "#texture", "cullface": "west"},
				"up": {"uv": [0, 7.5, 1.5, 7.75], "texture": "#texture", "cullface": "west"},
				"down": {"uv": [16, 7.75, 14.5, 7.5], "texture": "#texture", "cullface": "west"}
			}
		},
		{
			"from": [-9.825, 9.35, 7.55],
			"to": [-9.075, 9.775, 8.45],
			"rotation": {"angle": 0, "axis": "y", "origin": [-0.5, 0, 0]},
			"faces": {
				"north": {"uv": [14.5, 6.75, 16, 7], "texture": "#texture", "cullface": "west"},
				"east": {"uv": [5, 7, 6, 8], "texture": "#texture"},
				"south": {"uv": [0, 6.75, 1.5, 7], "texture": "#texture", "cullface": "west"},
				"west": {"uv": [7.75, 6.75, 8.25, 7], "texture": "#texture", "cullface": "west"},
				"up": {"uv": [0, 7.75, 1.5, 8.25], "texture": "#texture", "cullface": "west"},
				"down": {"uv": [16, 8.25, 14.5, 7.75], "texture": "#texture", "cullface": "west"}
			}
		},
		{
			"from": [-10.575, 8.55, 7.2],
			"to": [-9.75, 9.65, 7.7],
			"rotation": {"angle": 0, "axis": "y", "origin": [-0.5, 0, 0]},
			"faces": {
				"north": {"uv": [14.5, 7, 16, 7.5], "texture": "#texture", "cullface": "west"},
				"east": {"uv": [5, 7, 6, 8], "texture": "#texture"},
				"south": {"uv": [0, 7, 1.5, 7.5], "texture": "#texture", "cullface": "west"},
				"west": {"uv": [7.5, 7, 7.75, 7.5], "texture": "#texture", "cullface": "west"},
				"up": {"uv": [0, 7.5, 1.5, 7.75], "texture": "#texture", "cullface": "west"},
				"down": {"uv": [16, 7.75, 14.5, 7.5], "texture": "#texture", "cullface": "west"}
			}
		},
		{
			"from": [-10.575, 8.3, 7.45],
			"to": [-9.75, 8.8, 8.55],
			"rotation": {"angle": 0, "axis": "y", "origin": [-0.5, 0, 0]},
			"faces": {
				"north": {"uv": [14.5, 7.5, 16, 7.75], "texture": "#texture", "cullface": "west"},
				"east": {"uv": [5, 7, 6, 8], "texture": "#texture"},
				"south": {"uv": [0, 7.5, 1.5, 7.75], "texture": "#texture", "cullface": "west"},
				"west": {"uv": [7.75, 7.5, 8.25, 7.75], "texture": "#texture", "cullface": "west"},
				"up": {"uv": [0, 7.75, 1.5, 8.25], "texture": "#texture", "cullface": "west"},
				"down": {"uv": [16, 8.25, 14.5, 7.75], "texture": "#texture", "cullface": "west"}
			}
		},
		{
			"from": [-10.575, 8.55, 8.3],
			"to": [-9.75, 9.65, 8.8],
			"rotation": {"angle": 0, "axis": "y", "origin": [-0.5, 0, 0]},
			"faces": {
				"north": {"uv": [14.5, 7, 16, 7.5], "texture": "#texture", "cullface": "west"},
				"east": {"uv": [5, 7, 6, 8], "texture": "#texture"},
				"south": {"uv": [0, 7, 1.5, 7.5], "texture": "#texture", "cullface": "west"},
				"west": {"uv": [8.25, 7, 8.5, 7.5], "texture": "#texture", "cullface": "west"},
				"up": {"uv": [0, 8.25, 1.5, 8.5], "texture": "#texture", "cullface": "west"},
				"down": {"uv": [16, 8.5, 14.5, 8.25], "texture": "#texture", "cullface": "west"}
			}
		},
		{
			"from": [-10.575, 9.4, 7.45],
			"to": [-9.75, 9.9, 8.55],
			"rotation": {"angle": 0, "axis": "y", "origin": [-0.5, 0, 0]},
			"faces": {
				"north": {"uv": [14.5, 6.75, 16, 7], "texture": "#texture", "cullface": "west"},
				"east": {"uv": [5, 7, 6, 8], "texture": "#texture"},
				"south": {"uv": [0, 6.75, 1.5, 7], "texture": "#texture", "cullface": "west"},
				"west": {"uv": [7.75, 6.75, 8.25, 7], "texture": "#texture", "cullface": "west"},
				"up": {"uv": [0, 7.75, 1.5, 8.25], "texture": "#texture", "cullface": "west"},
				"down": {"uv": [16, 8.25, 14.5, 7.75], "texture": "#texture", "cullface": "west"}
			}
		},
		{
			"from": [-6.45, 6.85, 8.375],
			"to": [2.3, 7.6, 8.875],
			"rotation": {"angle": 0, "axis": "y", "origin": [-0.5, 0, 0]},
			"faces": {
				"north": {"uv": [16, 6.75, 15, 7.75], "texture": "#texture", "cullface": "west"},
				"east": {"uv": [7.5, 6.75, 8.5, 7.75], "texture": "#texture", "cullface": "west"},
				"south": {"uv": [0, 6.75, 1, 7.75], "texture": "#texture", "cullface": "west"},
				"west": {"uv": [7.5, 6.75, 8.5, 7.75], "texture": "#texture", "cullface": "west"},
				"up": {"uv": [0, 7.5, 1, 8.5], "texture": "#texture", "cullface": "west"},
				"down": {"uv": [16, 8.5, 15, 7.5], "texture": "#texture", "cullface": "west"}
			}
		},
		{
			"from": [2.3, 6.6, 8.375],
			"to": [3.05, 7.85, 9.125],
			"rotation": {"angle": 0, "axis": "y", "origin": [-0.5, 0, 0]},
			"faces": {
				"north": {"uv": [16, 6.75, 15, 7.75], "texture": "#texture", "cullface": "west"},
				"east": {"uv": [7.5, 6.75, 8.5, 7.75], "texture": "#texture", "cullface": "west"},
				"south": {"uv": [0, 6.75, 1, 7.75], "texture": "#texture", "cullface": "west"},
				"west": {"uv": [7.5, 6.75, 8.5, 7.75], "texture": "#texture", "cullface": "west"},
				"up": {"uv": [0, 7.5, 1, 8.5], "texture": "#texture", "cullface": "west"},
				"down": {"uv": [16, 8.5, 15, 7.5], "texture": "#texture", "cullface": "west"}
			}
		},
		{
			"from": [2.3, 6.6, 6.875],
			"to": [3.05, 7.85, 7.625],
			"rotation": {"angle": 0, "axis": "y", "origin": [-0.5, 0, 0]},
			"faces": {
				"north": {"uv": [16, 6.75, 15, 7.75], "texture": "#texture", "cullface": "west"},
				"east": {"uv": [7.5, 6.75, 8.5, 7.75], "texture": "#texture", "cullface": "west"},
				"south": {"uv": [0, 6.75, 1, 7.75], "texture": "#texture", "cullface": "west"},
				"west": {"uv": [7.5, 6.75, 8.5, 7.75], "texture": "#texture", "cullface": "west"},
				"up": {"uv": [0, 7.5, 1, 8.5], "texture": "#texture", "cullface": "west"},
				"down": {"uv": [16, 8.5, 15, 7.5], "texture": "#texture", "cullface": "west"}
			}
		},
		{
			"from": [-6.45, 6.85, 7.125],
			"to": [2.3, 7.6, 7.625],
			"rotation": {"angle": 0, "axis": "y", "origin": [-0.5, 0, 0]},
			"faces": {
				"north": {"uv": [16, 6.75, 15, 7.75], "texture": "#texture", "cullface": "west"},
				"east": {"uv": [7.5, 6.75, 8.5, 7.75], "texture": "#texture", "cullface": "west"},
				"south": {"uv": [0, 6.75, 1, 7.75], "texture": "#texture", "cullface": "west"},
				"west": {"uv": [7.5, 6.75, 8.5, 7.75], "texture": "#texture", "cullface": "west"},
				"up": {"uv": [0, 7.5, 1, 8.5], "texture": "#texture", "cullface": "west"},
				"down": {"uv": [16, 8.5, 15, 7.5], "texture": "#texture", "cullface": "west"}
			}
		},
		{
			"from": [-6.2, 7.1, 7.5],
			"to": [-5.7, 8.1, 8.5],
			"rotation": {"angle": 0, "axis": "y", "origin": [-0.5, 0, 0]},
			"faces": {
				"north": {"uv": [16, 6.75, 15, 7.75], "texture": "#texture", "cullface": "west"},
				"east": {"uv": [7.5, 6.75, 8.5, 7.75], "texture": "#texture", "cullface": "west"},
				"south": {"uv": [0, 6.75, 1, 7.75], "texture": "#texture", "cullface": "west"},
				"west": {"uv": [7.5, 6.75, 8.5, 7.75], "texture": "#texture", "cullface": "west"},
				"up": {"uv": [0, 7.5, 1, 8.5], "texture": "#texture", "cullface": "west"},
				"down": {"uv": [16, 8.5, 15, 7.5], "texture": "#texture", "cullface": "west"}
			}
		},
		{
			"from": [-8, 9.9, 7.575],
			"to": [-7.5, 11.75, 8.425],
			"rotation": {"angle": 0, "axis": "y", "origin": [-0.5, 0, 0]},
			"faces": {
				"north": {"uv": [15, 5.5, 16, 6], "texture": "#texture", "cullface": "west"},
				"east": {"uv": [7.75, 5.5, 8.25, 6], "texture": "#texture", "cullface": "west"},
				"south": {"uv": [1, 5.5, 0, 6], "texture": "#texture", "cullface": "west"},
				"west": {"uv": [7.75, 5.5, 8.25, 6], "texture": "#texture", "cullface": "west"},
				"up": {"uv": [1, 7.75, 0, 8.25], "texture": "#texture", "cullface": "west"}
			}
		},
		{
			"from": [-8, 12, 7.575],
			"to": [-7.5, 12.5, 7.825],
			"rotation": {"angle": 0, "axis": "y", "origin": [-0.5, 0, 0]},
			"faces": {
				"north": {"uv": [15, 5, 16, 5.5], "texture": "#texture", "cullface": "west"},
				"east": {"uv": [8.25, 5, 8.5, 5.5], "texture": "#texture", "cullface": "west"},
				"south": {"uv": [1, 5, 0, 5.5], "texture": "#texture", "cullface": "west"},
				"west": {"uv": [7.5, 5, 7.75, 5.5], "texture": "#texture", "cullface": "west"},
				"up": {"uv": [1, 7.5, 0, 7.75], "texture": "#texture", "cullface": "west"},
				"down": {"uv": [15, 7.75, 16, 7.5], "texture": "#texture", "cullface": "west"}
			}
		},
		{
			"from": [-8, 12, 8.175],
			"to": [-7.5, 12.5, 8.425],
			"rotation": {"angle": 0, "axis": "y", "origin": [-0.5, 0, 0]},
			"faces": {
				"north": {"uv": [15, 5, 16, 5.5], "texture": "#texture", "cullface": "west"},
				"east": {"uv": [7.5, 5, 7.75, 5.5], "texture": "#texture", "cullface": "west"},
				"south": {"uv": [1, 5, 0, 5.5], "texture": "#texture", "cullface": "west"},
				"west": {"uv": [8.25, 5, 8.5, 5.5], "texture": "#texture", "cullface": "west"},
				"up": {"uv": [1, 8.25, 0, 8.5], "texture": "#texture", "cullface": "west"},
				"down": {"uv": [15, 8.5, 16, 8.25], "texture": "#texture", "cullface": "west"}
			}
		},
		{
			"from": [-8, 12.5, 7.575],
			"to": [-7.5, 12.75, 8.425],
			"rotation": {"angle": 0, "axis": "y", "origin": [-0.5, 0, 0]},
			"faces": {
				"north": {"uv": [15, 4.75, 16, 5], "texture": "#texture", "cullface": "west"},
				"east": {"uv": [7.75, 4.75, 8.25, 5], "texture": "#texture", "cullface": "west"},
				"south": {"uv": [1, 4.75, 0, 5], "texture": "#texture", "cullface": "west"},
				"west": {"uv": [7.75, 4.75, 8.25, 5], "texture": "#texture", "cullface": "west"},
				"up": {"uv": [1, 7.75, 0, 8.25], "texture": "#texture", "cullface": "west"},
				"down": {"uv": [15, 8.25, 16, 7.75], "texture": "#texture", "cullface": "west"}
			}
		},
		{
			"from": [-8, 11.75, 7.575],
			"to": [-7.5, 12, 8.425],
			"rotation": {"angle": 0, "axis": "y", "origin": [-0.5, 0, 0]},
			"faces": {
				"north": {"uv": [15, 4.75, 16, 5], "texture": "#texture", "cullface": "west"},
				"east": {"uv": [7.75, 4.75, 8.25, 5], "texture": "#texture", "cullface": "west"},
				"south": {"uv": [1, 4.75, 0, 5], "texture": "#texture", "cullface": "west"},
				"west": {"uv": [7.75, 4.75, 8.25, 5], "texture": "#texture", "cullface": "west"},
				"up": {"uv": [1, 7.75, 0, 8.25], "texture": "#texture", "cullface": "west"},
				"down": {"uv": [15, 8.25, 16, 7.75], "texture": "#texture", "cullface": "west"}
			}
		},
		{
			"from": [9.25, 10, 8.125],
			"to": [12.25, 10.375, 9.375],
			"faces": {
				"north": {"uv": [8.25, 5.25, 10.25, 6.75], "texture": "#2"},
				"east": {"uv": [7, 5.25, 9, 6.75], "texture": "#2"},
				"south": {"uv": [5.75, 5.25, 7.75, 6.75], "texture": "#2"},
				"west": {"uv": [7, 5.25, 9, 6.75], "texture": "#2"},
				"up": {"uv": [5.75, 7, 7.75, 9], "texture": "#2"},
				"down": {"uv": [6, 7, 7, 8], "texture": "#2"}
			}
		},
		{
			"from": [9.25, 9, 8.125],
			"to": [12.25, 9.375, 9.375],
			"faces": {
				"north": {"uv": [8.25, 5.25, 10.25, 6.75], "texture": "#2"},
				"east": {"uv": [7, 5.25, 9, 6.75], "texture": "#2"},
				"south": {"uv": [5.75, 5.25, 7.75, 6.75], "texture": "#2"},
				"west": {"uv": [7, 5.25, 9, 6.75], "texture": "#2"},
				"up": {"uv": [5.75, 7, 7.75, 9], "texture": "#2"},
				"down": {"uv": [6, 7, 7, 8], "texture": "#2"}
			}
		},
		{
			"from": [12.25, 9, 8.125],
			"to": [12.5, 10.375, 9.375],
			"faces": {
				"north": {"uv": [8.25, 5.25, 10.25, 6.75], "texture": "#2"},
				"east": {"uv": [7, 5.25, 9, 6.75], "texture": "#2"},
				"south": {"uv": [5.75, 5.25, 7.75, 6.75], "texture": "#2"},
				"west": {"uv": [7, 5.25, 9, 6.75], "texture": "#2"},
				"up": {"uv": [5.75, 7, 7.75, 9], "texture": "#2"},
				"down": {"uv": [6, 7, 7, 8], "texture": "#2"}
			}
		},
		{
			"from": [9, 9, 8.125],
			"to": [9.25, 10.375, 9.375],
			"faces": {
				"north": {"uv": [8.25, 5.25, 10.25, 6.75], "texture": "#2"},
				"east": {"uv": [7, 5.25, 9, 6.75], "texture": "#2"},
				"south": {"uv": [5.75, 5.25, 7.75, 6.75], "texture": "#2"},
				"west": {"uv": [7, 5.25, 9, 6.75], "texture": "#2"},
				"up": {"uv": [5.75, 7, 7.75, 9], "texture": "#2"},
				"down": {"uv": [6, 7, 7, 8], "texture": "#2"}
			}
		},
		{
			"from": [9, 10.25, 7],
			"to": [15.75, 10.5, 9],
			"faces": {
				"north": {"uv": [0, 6.25, 8.25, 6.5], "texture": "#2", "cullface": "east"},
				"east": {"uv": [7.25, 6.25, 8.75, 6.5], "texture": "#2", "cullface": "east"},
				"south": {"uv": [7.75, 6.25, 16, 6.5], "texture": "#2", "cullface": "east"},
				"up": {"uv": [7.75, 7.25, 16, 8.75], "texture": "#2", "cullface": "east"}
			}
		},
		{
			"from": [9, 7.75, 7],
			"to": [19.75, 10, 9],
			"faces": {
				"north": {"uv": [0, 6.75, 8.25, 8.5], "texture": "#2", "cullface": "east"},
				"east": {"uv": [7, 6.75, 9, 8.5], "texture": "#2", "cullface": "east"},
				"south": {"uv": [7.75, 6.75, 16, 8.5], "texture": "#2", "cullface": "east"},
				"west": {"uv": [7, 6.75, 9, 8.5], "texture": "#2", "cullface": "east"},
				"up": {"uv": [7.75, 7, 16, 9], "texture": "#2", "cullface": "east"},
				"down": {"uv": [8.25, 9, 0, 7], "texture": "#2", "cullface": "east"}
			}
		},
		{
			"from": [-7, 8, 7.25],
			"to": [8.5, 10.25, 8.75],
			"faces": {
				"north": {"uv": [0, 6.75, 8.25, 8.5], "texture": "#2", "cullface": "east"},
				"east": {"uv": [7, 6.75, 9, 8.5], "texture": "#2", "cullface": "east"},
				"south": {"uv": [7.75, 6.75, 16, 8.5], "texture": "#2", "cullface": "east"},
				"west": {"uv": [7, 6.75, 9, 8.5], "texture": "#2", "cullface": "east"},
				"up": {"uv": [7.75, 7, 16, 9], "texture": "#2", "cullface": "east"},
				"down": {"uv": [8.25, 9, 0, 7], "texture": "#2", "cullface": "east"}
			}
		},
		{
			"from": [-6.75, 8.5, 7.225],
			"to": [8.5, 9.75, 8.775],
			"faces": {
				"north": {"uv": [16, 12, 15, 11], "texture": "#texture", "cullface": "east"},
				"east": {"uv": [16, 12, 15, 11], "texture": "#texture", "cullface": "east"},
				"south": {"uv": [16, 12, 15, 11], "texture": "#texture", "cullface": "east"},
				"west": {"uv": [16, 12, 15, 11], "texture": "#texture", "cullface": "east"},
				"up": {"uv": [16, 12, 15, 11], "texture": "#texture", "cullface": "east"},
				"down": {"uv": [16, 12, 15, 11], "texture": "#texture", "cullface": "east"}
			}
		},
		{
			"from": [-8.5, 8.5, 7.25],
			"to": [-6.5, 9.75, 8.75],
			"faces": {
				"north": {"uv": [0, 6.75, 8.25, 8.5], "texture": "#2", "cullface": "east"},
				"east": {"uv": [7, 6.75, 9, 8.5], "texture": "#2", "cullface": "east"},
				"south": {"uv": [7.75, 6.75, 16, 8.5], "texture": "#2", "cullface": "east"},
				"west": {"uv": [7, 6.75, 9, 8.5], "texture": "#2", "cullface": "east"},
				"up": {"uv": [7.75, 7, 16, 9], "texture": "#2", "cullface": "east"},
				"down": {"uv": [8.25, 9, 0, 7], "texture": "#2", "cullface": "east"}
			}
		},
		{
			"from": [-8.5, 8.25, 7.5],
			"to": [-6.5, 10, 8.5],
			"faces": {
				"north": {"uv": [0, 6.75, 8.25, 8.5], "texture": "#2", "cullface": "east"},
				"east": {"uv": [7, 6.75, 9, 8.5], "texture": "#2", "cullface": "east"},
				"south": {"uv": [7.75, 6.75, 16, 8.5], "texture": "#2", "cullface": "east"},
				"west": {"uv": [7, 6.75, 9, 8.5], "texture": "#2", "cullface": "east"},
				"up": {"uv": [7.75, 7, 16, 9], "texture": "#2", "cullface": "east"},
				"down": {"uv": [8.25, 9, 0, 7], "texture": "#2", "cullface": "east"}
			}
		},
		{
			"from": [-7, 8.25, 7],
			"to": [-6.325, 10, 9],
			"faces": {
				"north": {"uv": [0, 6.75, 8.25, 8.5], "texture": "#2", "cullface": "east"},
				"east": {"uv": [7, 6.75, 9, 8.5], "texture": "#2", "cullface": "east"},
				"south": {"uv": [7.75, 6.75, 16, 8.5], "texture": "#2", "cullface": "east"},
				"west": {"uv": [7, 6.75, 9, 8.5], "texture": "#2", "cullface": "east"},
				"up": {"uv": [7.75, 7, 16, 9], "texture": "#2", "cullface": "east"},
				"down": {"uv": [8.25, 9, 0, 7], "texture": "#2", "cullface": "east"}
			}
		},
		{
			"from": [-5.625, 8.75, 7],
			"to": [-4.825, 9.5, 9],
			"faces": {
				"north": {"uv": [0, 6.75, 8.25, 8.5], "texture": "#2", "cullface": "east"},
				"east": {"uv": [7, 6.75, 9, 8.5], "texture": "#2", "cullface": "east"},
				"south": {"uv": [7.75, 6.75, 16, 8.5], "texture": "#2", "cullface": "east"},
				"west": {"uv": [7, 6.75, 9, 8.5], "texture": "#2", "cullface": "east"},
				"up": {"uv": [7.75, 7, 16, 9], "texture": "#2", "cullface": "east"},
				"down": {"uv": [8.25, 9, 0, 7], "texture": "#2", "cullface": "east"}
			}
		},
		{
			"from": [-3.375, 8.75, 7],
			"to": [-2.575, 9.5, 9],
			"faces": {
				"north": {"uv": [0, 6.75, 8.25, 8.5], "texture": "#2", "cullface": "east"},
				"east": {"uv": [7, 6.75, 9, 8.5], "texture": "#2", "cullface": "east"},
				"south": {"uv": [7.75, 6.75, 16, 8.5], "texture": "#2", "cullface": "east"},
				"west": {"uv": [7, 6.75, 9, 8.5], "texture": "#2", "cullface": "east"},
				"up": {"uv": [7.75, 7, 16, 9], "texture": "#2", "cullface": "east"},
				"down": {"uv": [8.25, 9, 0, 7], "texture": "#2", "cullface": "east"}
			}
		},
		{
			"from": [-1.875, 8.75, 7],
			"to": [-1.075, 9.5, 9],
			"faces": {
				"north": {"uv": [0, 6.75, 8.25, 8.5], "texture": "#2", "cullface": "east"},
				"east": {"uv": [7, 6.75, 9, 8.5], "texture": "#2", "cullface": "east"},
				"south": {"uv": [7.75, 6.75, 16, 8.5], "texture": "#2", "cullface": "east"},
				"west": {"uv": [7, 6.75, 9, 8.5], "texture": "#2", "cullface": "east"},
				"up": {"uv": [7.75, 7, 16, 9], "texture": "#2", "cullface": "east"},
				"down": {"uv": [8.25, 9, 0, 7], "texture": "#2", "cullface": "east"}
			}
		},
		{
			"from": [0.375, 8.75, 7],
			"to": [1.175, 9.5, 9],
			"faces": {
				"north": {"uv": [0, 6.75, 8.25, 8.5], "texture": "#2", "cullface": "east"},
				"east": {"uv": [7, 6.75, 9, 8.5], "texture": "#2", "cullface": "east"},
				"south": {"uv": [7.75, 6.75, 16, 8.5], "texture": "#2", "cullface": "east"},
				"west": {"uv": [7, 6.75, 9, 8.5], "texture": "#2", "cullface": "east"},
				"up": {"uv": [7.75, 7, 16, 9], "texture": "#2", "cullface": "east"},
				"down": {"uv": [8.25, 9, 0, 7], "texture": "#2", "cullface": "east"}
			}
		},
		{
			"from": [1.875, 8.75, 7],
			"to": [3.175, 9.5, 9],
			"faces": {
				"north": {"uv": [0, 6.75, 8.25, 8.5], "texture": "#2", "cullface": "east"},
				"east": {"uv": [7, 6.75, 9, 8.5], "texture": "#2", "cullface": "east"},
				"south": {"uv": [7.75, 6.75, 16, 8.5], "texture": "#2", "cullface": "east"},
				"west": {"uv": [7, 6.75, 9, 8.5], "texture": "#2", "cullface": "east"},
				"up": {"uv": [7.75, 7, 16, 9], "texture": "#2", "cullface": "east"},
				"down": {"uv": [8.25, 9, 0, 7], "texture": "#2", "cullface": "east"}
			}
		},
		{
			"from": [3.875, 8.75, 7],
			"to": [4.175, 9.5, 9],
			"faces": {
				"north": {"uv": [0, 6.75, 8.25, 8.5], "texture": "#2", "cullface": "east"},
				"east": {"uv": [7, 6.75, 9, 8.5], "texture": "#2", "cullface": "east"},
				"south": {"uv": [7.75, 6.75, 16, 8.5], "texture": "#2", "cullface": "east"},
				"west": {"uv": [7, 6.75, 9, 8.5], "texture": "#2", "cullface": "east"},
				"up": {"uv": [7.75, 7, 16, 9], "texture": "#2", "cullface": "east"},
				"down": {"uv": [8.25, 9, 0, 7], "texture": "#2", "cullface": "east"}
			}
		},
		{
			"from": [4.875, 8.75, 7],
			"to": [5.175, 9.5, 9],
			"faces": {
				"north": {"uv": [0, 6.75, 8.25, 8.5], "texture": "#2", "cullface": "east"},
				"east": {"uv": [7, 6.75, 9, 8.5], "texture": "#2", "cullface": "east"},
				"south": {"uv": [7.75, 6.75, 16, 8.5], "texture": "#2", "cullface": "east"},
				"west": {"uv": [7, 6.75, 9, 8.5], "texture": "#2", "cullface": "east"},
				"up": {"uv": [7.75, 7, 16, 9], "texture": "#2", "cullface": "east"},
				"down": {"uv": [8.25, 9, 0, 7], "texture": "#2", "cullface": "east"}
			}
		},
		{
			"from": [5.875, 8.25, 7],
			"to": [8.025, 10, 9],
			"faces": {
				"north": {"uv": [0, 6.75, 8.25, 8.5], "texture": "#2", "cullface": "east"},
				"east": {"uv": [7, 6.75, 9, 8.5], "texture": "#2", "cullface": "east"},
				"south": {"uv": [7.75, 6.75, 16, 8.5], "texture": "#2", "cullface": "east"},
				"west": {"uv": [7, 6.75, 9, 8.5], "texture": "#2", "cullface": "east"},
				"up": {"uv": [7.75, 7, 16, 9], "texture": "#2", "cullface": "east"},
				"down": {"uv": [8.25, 9, 0, 7], "texture": "#2", "cullface": "east"}
			}
		},
		{
			"from": [-6.35, 9.5, 7],
			"to": [5.875, 10, 9],
			"faces": {
				"north": {"uv": [0, 6.75, 8.25, 8.5], "texture": "#2", "cullface": "east"},
				"east": {"uv": [7, 6.75, 9, 8.5], "texture": "#2", "cullface": "east"},
				"south": {"uv": [7.75, 6.75, 16, 8.5], "texture": "#2", "cullface": "east"},
				"west": {"uv": [7, 6.75, 9, 8.5], "texture": "#2", "cullface": "east"},
				"up": {"uv": [7.75, 7, 16, 9], "texture": "#2", "cullface": "east"},
				"down": {"uv": [8.25, 9, 0, 7], "texture": "#2", "cullface": "east"}
			}
		},
		{
			"from": [-6.35, 8.25, 7],
			"to": [5.875, 8.75, 9],
			"faces": {
				"north": {"uv": [0, 6.75, 8.25, 8.5], "texture": "#2", "cullface": "east"},
				"east": {"uv": [7, 6.75, 9, 8.5], "texture": "#2", "cullface": "east"},
				"south": {"uv": [7.75, 6.75, 16, 8.5], "texture": "#2", "cullface": "east"},
				"west": {"uv": [7, 6.75, 9, 8.5], "texture": "#2", "cullface": "east"},
				"up": {"uv": [7.75, 7, 16, 9], "texture": "#2", "cullface": "east"},
				"down": {"uv": [8.25, 9, 0, 7], "texture": "#2", "cullface": "east"}
			}
		},
		{
			"from": [6.5, 7.975, 7.225],
			"to": [8.75, 10.275, 8.775],
			"faces": {
				"north": {"uv": [0, 6.75, 8.25, 8.5], "texture": "#texture", "cullface": "east"},
				"east": {"uv": [7, 6.75, 9, 8.5], "texture": "#texture", "cullface": "east"},
				"south": {"uv": [7.75, 6.75, 16, 8.5], "texture": "#texture", "cullface": "east"},
				"west": {"uv": [7, 6.75, 9, 8.5], "texture": "#texture", "cullface": "east"},
				"up": {"uv": [7.75, 7, 16, 9], "texture": "#texture", "cullface": "east"},
				"down": {"uv": [8.25, 9, 0, 7], "texture": "#texture", "cullface": "east"}
			}
		},
		{
			"from": [6.5, 8.225, 6.975],
			"to": [7, 10.025, 9.025],
			"faces": {
				"north": {"uv": [0, 6.75, 8.25, 8.5], "texture": "#texture", "cullface": "east"},
				"east": {"uv": [7, 6.75, 9, 8.5], "texture": "#texture", "cullface": "east"},
				"south": {"uv": [7.75, 6.75, 16, 8.5], "texture": "#texture", "cullface": "east"},
				"west": {"uv": [7, 6.75, 9, 8.5], "texture": "#texture", "cullface": "east"},
				"up": {"uv": [7.75, 7, 16, 9], "texture": "#texture", "cullface": "east"},
				"down": {"uv": [8.25, 9, 0, 7], "texture": "#texture", "cullface": "east"}
			}
		},
		{
			"from": [9.25, 9.3, 7.25],
			"to": [12.25, 10, 9.025],
			"faces": {
				"north": {"uv": [16, 12, 15, 11], "texture": "#texture", "cullface": "east"},
				"east": {"uv": [16, 12, 15, 11], "texture": "#texture", "cullface": "east"},
				"south": {"uv": [16, 12, 15, 11], "texture": "#texture", "cullface": "east"},
				"west": {"uv": [16, 12, 15, 11], "texture": "#texture", "cullface": "east"},
				"up": {"uv": [16, 12, 15, 11], "texture": "#texture", "cullface": "east"},
				"down": {"uv": [16, 12, 15, 11], "texture": "#texture", "cullface": "east"}
			}
		},
		{
			"from": [8, 7.55, 6.75],
			"to": [9, 10.75, 9.25],
			"faces": {
				"north": {"uv": [0, 6.75, 8.25, 8.5], "texture": "#texture", "cullface": "east"},
				"east": {"uv": [7, 6.75, 9, 8.5], "texture": "#texture", "cullface": "east"},
				"south": {"uv": [7.75, 6.75, 16, 8.5], "texture": "#texture", "cullface": "east"},
				"west": {"uv": [7, 6.75, 9, 8.5], "texture": "#texture", "cullface": "east"},
				"up": {"uv": [7.75, 7, 16, 9], "texture": "#texture", "cullface": "east"},
				"down": {"uv": [8.25, 9, 0, 7], "texture": "#texture", "cullface": "east"}
			}
		},
		{
			"from": [7.75, 10.7, 7.5],
			"to": [9, 11.7, 8.5],
			"faces": {
				"north": {"uv": [0, 6.75, 8.25, 8.5], "texture": "#texture", "cullface": "east"},
				"east": {"uv": [7, 6.75, 9, 8.5], "texture": "#texture", "cullface": "east"},
				"south": {"uv": [7.75, 6.75, 16, 8.5], "texture": "#texture", "cullface": "east"},
				"west": {"uv": [7, 6.75, 9, 8.5], "texture": "#texture", "cullface": "east"},
				"up": {"uv": [7.75, 7, 16, 9], "texture": "#texture", "cullface": "east"},
				"down": {"uv": [8.25, 9, 0, 7], "texture": "#texture", "cullface": "east"}
			}
		},
		{
			"from": [7.425, 12.2, 8.25],
			"to": [8.5, 12.55, 8.5],
			"faces": {
				"north": {"uv": [0, 6.75, 8.25, 8.5], "texture": "#texture", "cullface": "east"},
				"east": {"uv": [7, 6.75, 9, 8.5], "texture": "#texture", "cullface": "east"},
				"south": {"uv": [7.75, 6.75, 16, 8.5], "texture": "#texture", "cullface": "east"},
				"west": {"uv": [7, 6.75, 9, 8.5], "texture": "#texture", "cullface": "east"},
				"up": {"uv": [7.75, 7, 16, 9], "texture": "#texture", "cullface": "east"},
				"down": {"uv": [8.25, 9, 0, 7], "texture": "#texture", "cullface": "east"}
			}
		},
		{
			"from": [7.425, 12.2, 7.5],
			"to": [8.5, 12.55, 7.75],
			"faces": {
				"north": {"uv": [0, 6.75, 8.25, 8.5], "texture": "#texture", "cullface": "east"},
				"east": {"uv": [7, 6.75, 9, 8.5], "texture": "#texture", "cullface": "east"},
				"south": {"uv": [7.75, 6.75, 16, 8.5], "texture": "#texture", "cullface": "east"},
				"west": {"uv": [7, 6.75, 9, 8.5], "texture": "#texture", "cullface": "east"},
				"up": {"uv": [7.75, 7, 16, 9], "texture": "#texture", "cullface": "east"},
				"down": {"uv": [8.25, 9, 0, 7], "texture": "#texture", "cullface": "east"}
			}
		},
		{
			"from": [4, 11.45, 7.5],
			"to": [6.75, 12.2, 8.5],
			"faces": {
				"north": {"uv": [0, 6.75, 8.25, 8.5], "texture": "#2", "cullface": "east"},
				"east": {"uv": [7, 6.75, 9, 8.5], "texture": "#2", "cullface": "east"},
				"south": {"uv": [7.75, 6.75, 16, 8.5], "texture": "#2", "cullface": "east"},
				"west": {"uv": [7, 6.75, 9, 8.5], "texture": "#2", "cullface": "east"},
				"up": {"uv": [7.75, 7, 16, 9], "texture": "#2", "cullface": "east"},
				"down": {"uv": [8.25, 9, 0, 7], "texture": "#2", "cullface": "east"}
			}
		},
		{
			"from": [6.75, 11.45, 7.5],
			"to": [8.75, 12.2, 8.5],
			"faces": {
				"north": {"uv": [0, 6.75, 8.25, 8.5], "texture": "#texture", "cullface": "east"},
				"east": {"uv": [7, 6.75, 9, 8.5], "texture": "#texture", "cullface": "east"},
				"south": {"uv": [7.75, 6.75, 16, 8.5], "texture": "#texture", "cullface": "east"},
				"west": {"uv": [7, 6.75, 9, 8.5], "texture": "#texture", "cullface": "east"},
				"up": {"uv": [7.75, 7, 16, 9], "texture": "#texture", "cullface": "east"},
				"down": {"uv": [8.25, 9, 0, 7], "texture": "#texture", "cullface": "east"}
			}
		},
		{
			"from": [3.3, 10.9, 7.5],
			"to": [4.05, 11.65, 8.5],
			"faces": {
				"north": {"uv": [0, 6.75, 8.25, 8.5], "texture": "#2", "cullface": "east"},
				"east": {"uv": [7, 6.75, 9, 8.5], "texture": "#2", "cullface": "east"},
				"south": {"uv": [7.75, 6.75, 16, 8.5], "texture": "#2", "cullface": "east"},
				"west": {"uv": [7, 6.75, 9, 8.5], "texture": "#2", "cullface": "east"},
				"up": {"uv": [7.75, 7, 16, 9], "texture": "#2", "cullface": "east"},
				"down": {"uv": [8.25, 9, 0, 7], "texture": "#2", "cullface": "east"}
			}
		},
		{
			"from": [3.55, 11.25, 7.5],
			"to": [4.3, 12, 8.5],
			"faces": {
				"north": {"uv": [0, 6.75, 8.25, 8.5], "texture": "#2", "cullface": "east"},
				"east": {"uv": [7, 6.75, 9, 8.5], "texture": "#2", "cullface": "east"},
				"south": {"uv": [7.75, 6.75, 16, 8.5], "texture": "#2", "cullface": "east"},
				"west": {"uv": [7, 6.75, 9, 8.5], "texture": "#2", "cullface": "east"},
				"up": {"uv": [7.75, 7, 16, 9], "texture": "#2", "cullface": "east"},
				"down": {"uv": [8.25, 9, 0, 7], "texture": "#2", "cullface": "east"}
			}
		},
		{
			"from": [3.1, 10.2, 7.5],
			"to": [3.875, 11.125, 8.5],
			"faces": {
				"north": {"uv": [0, 6.75, 8.25, 8.5], "texture": "#2", "cullface": "east"},
				"east": {"uv": [7, 6.75, 9, 8.5], "texture": "#2", "cullface": "east"},
				"south": {"uv": [7.75, 6.75, 16, 8.5], "texture": "#2", "cullface": "east"},
				"west": {"uv": [7, 6.75, 9, 8.5], "texture": "#2", "cullface": "east"},
				"up": {"uv": [7.75, 7, 16, 9], "texture": "#2", "cullface": "east"},
				"down": {"uv": [8.25, 9, 0, 7], "texture": "#2", "cullface": "east"}
			}
		},
		{
			"from": [-7.75, 8.85, 7.5],
			"to": [-3.75, 9.35, 7.75],
			"rotation": {"angle": 0, "axis": "y", "origin": [-0.5, 0, 0]},
			"faces": {
				"north": {"uv": [14.5, 7, 16, 7.5], "texture": "#texture", "cullface": "west"},
				"south": {"uv": [0, 7, 1.5, 7.5], "texture": "#texture", "cullface": "west"},
				"west": {"uv": [7.5, 7, 7.75, 7.5], "texture": "#texture", "cullface": "west"},
				"up": {"uv": [0, 7.5, 1.5, 7.75], "texture": "#texture", "cullface": "west"},
				"down": {"uv": [16, 7.75, 14.5, 7.5], "texture": "#texture", "cullface": "west"}
			}
		},
		{
			"from": [-9.075, 8.8, 8.2],
			"to": [-5.075, 9.4, 8.55],
			"rotation": {"angle": 0, "axis": "y", "origin": [-0.5, 0, 0]},
			"faces": {
				"north": {"uv": [14.5, 7, 16, 7.5], "texture": "#texture", "cullface": "west"},
				"south": {"uv": [0, 7, 1.5, 7.5], "texture": "#texture", "cullface": "west"},
				"west": {"uv": [8.25, 7, 8.5, 7.5], "texture": "#texture", "cullface": "west"},
				"up": {"uv": [0, 8.25, 1.5, 8.5], "texture": "#texture", "cullface": "west"},
				"down": {"uv": [16, 8.5, 14.5, 8.25], "texture": "#texture", "cullface": "west"}
			}
		},
		{
			"from": [-9.075, 8.8, 7.45],
			"to": [-5.075, 9.4, 7.8],
			"rotation": {"angle": 0, "axis": "y", "origin": [-0.5, 0, 0]},
			"faces": {
				"north": {"uv": [14.5, 7, 16, 7.5], "texture": "#texture", "cullface": "west"},
				"south": {"uv": [0, 7, 1.5, 7.5], "texture": "#texture", "cullface": "west"},
				"west": {"uv": [8.25, 7, 8.5, 7.5], "texture": "#texture", "cullface": "west"},
				"up": {"uv": [0, 8.25, 1.5, 8.5], "texture": "#texture", "cullface": "west"},
				"down": {"uv": [16, 8.5, 14.5, 8.25], "texture": "#texture", "cullface": "west"}
			}
		},
		{
			"from": [-9.075, 8.55, 7.7],
			"to": [-5.075, 8.9, 8.3],
			"rotation": {"angle": 0, "axis": "y", "origin": [-0.5, 0, 0]},
			"faces": {
				"north": {"uv": [14.5, 7.5, 16, 7.75], "texture": "#texture", "cullface": "west"},
				"south": {"uv": [0, 7.5, 1.5, 7.75], "texture": "#texture", "cullface": "west"},
				"west": {"uv": [7.75, 7.5, 8.25, 7.75], "texture": "#texture", "cullface": "west"},
				"up": {"uv": [0, 7.75, 1.5, 8.25], "texture": "#texture", "cullface": "west"},
				"down": {"uv": [16, 8.25, 14.5, 7.75], "texture": "#texture", "cullface": "west"}
			}
		},
		{
			"from": [17.5, 7.25, 7.5],
			"to": [17.75, 7.75, 8.5],
			"rotation": {"angle": 0, "axis": "y", "origin": [0, -0.25, 0]},
			"faces": {
				"north": {"uv": [3.25, 8.5, 6, 10.75], "texture": "#texture"},
				"east": {"uv": [7.25, 8.5, 8.75, 10.75], "texture": "#texture"},
				"south": {"uv": [10, 8.5, 12.75, 10.75], "texture": "#texture"},
				"west": {"uv": [7.25, 8.5, 8.75, 10.75], "texture": "#texture"},
				"down": {"uv": [6, 8.75, 3.25, 7.25], "texture": "#texture"}
			}
		},
		{
			"from": [17.75, 7, 7.5],
			"to": [19.175, 7.25, 8.5],
			"rotation": {"angle": 0, "axis": "y", "origin": [0, -0.25, 0]},
			"faces": {
				"north": {"uv": [3.25, 8.5, 6, 10.75], "texture": "#2"},
				"east": {"uv": [7.25, 8.5, 8.75, 10.75], "texture": "#2"},
				"south": {"uv": [10, 8.5, 12.75, 10.75], "texture": "#2"},
				"west": {"uv": [7.25, 8.5, 8.75, 10.75], "texture": "#2"},
				"down": {"uv": [6, 8.75, 3.25, 7.25], "texture": "#2"}
			}
		},
		{
			"from": [17.75, 7.25, 7.5],
			"to": [19.675, 7.75, 8.5],
			"rotation": {"angle": 0, "axis": "y", "origin": [0, -0.25, 0]},
			"faces": {
				"north": {"uv": [3.25, 8.5, 6, 10.75], "texture": "#2"},
				"east": {"uv": [7.25, 8.5, 8.75, 10.75], "texture": "#2"},
				"south": {"uv": [10, 8.5, 12.75, 10.75], "texture": "#2"},
				"west": {"uv": [7.25, 8.5, 8.75, 10.75], "texture": "#2"},
				"down": {"uv": [6, 8.75, 3.25, 7.25], "texture": "#2"}
			}
		},
		{
			"from": [14.5, 7.25, 7.5],
			"to": [17.5, 7.75, 8.5],
			"rotation": {"angle": 0, "axis": "y", "origin": [0, -0.25, 0]},
			"faces": {
				"north": {"uv": [3.25, 8.5, 6, 10.75], "texture": "#texture"},
				"east": {"uv": [7.25, 8.5, 8.75, 10.75], "texture": "#texture"},
				"south": {"uv": [10, 8.5, 12.75, 10.75], "texture": "#texture"},
				"west": {"uv": [7.25, 8.5, 8.75, 10.75], "texture": "#texture"},
				"down": {"uv": [6, 8.75, 3.25, 7.25], "texture": "#texture"}
			}
		},
		{
			"from": [17.5, 7, 7.5],
			"to": [17.75, 7.25, 8.5],
			"rotation": {"angle": 0, "axis": "y", "origin": [0, -0.25, 0]},
			"faces": {
				"north": {"uv": [3.25, 8.5, 6, 10.75], "texture": "#texture"},
				"east": {"uv": [7.25, 8.5, 8.75, 10.75], "texture": "#texture"},
				"south": {"uv": [10, 8.5, 12.75, 10.75], "texture": "#texture"},
				"west": {"uv": [7.25, 8.5, 8.75, 10.75], "texture": "#texture"},
				"down": {"uv": [6, 8.75, 3.25, 7.25], "texture": "#texture"}
			}
		},
		{
			"from": [12.75, 7.25, 7.5],
			"to": [14.5, 7.75, 8.5],
			"rotation": {"angle": 0, "axis": "y", "origin": [0, -0.25, 0]},
			"faces": {
				"north": {"uv": [3.25, 8.5, 6, 10.75], "texture": "#texture"},
				"east": {"uv": [7.25, 8.5, 8.75, 10.75], "texture": "#texture"},
				"south": {"uv": [10, 8.5, 12.75, 10.75], "texture": "#texture"},
				"west": {"uv": [7.25, 8.5, 8.75, 10.75], "texture": "#texture"},
				"down": {"uv": [6, 8.75, 3.25, 7.25], "texture": "#texture"}
			}
		},
		{
			"from": [18.5, 7.5, 7.75],
			"to": [19.925, 7.75, 8.25],
			"rotation": {"angle": 0, "axis": "y", "origin": [0, -0.25, 0]},
			"faces": {
				"north": {"uv": [3.25, 8.5, 6, 10.75], "texture": "#2"},
				"east": {"uv": [7.25, 8.5, 8.75, 10.75], "texture": "#2"},
				"south": {"uv": [10, 8.5, 12.75, 10.75], "texture": "#2"},
				"west": {"uv": [7.25, 8.5, 8.75, 10.75], "texture": "#2"},
				"down": {"uv": [6, 8.75, 3.25, 7.25], "texture": "#2"}
			}
		},
		{
			"from": [9.5, 7.5, 7.275],
			"to": [12.025, 7.75, 8.725],
			"faces": {
				"north": {"uv": [3.25, 8.5, 6, 10.75], "texture": "#2"},
				"east": {"uv": [7.25, 8.5, 8.75, 10.75], "texture": "#2"},
				"south": {"uv": [10, 8.5, 12.75, 10.75], "texture": "#2"},
				"west": {"uv": [7.25, 8.5, 8.75, 10.75], "texture": "#2"},
				"down": {"uv": [6, 8.75, 3.25, 7.25], "texture": "#2"}
			}
		},
		{
			"from": [13.25, 5.75, 7.5],
			"to": [13.5, 6, 8.5],
			"rotation": {"angle": 0, "axis": "y", "origin": [-0.5, -0.5, 0]},
			"faces": {
				"north": {"uv": [1.75, 9.5, 2.25, 9.75], "texture": "#texture"},
				"east": {"uv": [7.5, 9.5, 8.5, 9.75], "texture": "#texture"},
				"south": {"uv": [13.75, 9.5, 14.25, 9.75], "texture": "#texture"},
				"up": {"uv": [13.75, 7.5, 14.25, 8.5], "texture": "#texture"},
				"down": {"uv": [2.25, 8.5, 1.75, 7.5], "texture": "#texture"}
			}
		},
		{
			"from": [13.25, 7, 7.5],
			"to": [13.5, 7.25, 8.5],
			"rotation": {"angle": 0, "axis": "y", "origin": [-0.5, -0.5, 0]},
			"faces": {
				"north": {"uv": [1.75, 9.5, 2.25, 9.75], "texture": "#texture"},
				"east": {"uv": [7.5, 9.5, 8.5, 9.75], "texture": "#texture"},
				"south": {"uv": [13.75, 9.5, 14.25, 9.75], "texture": "#texture"},
				"up": {"uv": [13.75, 7.5, 14.25, 8.5], "texture": "#texture"},
				"down": {"uv": [2.25, 8.5, 1.75, 7.5], "texture": "#texture"}
			}
		},
		{
			"from": [13.25, 5.5, 7.5],
			"to": [15.25, 5.75, 8.5],
			"rotation": {"angle": 0, "axis": "y", "origin": [-0.5, -0.5, 0]},
			"faces": {
				"north": {"uv": [0.25, 9.75, 2, 10], "texture": "#texture"},
				"east": {"uv": [7.5, 9.75, 8.5, 10], "texture": "#texture"},
				"south": {"uv": [14, 9.75, 15.75, 10], "texture": "#texture"},
				"west": {"uv": [7.5, 9.75, 8.5, 10], "texture": "#texture"},
				"up": {"uv": [14, 7.5, 15.75, 8.5], "texture": "#texture"},
				"down": {"uv": [2, 8.5, 0.25, 7.5], "texture": "#texture"}
			}
		},
		{
			"from": [15.25, 5.75, 7.5],
			"to": [15.75, 7.25, 8.5],
			"rotation": {"angle": 0, "axis": "y", "origin": [-0.5, -0.5, 0]},
			"faces": {
				"north": {"uv": [0, 8.5, 1.25, 9.75], "texture": "#texture"},
				"east": {"uv": [7.5, 8.5, 8.5, 9.75], "texture": "#texture", "cullface": "east"},
				"south": {"uv": [15.75, 8.5, 15, 9.75], "texture": "#texture"},
				"west": {"uv": [7.5, 8.5, 9.5, 9.75], "texture": "#texture"},
				"down": {"uv": [1.25, 8.5, 0, 7.5], "texture": "#texture"}
			}
		},
		{
			"from": [13, 5.75, 7.5],
			"to": [13.25, 7.25, 8.5],
			"rotation": {"angle": 0, "axis": "y", "origin": [-0.5, -0.5, 0]},
			"faces": {
				"north": {"uv": [0, 8.5, 0.25, 9.75], "texture": "#texture"},
				"east": {"uv": [7.5, 8.5, 8.5, 9.75], "texture": "#texture", "cullface": "east"},
				"south": {"uv": [15.75, 8.5, 16, 9.75], "texture": "#texture"},
				"west": {"uv": [7.5, 8.5, 8.5, 9.75], "texture": "#texture"},
				"down": {"uv": [0.25, 8.5, 0, 7.5], "texture": "#texture"}
			}
		},
		{
			"from": [16.825, -3.25, 7.475],
			"to": [18.725, -0.225, 8.525],
			"rotation": {"angle": 22.5, "axis": "z", "origin": [-0.175, -0.25, 0]},
			"faces": {
				"north": {"uv": [0, 8.5, 1, 9.5], "texture": "#2", "cullface": "east"},
				"east": {"uv": [7.5, 8.5, 8.5, 9.5], "texture": "#2", "cullface": "east"},
				"south": {"uv": [16, 8.5, 15, 9.5], "texture": "#2", "cullface": "east"},
				"west": {"uv": [0, 0, 1, 1], "texture": "#2"},
				"down": {"uv": [0, 8.5, 1, 7.5], "texture": "#2", "cullface": "east"}
			}
		},
		{
			"from": [17.925, 3.75, 7.475],
			"to": [18.425, 4.2, 8.525],
			"rotation": {"angle": 0, "axis": "z", "origin": [-0.175, -0.25, 0]},
			"faces": {
				"north": {"uv": [0, 8.5, 1, 9.5], "texture": "#2", "cullface": "east"},
				"east": {"uv": [7.5, 8.5, 8.5, 9.5], "texture": "#2", "cullface": "east"},
				"south": {"uv": [16, 8.5, 15, 9.5], "texture": "#2", "cullface": "east"},
				"west": {"uv": [0, 0, 1, 1], "texture": "#2"},
				"down": {"uv": [0, 8.5, 1, 7.5], "texture": "#2", "cullface": "east"}
			}
		},
		{
			"from": [17.925, 3.25, 7.55],
			"to": [18.425, 3.75, 8.45],
			"rotation": {"angle": 0, "axis": "y", "origin": [-0.175, -0.25, 0]},
			"faces": {
				"north": {"uv": [0, 8.5, 1, 9.5], "texture": "#texture", "cullface": "east"},
				"east": {"uv": [7.5, 8.5, 8.5, 9.5], "texture": "#texture", "cullface": "east"},
				"south": {"uv": [16, 8.5, 15, 9.5], "texture": "#texture", "cullface": "east"},
				"west": {"uv": [0, 0, 1, 1], "texture": "#texture"},
				"down": {"uv": [0, 8.5, 1, 7.5], "texture": "#texture", "cullface": "east"}
			}
		},
		{
			"from": [16.525, 3.25, 7.475],
			"to": [17.925, 4.2, 8.525],
			"rotation": {"angle": 0, "axis": "y", "origin": [-0.175, -0.25, 0]},
			"faces": {
				"north": {"uv": [0, 8.5, 1, 9.5], "texture": "#2", "cullface": "east"},
				"east": {"uv": [7.5, 8.5, 8.5, 9.5], "texture": "#2", "cullface": "east"},
				"south": {"uv": [16, 8.5, 15, 9.5], "texture": "#2", "cullface": "east"},
				"west": {"uv": [0, 0, 1, 1], "texture": "#2"},
				"down": {"uv": [0, 8.5, 1, 7.5], "texture": "#2", "cullface": "east"}
			}
		},
		{
			"from": [15.525, 6.275, 7.475],
			"to": [17.525, 7.275, 8.525],
			"rotation": {"angle": 0, "axis": "y", "origin": [0, -0.25, 0]},
			"faces": {
				"north": {"uv": [0, 8.5, 1, 9.5], "texture": "#2", "cullface": "east"},
				"east": {"uv": [7.5, 8.5, 8.5, 9.5], "texture": "#2", "cullface": "east"},
				"south": {"uv": [16, 8.5, 15, 9.5], "texture": "#2", "cullface": "east"},
				"west": {"uv": [0, 0, 1, 1], "texture": "#2"},
				"down": {"uv": [0, 8.5, 1, 7.5], "texture": "#2", "cullface": "east"}
			}
		},
		{
			"from": [15.275, 7.075, 7.475],
			"to": [17.525, 7.575, 8.525],
			"rotation": {"angle": 0, "axis": "y", "origin": [0, -0.25, 0]},
			"faces": {
				"north": {"uv": [0, 8.5, 1, 9.5], "texture": "#2", "cullface": "east"},
				"east": {"uv": [7.5, 8.5, 8.5, 9.5], "texture": "#2", "cullface": "east"},
				"south": {"uv": [16, 8.5, 15, 9.5], "texture": "#2", "cullface": "east"},
				"west": {"uv": [0, 0, 1, 1], "texture": "#2"},
				"down": {"uv": [0, 8.5, 1, 7.5], "texture": "#2", "cullface": "east"}
			}
		},
		{
			"from": [15.325, 5.85, 7.475],
			"to": [15.75, 6.175, 8.525],
			"rotation": {"angle": 0, "axis": "y", "origin": [0, -0.25, 0]},
			"faces": {
				"north": {"uv": [0, 8.5, 1, 9.5], "texture": "#2", "cullface": "east"},
				"east": {"uv": [7.5, 8.5, 8.5, 9.5], "texture": "#2", "cullface": "east"},
				"south": {"uv": [16, 8.5, 15, 9.5], "texture": "#2", "cullface": "east"},
				"west": {"uv": [0, 0, 1, 1], "texture": "#2"},
				"down": {"uv": [0, 8.5, 1, 7.5], "texture": "#2", "cullface": "east"}
			}
		},
		{
			"from": [14.725, 6, 7.75],
			"to": [14.975, 7.5, 8.25],
			"rotation": {"angle": -22.5, "axis": "z", "origin": [14.75, 7.5, 7.75]},
			"faces": {
				"north": {"uv": [0, 2, 0.25, 3.5], "texture": "#texture"},
				"east": {"uv": [7.5, 2, 8.5, 3.5], "texture": "#texture"},
				"south": {"uv": [15.75, 2, 16, 3.5], "texture": "#texture"},
				"west": {"uv": [7.5, 2, 8.5, 3.5], "texture": "#texture"},
				"up": {"uv": [15.75, 7.5, 16, 8.5], "texture": "#texture"},
				"down": {"uv": [0.25, 8.5, 0, 7.5], "texture": "#texture"}
			}
		},
		{
			"from": [9, 10, 7],
			"to": [17.75, 10.25, 9],
			"faces": {
				"north": {"uv": [0, 6.5, 8.25, 6.75], "texture": "#2", "cullface": "east"},
				"east": {"uv": [7.25, 6.5, 8.75, 6.75], "texture": "#2", "cullface": "east"},
				"south": {"uv": [7.75, 6.5, 16, 6.75], "texture": "#2", "cullface": "east"},
				"up": {"uv": [7.75, 7.25, 16, 8.75], "texture": "#2", "cullface": "east"}
			}
		},
		{
			"from": [19.75, 7.5, 7.2],
			"to": [27.25, 9.75, 8.8],
			"rotation": {"angle": 0, "axis": "y", "origin": [0.75, 0.25, 0]},
			"faces": {
				"north": {"uv": [8.75, 0.75, 9.5, 2.5], "texture": "#2", "cullface": "east"},
				"east": {"uv": [7, 0.75, 9, 2.5], "texture": "#2", "cullface": "east"},
				"south": {"uv": [6.5, 0.75, 7.25, 2.5], "texture": "#2", "cullface": "east"},
				"west": {"uv": [7, 0.75, 9, 2.5], "texture": "#2", "cullface": "east"},
				"up": {"uv": [6.5, 7, 7.25, 9], "texture": "#2", "cullface": "east"},
				"down": {"uv": [9.5, 9, 8.75, 7], "texture": "#2", "cullface": "east"}
			}
		},
		{
			"from": [23, 7.025, 7.2],
			"to": [24.25, 7.75, 8.8],
			"rotation": {"angle": 0, "axis": "y", "origin": [0.75, 0.25, 0]},
			"faces": {
				"north": {"uv": [8.75, 0.75, 9.5, 2.5], "texture": "#2", "cullface": "east"},
				"east": {"uv": [7, 0.75, 9, 2.5], "texture": "#2", "cullface": "east"},
				"south": {"uv": [6.5, 0.75, 7.25, 2.5], "texture": "#2", "cullface": "east"},
				"west": {"uv": [7, 0.75, 9, 2.5], "texture": "#2", "cullface": "east"},
				"up": {"uv": [6.5, 7, 7.25, 9], "texture": "#2", "cullface": "east"},
				"down": {"uv": [9.5, 9, 8.75, 7], "texture": "#2", "cullface": "east"}
			}
		},
		{
			"from": [28.25, 6, 7.45],
			"to": [28.775, 10.25, 8.55],
			"rotation": {"angle": 0, "axis": "y", "origin": [0.25, 0.25, 0]},
			"faces": {
				"north": {"uv": [8.75, 0.75, 9.5, 2.5], "texture": "#texture", "cullface": "east"},
				"east": {"uv": [7, 0.75, 9, 2.5], "texture": "#texture", "cullface": "east"},
				"south": {"uv": [6.5, 0.75, 7.25, 2.5], "texture": "#texture", "cullface": "east"},
				"west": {"uv": [7, 0.75, 9, 2.5], "texture": "#texture", "cullface": "east"},
				"up": {"uv": [6.5, 7, 7.25, 9], "texture": "#texture", "cullface": "east"},
				"down": {"uv": [9.5, 9, 8.75, 7], "texture": "#texture", "cullface": "east"}
			}
		},
		{
			"from": [27.25, 5.75, 7.2],
			"to": [28.75, 10.5, 8.8],
			"rotation": {"angle": 0, "axis": "y", "origin": [0.25, 0.25, 0]},
			"faces": {
				"north": {"uv": [8.75, 0.75, 9.5, 2.5], "texture": "#2", "cullface": "east"},
				"east": {"uv": [7, 0.75, 9, 2.5], "texture": "#2", "cullface": "east"},
				"south": {"uv": [6.5, 0.75, 7.25, 2.5], "texture": "#2", "cullface": "east"},
				"west": {"uv": [7, 0.75, 9, 2.5], "texture": "#2", "cullface": "east"},
				"up": {"uv": [6.5, 7, 7.25, 9], "texture": "#2", "cullface": "east"},
				"down": {"uv": [9.5, 9, 8.75, 7], "texture": "#2", "cullface": "east"}
			}
		},
		{
			"from": [25.25, 9.75, 7.2],
			"to": [27.25, 10.25, 8.8],
			"rotation": {"angle": 0, "axis": "y", "origin": [0.25, 0.25, 0]},
			"faces": {
				"north": {"uv": [8.75, 0.75, 9.5, 2.5], "texture": "#2", "cullface": "east"},
				"east": {"uv": [7, 0.75, 9, 2.5], "texture": "#2", "cullface": "east"},
				"south": {"uv": [6.5, 0.75, 7.25, 2.5], "texture": "#2", "cullface": "east"},
				"west": {"uv": [7, 0.75, 9, 2.5], "texture": "#2", "cullface": "east"},
				"up": {"uv": [6.5, 7, 7.25, 9], "texture": "#2", "cullface": "east"},
				"down": {"uv": [9.5, 9, 8.75, 7], "texture": "#2", "cullface": "east"}
			}
		},
		{
			"from": [23.25, 9.75, 7.2],
			"to": [25.25, 10, 8.8],
			"rotation": {"angle": 0, "axis": "y", "origin": [0.25, 0.25, 0]},
			"faces": {
				"north": {"uv": [8.75, 0.75, 9.5, 2.5], "texture": "#2", "cullface": "east"},
				"east": {"uv": [7, 0.75, 9, 2.5], "texture": "#2", "cullface": "east"},
				"south": {"uv": [6.5, 0.75, 7.25, 2.5], "texture": "#2", "cullface": "east"},
				"west": {"uv": [7, 0.75, 9, 2.5], "texture": "#2", "cullface": "east"},
				"up": {"uv": [6.5, 7, 7.25, 9], "texture": "#2", "cullface": "east"},
				"down": {"uv": [9.5, 9, 8.75, 7], "texture": "#2", "cullface": "east"}
			}
		},
		{
			"from": [19.225, 15.475, 7.2],
			"to": [23.125, 17.475, 8.8],
			"rotation": {"angle": -22.5, "axis": "z", "origin": [0.75, 0.25, 0]},
			"faces": {
				"north": {"uv": [8.75, 1.15, 9.5, 1.7], "texture": "#2", "cullface": "east"},
				"east": {"uv": [7, 0.75, 9, 2.5], "texture": "#2", "cullface": "east"},
				"south": {"uv": [6.5, 1.05, 7.25, 1.9], "texture": "#2", "cullface": "east"},
				"west": {"uv": [7, 0.75, 9, 2.5], "texture": "#2", "cullface": "east"},
				"up": {"uv": [6.5, 7, 7.25, 9], "texture": "#2", "cullface": "east"},
				"down": {"uv": [9.5, 9, 8.75, 7], "texture": "#2", "cullface": "east"}
			}
		},
		{
			"from": [15, 5.75, 7.5],
			"to": [15.25, 6, 8.5],
			"rotation": {"angle": 0, "axis": "y", "origin": [-0.5, -0.5, 0]},
			"faces": {
				"north": {"uv": [0.25, 9.5, 0.5, 9.75], "texture": "#texture"},
				"south": {"uv": [15.5, 9.5, 15.75, 9.75], "texture": "#texture"},
				"west": {"uv": [7.5, 9.5, 8.5, 9.75], "texture": "#texture"},
				"up": {"uv": [15.5, 7.5, 15.75, 8.5], "texture": "#texture"}
			}
		},
		{
			"from": [15, 7, 7.5],
			"to": [15.25, 7.25, 8.5],
			"rotation": {"angle": 0, "axis": "y", "origin": [-0.5, -0.5, 0]},
			"faces": {
				"north": {"uv": [0.25, 9.5, 0.5, 9.75], "texture": "#texture"},
				"south": {"uv": [15.5, 9.5, 15.75, 9.75], "texture": "#texture"},
				"west": {"uv": [7.5, 9.5, 8.5, 9.75], "texture": "#texture"},
				"up": {"uv": [15.5, 7.5, 15.75, 8.5], "texture": "#texture"},
				"down": {"uv": [15, 8, 16, 9], "texture": "#texture"}
			}
		},
		{
			"from": [9.325, 2.4, 5],
			"to": [12.325, 7.65, 11],
			"rotation": {"angle": 0, "axis": "z", "origin": [0, -0.25, 0]},
			"faces": {
				"north": {"uv": [0.75, 10, 2.5, 10.25], "texture": "#2"},
				"east": {"uv": [7.5, 10, 8.5, 10.25], "texture": "#2"},
				"south": {"uv": [13.5, 10, 15.25, 10.25], "texture": "#2"},
				"west": {"uv": [7.5, 10, 8.5, 10.25], "texture": "#2"},
				"up": {"uv": [13.5, 7.5, 15.25, 8.5], "texture": "#2"},
				"down": {"uv": [2.5, 8.5, 0.75, 7.5], "texture": "#2"}
			}
		},
		{
			"from": [9.325, 2.65, 4.75],
			"to": [12.325, 7.4, 11.25],
			"rotation": {"angle": 0, "axis": "y", "origin": [0, -0.25, 0]},
			"faces": {
				"north": {"uv": [0.75, 10, 2.5, 10.25], "texture": "#2"},
				"east": {"uv": [7.5, 10, 8.5, 10.25], "texture": "#2"},
				"south": {"uv": [13.5, 10, 15.25, 10.25], "texture": "#2"},
				"west": {"uv": [7.5, 10, 8.5, 10.25], "texture": "#2"},
				"up": {"uv": [13.5, 7.5, 15.25, 8.5], "texture": "#2"},
				"down": {"uv": [2.5, 8.5, 0.75, 7.5], "texture": "#2"}
			}
		}
	],
	"gui_light": "front",
	"display": {
		"thirdperson_righthand": {
			"rotation": [116.65, -89.01, 116.77],
			"translation": [0, 0.5, -5.25],
			"scale": [0.8, 0.8, 0.8]
		},
		"thirdperson_lefthand": {
			"rotation": [-116.65, 89.01, 116.77],
			"translation": [0, 0.5, -5.25],
			"scale": [0.8, 0.8, 0.8]
		},
		"firstperson_righthand": {
			"rotation": [0, -90, 0],
			"translation": [0, 2.25, -6.75]
		},
		"firstperson_lefthand": {
			"rotation": [0, 90, 0],
			"translation": [0, 2.25, -6.75]
		},
		"ground": {
			"translation": [-1, 1.75, 0]
		},
		"gui": {
			"rotation": [0, 0, -45],
			"translation": [-0.75, 0.5, 0],
			"scale": [0.52, 0.52, 0.9]
		},
		"fixed": {
			"rotation": [0, 180, -45],
			"translation": [2, 1.5, -1.1],
			"scale": [0.94, 0.94, 0.94]
		}
	}
}