{
	"credit": "Made by SrDarmith - YouTube: Mainclay",
	"textures": {
		"particle": "item/anvil_1",
		"texture": "item/anvil_1",
		"wood door texture": "item/door_wood_lower"
	},
	"elements": [
		{
			"from": [10.25, 6.25, 7.425],
			"to": [12.775, 7.5, 8.575],
			"faces": {
				"north": {"uv": [7, 9, 0, 8], "texture": "#texture"},
				"east": {"uv": [7, 9, 6, 8], "texture": "#texture"},
				"south": {"uv": [7, 9, 0, 8], "texture": "#texture"},
				"west": {"uv": [7, 9, 6, 8], "texture": "#texture"},
				"down": {"uv": [0, 8, 7, 9], "texture": "#texture"}
			}
		},
		{
			"from": [21.75, 7.25, 7.375],
			"to": [24.75, 8.75, 8.65],
			"faces": {
				"north": {"uv": [8.75, 0.75, 9.5, 2.5], "texture": "#wood door texture", "cullface": "east"},
				"east": {"uv": [7, 0.75, 9, 2.5], "texture": "#wood door texture", "cullface": "east"},
				"south": {"uv": [6.5, 0.75, 7.25, 2.5], "texture": "#wood door texture", "cullface": "east"},
				"west": {"uv": [7, 0.75, 9, 2.5], "texture": "#wood door texture", "cullface": "east"},
				"up": {"uv": [6.5, 7, 7.25, 9], "texture": "#wood door texture", "cullface": "east"},
				"down": {"uv": [9.5, 9, 8.75, 7], "texture": "#wood door texture", "cullface": "east"}
			}
		},
		{
			"from": [22.675, 6.2, 7.375],
			"to": [24.75, 7.25, 8.65],
			"faces": {
				"north": {"uv": [8.75, 0.75, 9.5, 2.5], "texture": "#wood door texture", "cullface": "east"},
				"east": {"uv": [7, 0.75, 9, 2.5], "texture": "#wood door texture", "cullface": "east"},
				"south": {"uv": [6.5, 0.75, 7.25, 2.5], "texture": "#wood door texture", "cullface": "east"},
				"west": {"uv": [7, 0.75, 9, 2.5], "texture": "#wood door texture", "cullface": "east"},
				"up": {"uv": [6.5, 7, 7.25, 9], "texture": "#wood door texture", "cullface": "east"},
				"down": {"uv": [9.5, 9, 8.75, 7], "texture": "#wood door texture", "cullface": "east"}
			}
		},
		{
			"from": [23.275, 5, 7.375],
			"to": [24.75, 6.2, 8.65],
			"faces": {
				"north": {"uv": [8.75, 0.75, 9.5, 2.5], "texture": "#wood door texture", "cullface": "east"},
				"east": {"uv": [7, 0.75, 9, 2.5], "texture": "#wood door texture", "cullface": "east"},
				"south": {"uv": [6.5, 0.75, 7.25, 2.5], "texture": "#wood door texture", "cullface": "east"},
				"west": {"uv": [7, 0.75, 9, 2.5], "texture": "#wood door texture", "cullface": "east"},
				"up": {"uv": [6.5, 7, 7.25, 9], "texture": "#wood door texture", "cullface": "east"},
				"down": {"uv": [9.5, 9, 8.75, 7], "texture": "#wood door texture", "cullface": "east"}
			}
		},
		{
			"from": [22.975, 5.6, 7.375],
			"to": [23.275, 6.2, 8.65],
			"faces": {
				"north": {"uv": [8.75, 0.75, 9.5, 2.5], "texture": "#wood door texture", "cullface": "east"},
				"east": {"uv": [7, 0.75, 9, 2.5], "texture": "#wood door texture", "cullface": "east"},
				"south": {"uv": [6.5, 0.75, 7.25, 2.5], "texture": "#wood door texture", "cullface": "east"},
				"west": {"uv": [7, 0.75, 9, 2.5], "texture": "#wood door texture", "cullface": "east"},
				"up": {"uv": [6.5, 7, 7.25, 9], "texture": "#wood door texture", "cullface": "east"},
				"down": {"uv": [9.5, 9, 8.75, 7], "texture": "#wood door texture", "cullface": "east"}
			}
		},
		{
			"from": [21.4, 6.775, 7.375],
			"to": [22.675, 7.25, 8.65],
			"faces": {
				"north": {"uv": [8.75, 0.75, 9.5, 2.5], "texture": "#wood door texture", "cullface": "east"},
				"east": {"uv": [7, 0.75, 9, 2.5], "texture": "#wood door texture", "cullface": "east"},
				"south": {"uv": [6.5, 0.75, 7.25, 2.5], "texture": "#wood door texture", "cullface": "east"},
				"west": {"uv": [7, 0.75, 9, 2.5], "texture": "#wood door texture", "cullface": "east"},
				"up": {"uv": [6.5, 7, 7.25, 9], "texture": "#wood door texture", "cullface": "east"},
				"down": {"uv": [9.5, 9, 8.75, 7], "texture": "#wood door texture", "cullface": "east"}
			}
		},
		{
			"from": [20.9, 7, 7.375],
			"to": [21.4, 7.25, 8.65],
			"faces": {
				"north": {"uv": [8.75, 0.75, 9.5, 2.5], "texture": "#wood door texture", "cullface": "east"},
				"east": {"uv": [7, 0.75, 9, 2.5], "texture": "#wood door texture", "cullface": "east"},
				"south": {"uv": [6.5, 0.75, 7.25, 2.5], "texture": "#wood door texture", "cullface": "east"},
				"west": {"uv": [7, 0.75, 9, 2.5], "texture": "#wood door texture", "cullface": "east"},
				"up": {"uv": [6.5, 7, 7.25, 9], "texture": "#wood door texture", "cullface": "east"},
				"down": {"uv": [9.5, 9, 8.75, 7], "texture": "#wood door texture", "cullface": "east"}
			}
		},
		{
			"from": [22.1, 6.475, 7.375],
			"to": [22.675, 6.775, 8.65],
			"faces": {
				"north": {"uv": [8.75, 0.75, 9.5, 2.5], "texture": "#wood door texture", "cullface": "east"},
				"east": {"uv": [7, 0.75, 9, 2.5], "texture": "#wood door texture", "cullface": "east"},
				"south": {"uv": [6.5, 0.75, 7.25, 2.5], "texture": "#wood door texture", "cullface": "east"},
				"west": {"uv": [7, 0.75, 9, 2.5], "texture": "#wood door texture", "cullface": "east"},
				"up": {"uv": [6.5, 7, 7.25, 9], "texture": "#wood door texture", "cullface": "east"},
				"down": {"uv": [9.5, 9, 8.75, 7], "texture": "#wood door texture", "cullface": "east"}
			}
		},
		{
			"from": [23.5, 4, 7.375],
			"to": [24.75, 5, 8.65],
			"faces": {
				"north": {"uv": [8.75, 0.75, 9.5, 2.5], "texture": "#wood door texture", "cullface": "east"},
				"east": {"uv": [7, 0.75, 9, 2.5], "texture": "#wood door texture", "cullface": "east"},
				"south": {"uv": [6.5, 0.75, 7.25, 2.5], "texture": "#wood door texture", "cullface": "east"},
				"west": {"uv": [7, 0.75, 9, 2.5], "texture": "#wood door texture", "cullface": "east"},
				"up": {"uv": [6.5, 7, 7.25, 9], "texture": "#wood door texture", "cullface": "east"},
				"down": {"uv": [9.5, 9, 8.75, 7], "texture": "#wood door texture", "cullface": "east"}
			}
		},
		{
			"from": [24.75, 5, 7.375],
			"to": [27.5, 8.5, 8.65],
			"faces": {
				"north": {"uv": [8.75, 0.75, 9.5, 2.5], "texture": "#wood door texture", "cullface": "east"},
				"east": {"uv": [7, 0.75, 9, 2.5], "texture": "#wood door texture", "cullface": "east"},
				"south": {"uv": [6.5, 0.75, 7.25, 2.5], "texture": "#wood door texture", "cullface": "east"},
				"west": {"uv": [7, 0.75, 9, 2.5], "texture": "#wood door texture", "cullface": "east"},
				"up": {"uv": [6.5, 7, 7.25, 9], "texture": "#wood door texture", "cullface": "east"},
				"down": {"uv": [9.5, 9, 8.75, 7], "texture": "#wood door texture", "cullface": "east"}
			}
		},
		{
			"from": [24.75, 3.75, 7.375],
			"to": [27.5, 5, 8.65],
			"faces": {
				"north": {"uv": [8.75, 0.75, 9.5, 2.5], "texture": "#wood door texture", "cullface": "east"},
				"east": {"uv": [7, 0.75, 9, 2.5], "texture": "#wood door texture", "cullface": "east"},
				"south": {"uv": [6.5, 0.75, 7.25, 2.5], "texture": "#wood door texture", "cullface": "east"},
				"west": {"uv": [7, 0.75, 9, 2.5], "texture": "#wood door texture", "cullface": "east"},
				"up": {"uv": [6.5, 7, 7.25, 9], "texture": "#wood door texture", "cullface": "east"},
				"down": {"uv": [9.5, 9, 8.75, 7], "texture": "#wood door texture", "cullface": "east"}
			}
		},
		{
			"from": [19, 7.25, 7.375],
			"to": [21.75, 9, 8.65],
			"faces": {
				"north": {"uv": [8.75, 0.75, 9.5, 2.5], "texture": "#wood door texture", "cullface": "east"},
				"east": {"uv": [7, 0.75, 9, 2.5], "texture": "#wood door texture", "cullface": "east"},
				"south": {"uv": [6.5, 0.75, 7.25, 2.5], "texture": "#wood door texture", "cullface": "east"},
				"west": {"uv": [7, 0.75, 9, 2.5], "texture": "#wood door texture", "cullface": "east"},
				"up": {"uv": [6.5, 7, 7.25, 9], "texture": "#wood door texture", "cullface": "east"},
				"down": {"uv": [9.5, 9, 8.75, 7], "texture": "#wood door texture", "cullface": "east"}
			}
		},
		{
			"from": [27.5, 3.75, 7.375],
			"to": [27.75, 8.5, 8.65],
			"faces": {
				"north": {"uv": [0, 6.5, 1, 12], "texture": "#texture", "cullface": "east"},
				"east": {"uv": [7, 6.5, 9, 12], "texture": "#texture", "cullface": "east"},
				"south": {"uv": [16, 6.5, 15, 12], "texture": "#texture", "cullface": "east"},
				"west": {"uv": [7, 6.5, 9, 12], "texture": "#texture", "cullface": "east"},
				"up": {"uv": [16, 7, 15, 9], "texture": "#texture", "cullface": "east"},
				"down": {"uv": [0, 9, 1, 7], "texture": "#texture", "cullface": "east"}
			}
		},
		{
			"from": [6.575, 6.15, 4.75],
			"to": [9.325, 8.65, 11.25],
			"rotation": {"angle": -22.5, "axis": "z", "origin": [0, -0.25, 0]},
			"faces": {
				"north": {"uv": [7, 9, 0, 8], "texture": "#texture"},
				"east": {"uv": [7, 9, 6, 8], "texture": "#texture"},
				"south": {"uv": [7, 9, 0, 8], "texture": "#texture"},
				"west": {"uv": [7, 9, 6, 8], "texture": "#texture"},
				"up": {"uv": [7, 9, 0, 8], "texture": "#texture"},
				"down": {"uv": [0, 8, 7, 9], "texture": "#texture"}
			}
		},
		{
			"from": [6.575, 4.15, 6.75],
			"to": [9.325, 6.15, 9.25],
			"rotation": {"angle": -22.5, "axis": "z", "origin": [0, -0.25, 0]},
			"faces": {
				"north": {"uv": [7, 9, 0, 8], "texture": "#texture"},
				"east": {"uv": [7, 9, 6, 8], "texture": "#texture"},
				"south": {"uv": [7, 9, 0, 8], "texture": "#texture"},
				"west": {"uv": [7, 9, 6, 8], "texture": "#texture"},
				"up": {"uv": [7, 9, 0, 8], "texture": "#texture"},
				"down": {"uv": [0, 8, 7, 9], "texture": "#texture"}
			}
		},
		{
			"from": [6.575, 8.65, 6.75],
			"to": [9.325, 10.65, 9.25],
			"rotation": {"angle": -22.5, "axis": "z", "origin": [0, -0.25, 0]},
			"faces": {
				"north": {"uv": [7, 9, 0, 8], "texture": "#texture"},
				"east": {"uv": [7, 9, 6, 8], "texture": "#texture"},
				"south": {"uv": [7, 9, 0, 8], "texture": "#texture"},
				"west": {"uv": [7, 9, 6, 8], "texture": "#texture"},
				"up": {"uv": [7, 9, 0, 8], "texture": "#texture"},
				"down": {"uv": [0, 8, 7, 9], "texture": "#texture"}
			}
		},
		{
			"from": [6.575, 8.65, 9.25],
			"to": [9.325, 9.9, 10.5],
			"rotation": {"angle": -22.5, "axis": "z", "origin": [0, -0.25, 0]},
			"faces": {
				"north": {"uv": [7, 9, 0, 8], "texture": "#texture"},
				"east": {"uv": [7, 9, 6, 8], "texture": "#texture"},
				"south": {"uv": [7, 9, 0, 8], "texture": "#texture"},
				"west": {"uv": [7, 9, 6, 8], "texture": "#texture"},
				"up": {"uv": [7, 9, 0, 8], "texture": "#texture"},
				"down": {"uv": [0, 8, 7, 9], "texture": "#texture"}
			}
		},
		{
			"from": [6.575, 8.65, 10.5],
			"to": [9.325, 9.4, 11],
			"rotation": {"angle": -22.5, "axis": "z", "origin": [0, -0.25, 0]},
			"faces": {
				"north": {"uv": [7, 9, 0, 8], "texture": "#texture"},
				"east": {"uv": [7, 9, 6, 8], "texture": "#texture"},
				"south": {"uv": [7, 9, 0, 8], "texture": "#texture"},
				"west": {"uv": [7, 9, 6, 8], "texture": "#texture"},
				"up": {"uv": [7, 9, 0, 8], "texture": "#texture"},
				"down": {"uv": [0, 8, 7, 9], "texture": "#texture"}
			}
		},
		{
			"from": [6.575, 9.9, 9.25],
			"to": [9.325, 10.4, 10],
			"rotation": {"angle": -22.5, "axis": "z", "origin": [0, -0.25, 0]},
			"faces": {
				"north": {"uv": [7, 9, 0, 8], "texture": "#texture"},
				"east": {"uv": [7, 9, 6, 8], "texture": "#texture"},
				"south": {"uv": [7, 9, 0, 8], "texture": "#texture"},
				"west": {"uv": [7, 9, 6, 8], "texture": "#texture"},
				"up": {"uv": [7, 9, 0, 8], "texture": "#texture"},
				"down": {"uv": [0, 8, 7, 9], "texture": "#texture"}
			}
		},
		{
			"from": [6.575, 8.65, 5],
			"to": [9.325, 9.4, 5.5],
			"rotation": {"angle": -22.5, "axis": "z", "origin": [0, -0.25, 0]},
			"faces": {
				"north": {"uv": [7, 9, 0, 8], "texture": "#texture"},
				"east": {"uv": [7, 9, 6, 8], "texture": "#texture"},
				"south": {"uv": [7, 9, 0, 8], "texture": "#texture"},
				"west": {"uv": [7, 9, 6, 8], "texture": "#texture"},
				"up": {"uv": [7, 9, 0, 8], "texture": "#texture"},
				"down": {"uv": [0, 8, 7, 9], "texture": "#texture"}
			}
		},
		{
			"from": [6.575, 5.4, 10.5],
			"to": [9.325, 6.15, 11],
			"rotation": {"angle": -22.5, "axis": "z", "origin": [0, -0.25, 0]},
			"faces": {
				"north": {"uv": [7, 9, 0, 8], "texture": "#texture"},
				"east": {"uv": [7, 9, 6, 8], "texture": "#texture"},
				"south": {"uv": [7, 9, 0, 8], "texture": "#texture"},
				"west": {"uv": [7, 9, 6, 8], "texture": "#texture"},
				"up": {"uv": [7, 9, 0, 8], "texture": "#texture"},
				"down": {"uv": [0, 8, 7, 9], "texture": "#texture"}
			}
		},
		{
			"from": [6.575, 5.4, 5],
			"to": [9.325, 6.15, 5.5],
			"rotation": {"angle": -22.5, "axis": "z", "origin": [0, -0.25, 0]},
			"faces": {
				"north": {"uv": [7, 9, 0, 8], "texture": "#texture"},
				"east": {"uv": [7, 9, 6, 8], "texture": "#texture"},
				"south": {"uv": [7, 9, 0, 8], "texture": "#texture"},
				"west": {"uv": [7, 9, 6, 8], "texture": "#texture"},
				"up": {"uv": [7, 9, 0, 8], "texture": "#texture"},
				"down": {"uv": [0, 8, 7, 9], "texture": "#texture"}
			}
		},
		{
			"from": [6.575, 9.9, 6],
			"to": [9.325, 10.4, 6.75],
			"rotation": {"angle": -22.5, "axis": "z", "origin": [0, -0.25, 0]},
			"faces": {
				"north": {"uv": [7, 9, 0, 8], "texture": "#texture"},
				"east": {"uv": [7, 9, 6, 8], "texture": "#texture"},
				"south": {"uv": [7, 9, 0, 8], "texture": "#texture"},
				"west": {"uv": [7, 9, 6, 8], "texture": "#texture"},
				"up": {"uv": [7, 9, 0, 8], "texture": "#texture"},
				"down": {"uv": [0, 8, 7, 9], "texture": "#texture"}
			}
		},
		{
			"from": [6.575, 4.4, 9.25],
			"to": [9.325, 4.9, 10],
			"rotation": {"angle": -22.5, "axis": "z", "origin": [0, -0.25, 0]},
			"faces": {
				"north": {"uv": [7, 9, 0, 8], "texture": "#texture"},
				"east": {"uv": [7, 9, 6, 8], "texture": "#texture"},
				"south": {"uv": [7, 9, 0, 8], "texture": "#texture"},
				"west": {"uv": [7, 9, 6, 8], "texture": "#texture"},
				"up": {"uv": [7, 9, 0, 8], "texture": "#texture"},
				"down": {"uv": [0, 8, 7, 9], "texture": "#texture"}
			}
		},
		{
			"from": [6.575, 4.4, 6],
			"to": [9.325, 4.9, 6.75],
			"rotation": {"angle": -22.5, "axis": "z", "origin": [0, -0.25, 0]},
			"faces": {
				"north": {"uv": [7, 9, 0, 8], "texture": "#texture"},
				"east": {"uv": [7, 9, 6, 8], "texture": "#texture"},
				"south": {"uv": [7, 9, 0, 8], "texture": "#texture"},
				"west": {"uv": [7, 9, 6, 8], "texture": "#texture"},
				"up": {"uv": [7, 9, 0, 8], "texture": "#texture"},
				"down": {"uv": [0, 8, 7, 9], "texture": "#texture"}
			}
		},
		{
			"from": [6.575, 4.9, 9.25],
			"to": [9.325, 6.15, 10.5],
			"rotation": {"angle": -22.5, "axis": "z", "origin": [0, -0.25, 0]},
			"faces": {
				"north": {"uv": [7, 9, 0, 8], "texture": "#texture"},
				"east": {"uv": [7, 9, 6, 8], "texture": "#texture"},
				"south": {"uv": [7, 9, 0, 8], "texture": "#texture"},
				"west": {"uv": [7, 9, 6, 8], "texture": "#texture"},
				"up": {"uv": [7, 9, 0, 8], "texture": "#texture"},
				"down": {"uv": [0, 8, 7, 9], "texture": "#texture"}
			}
		},
		{
			"from": [6.575, 4.9, 5.5],
			"to": [9.325, 6.15, 6.75],
			"rotation": {"angle": -22.5, "axis": "z", "origin": [0, -0.25, 0]},
			"faces": {
				"north": {"uv": [7, 9, 0, 8], "texture": "#texture"},
				"east": {"uv": [7, 9, 6, 8], "texture": "#texture"},
				"south": {"uv": [7, 9, 0, 8], "texture": "#texture"},
				"west": {"uv": [7, 9, 6, 8], "texture": "#texture"},
				"up": {"uv": [7, 9, 0, 8], "texture": "#texture"},
				"down": {"uv": [0, 8, 7, 9], "texture": "#texture"}
			}
		},
		{
			"from": [6.575, 8.65, 5.5],
			"to": [9.325, 9.9, 6.75],
			"rotation": {"angle": -22.5, "axis": "z", "origin": [0, -0.25, 0]},
			"faces": {
				"north": {"uv": [7, 9, 0, 8], "texture": "#texture"},
				"east": {"uv": [7, 9, 6, 8], "texture": "#texture"},
				"south": {"uv": [7, 9, 0, 8], "texture": "#texture"},
				"west": {"uv": [7, 9, 6, 8], "texture": "#texture"},
				"up": {"uv": [7, 9, 0, 8], "texture": "#texture"},
				"down": {"uv": [0, 8, 7, 9], "texture": "#texture"}
			}
		},
		{
			"from": [-10.25, 9, 7.75],
			"to": [3.25, 9.25, 8.25],
			"faces": {
				"north": {"uv": [14.5, 6.75, 16, 7], "texture": "#texture", "cullface": "west"},
				"south": {"uv": [0, 6.75, 1.5, 7], "texture": "#texture", "cullface": "west"},
				"west": {"uv": [7.75, 6.75, 8.25, 7], "texture": "#texture", "cullface": "west"},
				"up": {"uv": [0, 7.75, 1.5, 8.25], "texture": "#texture", "cullface": "west"},
				"down": {"uv": [16, 8.25, 14.5, 7.75], "texture": "#texture", "cullface": "west"}
			}
		},
		{
			"from": [-9.5, 8.25, 7.5],
			"to": [-8.5, 9.25, 8.5],
			"faces": {
				"north": {"uv": [16, 6.75, 15, 7.75], "texture": "#texture", "cullface": "west"},
				"east": {"uv": [7.5, 6.75, 8.5, 7.75], "texture": "#texture", "cullface": "west"},
				"south": {"uv": [0, 6.75, 1, 7.75], "texture": "#texture", "cullface": "west"},
				"west": {"uv": [7.5, 6.75, 8.5, 7.75], "texture": "#texture", "cullface": "west"},
				"up": {"uv": [0, 7.5, 1, 8.5], "texture": "#texture", "cullface": "west"},
				"down": {"uv": [16, 8.5, 15, 7.5], "texture": "#texture", "cullface": "west"}
			}
		},
		{
			"from": [-8.25, 7.75, 7.5],
			"to": [-7.25, 9.25, 8.5],
			"faces": {
				"north": {"uv": [16, 6.75, 15, 7.75], "texture": "#texture", "cullface": "west"},
				"east": {"uv": [7.5, 6.75, 8.5, 7.75], "texture": "#texture", "cullface": "west"},
				"south": {"uv": [0, 6.75, 1, 7.75], "texture": "#texture", "cullface": "west"},
				"west": {"uv": [7.5, 6.75, 8.5, 7.75], "texture": "#texture", "cullface": "west"},
				"up": {"uv": [0, 7.5, 1, 8.5], "texture": "#texture", "cullface": "west"},
				"down": {"uv": [16, 8.5, 15, 7.5], "texture": "#texture", "cullface": "west"}
			}
		},
		{
			"from": [-8.25, 6.5, 7.75],
			"to": [-7.25, 7.75, 8.25],
			"faces": {
				"north": {"uv": [16, 6.75, 15, 7.75], "texture": "#texture", "cullface": "west"},
				"east": {"uv": [7.5, 6.75, 8.5, 7.75], "texture": "#texture", "cullface": "west"},
				"south": {"uv": [0, 6.75, 1, 7.75], "texture": "#texture", "cullface": "west"},
				"west": {"uv": [7.5, 6.75, 8.5, 7.75], "texture": "#texture", "cullface": "west"},
				"up": {"uv": [0, 7.5, 1, 8.5], "texture": "#texture", "cullface": "west"},
				"down": {"uv": [16, 8.5, 15, 7.5], "texture": "#texture", "cullface": "west"}
			}
		},
		{
			"from": [1.5, 6.25, 8.5],
			"to": [2, 8, 9.075],
			"faces": {
				"north": {"uv": [16, 6.75, 15, 7.75], "texture": "#texture", "cullface": "west"},
				"east": {"uv": [7.5, 6.75, 8.5, 7.75], "texture": "#texture", "cullface": "west"},
				"south": {"uv": [0, 6.75, 1, 7.75], "texture": "#texture", "cullface": "west"},
				"west": {"uv": [7.5, 6.75, 8.5, 7.75], "texture": "#texture", "cullface": "west"},
				"up": {"uv": [0, 7.5, 1, 8.5], "texture": "#texture", "cullface": "west"},
				"down": {"uv": [16, 8.5, 15, 7.5], "texture": "#texture", "cullface": "west"}
			}
		},
		{
			"from": [1.5, 6.25, 6.925],
			"to": [2, 8, 7.5],
			"faces": {
				"north": {"uv": [16, 6.75, 15, 7.75], "texture": "#texture", "cullface": "west"},
				"east": {"uv": [7.5, 6.75, 8.5, 7.75], "texture": "#texture", "cullface": "west"},
				"south": {"uv": [0, 6.75, 1, 7.75], "texture": "#texture", "cullface": "west"},
				"west": {"uv": [7.5, 6.75, 8.5, 7.75], "texture": "#texture", "cullface": "west"},
				"up": {"uv": [0, 7.5, 1, 8.5], "texture": "#texture", "cullface": "west"},
				"down": {"uv": [16, 8.5, 15, 7.5], "texture": "#texture", "cullface": "west"}
			}
		},
		{
			"from": [-8, 6.875, 7.5],
			"to": [-7.5, 7.375, 8.5],
			"faces": {
				"north": {"uv": [16, 6.75, 15, 7.75], "texture": "#texture", "cullface": "west"},
				"east": {"uv": [7.5, 6.75, 8.5, 7.75], "texture": "#texture", "cullface": "west"},
				"south": {"uv": [0, 6.75, 1, 7.75], "texture": "#texture", "cullface": "west"},
				"west": {"uv": [7.5, 6.75, 8.5, 7.75], "texture": "#texture", "cullface": "west"},
				"up": {"uv": [0, 7.5, 1, 8.5], "texture": "#texture", "cullface": "west"},
				"down": {"uv": [16, 8.5, 15, 7.5], "texture": "#texture", "cullface": "west"}
			}
		},
		{
			"from": [-10.25, 8.5, 7.5],
			"to": [3.25, 9, 7.75],
			"faces": {
				"north": {"uv": [14.5, 7, 16, 7.5], "texture": "#texture", "cullface": "west"},
				"south": {"uv": [0, 7, 1.5, 7.5], "texture": "#texture", "cullface": "west"},
				"west": {"uv": [7.5, 7, 7.75, 7.5], "texture": "#texture", "cullface": "west"},
				"up": {"uv": [0, 7.5, 1.5, 7.75], "texture": "#texture", "cullface": "west"},
				"down": {"uv": [16, 7.75, 14.5, 7.5], "texture": "#texture", "cullface": "west"}
			}
		},
		{
			"from": [-10.25, 8.5, 8.25],
			"to": [3.25, 9, 8.5],
			"faces": {
				"north": {"uv": [14.5, 7, 16, 7.5], "texture": "#texture", "cullface": "west"},
				"south": {"uv": [0, 7, 1.5, 7.5], "texture": "#texture", "cullface": "west"},
				"west": {"uv": [8.25, 7, 8.5, 7.5], "texture": "#texture", "cullface": "west"},
				"up": {"uv": [0, 8.25, 1.5, 8.5], "texture": "#texture", "cullface": "west"},
				"down": {"uv": [16, 8.5, 14.5, 8.25], "texture": "#texture", "cullface": "west"}
			}
		},
		{
			"from": [-8.75, 6.75, 8.5],
			"to": [1.5, 7.5, 9],
			"faces": {
				"north": {"uv": [14.5, 7, 16, 7.5], "texture": "#texture", "cullface": "west"},
				"south": {"uv": [0, 7, 1.5, 7.5], "texture": "#texture", "cullface": "west"},
				"west": {"uv": [8.25, 7, 8.5, 7.5], "texture": "#texture", "cullface": "west"},
				"up": {"uv": [0, 8.25, 1.5, 8.5], "texture": "#texture", "cullface": "west"},
				"down": {"uv": [16, 8.5, 14.5, 8.25], "texture": "#texture", "cullface": "west"}
			}
		},
		{
			"from": [-8.75, 6.75, 7],
			"to": [1.5, 7.5, 7.5],
			"faces": {
				"north": {"uv": [14.5, 7, 16, 7.5], "texture": "#texture", "cullface": "west"},
				"south": {"uv": [0, 7, 1.5, 7.5], "texture": "#texture", "cullface": "west"},
				"west": {"uv": [8.25, 7, 8.5, 7.5], "texture": "#texture", "cullface": "west"},
				"up": {"uv": [0, 8.25, 1.5, 8.5], "texture": "#texture", "cullface": "west"},
				"down": {"uv": [16, 8.5, 14.5, 8.25], "texture": "#texture", "cullface": "west"}
			}
		},
		{
			"from": [-10.25, 8.25, 7.75],
			"to": [3.25, 8.5, 8.25],
			"faces": {
				"north": {"uv": [14.5, 7.5, 16, 7.75], "texture": "#texture", "cullface": "west"},
				"south": {"uv": [0, 7.5, 1.5, 7.75], "texture": "#texture", "cullface": "west"},
				"west": {"uv": [7.75, 7.5, 8.25, 7.75], "texture": "#texture", "cullface": "west"},
				"up": {"uv": [0, 7.75, 1.5, 8.25], "texture": "#texture", "cullface": "west"},
				"down": {"uv": [16, 8.25, 14.5, 7.75], "texture": "#texture", "cullface": "west"}
			}
		},
		{
			"from": [-8.5, 7.9, 7.75],
			"to": [3.5, 8.075, 8.25],
			"faces": {
				"north": {"uv": [14.5, 7.5, 16, 7.75], "texture": "#texture", "cullface": "west"},
				"south": {"uv": [0, 7.5, 1.5, 7.75], "texture": "#texture", "cullface": "west"},
				"west": {"uv": [7.75, 7.5, 8.25, 7.75], "texture": "#texture", "cullface": "west"},
				"up": {"uv": [0, 7.75, 1.5, 8.25], "texture": "#texture", "cullface": "west"},
				"down": {"uv": [16, 8.25, 14.5, 7.75], "texture": "#texture", "cullface": "west"}
			}
		},
		{
			"from": [-1.425, 8.225, 7.475],
			"to": [-0.05, 9.3, 8.525],
			"faces": {
				"north": {"uv": [12, 11.75, 13, 12.75], "texture": "#texture", "cullface": "west"},
				"east": {"uv": [7.5, 6.75, 8.5, 7.75], "texture": "#texture", "cullface": "west"},
				"south": {"uv": [3, 11.75, 4, 12.75], "texture": "#texture", "cullface": "west"},
				"west": {"uv": [7.5, 6.75, 8.5, 7.75], "texture": "#texture", "cullface": "west"},
				"up": {"uv": [3, 12.5, 4, 13.5], "texture": "#texture", "cullface": "west"},
				"down": {"uv": [12, 13.5, 13, 12.5], "texture": "#texture", "cullface": "west"}
			}
		},
		{
			"from": [-1.175, 9.275, 7.6],
			"to": [-0.175, 9.625, 8.4],
			"faces": {
				"north": {"uv": [12, 11.5, 13, 11.75], "texture": "#texture", "cullface": "west"},
				"east": {"uv": [7.75, 6.5, 8.25, 6.75], "texture": "#texture", "cullface": "west"},
				"south": {"uv": [3, 11.5, 4, 11.75], "texture": "#texture", "cullface": "west"},
				"west": {"uv": [7.75, 6.5, 8.25, 6.75], "texture": "#texture", "cullface": "west"},
				"up": {"uv": [3, 12.75, 4, 13.25], "texture": "#texture", "cullface": "west"}
			}
		},
		{
			"from": [-0.75, 9.6, 7.725],
			"to": [-0.425, 9.975, 8.275],
			"faces": {
				"north": {"uv": [12, 11.25, 13, 11.5], "texture": "#texture", "cullface": "west"},
				"south": {"uv": [3, 11.25, 4, 11.5], "texture": "#texture", "cullface": "west"},
				"west": {"uv": [7.75, 6.25, 8.25, 6.5], "texture": "#texture", "cullface": "west"},
				"up": {"uv": [3, 12.75, 4, 13.25], "texture": "#texture", "cullface": "west"}
			}
		},
		{
			"from": [-0.425, 9.625, 7.725],
			"to": [2.325, 10.375, 8.275],
			"faces": {
				"north": {"uv": [11.5, 11, 13, 11.5], "texture": "#texture", "cullface": "west"},
				"south": {"uv": [3, 11, 4.5, 11.5], "texture": "#texture", "cullface": "west"},
				"west": {"uv": [7.75, 6, 8.25, 6.5], "texture": "#texture", "cullface": "west"},
				"up": {"uv": [3, 12.75, 4.5, 13.25], "texture": "#texture", "cullface": "west"},
				"down": {"uv": [13, 13.25, 11.5, 12.75], "texture": "#texture", "cullface": "west"}
			}
		},
		{
			"from": [2.25, 9.425, 7.2],
			"to": [2.5, 10.25, 8.775],
			"faces": {
				"north": {"uv": [14.25, 5.75, 14.5, 6.75], "texture": "#texture"},
				"south": {"uv": [1.5, 5.75, 1.75, 6.75], "texture": "#texture"},
				"west": {"uv": [7, 5.75, 9, 6.75], "texture": "#texture"},
				"up": {"uv": [1.5, 7, 1.75, 9], "texture": "#texture"}
			}
		},
		{
			"from": [2.25, 8.075, 7.025],
			"to": [2.5, 9.425, 8.95],
			"faces": {
				"north": {"uv": [14.25, 6.75, 14.5, 7.75], "texture": "#texture"},
				"south": {"uv": [1.5, 6.75, 1.75, 7.75], "texture": "#texture"},
				"west": {"uv": [6.75, 6.75, 9.25, 7.75], "texture": "#texture"},
				"up": {"uv": [1.5, 6.75, 1.75, 9.25], "texture": "#texture"},
				"down": {"uv": [14.5, 9.25, 14.25, 6.75], "texture": "#texture"}
			}
		},
		{
			"from": [2.5, 9.5, 7.2],
			"to": [6.75, 10.325, 8.775],
			"faces": {
				"north": {"uv": [10.25, 5.75, 14.25, 6.5], "texture": "#wood door texture"},
				"east": {"uv": [5, 6, 6, 7], "texture": "#wood door texture"},
				"south": {"uv": [1.75, 5.75, 5.75, 6.5], "texture": "#wood door texture"},
				"west": {"uv": [5, 6, 6, 7], "texture": "#wood door texture"},
				"up": {"uv": [1.75, 7, 5.75, 9], "texture": "#wood door texture"},
				"down": {"uv": [14.25, 9, 10.25, 7], "texture": "#wood door texture"}
			}
		},
		{
			"from": [2.5, 10.25, 7.45],
			"to": [6.75, 10.575, 8.525],
			"faces": {
				"north": {"uv": [10.25, 5.5, 14.25, 5.75], "texture": "#wood door texture"},
				"east": {"uv": [5, 6, 6, 7], "texture": "#wood door texture"},
				"south": {"uv": [1.75, 5.5, 5.75, 5.75], "texture": "#wood door texture"},
				"west": {"uv": [5, 6, 6, 7], "texture": "#wood door texture"},
				"up": {"uv": [1.75, 7.25, 5.75, 8.75], "texture": "#wood door texture"}
			}
		},
		{
			"from": [2.25, 10.25, 7.45],
			"to": [2.5, 10.5, 8.525],
			"faces": {
				"north": {"uv": [14.25, 5.5, 14.5, 5.75], "texture": "#texture"},
				"south": {"uv": [1.5, 5.5, 1.75, 5.75], "texture": "#texture"},
				"west": {"uv": [7.25, 5.5, 8.75, 5.75], "texture": "#texture"},
				"up": {"uv": [1.5, 7.25, 1.75, 8.75], "texture": "#texture"}
			}
		},
		{
			"from": [6.75, 9.25, 7.2],
			"to": [7, 10.25, 8.775],
			"faces": {
				"north": {"uv": [14.25, 5.75, 14.5, 6.75], "texture": "#texture"},
				"east": {"uv": [0, 0, 1, 1], "texture": "#texture"},
				"south": {"uv": [1.5, 5.75, 1.75, 6.75], "texture": "#texture"},
				"west": {"uv": [7, 5.75, 9, 6.75], "texture": "#texture"},
				"up": {"uv": [1.5, 7, 1.75, 9], "texture": "#texture"}
			}
		},
		{
			"from": [6.75, 10.25, 7.45],
			"to": [7, 10.5, 8.525],
			"faces": {
				"north": {"uv": [14.25, 5.5, 14.5, 5.75], "texture": "#texture"},
				"east": {"uv": [0, 0, 1, 1], "texture": "#texture"},
				"south": {"uv": [1.5, 5.5, 1.75, 5.75], "texture": "#texture"},
				"west": {"uv": [7.25, 5.5, 8.75, 5.75], "texture": "#texture"},
				"up": {"uv": [1.5, 7.25, 1.75, 8.75], "texture": "#texture"}
			}
		},
		{
			"from": [2.5, 8, 7.025],
			"to": [8.25, 9.25, 8.95],
			"faces": {
				"north": {"uv": [8.25, 6.75, 14.25, 7.75], "texture": "#wood door texture"},
				"east": {"uv": [6.75, 6.75, 9.25, 7.75], "texture": "#wood door texture"},
				"south": {"uv": [1.75, 6.75, 7.75, 7.75], "texture": "#wood door texture"},
				"west": {"uv": [5, 8, 6, 9], "texture": "#wood door texture"},
				"up": {"uv": [1.75, 6.75, 7.75, 9.25], "texture": "#wood door texture"},
				"down": {"uv": [14.25, 9.25, 8.25, 6.75], "texture": "#wood door texture"}
			}
		},
		{
			"from": [2.5, 7.75, 7.2],
			"to": [7.5, 8.25, 8.775],
			"faces": {
				"north": {"uv": [10.5, 7.75, 14.25, 8.25], "texture": "#wood door texture"},
				"south": {"uv": [1.75, 7.75, 5.5, 8.25], "texture": "#wood door texture"},
				"west": {"uv": [5, 8, 6, 9], "texture": "#wood door texture"},
				"down": {"uv": [14.25, 9, 10.5, 7], "texture": "#wood door texture"}
			}
		},
		{
			"from": [2.25, 7.825, 7.2],
			"to": [2.5, 8.25, 8.775],
			"faces": {
				"north": {"uv": [14.25, 7.75, 14.5, 8.25], "texture": "#texture"},
				"south": {"uv": [1.5, 7.75, 1.75, 8.25], "texture": "#texture"},
				"west": {"uv": [7, 7.75, 9, 8.25], "texture": "#texture"},
				"down": {"uv": [14.5, 9, 14.25, 7], "texture": "#texture"}
			}
		},
		{
			"from": [7.225, 7.325, 7.1],
			"to": [8.25, 8.25, 8.875],
			"faces": {
				"north": {"uv": [8.25, 7.75, 10.5, 8.75], "texture": "#wood door texture"},
				"east": {"uv": [6.75, 7.75, 9.25, 8.75], "texture": "#wood door texture"},
				"south": {"uv": [5.5, 7.75, 7.75, 8.75], "texture": "#wood door texture"},
				"west": {"uv": [6.75, 7.75, 9.25, 8.75], "texture": "#wood door texture"},
				"down": {"uv": [10.5, 9.25, 8.25, 6.75], "texture": "#wood door texture"}
			}
		},
		{
			"from": [7.25, 9.625, 7.125],
			"to": [9.5, 10.625, 8.875],
			"faces": {
				"north": {"uv": [8.25, 5.25, 10.25, 6.75], "texture": "#texture"},
				"east": {"uv": [7, 5.25, 9, 6.75], "texture": "#texture"},
				"south": {"uv": [5.75, 5.25, 7.75, 6.75], "texture": "#texture"},
				"west": {"uv": [7, 5.25, 9, 6.75], "texture": "#texture"},
				"up": {"uv": [5.75, 7, 7.75, 9], "texture": "#texture"},
				"down": {"uv": [0, 0, 1, 1], "texture": "#texture"}
			}
		},
		{
			"from": [7, 10.15, 7.675],
			"to": [17.75, 10.4, 8.3],
			"faces": {
				"north": {"uv": [0, 5, 8.25, 5.75], "texture": "#texture", "cullface": "east"},
				"east": {"uv": [7.5, 5, 8.5, 5.75], "texture": "#texture", "cullface": "east"},
				"south": {"uv": [7.75, 5, 16, 5.75], "texture": "#texture", "cullface": "east"},
				"up": {"uv": [7.75, 7.5, 16, 8.5], "texture": "#texture", "cullface": "east"}
			}
		},
		{
			"from": [8, 7.5, 7.2],
			"to": [19, 9.25, 8.775],
			"faces": {
				"north": {"uv": [0, 7, 8.25, 8.75], "texture": "#texture", "cullface": "east"},
				"east": {"uv": [7, 7, 9, 8.75], "texture": "#texture", "cullface": "east"},
				"south": {"uv": [7.75, 7, 16, 8.75], "texture": "#texture", "cullface": "east"},
				"west": {"uv": [7, 7, 9, 8.75], "texture": "#texture", "cullface": "east"},
				"up": {"uv": [7.75, 7.25, 16, 9.25], "texture": "#texture", "cullface": "east"},
				"down": {"uv": [8.25, 9.25, 0, 7.25], "texture": "#texture", "cullface": "east"}
			}
		},
		{
			"from": [6.3, 7.575, 7.375],
			"to": [7.5, 7.75, 8.6],
			"faces": {
				"north": {"uv": [10.5, 8.25, 13.25, 8.5], "texture": "#wood door texture"},
				"south": {"uv": [2.75, 8.25, 5.5, 8.5], "texture": "#wood door texture"},
				"west": {"uv": [7.25, 8.25, 8.75, 8.5], "texture": "#wood door texture"},
				"down": {"uv": [13.25, 8.75, 10.5, 7.25], "texture": "#wood door texture"}
			}
		},
		{
			"from": [13.75, 5.925, 7.625],
			"to": [15.75, 6.175, 8.375],
			"rotation": {"angle": 0, "axis": "y", "origin": [0, -0.075, 0]},
			"faces": {
				"north": {"uv": [0.25, 9.75, 2, 10], "texture": "#texture"},
				"east": {"uv": [7.5, 9.75, 8.5, 10], "texture": "#texture"},
				"south": {"uv": [14, 9.75, 15.75, 10], "texture": "#texture"},
				"west": {"uv": [7.5, 9.75, 8.5, 10], "texture": "#texture"},
				"up": {"uv": [14, 7.5, 15.75, 8.5], "texture": "#texture"},
				"down": {"uv": [2, 8.5, 0.25, 7.5], "texture": "#texture"}
			}
		},
		{
			"from": [15.75, 6.175, 7.625],
			"to": [16, 7.5, 8.375],
			"rotation": {"angle": 0, "axis": "y", "origin": [0, -0.075, 0]},
			"faces": {
				"north": {"uv": [0, 8.5, 0.25, 9.75], "texture": "#texture"},
				"east": {"uv": [7.5, 8.5, 8.5, 9.75], "texture": "#texture", "cullface": "east"},
				"south": {"uv": [15.75, 8.5, 16, 9.75], "texture": "#texture"},
				"west": {"uv": [7.5, 8.5, 8.5, 9.75], "texture": "#texture"},
				"down": {"uv": [0.25, 8.5, 0, 7.5], "texture": "#texture"}
			}
		},
		{
			"from": [13.5, 6.175, 7.625],
			"to": [13.75, 7.5, 8.375],
			"rotation": {"angle": 0, "axis": "y", "origin": [0, -0.075, 0]},
			"faces": {
				"north": {"uv": [0, 8.5, 0.25, 9.75], "texture": "#texture"},
				"east": {"uv": [7.5, 8.5, 8.5, 9.75], "texture": "#texture", "cullface": "east"},
				"south": {"uv": [15.75, 8.5, 16, 9.75], "texture": "#texture"},
				"west": {"uv": [7.5, 8.5, 8.5, 9.75], "texture": "#texture"},
				"down": {"uv": [0.25, 8.5, 0, 7.5], "texture": "#texture"}
			}
		},
		{
			"from": [12.975, 6.375, 7.625],
			"to": [13.425, 7.5, 8.375],
			"rotation": {"angle": 0, "axis": "y", "origin": [0, -0.075, 0]},
			"faces": {
				"north": {"uv": [0, 8.5, 0.25, 9.75], "texture": "#texture"},
				"east": {"uv": [7.5, 8.5, 8.5, 9.75], "texture": "#texture", "cullface": "east"},
				"south": {"uv": [15.75, 8.5, 16, 9.75], "texture": "#texture"},
				"west": {"uv": [7.5, 8.5, 8.5, 9.75], "texture": "#texture"},
				"down": {"uv": [0.25, 8.5, 0, 7.5], "texture": "#texture"}
			}
		},
		{
			"from": [7, 9.65, 7.425],
			"to": [18.25, 10.15, 8.55],
			"faces": {
				"north": {"uv": [3, 5.75, 2, 6.25], "texture": "#texture", "cullface": "east"},
				"east": {"uv": [7.5, 5.75, 8.5, 6.25], "texture": "#texture", "cullface": "east"},
				"south": {"uv": [15, 6.75, 14, 7.25], "texture": "#texture", "cullface": "east"},
				"up": {"uv": [12, 7.5, 11, 8.5], "texture": "#texture", "cullface": "east"}
			}
		},
		{
			"from": [15.35, 6.425, 7.875],
			"to": [15.6, 7.95, 8.125],
			"rotation": {"angle": -22.5, "axis": "z", "origin": [15.25, 7.925, 7.75]},
			"faces": {
				"north": {"uv": [0, 2, 0.25, 3.5], "texture": "#texture"},
				"east": {"uv": [7.5, 2, 8.5, 3.5], "texture": "#texture"},
				"south": {"uv": [15.75, 2, 16, 3.5], "texture": "#texture"},
				"west": {"uv": [7.5, 2, 8.5, 3.5], "texture": "#texture"},
				"up": {"uv": [15.75, 7.5, 16, 8.5], "texture": "#texture"},
				"down": {"uv": [0.25, 8.5, 0, 7.5], "texture": "#texture"}
			}
		},
		{
			"from": [9.25, 10.625, 8.225],
			"to": [9.5, 10.775, 8.8],
			"rotation": {"angle": 0, "axis": "y", "origin": [15.25, 8, 7.75]},
			"faces": {
				"north": {"uv": [0, 2, 0.25, 3.5], "texture": "#texture"},
				"east": {"uv": [7.5, 2, 8.5, 3.5], "texture": "#texture"},
				"south": {"uv": [15.75, 2, 16, 3.5], "texture": "#texture"},
				"west": {"uv": [7.5, 2, 8.5, 3.5], "texture": "#texture"},
				"up": {"uv": [15.75, 7.5, 16, 8.5], "texture": "#texture"},
				"down": {"uv": [0.25, 8.5, 0, 7.5], "texture": "#texture"}
			}
		},
		{
			"from": [9.25, 10.625, 7.2],
			"to": [9.5, 10.775, 7.775],
			"rotation": {"angle": 0, "axis": "y", "origin": [15.25, 8, 7.75]},
			"faces": {
				"north": {"uv": [0, 2, 0.25, 3.5], "texture": "#texture"},
				"east": {"uv": [7.5, 2, 8.5, 3.5], "texture": "#texture"},
				"south": {"uv": [15.75, 2, 16, 3.5], "texture": "#texture"},
				"west": {"uv": [7.5, 2, 8.5, 3.5], "texture": "#texture"},
				"up": {"uv": [15.75, 7.5, 16, 8.5], "texture": "#texture"},
				"down": {"uv": [0.25, 8.5, 0, 7.5], "texture": "#texture"}
			}
		},
		{
			"from": [7, 9.15, 7.2],
			"to": [18.75, 9.4, 8.775],
			"faces": {
				"north": {"uv": [0, 6.5, 8.25, 6.75], "texture": "#texture", "cullface": "east"},
				"east": {"uv": [7.25, 6.5, 8.75, 6.75], "texture": "#texture", "cullface": "east"},
				"south": {"uv": [6.75, 6.5, 15, 6.75], "texture": "#texture", "cullface": "east"},
				"up": {"uv": [7.75, 7.25, 16, 8.75], "texture": "#texture", "cullface": "east"}
			}
		},
		{
			"from": [18.25, 9.4, 7.875],
			"to": [18.75, 9.9, 8.125],
			"faces": {
				"north": {"uv": [0, 6, 1, 6.5], "texture": "#texture", "cullface": "east"},
				"east": {"uv": [7.75, 6, 8.25, 6.5], "texture": "#texture", "cullface": "east"},
				"south": {"uv": [16, 6, 15, 6.5], "texture": "#texture", "cullface": "east"},
				"west": {"uv": [7.75, 6, 8.25, 6.5], "texture": "#texture", "cullface": "east"},
				"up": {"uv": [16, 7.75, 15, 8.25], "texture": "#texture", "cullface": "east"}
			}
		},
		{
			"from": [2.5, 9.25, 7.025],
			"to": [3.25, 9.5, 8.95],
			"faces": {
				"north": {"uv": [13.75, 6.5, 14.25, 6.75], "texture": "#wood door texture"},
				"east": {"uv": [6.75, 6.5, 9.25, 6.75], "texture": "#wood door texture"},
				"south": {"uv": [1.75, 6.5, 2.25, 6.75], "texture": "#wood door texture"},
				"west": {"uv": [6.75, 6.5, 9.25, 6.75], "texture": "#wood door texture"},
				"up": {"uv": [1.75, 6.75, 2.25, 9.25], "texture": "#wood door texture"}
			}
		},
		{
			"from": [6.25, 9.25, 7.025],
			"to": [8.25, 9.5, 8.95],
			"faces": {
				"north": {"uv": [11.75, 6.5, 12.25, 6.75], "texture": "#wood door texture"},
				"east": {"uv": [6.75, 6.5, 9.25, 6.75], "texture": "#wood door texture"},
				"south": {"uv": [3.75, 6.5, 4.25, 6.75], "texture": "#wood door texture"},
				"west": {"uv": [6.75, 6.5, 9.25, 6.75], "texture": "#wood door texture"},
				"up": {"uv": [1.75, 6.75, 2.25, 9.25], "texture": "#wood door texture"}
			}
		},
		{
			"from": [4.4, 9.25, 7.025],
			"to": [5.15, 9.5, 8.95],
			"faces": {
				"north": {"uv": [11.5, 6.5, 12.5, 6.75], "texture": "#wood door texture"},
				"east": {"uv": [6.75, 6.5, 9.25, 6.75], "texture": "#wood door texture"},
				"south": {"uv": [3.5, 6.5, 4.5, 6.75], "texture": "#wood door texture"},
				"west": {"uv": [6.75, 6.5, 9.25, 6.75], "texture": "#wood door texture"},
				"up": {"uv": [3.5, 6.75, 4.5, 9.25], "texture": "#wood door texture"}
			}
		},
		{
			"from": [16, 6.575, 7.625],
			"to": [18.225, 7.275, 8.375],
			"rotation": {"angle": 0, "axis": "y", "origin": [0, 0.075, 0]},
			"faces": {
				"north": {"uv": [13, 11, 8, 7], "texture": "#wood door texture", "cullface": "east"},
				"east": {"uv": [13, 11, 8, 7], "texture": "#wood door texture", "cullface": "east"},
				"south": {"uv": [13, 11, 8, 7], "texture": "#wood door texture", "cullface": "east"},
				"down": {"uv": [13, 11, 8, 7], "texture": "#wood door texture", "cullface": "east"}
			}
		},
		{
			"from": [17.575, -3.725, 7.625],
			"to": [19.325, -0.175, 8.375],
			"rotation": {"angle": 22.5, "axis": "z", "origin": [0, 0.075, 0]},
			"faces": {
				"north": {"uv": [13, 11, 8, 7], "rotation": 270, "texture": "#wood door texture", "cullface": "east"},
				"east": {"uv": [13, 11, 8, 7], "rotation": 90, "texture": "#wood door texture"},
				"south": {"uv": [13, 11, 8, 7], "rotation": 90, "texture": "#wood door texture", "cullface": "east"},
				"west": {"uv": [13, 11, 8, 7], "rotation": 90, "texture": "#wood door texture", "cullface": "east"},
				"up": {"uv": [13, 11, 8, 7], "rotation": 90, "texture": "#wood door texture"},
				"down": {"uv": [13, 11, 8, 7], "rotation": 90, "texture": "#wood door texture", "cullface": "east"}
			}
		},
		{
			"from": [17.375, -3.975, 7.7],
			"to": [19.125, -3.7, 8.3],
			"rotation": {"angle": 22.5, "axis": "z", "origin": [0, 0.075, 0]},
			"faces": {
				"north": {"uv": [12, 11, 10, 8], "rotation": 270, "texture": "#wood door texture", "cullface": "east"},
				"east": {"uv": [12, 11, 10, 8], "rotation": 90, "texture": "#wood door texture"},
				"south": {"uv": [12, 11, 10, 8], "rotation": 90, "texture": "#wood door texture", "cullface": "east"},
				"west": {"uv": [12, 11, 10, 8], "rotation": 90, "texture": "#wood door texture", "cullface": "east"},
				"up": {"uv": [12, 11, 10, 8], "rotation": 90, "texture": "#wood door texture"},
				"down": {"uv": [12, 11, 10, 8], "rotation": 90, "texture": "#wood door texture", "cullface": "east"}
			}
		},
		{
			"from": [16, 7.275, 7.475],
			"to": [18.75, 7.575, 8.525],
			"rotation": {"angle": 0, "axis": "y", "origin": [0, 0.075, 0]},
			"faces": {
				"north": {"uv": [13, 11.5, 8, 10.5], "texture": "#texture", "cullface": "east"},
				"east": {"uv": [13, 11.5, 8, 10.5], "texture": "#texture", "cullface": "east"},
				"south": {"uv": [13, 11.5, 8, 10.5], "texture": "#texture", "cullface": "east"},
				"west": {"uv": [8, 11, 9, 12], "texture": "#texture"},
				"down": {"uv": [13, 11.5, 8, 10.5], "texture": "#texture", "cullface": "east"}
			}
		},
		{
			"from": [7, 9.4, 7.2],
			"to": [18.5, 9.8, 8.775],
			"faces": {
				"north": {"uv": [0, 6.25, 8.25, 6.5], "texture": "#texture", "cullface": "east"},
				"east": {"uv": [7.25, 6.25, 8.75, 6.5], "texture": "#texture", "cullface": "east"},
				"south": {"uv": [5.75, 5.25, 14, 5.5], "texture": "#texture", "cullface": "east"},
				"up": {"uv": [7.75, 7.25, 16, 8.75], "texture": "#texture", "cullface": "east"}
			}
		},
		{
			"from": [18.225, 6.75, 7.625],
			"to": [18.475, 7.275, 8.375],
			"rotation": {"angle": 0, "axis": "y", "origin": [0, 0.075, 0]},
			"faces": {
				"north": {"uv": [13, 11, 11, 9], "texture": "#wood door texture", "cullface": "east"},
				"east": {"uv": [13, 11, 11, 9], "texture": "#wood door texture", "cullface": "east"},
				"south": {"uv": [13, 11, 11, 9], "texture": "#wood door texture", "cullface": "east"},
				"down": {"uv": [13, 11, 11, 9], "texture": "#wood door texture", "cullface": "east"}
			}
		},
		{
			"from": [-9.575, 7.8, 7.75],
			"to": [-8.4, 9.825, 8.25],
			"faces": {
				"north": {"uv": [12, 11, 13, 11.75], "texture": "#texture", "cullface": "west"},
				"east": {"uv": [7.75, 6, 8.25, 6.75], "texture": "#texture", "cullface": "west"},
				"south": {"uv": [3, 11, 4, 11.75], "texture": "#texture", "cullface": "west"},
				"west": {"uv": [7.75, 6, 8.25, 6.75], "texture": "#texture", "cullface": "west"},
				"up": {"uv": [3, 12.75, 4, 13.25], "texture": "#texture", "cullface": "west"},
				"down": {"uv": [8, 6, 9, 7], "texture": "#texture"}
			}
		},
		{
			"from": [-9.575, 9.825, 7.75],
			"to": [-8.65, 10.425, 8.25],
			"faces": {
				"north": {"uv": [11, 10.5, 12, 11], "texture": "#texture", "cullface": "west"},
				"east": {"uv": [7.75, 5.5, 8.25, 6], "texture": "#texture", "cullface": "west"},
				"south": {"uv": [4, 10.5, 5, 11], "texture": "#texture", "cullface": "west"},
				"west": {"uv": [7.75, 5.5, 8.25, 6], "texture": "#texture", "cullface": "west"},
				"up": {"uv": [4, 12.75, 5, 13.25], "texture": "#texture", "cullface": "west"}
			}
		},
		{
			"from": [-9.575, 10.675, 7.5],
			"to": [-8.9, 11.175, 7.75],
			"faces": {
				"north": {"uv": [11, 10, 12, 10.5], "texture": "#texture", "cullface": "west"},
				"east": {"uv": [8.25, 5, 8.5, 5.5], "texture": "#texture", "cullface": "west"},
				"south": {"uv": [4, 10, 5, 10.5], "texture": "#texture", "cullface": "west"},
				"west": {"uv": [7.5, 5, 7.75, 5.5], "texture": "#texture", "cullface": "west"},
				"up": {"uv": [4, 12.5, 5, 12.75], "texture": "#texture", "cullface": "west"},
				"down": {"uv": [11, 12.75, 12, 12.5], "texture": "#texture", "cullface": "west"}
			}
		},
		{
			"from": [-9.575, 10.675, 8.25],
			"to": [-8.9, 11.175, 8.5],
			"faces": {
				"north": {"uv": [11, 10, 12, 10.5], "texture": "#texture", "cullface": "west"},
				"east": {"uv": [7.5, 5, 7.75, 5.5], "texture": "#texture", "cullface": "west"},
				"south": {"uv": [4, 10, 5, 10.5], "texture": "#texture", "cullface": "west"},
				"west": {"uv": [8.25, 5, 8.5, 5.5], "texture": "#texture", "cullface": "west"},
				"up": {"uv": [4, 13.25, 5, 13.5], "texture": "#texture", "cullface": "west"},
				"down": {"uv": [11, 13.5, 12, 13.25], "texture": "#texture", "cullface": "west"}
			}
		},
		{
			"from": [-9.575, 11.175, 7.75],
			"to": [-8.9, 11.425, 8.25],
			"faces": {
				"north": {"uv": [11, 9.75, 12, 10], "texture": "#texture", "cullface": "west"},
				"east": {"uv": [7.75, 4.75, 8.25, 5], "texture": "#texture", "cullface": "west"},
				"south": {"uv": [4, 9.75, 5, 10], "texture": "#texture", "cullface": "west"},
				"west": {"uv": [7.75, 4.75, 8.25, 5], "texture": "#texture", "cullface": "west"},
				"up": {"uv": [4, 12.75, 5, 13.25], "texture": "#texture", "cullface": "west"},
				"down": {"uv": [11, 13.25, 12, 12.75], "texture": "#texture", "cullface": "west"}
			}
		},
		{
			"from": [-9.575, 10.425, 7.75],
			"to": [-8.9, 10.675, 8.25],
			"faces": {
				"north": {"uv": [11, 9.75, 12, 10], "texture": "#texture", "cullface": "west"},
				"east": {"uv": [7.75, 4.75, 8.25, 5], "texture": "#texture", "cullface": "west"},
				"south": {"uv": [4, 9.75, 5, 10], "texture": "#texture", "cullface": "west"},
				"west": {"uv": [7.75, 4.75, 8.25, 5], "texture": "#texture", "cullface": "west"},
				"up": {"uv": [4, 12.75, 5, 13.25], "texture": "#texture", "cullface": "west"},
				"down": {"uv": [11, 13.25, 12, 12.75], "texture": "#texture", "cullface": "west"}
			}
		}
	],
	"gui_light": "front",
	"display": {
		"thirdperson_righthand": {
			"rotation": [116.65, -90, 116.77],
			"translation": [0, 0.5, -5.25],
			"scale": [0.8, 0.8, 0.8]
		},
		"thirdperson_lefthand": {
			"rotation": [-116.65, 90, 116.77],
			"translation": [0, 0.5, -5.25],
			"scale": [0.8, 0.8, 0.8]
		},
		"firstperson_righthand": {
			"rotation": [47.07, -79.61, 24.79],
			"translation": [0, 3.5, -7.75],
			"scale": [1, 1.02, 1]
		},
		"firstperson_lefthand": {
			"rotation": [-136.79, 78.54, 157.84],
			"translation": [2.25, 4.25, -9.25],
			"scale": [1, 1.02, 1]
		},
		"ground": {
			"translation": [-0.25, 3.25, 0],
			"scale": [0.96, 0.96, 0.96]
		},
		"gui": {
			"rotation": [0, 0, -45],
			"translation": [-0.25, 0.5, 0],
			"scale": [0.5, 0.5, 0.9]
		},
		"fixed": {
			"rotation": [0, 180, -45],
			"translation": [0.5, 1.5, -1.1],
			"scale": [0.95, 0.95, 0.96]
		}
	}
}