{
	"credit": "Made by SrDarmith - YouTube: Mainclay",
	"textures": {
		"1": "item/door_iron_lower",
		"particle": "item/anvil_1",
		"texture": "item/anvil_1"
	},
	"elements": [
		{
			"from": [-0.75, 9.05, 7.2],
			"to": [0.25, 10.5, 8.8],
			"rotation": {"angle": 0, "axis": "y", "origin": [0, 0.1, 0]},
			"faces": {
				"north": {"uv": [9, 9, 6, 7], "texture": "#texture", "cullface": "west"},
				"south": {"uv": [9, 9, 6, 7], "texture": "#texture", "cullface": "west"},
				"west": {"uv": [9, 9, 6, 7], "texture": "#texture", "cullface": "west"},
				"up": {"uv": [9, 9, 6, 7], "texture": "#texture", "cullface": "west"},
				"down": {"uv": [9, 9, 6, 7], "texture": "#texture", "cullface": "west"}
			}
		},
		{
			"from": [-0.5, 10.5, 7.15],
			"to": [0, 11, 8.85],
			"rotation": {"angle": 0, "axis": "y", "origin": [0, 0.1, 0]},
			"faces": {
				"north": {"uv": [9, 9, 6, 7], "texture": "#texture", "cullface": "west"},
				"east": {"uv": [9, 9, 6, 7], "texture": "#texture", "cullface": "west"},
				"south": {"uv": [9, 9, 6, 7], "texture": "#texture", "cullface": "west"},
				"west": {"uv": [9, 9, 6, 7], "texture": "#texture", "cullface": "west"}
			}
		},
		{
			"from": [8, 10.5, 7.15],
			"to": [9, 11, 8.85],
			"rotation": {"angle": 0, "axis": "y", "origin": [0, 0.1, 0]},
			"faces": {
				"north": {"uv": [9, 9, 6, 7], "texture": "#texture"},
				"east": {"uv": [9, 9, 6, 7], "texture": "#texture"},
				"south": {"uv": [9, 9, 6, 7], "texture": "#texture"},
				"west": {"uv": [9, 9, 6, 7], "texture": "#texture"},
				"down": {"uv": [9, 9, 6, 7], "texture": "#texture"}
			}
		},
		{
			"from": [0.5, 10.5, 7.15],
			"to": [1.5, 11, 8.85],
			"rotation": {"angle": 0, "axis": "y", "origin": [0, 0.1, 0]},
			"faces": {
				"north": {"uv": [9, 9, 6, 7], "texture": "#texture"},
				"east": {"uv": [9, 9, 6, 7], "texture": "#texture"},
				"south": {"uv": [9, 9, 6, 7], "texture": "#texture"},
				"west": {"uv": [9, 9, 6, 7], "texture": "#texture"},
				"down": {"uv": [9, 9, 6, 7], "texture": "#texture"}
			}
		},
		{
			"from": [2, 10.5, 7.15],
			"to": [3, 11, 8.85],
			"rotation": {"angle": 0, "axis": "y", "origin": [0, 0.1, 0]},
			"faces": {
				"north": {"uv": [9, 9, 6, 7], "texture": "#texture"},
				"east": {"uv": [9, 9, 6, 7], "texture": "#texture"},
				"south": {"uv": [9, 9, 6, 7], "texture": "#texture"},
				"west": {"uv": [9, 9, 6, 7], "texture": "#texture"},
				"down": {"uv": [9, 9, 6, 7], "texture": "#texture"}
			}
		},
		{
			"from": [3.5, 10.5, 7.15],
			"to": [4.5, 11, 8.85],
			"rotation": {"angle": 0, "axis": "y", "origin": [0, 0.1, 0]},
			"faces": {
				"north": {"uv": [9, 9, 6, 7], "texture": "#texture"},
				"east": {"uv": [9, 9, 6, 7], "texture": "#texture"},
				"south": {"uv": [9, 9, 6, 7], "texture": "#texture"},
				"west": {"uv": [9, 9, 6, 7], "texture": "#texture"},
				"down": {"uv": [9, 9, 6, 7], "texture": "#texture"}
			}
		},
		{
			"from": [5, 10.5, 7.15],
			"to": [6, 11, 8.85],
			"rotation": {"angle": 0, "axis": "y", "origin": [0, 0.1, 0]},
			"faces": {
				"north": {"uv": [9, 9, 6, 7], "texture": "#texture"},
				"east": {"uv": [9, 9, 6, 7], "texture": "#texture"},
				"south": {"uv": [9, 9, 6, 7], "texture": "#texture"},
				"west": {"uv": [9, 9, 6, 7], "texture": "#texture"},
				"down": {"uv": [9, 9, 6, 7], "texture": "#texture"}
			}
		},
		{
			"from": [6.5, 10.5, 7.15],
			"to": [7.5, 11, 8.85],
			"rotation": {"angle": 0, "axis": "y", "origin": [0, 0.1, 0]},
			"faces": {
				"north": {"uv": [9, 9, 6, 7], "texture": "#texture"},
				"east": {"uv": [9, 9, 6, 7], "texture": "#texture"},
				"south": {"uv": [9, 9, 6, 7], "texture": "#texture"},
				"west": {"uv": [9, 9, 6, 7], "texture": "#texture"},
				"down": {"uv": [9, 9, 6, 7], "texture": "#texture"}
			}
		},
		{
			"from": [0.25, 10, 7.15],
			"to": [0.75, 10.5, 8.85],
			"rotation": {"angle": 0, "axis": "y", "origin": [0, 0.1, 0]},
			"faces": {
				"north": {"uv": [9, 9, 6, 7], "texture": "#texture"},
				"east": {"uv": [9, 9, 6, 7], "texture": "#texture"},
				"south": {"uv": [9, 9, 6, 7], "texture": "#texture"},
				"west": {"uv": [9, 9, 6, 7], "texture": "#texture", "cullface": "west"},
				"up": {"uv": [9, 9, 6, 7], "texture": "#texture"}
			}
		},
		{
			"from": [1.25, 10, 7.15],
			"to": [2.25, 10.5, 8.85],
			"rotation": {"angle": 0, "axis": "y", "origin": [0, 0.1, 0]},
			"faces": {
				"north": {"uv": [9, 9, 6, 7], "texture": "#texture"},
				"east": {"uv": [9, 9, 6, 7], "texture": "#texture"},
				"south": {"uv": [9, 9, 6, 7], "texture": "#texture"},
				"west": {"uv": [9, 9, 6, 7], "texture": "#texture"},
				"up": {"uv": [9, 9, 6, 7], "texture": "#texture"}
			}
		},
		{
			"from": [2.75, 10, 7.15],
			"to": [3.75, 10.5, 8.85],
			"rotation": {"angle": 0, "axis": "y", "origin": [0, 0.1, 0]},
			"faces": {
				"north": {"uv": [9, 9, 6, 7], "texture": "#texture"},
				"east": {"uv": [9, 9, 6, 7], "texture": "#texture"},
				"south": {"uv": [9, 9, 6, 7], "texture": "#texture"},
				"west": {"uv": [9, 9, 6, 7], "texture": "#texture"},
				"up": {"uv": [9, 9, 6, 7], "texture": "#texture"}
			}
		},
		{
			"from": [4.25, 10, 7.15],
			"to": [5.25, 10.5, 8.85],
			"rotation": {"angle": 0, "axis": "y", "origin": [0, 0.1, 0]},
			"faces": {
				"north": {"uv": [9, 9, 6, 7], "texture": "#texture"},
				"east": {"uv": [9, 9, 6, 7], "texture": "#texture"},
				"south": {"uv": [9, 9, 6, 7], "texture": "#texture"},
				"west": {"uv": [9, 9, 6, 7], "texture": "#texture"},
				"up": {"uv": [9, 9, 6, 7], "texture": "#texture"}
			}
		},
		{
			"from": [5.75, 10, 7.15],
			"to": [6.75, 10.5, 8.85],
			"rotation": {"angle": 0, "axis": "y", "origin": [0, 0.1, 0]},
			"faces": {
				"north": {"uv": [9, 9, 6, 7], "texture": "#texture"},
				"east": {"uv": [9, 9, 6, 7], "texture": "#texture"},
				"south": {"uv": [9, 9, 6, 7], "texture": "#texture"},
				"west": {"uv": [9, 9, 6, 7], "texture": "#texture"},
				"up": {"uv": [9, 9, 6, 7], "texture": "#texture"}
			}
		},
		{
			"from": [7.25, 10, 7.15],
			"to": [8.25, 10.5, 8.85],
			"rotation": {"angle": 0, "axis": "y", "origin": [0, 0.1, 0]},
			"faces": {
				"north": {"uv": [9, 9, 6, 7], "texture": "#texture"},
				"east": {"uv": [9, 9, 6, 7], "texture": "#texture"},
				"south": {"uv": [9, 9, 6, 7], "texture": "#texture"},
				"west": {"uv": [9, 9, 6, 7], "texture": "#texture"},
				"up": {"uv": [9, 9, 6, 7], "texture": "#texture"}
			}
		},
		{
			"from": [8.75, 9.25, 7.15],
			"to": [9, 10.5, 8.85],
			"rotation": {"angle": 0, "axis": "y", "origin": [0, 0.1, 0]},
			"faces": {
				"north": {"uv": [9, 9, 6, 7], "texture": "#texture"},
				"east": {"uv": [9, 9, 6, 7], "texture": "#texture"},
				"south": {"uv": [9, 9, 6, 7], "texture": "#texture"},
				"west": {"uv": [9, 9, 6, 7], "texture": "#texture"},
				"up": {"uv": [9, 9, 6, 7], "texture": "#texture"},
				"down": {"uv": [9, 9, 6, 7], "texture": "#texture"}
			}
		},
		{
			"from": [0.25, 9.25, 7.15],
			"to": [8.75, 10, 8.85],
			"rotation": {"angle": 0, "axis": "y", "origin": [0, 0.1, 0]},
			"faces": {
				"north": {"uv": [9, 9, 6, 7], "texture": "#texture"},
				"south": {"uv": [9, 9, 6, 7], "texture": "#texture"},
				"west": {"uv": [9, 9, 6, 7], "texture": "#texture", "cullface": "west"},
				"up": {"uv": [9, 9, 6, 7], "texture": "#texture"},
				"down": {"uv": [9, 9, 6, 7], "texture": "#texture"}
			}
		},
		{
			"from": [6.5, 8.6, 7.65],
			"to": [8.25, 9.25, 8.35],
			"rotation": {"angle": 0, "axis": "y", "origin": [0, 0.1, 0]},
			"faces": {
				"north": {"uv": [9, 9, 6, 7], "texture": "#texture"},
				"east": {"uv": [9, 9, 6, 7], "texture": "#texture"},
				"south": {"uv": [9, 9, 6, 7], "texture": "#texture"},
				"west": {"uv": [9, 9, 6, 7], "texture": "#texture", "cullface": "west"},
				"up": {"uv": [9, 9, 6, 7], "texture": "#texture"},
				"down": {"uv": [9, 9, 6, 7], "texture": "#texture"}
			}
		},
		{
			"from": [27.4, 5.475, 7.4],
			"to": [27.9, 10.475, 8.6],
			"rotation": {"angle": 0, "axis": "y", "origin": [0.4, 0.225, 0]},
			"faces": {
				"north": {"uv": [0, 5.25, 1, 7], "texture": "#texture", "cullface": "east"},
				"east": {"uv": [7.25, 5.25, 8.75, 7], "texture": "#texture", "cullface": "east"},
				"south": {"uv": [13, 5.25, 12, 7], "texture": "#texture", "cullface": "east"},
				"up": {"uv": [16, 7.25, 15, 8.75], "texture": "#texture", "cullface": "east"},
				"down": {"uv": [0, 8.75, 1, 7.25], "texture": "#texture", "cullface": "east"}
			}
		},
		{
			"from": [18.65, 8.475, 7.4],
			"to": [27.4, 10.475, 8.6],
			"rotation": {"angle": 0, "axis": "y", "origin": [0.4, 0.225, 0]},
			"faces": {
				"north": {"uv": [16, 6.25, 15, 7], "texture": "#texture", "cullface": "east"},
				"east": {"uv": [15.5, 6.25, 16, 7], "texture": "#texture", "cullface": "east"},
				"south": {"uv": [16, 6.25, 15, 7], "texture": "#texture", "cullface": "east"},
				"west": {"uv": [0, 0, 1, 1], "texture": "#texture"},
				"up": {"uv": [16, 6.25, 15, 6.75], "texture": "#texture", "cullface": "east"},
				"down": {"uv": [16, 6.75, 15, 6.25], "texture": "#texture", "cullface": "east"}
			}
		},
		{
			"from": [18.65, 10.875, 7.4],
			"to": [18.9, 11.125, 8.6],
			"rotation": {"angle": 0, "axis": "y", "origin": [0.4, 0.225, 0]},
			"faces": {
				"north": {"uv": [16, 6.25, 15, 7], "texture": "#texture", "cullface": "east"},
				"east": {"uv": [15.5, 6.25, 16, 7], "texture": "#texture", "cullface": "east"},
				"south": {"uv": [16, 6.25, 15, 7], "texture": "#texture", "cullface": "east"},
				"west": {"uv": [0, 0, 1, 1], "texture": "#texture"},
				"up": {"uv": [16, 6.25, 15, 6.75], "texture": "#texture", "cullface": "east"},
				"down": {"uv": [16, 6.75, 15, 6.25], "texture": "#texture", "cullface": "east"}
			}
		},
		{
			"from": [18.65, 10.375, 7.4],
			"to": [19.4, 10.875, 8.6],
			"rotation": {"angle": 0, "axis": "y", "origin": [0.4, 0.225, 0]},
			"faces": {
				"north": {"uv": [16, 6.25, 15, 7], "texture": "#texture", "cullface": "east"},
				"east": {"uv": [15.5, 6.25, 16, 7], "texture": "#texture", "cullface": "east"},
				"south": {"uv": [16, 6.25, 15, 7], "texture": "#texture", "cullface": "east"},
				"west": {"uv": [0, 0, 1, 1], "texture": "#texture"},
				"up": {"uv": [16, 6.25, 15, 6.75], "texture": "#texture", "cullface": "east"},
				"down": {"uv": [16, 6.75, 15, 6.25], "texture": "#texture", "cullface": "east"}
			}
		},
		{
			"from": [19.4, 10.375, 7.4],
			"to": [20.4, 10.625, 8.6],
			"rotation": {"angle": 0, "axis": "y", "origin": [0.4, 0.225, 0]},
			"faces": {
				"north": {"uv": [16, 6.25, 15, 7], "texture": "#texture", "cullface": "east"},
				"east": {"uv": [15.5, 6.25, 16, 7], "texture": "#texture", "cullface": "east"},
				"south": {"uv": [16, 6.25, 15, 7], "texture": "#texture", "cullface": "east"},
				"west": {"uv": [0, 0, 1, 1], "texture": "#texture"},
				"up": {"uv": [16, 6.25, 15, 6.75], "texture": "#texture", "cullface": "east"},
				"down": {"uv": [16, 6.75, 15, 6.25], "texture": "#texture", "cullface": "east"}
			}
		},
		{
			"from": [19.675, 8.475, 7.4],
			"to": [27.9, 8.725, 8.6],
			"rotation": {"angle": -22.5, "axis": "z", "origin": [19.9, 8.725, 7.25]},
			"faces": {
				"north": {"uv": [16, 6.25, 15.2, 6.9], "texture": "#texture", "cullface": "east"},
				"east": {"uv": [15.3, 6.25, 16, 6.7], "texture": "#texture", "cullface": "east"},
				"south": {"uv": [16, 6.15, 15.1, 6.7], "texture": "#texture", "cullface": "east"},
				"west": {"uv": [15.1, 6.25, 16, 6.7], "texture": "#texture", "cullface": "east"},
				"up": {"uv": [15, 6.25, 16, 6.75], "texture": "#texture", "cullface": "east"},
				"down": {"uv": [16, 6.75, 15.1, 6.35], "texture": "#texture", "cullface": "east"}
			}
		},
		{
			"from": [21.125, 7.975, 7.4],
			"to": [27.4, 8.225, 8.6],
			"rotation": {"angle": 0, "axis": "y", "origin": [0.4, -0.275, 0]},
			"faces": {
				"north": {"uv": [16, 6.5, 15, 6.75], "texture": "#texture", "cullface": "east"},
				"east": {"uv": [15.5, 6.5, 16, 6.75], "texture": "#texture", "cullface": "east"},
				"south": {"uv": [16, 6.5, 15, 6.75], "texture": "#texture", "cullface": "east"},
				"west": {"uv": [15.5, 6.5, 16, 6.75], "texture": "#texture", "cullface": "east"},
				"down": {"uv": [16, 6.75, 15, 6.25], "texture": "#texture", "cullface": "east"}
			}
		},
		{
			"from": [20.525, 8.225, 7.4],
			"to": [27.4, 8.475, 8.6],
			"rotation": {"angle": 0, "axis": "y", "origin": [0.4, -0.275, 0]},
			"faces": {
				"north": {"uv": [16, 6.5, 15, 6.75], "texture": "#texture", "cullface": "east"},
				"east": {"uv": [15.5, 6.5, 16, 6.75], "texture": "#texture", "cullface": "east"},
				"south": {"uv": [16, 6.5, 15, 6.75], "texture": "#texture", "cullface": "east"},
				"west": {"uv": [15.5, 6.5, 16, 6.75], "texture": "#texture", "cullface": "east"},
				"down": {"uv": [16, 6.75, 15, 6.25], "texture": "#texture", "cullface": "east"}
			}
		},
		{
			"from": [21.65, 7.725, 7.4],
			"to": [27.4, 7.975, 8.6],
			"rotation": {"angle": 0, "axis": "y", "origin": [0.4, -0.275, 0]},
			"faces": {
				"north": {"uv": [16, 6.15, 15.1, 6.7], "texture": "#texture", "cullface": "east"},
				"east": {"uv": [15.5, 6.25, 16, 6.5], "texture": "#texture", "cullface": "east"},
				"south": {"uv": [16, 6.75, 15, 6], "texture": "#texture", "cullface": "east"},
				"west": {"uv": [15.1, 6.25, 16, 6.6], "texture": "#texture", "cullface": "east"},
				"down": {"uv": [15.1, 6.75, 16, 6.15], "texture": "#texture", "cullface": "east"}
			}
		},
		{
			"from": [22.325, 7.475, 7.4],
			"to": [27.4, 7.725, 8.6],
			"rotation": {"angle": 0, "axis": "y", "origin": [0.4, -0.275, 0]},
			"faces": {
				"north": {"uv": [16, 6.5, 15.2, 6.75], "texture": "#texture", "cullface": "east"},
				"east": {"uv": [15.4, 6.5, 16, 6.55], "texture": "#texture", "cullface": "east"},
				"south": {"uv": [16, 6.2, 15.1, 6.75], "texture": "#texture", "cullface": "east"},
				"west": {"uv": [15.4, 6.3, 16, 6.65], "texture": "#texture", "cullface": "east"},
				"down": {"uv": [16, 6.75, 15.1, 6.25], "texture": "#texture", "cullface": "east"}
			}
		},
		{
			"from": [22.9, 7.225, 7.4],
			"to": [27.4, 7.475, 8.6],
			"rotation": {"angle": 0, "axis": "y", "origin": [0.4, -0.275, 0]},
			"faces": {
				"north": {"uv": [16, 6.25, 15.2, 6.8], "texture": "#texture", "cullface": "east"},
				"east": {"uv": [15.2, 6.25, 16, 6.6], "texture": "#texture", "cullface": "east"},
				"south": {"uv": [16, 6.75, 15.2, 6.2], "texture": "#texture", "cullface": "east"},
				"west": {"uv": [15.3, 6.45, 16, 6.6], "texture": "#texture", "cullface": "east"},
				"down": {"uv": [16, 6.75, 15.2, 6.25], "texture": "#texture", "cullface": "east"}
			}
		},
		{
			"from": [23.5, 6.975, 7.4],
			"to": [27.4, 7.225, 8.6],
			"rotation": {"angle": 0, "axis": "y", "origin": [0.4, -0.275, 0]},
			"faces": {
				"north": {"uv": [15.3, 6.5, 16, 6.75], "texture": "#texture", "cullface": "east"},
				"east": {"uv": [15.4, 6.3, 16, 6.75], "texture": "#texture", "cullface": "east"},
				"south": {"uv": [16, 6.8, 15.2, 6.25], "texture": "#texture", "cullface": "east"},
				"west": {"uv": [15.4, 6.3, 16, 6.75], "texture": "#texture", "cullface": "east"},
				"down": {"uv": [16, 6.75, 15.2, 6.25], "texture": "#texture", "cullface": "east"}
			}
		},
		{
			"from": [24.15, 6.725, 7.4],
			"to": [27.4, 6.975, 8.6],
			"rotation": {"angle": 0, "axis": "y", "origin": [0.4, -0.275, 0]},
			"faces": {
				"north": {"uv": [15.3, 11.25, 16, 11.6], "texture": "#texture", "cullface": "east"},
				"east": {"uv": [15.2, 11.15, 16, 12], "texture": "#texture", "cullface": "east"},
				"south": {"uv": [15.95, 11.15, 15.15, 12], "rotation": 180, "texture": "#texture", "cullface": "east"},
				"west": {"uv": [15.1, 11.15, 16, 12], "texture": "#texture", "cullface": "east"},
				"down": {"uv": [16, 11.75, 15.1, 11.35], "texture": "#texture", "cullface": "east"}
			}
		},
		{
			"from": [-7.55, 11.175, 8.275],
			"to": [-6.825, 12.525, 8.5],
			"faces": {
				"north": {"uv": [15, 12, 16, 11], "texture": "#texture", "cullface": "east"},
				"east": {"uv": [15, 12, 16, 11], "texture": "#texture", "cullface": "east"},
				"south": {"uv": [15, 12, 16, 11], "texture": "#texture", "cullface": "east"},
				"west": {"uv": [15, 12, 16, 11], "texture": "#texture", "cullface": "east"},
				"up": {"uv": [15, 12, 16, 11], "texture": "#texture", "cullface": "east"},
				"down": {"uv": [15, 12, 16, 11], "texture": "#texture"}
			}
		},
		{
			"from": [-7.675, 9.85, 7.375],
			"to": [-6.7, 11.175, 8.625],
			"faces": {
				"north": {"uv": [15, 12, 16, 11], "texture": "#texture", "cullface": "east"},
				"east": {"uv": [15, 12, 16, 11], "texture": "#texture", "cullface": "east"},
				"south": {"uv": [15, 12, 16, 11], "texture": "#texture", "cullface": "east"},
				"west": {"uv": [15, 12, 16, 11], "texture": "#texture", "cullface": "east"},
				"up": {"uv": [15, 12, 16, 11], "texture": "#texture", "cullface": "east"},
				"down": {"uv": [15, 12, 16, 11], "texture": "#texture"}
			}
		},
		{
			"from": [-7.55, 11.175, 7.5],
			"to": [-6.825, 12.525, 7.725],
			"faces": {
				"north": {"uv": [15, 12, 16, 11], "texture": "#texture", "cullface": "east"},
				"east": {"uv": [15, 12, 16, 11], "texture": "#texture", "cullface": "east"},
				"south": {"uv": [15, 12, 16, 11], "texture": "#texture", "cullface": "east"},
				"west": {"uv": [15, 12, 16, 11], "texture": "#texture", "cullface": "east"},
				"up": {"uv": [15, 12, 16, 11], "texture": "#texture", "cullface": "east"},
				"down": {"uv": [15, 12, 16, 11], "texture": "#texture"}
			}
		},
		{
			"from": [17.375, 11.425, 7.725],
			"to": [17.6, 12.275, 8.275],
			"faces": {
				"north": {"uv": [15, 12, 16, 11], "texture": "#texture", "cullface": "east"},
				"east": {"uv": [15, 12, 16, 11], "texture": "#texture", "cullface": "east"},
				"south": {"uv": [15, 12, 16, 11], "texture": "#texture", "cullface": "east"},
				"west": {"uv": [15, 12, 16, 11], "texture": "#texture", "cullface": "east"},
				"up": {"uv": [15, 12, 16, 11], "texture": "#texture", "cullface": "east"},
				"down": {"uv": [15, 12, 16, 11], "texture": "#texture"}
			}
		},
		{
			"from": [17.375, 11.425, 8.275],
			"to": [17.6, 12.725, 8.5],
			"faces": {
				"north": {"uv": [15, 12, 16, 11], "texture": "#texture", "cullface": "east"},
				"east": {"uv": [15, 12, 16, 11], "texture": "#texture", "cullface": "east"},
				"south": {"uv": [15, 12, 16, 11], "texture": "#texture", "cullface": "east"},
				"west": {"uv": [15, 12, 16, 11], "texture": "#texture", "cullface": "east"},
				"up": {"uv": [15, 12, 16, 11], "texture": "#texture", "cullface": "east"},
				"down": {"uv": [15, 12, 16, 11], "texture": "#texture"}
			}
		},
		{
			"from": [17.375, 11.425, 7.5],
			"to": [17.6, 12.725, 7.725],
			"faces": {
				"north": {"uv": [15, 12, 16, 11], "texture": "#texture", "cullface": "east"},
				"east": {"uv": [15, 12, 16, 11], "texture": "#texture", "cullface": "east"},
				"south": {"uv": [15, 12, 16, 11], "texture": "#texture", "cullface": "east"},
				"west": {"uv": [15, 12, 16, 11], "texture": "#texture", "cullface": "east"},
				"up": {"uv": [15, 12, 16, 11], "texture": "#texture", "cullface": "east"},
				"down": {"uv": [15, 12, 16, 11], "texture": "#texture"}
			}
		},
		{
			"from": [-7.55, 11.9, 7.9],
			"to": [-6.825, 12.175, 8.1],
			"faces": {
				"north": {"uv": [15, 12, 16, 11], "texture": "#texture", "cullface": "east"},
				"east": {"uv": [15, 12, 16, 11], "texture": "#texture", "cullface": "east"},
				"south": {"uv": [15, 12, 16, 11], "texture": "#texture", "cullface": "east"},
				"west": {"uv": [15, 12, 16, 11], "texture": "#texture", "cullface": "east"},
				"up": {"uv": [15, 12, 16, 11], "texture": "#texture", "cullface": "east"},
				"down": {"uv": [15, 12, 16, 11], "texture": "#texture"}
			}
		},
		{
			"from": [-7.55, 11.175, 7.725],
			"to": [-6.825, 11.9, 8.275],
			"faces": {
				"north": {"uv": [15, 12, 16, 11], "texture": "#texture", "cullface": "east"},
				"east": {"uv": [15, 12, 16, 11], "texture": "#texture", "cullface": "east"},
				"south": {"uv": [15, 12, 16, 11], "texture": "#texture", "cullface": "east"},
				"west": {"uv": [15, 12, 16, 11], "texture": "#texture", "cullface": "east"},
				"up": {"uv": [15, 12, 16, 11], "texture": "#texture", "cullface": "east"},
				"down": {"uv": [15, 12, 16, 11], "texture": "#texture"}
			}
		},
		{
			"from": [-7.55, 9.125, 7.675],
			"to": [-6.825, 9.9, 8.325],
			"faces": {
				"north": {"uv": [15, 12, 16, 11], "texture": "#texture", "cullface": "east"},
				"east": {"uv": [15, 12, 16, 11], "texture": "#texture", "cullface": "east"},
				"south": {"uv": [15, 12, 16, 11], "texture": "#texture", "cullface": "east"},
				"west": {"uv": [15, 12, 16, 11], "texture": "#texture", "cullface": "east"},
				"up": {"uv": [15, 12, 16, 11], "texture": "#texture", "cullface": "east"},
				"down": {"uv": [15, 12, 16, 11], "texture": "#texture"}
			}
		},
		{
			"from": [1.7, 7.725, 8.025],
			"to": [2.2, 8.75, 8.325],
			"faces": {
				"north": {"uv": [8, 9, 9, 8], "texture": "#texture", "cullface": "east"},
				"east": {"uv": [8, 9, 9, 8], "texture": "#texture", "cullface": "east"},
				"south": {"uv": [8, 9, 9, 8], "texture": "#texture", "cullface": "east"},
				"west": {"uv": [8, 9, 9, 8], "texture": "#texture", "cullface": "east"},
				"up": {"uv": [8, 9, 9, 8], "texture": "#texture", "cullface": "east"},
				"down": {"uv": [8, 9, 9, 8], "texture": "#texture"}
			}
		},
		{
			"from": [1.8, 7.725, 7.925],
			"to": [2.1, 8.75, 8.425],
			"faces": {
				"north": {"uv": [8, 9, 9, 8], "texture": "#texture", "cullface": "east"},
				"east": {"uv": [8, 9, 9, 8], "texture": "#texture", "cullface": "east"},
				"south": {"uv": [8, 9, 9, 8], "texture": "#texture", "cullface": "east"},
				"west": {"uv": [8, 9, 9, 8], "texture": "#texture", "cullface": "east"},
				"up": {"uv": [8, 9, 9, 8], "texture": "#texture", "cullface": "east"},
				"down": {"uv": [8, 9, 9, 8], "texture": "#texture"}
			}
		},
		{
			"from": [24.65, 6.475, 7.4],
			"to": [27.4, 6.725, 8.6],
			"rotation": {"angle": 0, "axis": "y", "origin": [0.4, -0.275, 0]},
			"faces": {
				"north": {"uv": [15.9, 11.3, 15.3, 11.75], "texture": "#texture", "cullface": "east"},
				"east": {"uv": [15.2, 11.3, 16, 11.85], "texture": "#texture", "cullface": "east"},
				"south": {"uv": [16, 11.2, 15.1, 11.95], "texture": "#texture", "cullface": "east"},
				"west": {"uv": [15.2, 11.3, 16, 11.85], "texture": "#texture", "cullface": "east"},
				"down": {"uv": [16, 11.75, 15.2, 11.35], "texture": "#texture", "cullface": "east"}
			}
		},
		{
			"from": [25.4, 6.225, 7.4],
			"to": [27.4, 6.475, 8.6],
			"rotation": {"angle": 0, "axis": "y", "origin": [0.4, -0.275, 0]},
			"faces": {
				"north": {"uv": [16, 11.25, 15.3, 11.8], "texture": "#texture", "cullface": "east"},
				"east": {"uv": [15.2, 11.25, 16, 11.5], "texture": "#texture", "cullface": "east"},
				"south": {"uv": [16, 11.15, 15.2, 11.9], "texture": "#texture", "cullface": "east"},
				"west": {"uv": [15.3, 11.35, 16, 11.5], "texture": "#texture", "cullface": "east"},
				"down": {"uv": [16, 11.75, 15.2, 11.35], "texture": "#texture", "cullface": "east"}
			}
		},
		{
			"from": [25.9, 5.975, 7.4],
			"to": [27.4, 6.225, 8.6],
			"rotation": {"angle": 0, "axis": "y", "origin": [0.4, -0.275, 0]},
			"faces": {
				"north": {"uv": [16, 11.5, 15.4, 11.75], "texture": "#texture", "cullface": "east"},
				"east": {"uv": [15.4, 11.5, 16, 11.75], "texture": "#texture", "cullface": "east"},
				"south": {"uv": [16, 11.2, 15.1, 11.95], "texture": "#texture", "cullface": "east"},
				"west": {"uv": [15.2, 11.5, 15.75, 11.8], "rotation": 270, "texture": "#texture", "cullface": "east"},
				"down": {"uv": [16, 11.75, 15.2, 11.35], "texture": "#texture", "cullface": "east"}
			}
		},
		{
			"from": [26.55, 5.725, 7.4],
			"to": [27.4, 5.975, 8.6],
			"rotation": {"angle": 0, "axis": "y", "origin": [0.4, -0.275, 0]},
			"faces": {
				"north": {"uv": [15.35, 11.75, 16, 11.35], "rotation": 90, "texture": "#texture", "cullface": "east"},
				"east": {"uv": [15.3, 11.35, 16, 11.9], "texture": "#texture", "cullface": "east"},
				"south": {"uv": [16, 11.25, 15.1, 11.6], "texture": "#texture", "cullface": "east"},
				"west": {"uv": [15.1, 11.45, 16, 11.5], "texture": "#texture", "cullface": "east"},
				"down": {"uv": [16, 11.75, 15.2, 11.35], "texture": "#texture", "cullface": "east"}
			}
		},
		{
			"from": [27.15, 5.45, 7.4],
			"to": [27.4, 5.725, 8.6],
			"rotation": {"angle": 0, "axis": "y", "origin": [0.4, -0.275, 0]},
			"faces": {
				"north": {"uv": [0, 11.4, 0.8, 11.75], "texture": "#texture", "cullface": "east"},
				"east": {"uv": [15.4, 11.4, 16, 11.65], "texture": "#texture", "cullface": "east"},
				"south": {"uv": [16, 11.3, 15.1, 11.85], "texture": "#texture", "cullface": "east"},
				"west": {"uv": [15.2, 11.3, 16, 11.75], "texture": "#texture", "cullface": "east"},
				"down": {"uv": [1, 11.75, 0, 11.25], "texture": "#texture", "cullface": "east"}
			}
		},
		{
			"from": [-9.5, 9.925, 7.675],
			"to": [9.25, 10.25, 8.325],
			"rotation": {"angle": 0, "axis": "y", "origin": [-4.575, 0.35, 0]},
			"faces": {
				"north": {"uv": [15, 12, 16, 11], "texture": "#texture", "cullface": "west"},
				"east": {"uv": [15, 12, 16, 11], "texture": "#texture"},
				"south": {"uv": [15, 12, 16, 11], "texture": "#texture", "cullface": "west"},
				"west": {"uv": [15, 12, 16, 11], "texture": "#texture", "cullface": "west"},
				"up": {"uv": [15, 12, 16, 11], "texture": "#texture", "cullface": "west"},
				"down": {"uv": [15, 12, 16, 11], "texture": "#texture", "cullface": "west"}
			}
		},
		{
			"from": [-7.5, 9.2, 7.75],
			"to": [-0.75, 9.7, 8.25],
			"rotation": {"angle": 0, "axis": "y", "origin": [-4.575, 0.35, 0]},
			"faces": {
				"north": {"uv": [8, 13, 10, 11], "texture": "#1", "cullface": "west"},
				"east": {"uv": [8, 13, 10, 11], "texture": "#1"},
				"south": {"uv": [8, 13, 10, 11], "texture": "#1", "cullface": "west"},
				"west": {"uv": [8, 13, 10, 11], "texture": "#1", "cullface": "west"},
				"up": {"uv": [8, 13, 10, 11], "texture": "#1", "cullface": "west"},
				"down": {"uv": [8, 13, 10, 11], "texture": "#1", "cullface": "west"}
			}
		},
		{
			"from": [-9.5, 10.175, 8.25],
			"to": [9.25, 10.825, 8.575],
			"rotation": {"angle": 0, "axis": "y", "origin": [-4.575, 0.35, 0]},
			"faces": {
				"north": {"uv": [15, 12, 16, 11], "texture": "#texture", "cullface": "west"},
				"east": {"uv": [15, 12, 16, 11], "texture": "#texture"},
				"south": {"uv": [15, 12, 16, 11], "texture": "#texture", "cullface": "west"},
				"west": {"uv": [15, 12, 16, 11], "texture": "#texture", "cullface": "west"},
				"up": {"uv": [15, 12, 16, 11], "texture": "#texture", "cullface": "west"},
				"down": {"uv": [15, 12, 16, 11], "texture": "#texture", "cullface": "west"}
			}
		},
		{
			"from": [-9.5, 10.175, 7.425],
			"to": [9.25, 10.825, 7.75],
			"rotation": {"angle": 0, "axis": "y", "origin": [-4.575, 0.35, 0]},
			"faces": {
				"north": {"uv": [15, 12, 16, 11], "texture": "#texture", "cullface": "west"},
				"east": {"uv": [15, 12, 16, 11], "texture": "#texture"},
				"south": {"uv": [15, 12, 16, 11], "texture": "#texture", "cullface": "west"},
				"west": {"uv": [15, 12, 16, 11], "texture": "#texture", "cullface": "west"},
				"up": {"uv": [15, 12, 16, 11], "texture": "#texture", "cullface": "west"},
				"down": {"uv": [15, 12, 16, 11], "texture": "#texture", "cullface": "west"}
			}
		},
		{
			"from": [-9.5, 10.75, 7.675],
			"to": [9.25, 11.075, 8.325],
			"rotation": {"angle": 0, "axis": "y", "origin": [-4.575, 0.35, 0]},
			"faces": {
				"north": {"uv": [15, 12, 16, 11], "texture": "#texture", "cullface": "west"},
				"east": {"uv": [15, 12, 16, 11], "texture": "#texture"},
				"south": {"uv": [15, 12, 16, 11], "texture": "#texture", "cullface": "west"},
				"west": {"uv": [15, 12, 16, 11], "texture": "#texture", "cullface": "west"},
				"up": {"uv": [15, 12, 16, 11], "texture": "#texture", "cullface": "west"},
				"down": {"uv": [15, 12, 16, 11], "texture": "#texture", "cullface": "west"}
			}
		},
		{
			"from": [7.5, 11.35, 7.4],
			"to": [9, 11.925, 8.6],
			"rotation": {"angle": 0, "axis": "y", "origin": [0, 0.1, 0]},
			"faces": {
				"north": {"uv": [9, 9, 6, 7], "texture": "#texture"},
				"east": {"uv": [9, 9, 6, 7], "texture": "#texture"},
				"south": {"uv": [9, 9, 6, 7], "texture": "#texture"},
				"west": {"uv": [9, 9, 6, 7], "texture": "#texture"},
				"up": {"uv": [9, 9, 6, 7], "texture": "#texture"},
				"down": {"uv": [9, 9, 6, 7], "texture": "#texture"}
			}
		},
		{
			"from": [0, 11.35, 7.15],
			"to": [9, 11.6, 8.85],
			"rotation": {"angle": 0, "axis": "y", "origin": [0, 0.1, 0]},
			"faces": {
				"north": {"uv": [9, 9, 6, 7], "texture": "#texture"},
				"east": {"uv": [9, 9, 6, 7], "texture": "#texture"},
				"south": {"uv": [9, 9, 6, 7], "texture": "#texture"},
				"west": {"uv": [9, 9, 6, 7], "texture": "#texture"},
				"up": {"uv": [9, 9, 6, 7], "texture": "#texture"},
				"down": {"uv": [9, 9, 6, 7], "texture": "#texture"}
			}
		},
		{
			"from": [-0.25, 11, 7.15],
			"to": [9, 11.35, 8.85],
			"rotation": {"angle": 0, "axis": "y", "origin": [0, 0.1, 0]},
			"faces": {
				"north": {"uv": [9, 9, 6, 7], "texture": "#texture"},
				"east": {"uv": [9, 9, 6, 7], "texture": "#texture"},
				"south": {"uv": [9, 9, 6, 7], "texture": "#texture"},
				"west": {"uv": [9, 9, 6, 7], "texture": "#texture"},
				"up": {"uv": [9, 9, 6, 7], "texture": "#texture"},
				"down": {"uv": [9, 9, 6, 7], "texture": "#texture"}
			}
		},
		{
			"from": [9, 7.675, 7.65],
			"to": [10, 8.175, 8.35],
			"rotation": {"angle": 0, "axis": "y", "origin": [0, -0.4, 0]},
			"faces": {
				"north": {"uv": [15, 11, 16, 11.5], "texture": "#texture"},
				"east": {"uv": [15, 11, 16, 11.5], "texture": "#texture"},
				"south": {"uv": [15, 11, 16, 11.5], "texture": "#texture"},
				"west": {"uv": [15, 11, 16, 11.5], "texture": "#texture"},
				"up": {"uv": [15, 11, 16, 12], "texture": "#texture"}
			}
		},
		{
			"from": [9.75, 8.175, 7.65],
			"to": [10.75, 8.675, 8.35],
			"rotation": {"angle": 0, "axis": "y", "origin": [0, -0.4, 0]},
			"faces": {
				"north": {"uv": [15, 11.5, 16, 12], "texture": "#texture"},
				"east": {"uv": [15, 11.5, 16, 12], "texture": "#texture"},
				"south": {"uv": [15, 11.5, 16, 12], "texture": "#texture"},
				"west": {"uv": [15, 11.5, 16, 12], "texture": "#texture"},
				"down": {"uv": [16, 12, 15, 11], "texture": "#texture"}
			}
		},
		{
			"from": [8.75, 8.175, 7.65],
			"to": [9.25, 8.675, 8.35],
			"rotation": {"angle": 0, "axis": "y", "origin": [0, -0.4, 0]},
			"faces": {
				"north": {"uv": [15, 11.5, 16, 12], "texture": "#texture"},
				"east": {"uv": [15, 11.5, 16, 12], "texture": "#texture"},
				"south": {"uv": [15, 11.5, 16, 12], "texture": "#texture"},
				"west": {"uv": [15, 11.5, 16, 12], "texture": "#texture"},
				"down": {"uv": [16, 12, 15, 11], "texture": "#texture"}
			}
		},
		{
			"from": [10.5, 7.675, 7.65],
			"to": [11.5, 8.175, 8.35],
			"rotation": {"angle": 0, "axis": "y", "origin": [0, -0.4, 0]},
			"faces": {
				"north": {"uv": [15, 11, 16, 11.5], "texture": "#texture"},
				"east": {"uv": [15, 11, 16, 11.5], "texture": "#texture"},
				"south": {"uv": [15, 11, 16, 11.5], "texture": "#texture"},
				"west": {"uv": [15, 11, 16, 11.5], "texture": "#texture"},
				"up": {"uv": [15, 11, 16, 12], "texture": "#texture"}
			}
		},
		{
			"from": [9.25, 7.425, 7.65],
			"to": [12, 7.675, 8.35],
			"rotation": {"angle": 0, "axis": "y", "origin": [0, -0.4, 0]},
			"faces": {
				"north": {"uv": [15, 11.5, 16, 11.75], "texture": "#texture"},
				"south": {"uv": [15, 11.5, 16, 11.75], "texture": "#texture"},
				"west": {"uv": [15, 11.5, 16, 11.75], "texture": "#texture", "cullface": "west"},
				"up": {"uv": [15, 11, 16, 12], "texture": "#texture"},
				"down": {"uv": [16, 12, 15, 11], "texture": "#texture"}
			}
		},
		{
			"from": [12, 7.425, 7.65],
			"to": [12.25, 8.175, 8.35],
			"rotation": {"angle": 0, "axis": "y", "origin": [0, -0.4, 0]},
			"faces": {
				"north": {"uv": [15, 11, 16, 11.5], "texture": "#texture"},
				"east": {"uv": [15, 11, 16, 11.5], "texture": "#texture"},
				"south": {"uv": [15, 11, 16, 11.5], "texture": "#texture"},
				"west": {"uv": [15, 11, 16, 11.5], "texture": "#texture"},
				"up": {"uv": [15, 11, 16, 12], "texture": "#texture"},
				"down": {"uv": [15, 11, 16, 12], "texture": "#texture"}
			}
		},
		{
			"from": [11.25, 8.175, 7.65],
			"to": [12.25, 8.675, 8.35],
			"rotation": {"angle": 0, "axis": "y", "origin": [0, -0.4, 0]},
			"faces": {
				"north": {"uv": [15.25, 11.5, 16, 12], "texture": "#texture"},
				"east": {"uv": [15, 11.5, 16, 12], "texture": "#texture"},
				"south": {"uv": [15.25, 11.5, 16, 12], "texture": "#texture"},
				"west": {"uv": [15, 11.5, 16, 12], "texture": "#texture"},
				"down": {"uv": [16, 12, 15.25, 11], "texture": "#texture"}
			}
		},
		{
			"from": [8.25, 8.675, 7.65],
			"to": [12.25, 9.275, 8.35],
			"rotation": {"angle": 0, "axis": "y", "origin": [0, -0.4, 0]},
			"faces": {
				"north": {"uv": [15.05, 11.25, 16, 12], "texture": "#texture"},
				"east": {"uv": [15.3, 11.25, 16, 11.9], "texture": "#texture"},
				"south": {"uv": [15.15, 11.25, 16, 11.9], "texture": "#texture"},
				"west": {"uv": [15, 11, 16, 12], "texture": "#texture"},
				"up": {"uv": [15.15, 11.2, 16, 12], "texture": "#texture"},
				"down": {"uv": [16, 12, 15.05, 11.2], "texture": "#texture"}
			}
		},
		{
			"from": [12.25, 8, 7.15],
			"to": [14.15, 10.85, 8.85],
			"faces": {
				"north": {"uv": [9, 8, 6, 6], "texture": "#texture", "cullface": "east"},
				"east": {"uv": [9, 8, 6, 6], "texture": "#texture", "cullface": "east"},
				"south": {"uv": [9, 8, 6, 6], "texture": "#texture", "cullface": "east"},
				"west": {"uv": [9, 8, 6, 6], "texture": "#texture", "cullface": "east"},
				"up": {"uv": [6, 8, 9, 6], "texture": "#texture", "cullface": "east"},
				"down": {"uv": [6, 6, 9, 8], "texture": "#texture", "cullface": "east"}
			}
		},
		{
			"from": [14.15, 8.075, 7.15],
			"to": [16.05, 10.85, 8.85],
			"faces": {
				"north": {"uv": [9, 8, 6, 6], "texture": "#texture", "cullface": "east"},
				"east": {"uv": [9, 8, 6, 6], "texture": "#texture", "cullface": "east"},
				"south": {"uv": [9, 8, 6, 6], "texture": "#texture", "cullface": "east"},
				"west": {"uv": [9, 8, 6, 6], "texture": "#texture", "cullface": "east"},
				"up": {"uv": [6, 8, 9, 6], "texture": "#texture", "cullface": "east"},
				"down": {"uv": [6, 6, 9, 8], "texture": "#texture", "cullface": "east"}
			}
		},
		{
			"from": [16.05, 8.15, 7.15],
			"to": [18.65, 10.85, 8.85],
			"faces": {
				"north": {"uv": [9, 8, 6, 6], "texture": "#texture", "cullface": "east"},
				"east": {"uv": [9, 8, 6, 6], "texture": "#texture", "cullface": "east"},
				"south": {"uv": [9, 8, 6, 6], "texture": "#texture", "cullface": "east"},
				"west": {"uv": [9, 8, 6, 6], "texture": "#texture", "cullface": "east"},
				"up": {"uv": [6, 8, 9, 6], "texture": "#texture", "cullface": "east"},
				"down": {"uv": [6, 6, 9, 8], "texture": "#texture", "cullface": "east"}
			}
		},
		{
			"from": [9, 10.85, 7.05],
			"to": [14.9, 12.15, 9.05],
			"faces": {
				"north": {"uv": [5, 11, 3, 13], "texture": "#texture", "cullface": "east"},
				"east": {"uv": [5, 11, 3, 13], "texture": "#texture", "cullface": "east"},
				"south": {"uv": [5, 11, 3, 13], "texture": "#texture", "cullface": "east"},
				"west": {"uv": [5, 11, 3, 13], "texture": "#texture", "cullface": "east"},
				"up": {"uv": [5, 11, 3, 13], "texture": "#texture", "cullface": "east"},
				"down": {"uv": [5, 13, 3, 11], "texture": "#texture", "cullface": "east"}
			}
		},
		{
			"from": [9, 11.1, 6.3],
			"to": [12.65, 12.15, 7.05],
			"rotation": {"angle": 0, "axis": "y", "origin": [-0.25, 0, 0]},
			"faces": {
				"north": {"uv": [5, 11, 3, 13], "texture": "#texture", "cullface": "east"},
				"east": {"uv": [5, 11, 3, 13], "texture": "#texture", "cullface": "east"},
				"south": {"uv": [5, 11, 3, 13], "texture": "#texture", "cullface": "east"},
				"west": {"uv": [5, 11, 3, 13], "texture": "#texture", "cullface": "east"},
				"up": {"uv": [5, 11, 3, 13], "texture": "#texture", "cullface": "east"},
				"down": {"uv": [5, 13, 3, 11], "texture": "#texture", "cullface": "east"}
			}
		},
		{
			"from": [14.075, 11.1, 0.875],
			"to": [16.225, 12.15, 1.6],
			"rotation": {"angle": -22.5, "axis": "y", "origin": [-0.25, 0, 0]},
			"faces": {
				"north": {"uv": [5, 11, 3, 13], "texture": "#texture", "cullface": "east"},
				"east": {"uv": [5, 11, 3, 13], "texture": "#texture", "cullface": "east"},
				"south": {"uv": [5, 11, 3, 13], "texture": "#texture", "cullface": "east"},
				"west": {"uv": [5, 11, 3, 13], "texture": "#texture", "cullface": "east"},
				"up": {"uv": [5, 11, 3, 13], "texture": "#texture", "cullface": "east"},
				"down": {"uv": [5, 13, 3, 11], "texture": "#texture", "cullface": "east"}
			}
		},
		{
			"from": [14.9, 10.85, 7.15],
			"to": [18.65, 12, 8.85],
			"faces": {
				"north": {"uv": [5, 11, 3, 13], "texture": "#texture", "cullface": "east"},
				"east": {"uv": [5, 11, 3, 13], "texture": "#texture", "cullface": "east"},
				"south": {"uv": [5, 11, 3, 13], "texture": "#texture", "cullface": "east"},
				"west": {"uv": [5, 11, 3, 13], "texture": "#texture", "cullface": "east"},
				"up": {"uv": [5, 11, 3, 13], "texture": "#texture", "cullface": "east"},
				"down": {"uv": [5, 13, 3, 11], "texture": "#texture", "cullface": "east"}
			}
		},
		{
			"from": [9, 8.75, 7.15],
			"to": [12.25, 10.85, 8.85],
			"faces": {
				"north": {"uv": [8, 7, 6, 9], "texture": "#texture", "cullface": "east"},
				"east": {"uv": [8, 7, 6, 9], "texture": "#texture", "cullface": "east"},
				"south": {"uv": [8, 7, 6, 9], "texture": "#texture", "cullface": "east"},
				"west": {"uv": [8, 7, 6, 9], "texture": "#texture", "cullface": "east"},
				"up": {"uv": [8, 7, 6, 9], "texture": "#texture", "cullface": "east"},
				"down": {"uv": [8, 9, 6, 7], "texture": "#texture", "cullface": "east"}
			}
		},
		{
			"from": [9.125, 9.475, 8.85],
			"to": [12.15, 10.4, 8.875],
			"faces": {
				"north": {"uv": [4, 15, 1, 16], "texture": "#1", "cullface": "east"},
				"east": {"uv": [4, 15, 1, 16], "texture": "#1", "cullface": "east"},
				"south": {"uv": [4, 15, 1, 16], "texture": "#1", "cullface": "east"},
				"west": {"uv": [4, 15, 1, 16], "texture": "#1", "cullface": "east"},
				"up": {"uv": [4, 15, 1, 16], "texture": "#1", "cullface": "east"},
				"down": {"uv": [4, 16, 1, 15], "texture": "#1", "cullface": "east"}
			}
		},
		{
			"from": [8.9, 8.625, 1.55],
			"to": [12.45, 12.75, 2],
			"rotation": {"angle": 22.5, "axis": "x", "origin": [0, -0.5, 0]},
			"faces": {
				"north": {"uv": [16, 9, 15, 2], "rotation": 90, "texture": "#texture", "cullface": "east"},
				"east": {"uv": [16, 3, 15, 2], "rotation": 90, "texture": "#texture", "cullface": "east"},
				"south": {"uv": [16, 9, 15, 2], "rotation": 90, "texture": "#texture", "cullface": "east"},
				"west": {"uv": [16, 3, 15, 2], "rotation": 90, "texture": "#texture", "cullface": "east"},
				"up": {"uv": [16, 2, 15, 9], "rotation": 90, "texture": "#texture", "cullface": "east"},
				"down": {"uv": [15, 2, 16, 9], "rotation": 90, "texture": "#texture", "cullface": "east"}
			}
		},
		{
			"from": [8.9, 3.325, 4.9],
			"to": [12.45, 7.425, 11.1],
			"rotation": {"angle": 0, "axis": "y", "origin": [0, -0.5, 0]},
			"faces": {
				"north": {"uv": [2, 10, 0, 5], "texture": "#texture", "cullface": "east"},
				"east": {"uv": [2, 10, 0, 5], "texture": "#texture", "cullface": "east"},
				"south": {"uv": [2, 10, 0, 5], "texture": "#texture", "cullface": "east"},
				"west": {"uv": [2, 10, 0, 5], "texture": "#texture", "cullface": "east"},
				"up": {"uv": [0, 10, 2, 9], "texture": "#texture", "cullface": "east"},
				"down": {"uv": [0, 5, 2, 10], "texture": "#texture", "cullface": "east"}
			}
		},
		{
			"from": [-0.275, 8.75, 6.9],
			"to": [7.25, 10.25, 9.1],
			"faces": {
				"north": {"uv": [16, 12, 15, 11], "texture": "#texture", "cullface": "east"},
				"east": {"uv": [16, 12, 15, 11], "texture": "#texture", "cullface": "east"},
				"south": {"uv": [16, 12, 15, 11], "texture": "#texture", "cullface": "east"},
				"west": {"uv": [16, 12, 15, 11], "texture": "#texture", "cullface": "east"},
				"up": {"uv": [15, 12, 16, 11], "texture": "#texture", "cullface": "east"},
				"down": {"uv": [15, 11, 16, 12], "texture": "#texture", "cullface": "east"}
			}
		},
		{
			"from": [14.25, 6.9, 7.625],
			"to": [14.5, 7.15, 8.375],
			"rotation": {"angle": 0, "axis": "y", "origin": [0, -0.1, 0]},
			"faces": {
				"north": {"uv": [0, 14, 3, 16], "texture": "#texture"},
				"east": {"uv": [0, 14, 3, 16], "texture": "#texture"},
				"south": {"uv": [0, 14, 3, 16], "texture": "#texture"},
				"west": {"uv": [0, 14, 3, 16], "texture": "#texture"},
				"up": {"uv": [0, 14, 3, 16], "texture": "#texture"},
				"down": {"uv": [3, 16, 0, 14], "texture": "#texture"}
			}
		},
		{
			"from": [14.5, 6.65, 7.625],
			"to": [16, 6.9, 8.375],
			"rotation": {"angle": 0, "axis": "y", "origin": [0, -0.1, 0]},
			"faces": {
				"north": {"uv": [0, 14, 3, 16], "texture": "#texture"},
				"south": {"uv": [0, 14, 3, 16], "texture": "#texture"},
				"west": {"uv": [0, 14, 3, 16], "texture": "#texture"},
				"up": {"uv": [0, 14, 3, 16], "texture": "#texture"},
				"down": {"uv": [3, 16, 0, 14], "texture": "#texture"}
			}
		},
		{
			"from": [14, 7.15, 7.575],
			"to": [14.25, 8.15, 8.425],
			"rotation": {"angle": 0, "axis": "y", "origin": [0, -0.1, 0]},
			"faces": {
				"north": {"uv": [0, 14, 3, 16], "texture": "#texture"},
				"east": {"uv": [0, 14, 3, 16], "texture": "#texture"},
				"south": {"uv": [0, 14, 3, 16], "texture": "#texture"},
				"west": {"uv": [0, 14, 3, 16], "texture": "#texture"},
				"down": {"uv": [3, 16, 0, 14], "texture": "#texture"}
			}
		},
		{
			"from": [16, 6.65, 7.575],
			"to": [16.5, 7.15, 8.425],
			"rotation": {"angle": 0, "axis": "y", "origin": [0, -0.1, 0]},
			"faces": {
				"north": {"uv": [0, 14, 3, 16], "texture": "#texture", "cullface": "east"},
				"south": {"uv": [0, 14, 3, 16], "texture": "#texture", "cullface": "east"},
				"west": {"uv": [0, 14, 3, 16], "texture": "#texture", "cullface": "east"},
				"up": {"uv": [0, 14, 3, 16], "texture": "#texture", "cullface": "east"},
				"down": {"uv": [0, 16, 3, 14], "texture": "#texture", "cullface": "east"}
			}
		},
		{
			"from": [16, 7.9, 7.575],
			"to": [16.5, 8.15, 8.425],
			"rotation": {"angle": 0, "axis": "y", "origin": [0, -0.1, 0]},
			"faces": {
				"north": {"uv": [0, 14, 3, 16], "texture": "#texture", "cullface": "east"},
				"south": {"uv": [0, 14, 3, 16], "texture": "#texture", "cullface": "east"},
				"west": {"uv": [0, 14, 3, 16], "texture": "#texture", "cullface": "east"},
				"down": {"uv": [0, 16, 3, 14], "texture": "#texture", "cullface": "east"}
			}
		},
		{
			"from": [16.25, 7.15, 7.575],
			"to": [16.5, 7.9, 8.425],
			"rotation": {"angle": 0, "axis": "y", "origin": [0, -0.1, 0]},
			"faces": {
				"north": {"uv": [0, 14, 3, 16], "texture": "#texture", "cullface": "east"},
				"south": {"uv": [0, 14, 3, 16], "texture": "#texture", "cullface": "east"},
				"west": {"uv": [0, 14, 3, 16], "texture": "#texture", "cullface": "east"}
			}
		},
		{
			"from": [15.625, 7.225, 7.825],
			"to": [15.875, 8.475, 8.175],
			"rotation": {"angle": -22.5, "axis": "z", "origin": [15.5, 8.4, 7.75]},
			"faces": {
				"north": {"uv": [8.25, 0, 8.5, 1.25], "texture": "#texture"},
				"east": {"uv": [7.75, 0, 8.25, 1.25], "texture": "#texture"},
				"south": {"uv": [7.5, 0, 7.75, 1.25], "texture": "#texture"},
				"west": {"uv": [7.75, 0, 8.25, 1.25], "texture": "#texture"},
				"up": {"uv": [7.5, 7.75, 7.75, 8.25], "texture": "#texture"},
				"down": {"uv": [8.5, 8.25, 8.25, 7.75], "texture": "#texture"}
			}
		},
		{
			"from": [16.5, 6.65, 7.4],
			"to": [17.825, 8.15, 8.6],
			"rotation": {"angle": 0, "axis": "y", "origin": [0, -0.1, 0]},
			"faces": {
				"north": {"uv": [0, 11.15, 0.8, 11.65], "texture": "#texture", "cullface": "east"},
				"east": {"uv": [0, 11.15, 1, 11.85], "texture": "#texture", "cullface": "east"},
				"south": {"uv": [0.9, 11.85, 0, 11.15], "texture": "#texture", "cullface": "east"},
				"west": {"uv": [0, 11.8, 1, 11.35], "texture": "#texture", "cullface": "east"},
				"down": {"uv": [1, 11.75, 0, 11.25], "texture": "#texture", "cullface": "east"}
			}
		},
		{
			"from": [16.5, 3.4, 7.4],
			"to": [17.925, 7.15, 8.6],
			"rotation": {"angle": 22.5, "axis": "z", "origin": [16.5, 7.15, 7.25]},
			"faces": {
				"north": {"uv": [0, 11.25, 0.9, 11.9], "texture": "#texture", "cullface": "east"},
				"east": {"uv": [0, 11.25, 1, 11.9], "texture": "#texture", "cullface": "east"},
				"south": {"uv": [1, 11.65, 0, 11.9], "texture": "#texture", "cullface": "east"},
				"west": {"uv": [0, 11.2, 1, 11.9], "texture": "#texture", "cullface": "east"},
				"up": {"uv": [0, 11.25, 1, 11.85], "texture": "#texture", "cullface": "east"},
				"down": {"uv": [0, 11.75, 1, 11.25], "texture": "#texture", "cullface": "east"}
			}
		},
		{
			"from": [17.925, 3.4, 7.4],
			"to": [18.175, 5.9, 8.6],
			"rotation": {"angle": 22.5, "axis": "z", "origin": [16.5, 7.15, 7.25]},
			"faces": {
				"north": {"uv": [0, 11.25, 0.9, 11.9], "texture": "#texture", "cullface": "east"},
				"east": {"uv": [0, 11.25, 1, 11.9], "texture": "#texture", "cullface": "east"},
				"south": {"uv": [1, 11.65, 0, 11.9], "texture": "#texture", "cullface": "east"},
				"west": {"uv": [0, 11.2, 1, 11.9], "texture": "#texture", "cullface": "east"},
				"up": {"uv": [0, 11.25, 1, 11.85], "texture": "#texture", "cullface": "east"},
				"down": {"uv": [0, 11.75, 1, 11.25], "texture": "#texture", "cullface": "east"}
			}
		},
		{
			"from": [16.25, 3.375, 7.575],
			"to": [16.75, 6.775, 8.425],
			"rotation": {"angle": 22.5, "axis": "z", "origin": [16.5, 6.65, 7.25]},
			"faces": {
				"north": {"uv": [0, 11.15, 0.9, 11.8], "texture": "#texture", "cullface": "east"},
				"east": {"uv": [0, 11.15, 1, 11.9], "texture": "#texture", "cullface": "east"},
				"south": {"uv": [1, 11.85, 0, 11.2], "texture": "#texture", "cullface": "east"},
				"west": {"uv": [0, 11.2, 1, 11.9], "texture": "#texture", "cullface": "east"},
				"down": {"uv": [0, 11.65, 1, 11.35], "texture": "#texture", "cullface": "east"}
			}
		},
		{
			"from": [17.35, -3.075, 7.775],
			"to": [17.5, -2.65, 8.225],
			"rotation": {"angle": 22.5, "axis": "z", "origin": [0.825, 0.3, 0]},
			"faces": {
				"north": {"uv": [0, 11.75, 0, 12], "rotation": 270, "texture": "#texture", "cullface": "east"},
				"south": {"uv": [0.8, 11.25, 0, 11.9], "rotation": 90, "texture": "#texture", "cullface": "east"},
				"west": {"uv": [0, 11.3, 1, 11.7], "rotation": 90, "texture": "#texture", "cullface": "east"},
				"up": {"uv": [0, 11.75, 1, 12], "rotation": 90, "texture": "#texture", "cullface": "east"},
				"down": {"uv": [0, 11.45, 1, 11.7], "rotation": 90, "texture": "#texture", "cullface": "east"}
			}
		}
	],
	"gui_light": "front",
	"display": {
		"thirdperson_righthand": {
			"rotation": [0, -90, 0],
			"translation": [0, 0, -5.5],
			"scale": [0.81, 0.81, 0.81]
		},
		"thirdperson_lefthand": {
			"rotation": [0, 90, 0],
			"translation": [0, 0, -5.5],
			"scale": [0.81, 0.81, 0.81]
		},
		"firstperson_righthand": {
			"rotation": [47.07, -79.61, 24.79],
			"translation": [0, 3.5, -7.75]
		},
		"firstperson_lefthand": {
			"rotation": [-136.79, 78.54, 157.84],
			"translation": [2.25, 4.25, -9.25]
		},
		"ground": {
			"translation": [-1.5, 0.5, 0],
			"scale": [0.9, 0.9, 0.9]
		},
		"gui": {
			"rotation": [0, 0, -45],
			"translation": [-1, 0.25, 0],
			"scale": [0.53, 0.53, 1]
		},
		"fixed": {
			"rotation": [0, 180, -45],
			"translation": [2, 0.85, -1.1],
			"scale": [0.87, 0.87, 0.87]
		}
	}
}