{
	"credit": "Made by SrDarmith - YouTube: Mainclay",
	"textures": {
		"texture": "item/hardened_clay_stained_lime",
		"particle": "item/anvil_1",
		"dark wood blade": "item/anvil_1",
		"hardened_clay_stained_white": "item/hardened_clay_stained_white"
	},
	"elements": [
		{
			"from": [-1.75, 6.2, 7.1],
			"to": [6.5, 6.7, 7.35],
			"rotation": {"angle": 0, "axis": "y", "origin": [7.25, -3.05, -0.4]},
			"faces": {
				"north": {"uv": [15, 6.25, 16, 6.75], "texture": "#dark wood blade", "cullface": "west"},
				"south": {"uv": [0, 6.25, 1, 6.75], "texture": "#dark wood blade", "cullface": "west"},
				"west": {"uv": [7.5, 6.25, 8.5, 6.75], "texture": "#dark wood blade", "cullface": "west"},
				"up": {"uv": [0, 7.5, 1, 8.5], "texture": "#dark wood blade", "cullface": "west"},
				"down": {"uv": [16, 8.5, 15, 7.5], "texture": "#dark wood blade", "cullface": "west"}
			}
		},
		{
			"from": [-1.75, 6.2, 7.85],
			"to": [6.5, 6.7, 8.1],
			"rotation": {"angle": 0, "axis": "y", "origin": [7.25, -3.05, -0.4]},
			"faces": {
				"north": {"uv": [15, 6.25, 16, 6.75], "texture": "#dark wood blade", "cullface": "west"},
				"south": {"uv": [0, 6.25, 1, 6.75], "texture": "#dark wood blade", "cullface": "west"},
				"west": {"uv": [7.5, 6.25, 8.5, 6.75], "texture": "#dark wood blade", "cullface": "west"},
				"up": {"uv": [0, 7.5, 1, 8.5], "texture": "#dark wood blade", "cullface": "west"},
				"down": {"uv": [16, 8.5, 15, 7.5], "texture": "#dark wood blade", "cullface": "west"}
			}
		},
		{
			"from": [-1.75, 6.7, 7.35],
			"to": [6.5, 6.95, 7.85],
			"rotation": {"angle": 0, "axis": "y", "origin": [7.25, -3.05, -0.4]},
			"faces": {
				"north": {"uv": [15, 6, 16, 7], "texture": "#dark wood blade", "cullface": "west"},
				"south": {"uv": [0, 6, 1, 7], "texture": "#dark wood blade", "cullface": "west"},
				"west": {"uv": [7.75, 6, 8.25, 7], "texture": "#dark wood blade", "cullface": "west"},
				"up": {"uv": [0, 7.75, 1, 8.25], "texture": "#dark wood blade", "cullface": "west"},
				"down": {"uv": [16, 8.25, 15, 7.75], "texture": "#dark wood blade", "cullface": "west"}
			}
		},
		{
			"from": [-1.75, 5.95, 7.35],
			"to": [6.5, 6.2, 7.85],
			"rotation": {"angle": 0, "axis": "y", "origin": [6.25, -3.05, -0.4]},
			"faces": {
				"north": {"uv": [15, 6, 16, 7], "texture": "#dark wood blade", "cullface": "west"},
				"south": {"uv": [0, 6, 1, 7], "texture": "#dark wood blade", "cullface": "west"},
				"west": {"uv": [7.75, 6, 8.25, 7], "texture": "#dark wood blade", "cullface": "west"},
				"up": {"uv": [0, 7.75, 1, 8.25], "texture": "#dark wood blade", "cullface": "west"},
				"down": {"uv": [16, 8.25, 15, 7.75], "texture": "#dark wood blade", "cullface": "west"}
			}
		},
		{
			"from": [8.75, 5.95, 7.1],
			"to": [13.75, 7.05, 8.1],
			"rotation": {"angle": 0, "axis": "y", "origin": [11.25, -3.05, -0.4]},
			"faces": {
				"north": {"uv": [9.5, 6, 15, 7], "texture": "#dark wood blade"},
				"east": {"uv": [7.5, 6, 8.5, 7], "texture": "#dark wood blade"},
				"south": {"uv": [1, 6, 6.5, 7], "texture": "#dark wood blade"},
				"west": {"uv": [7.5, 6, 8.5, 7], "texture": "#dark wood blade"},
				"up": {"uv": [1, 7.5, 6.5, 8.5], "texture": "#dark wood blade"}
			}
		},
		{
			"from": [8.25, 5.95, 6.95],
			"to": [13.75, 6.875, 8.25],
			"rotation": {"angle": 0, "axis": "y", "origin": [11.25, -3.05, -0.4]},
			"faces": {
				"north": {"uv": [9.5, 6, 15, 7], "texture": "#dark wood blade"},
				"east": {"uv": [7.5, 6, 8.5, 7], "texture": "#dark wood blade"},
				"south": {"uv": [1, 6, 6.5, 7], "texture": "#dark wood blade"},
				"west": {"uv": [7.5, 6, 8.5, 7], "texture": "#dark wood blade"},
				"up": {"uv": [1, 7.5, 6.5, 8.5], "texture": "#dark wood blade"},
				"down": {"uv": [8, 6, 9, 7], "texture": "#dark wood blade"}
			}
		},
		{
			"from": [8.75, 5.2, 6.85],
			"to": [26.75, 5.95, 8.35],
			"rotation": {"angle": 0, "axis": "y", "origin": [6.25, -3.05, -0.4]},
			"faces": {
				"north": {"uv": [0, 7, 15, 7.75], "texture": "#texture", "cullface": "east"},
				"east": {"uv": [7.25, 7, 8.75, 7.75], "texture": "#texture", "cullface": "east"},
				"south": {"uv": [1, 7, 16, 7.75], "texture": "#texture", "cullface": "east"},
				"west": {"uv": [7.25, 7, 8.75, 7.75], "texture": "#texture", "cullface": "east"},
				"up": {"uv": [1, 7.25, 16, 8.75], "texture": "#texture", "cullface": "east"},
				"down": {"uv": [15, 8.75, 0, 7.25], "texture": "#texture", "cullface": "east"}
			}
		},
		{
			"from": [13.75, 6.7, 6.85],
			"to": [27, 7.2, 8.35],
			"rotation": {"angle": 0, "axis": "y", "origin": [6.25, -3.05, -0.4]},
			"faces": {
				"north": {"uv": [0, 5.75, 9.5, 6.25], "texture": "#texture", "cullface": "east"},
				"east": {"uv": [7.25, 5.75, 8.75, 6.25], "texture": "#texture", "cullface": "east"},
				"south": {"uv": [6.5, 5.75, 16, 6.25], "texture": "#texture", "cullface": "east"},
				"west": {"uv": [7.25, 5.75, 8.75, 6.25], "texture": "#texture", "cullface": "east"},
				"up": {"uv": [6.5, 7.25, 16, 8.75], "texture": "#texture", "cullface": "east"}
			}
		},
		{
			"from": [8, 5.2, 7.1],
			"to": [8.75, 7.05, 8.1],
			"rotation": {"angle": 0, "axis": "y", "origin": [7.25, -3.05, -0.4]},
			"faces": {
				"north": {"uv": [14.5, 6.75, 15.75, 7.75], "texture": "#dark wood blade"},
				"east": {"uv": [7.5, 6.75, 8.5, 7.75], "texture": "#dark wood blade"},
				"south": {"uv": [0.25, 6.75, 1.5, 7.75], "texture": "#dark wood blade"},
				"west": {"uv": [7.5, 6.75, 8.5, 7.75], "texture": "#dark wood blade"},
				"up": {"uv": [0.25, 7.5, 1.5, 8.5], "texture": "#dark wood blade"},
				"down": {"uv": [15.75, 8.5, 14.5, 7.5], "texture": "#dark wood blade"}
			}
		},
		{
			"from": [7.375, 4.45, 7.3],
			"to": [7.875, 5.95, 7.9],
			"rotation": {"angle": 0, "axis": "y", "origin": [6.25, -3.05, -0.4]},
			"faces": {
				"north": {"uv": [15, 7.5, 15.5, 8.25], "texture": "#dark wood blade"},
				"east": {"uv": [7.75, 7.5, 8.25, 8.25], "texture": "#dark wood blade"},
				"south": {"uv": [0.5, 7.5, 1, 8.25], "texture": "#dark wood blade"},
				"west": {"uv": [7.75, 7.5, 8.25, 8.25], "texture": "#dark wood blade"},
				"up": {"uv": [0.5, 7.75, 1, 8.25], "texture": "#dark wood blade"}
			}
		},
		{
			"from": [7, 0.95, 7.35],
			"to": [8.25, 4.7, 7.85],
			"rotation": {"angle": 0, "axis": "y", "origin": [6.25, -3.05, -0.4]},
			"faces": {
				"north": {"uv": [14.75, 8.25, 16, 12], "texture": "#texture"},
				"east": {"uv": [7.5, 8.25, 8.5, 12], "texture": "#texture"},
				"south": {"uv": [0, 8.25, 1.25, 12], "texture": "#texture"},
				"west": {"uv": [7.5, 8.25, 8.5, 12], "texture": "#texture", "cullface": "west"},
				"up": {"uv": [0, 7.5, 1.25, 8.5], "texture": "#texture"},
				"down": {"uv": [16, 8.5, 14.75, 7.5], "texture": "#texture"}
			}
		},
		{
			"from": [13.75, 5.95, 6.6],
			"to": [27, 6.7, 8.6],
			"rotation": {"angle": 0, "axis": "y", "origin": [6.25, -3.05, -0.4]},
			"faces": {
				"north": {"uv": [0, 6.25, 9.5, 7], "texture": "#texture", "cullface": "east"},
				"east": {"uv": [7, 6.25, 9, 7], "texture": "#texture", "cullface": "east"},
				"south": {"uv": [6.5, 6.25, 16, 7], "texture": "#texture", "cullface": "east"},
				"west": {"uv": [7, 6.25, 9, 7], "texture": "#texture", "cullface": "east"},
				"up": {"uv": [6.5, 7, 16, 9], "texture": "#texture", "cullface": "east"},
				"down": {"uv": [9.5, 9, 0, 7], "texture": "#texture", "cullface": "east"}
			}
		},
		{
			"from": [3.9, 5.2, 7.1],
			"to": [4.95, 6.275, 8.1],
			"rotation": {"angle": -45, "axis": "z", "origin": [6.95, -3.05, -0.4]},
			"faces": {
				"north": {"uv": [11, 8, 12, 8.75], "texture": "#texture"},
				"east": {"uv": [7.5, 8, 8.5, 8.75], "texture": "#texture"},
				"south": {"uv": [4, 8, 5, 8.75], "texture": "#texture"},
				"west": {"uv": [7.5, 8, 8.5, 8.75], "texture": "#texture"},
				"down": {"uv": [12, 8.5, 11, 7.5], "texture": "#texture"}
			}
		},
		{
			"from": [9.5, 4.95, 7.1],
			"to": [15.5, 5.2, 8.1],
			"rotation": {"angle": 0, "axis": "y", "origin": [6.2, -3.05, -0.4]},
			"faces": {
				"north": {"uv": [7, 7.75, 14.5, 8], "texture": "#texture"},
				"south": {"uv": [1.5, 7.75, 9, 8], "texture": "#texture"},
				"west": {"uv": [7.5, 7.75, 8.5, 8], "texture": "#texture"},
				"down": {"uv": [14.5, 8.5, 7, 7.5], "texture": "#texture"}
			}
		},
		{
			"from": [11.25, 1.025, 7.1],
			"to": [11.75, 4.45, 8.1],
			"rotation": {"angle": 22.5, "axis": "z", "origin": [11.25, 4.45, 7.1]},
			"faces": {
				"north": {"uv": [11.75, 8, 12.25, 12.75], "texture": "#texture"},
				"east": {"uv": [7.5, 8, 8.5, 12.75], "texture": "#texture"},
				"south": {"uv": [3.75, 8, 4.25, 12.75], "texture": "#texture"},
				"west": {"uv": [7.5, 8, 8.5, 12.75], "texture": "#texture"},
				"up": {"uv": [3.75, 7.5, 4.25, 8.5], "texture": "#texture"},
				"down": {"uv": [12.25, 8.5, 11.75, 7.5], "texture": "#texture"}
			}
		},
		{
			"from": [13.325, 0.775, 7.1],
			"to": [16.8, 1.35, 8.1],
			"rotation": {"angle": 0, "axis": "y", "origin": [7, -3.05, -0.4]},
			"faces": {
				"north": {"uv": [6.25, 11.5, 10.25, 12], "texture": "#texture"},
				"east": {"uv": [7.5, 11.5, 8.5, 12], "texture": "#texture"},
				"south": {"uv": [5.75, 11.5, 9.75, 12], "texture": "#texture"},
				"west": {"uv": [7.5, 11.5, 8.5, 12], "texture": "#texture"},
				"up": {"uv": [5.75, 7.5, 9.75, 8.5], "texture": "#texture"},
				"down": {"uv": [10.25, 8.5, 6.25, 7.5], "texture": "#texture"}
			}
		},
		{
			"from": [7.85, 3.95, 7.1],
			"to": [8.325, 4.5, 8.1],
			"rotation": {"angle": -45, "axis": "z", "origin": [7, -3.05, -0.4]},
			"faces": {
				"north": {"uv": [6.25, 11.5, 10.25, 12], "texture": "#texture"},
				"east": {"uv": [7.5, 11.5, 8.5, 12], "texture": "#texture"},
				"south": {"uv": [5.75, 11.5, 9.75, 12], "texture": "#texture"},
				"west": {"uv": [7.5, 11.5, 8.5, 12], "texture": "#texture"},
				"up": {"uv": [5.75, 7.5, 9.75, 8.5], "texture": "#texture"},
				"down": {"uv": [10.25, 8.5, 6.25, 7.5], "texture": "#texture"}
			}
		},
		{
			"from": [14, 0.5, 7.1],
			"to": [15.5, 4.2, 8.1],
			"rotation": {"angle": 22.5, "axis": "z", "origin": [14, 4.2, 7.1]},
			"faces": {
				"north": {"uv": [8.75, 8.75, 10.25, 11.5], "texture": "#texture"},
				"east": {"uv": [7.5, 8.75, 8.5, 11.5], "texture": "#texture"},
				"south": {"uv": [5.75, 8.75, 7.25, 11.5], "texture": "#texture"},
				"west": {"uv": [7.5, 8.75, 8.5, 11.5], "texture": "#texture"},
				"up": {"uv": [5.75, 7.5, 7.25, 8.5], "texture": "#texture"},
				"down": {"uv": [10.25, 8.5, 8.75, 7.5], "texture": "#texture"}
			}
		},
		{
			"from": [13.75, 3.7, 7.1],
			"to": [15.75, 4.95, 8.1],
			"rotation": {"angle": 0, "axis": "y", "origin": [7, -3.05, -0.4]},
			"faces": {
				"north": {"uv": [7.25, 8, 9.25, 9.25], "texture": "#texture"},
				"east": {"uv": [7.5, 8, 8.5, 9.25], "texture": "#texture"},
				"south": {"uv": [6.75, 8, 8.75, 9.25], "texture": "#texture"},
				"west": {"uv": [7.5, 8, 8.5, 9.25], "texture": "#texture"},
				"down": {"uv": [9.25, 8.5, 7.25, 7.5], "texture": "#texture"}
			}
		},
		{
			"from": [13.25, 3.95, 7.35],
			"to": [13.75, 4.95, 7.85],
			"rotation": {"angle": 0, "axis": "y", "origin": [7, -3.05, -0.4]},
			"faces": {
				"north": {"uv": [9.25, 8, 9.75, 9], "texture": "#dark wood blade"},
				"south": {"uv": [6.25, 8, 6.75, 9], "texture": "#dark wood blade"},
				"west": {"uv": [7.75, 8, 8.25, 9], "texture": "#dark wood blade"},
				"down": {"uv": [9.75, 8.25, 9.25, 7.75], "texture": "#dark wood blade"}
			}
		},
		{
			"from": [15, 4.2, 7.1],
			"to": [15.25, 4.95, 8.1],
			"rotation": {"angle": 0, "axis": "y", "origin": [6.25, -3.05, -0.4]},
			"faces": {
				"north": {"uv": [7, 8, 7.25, 8.75], "texture": "#texture"},
				"east": {"uv": [7.5, 8, 8.5, 8.75], "texture": "#texture"},
				"south": {"uv": [8.75, 8, 9, 8.75], "texture": "#texture"},
				"down": {"uv": [7.25, 8.5, 7, 7.5], "texture": "#texture"}
			}
		},
		{
			"from": [15.25, 4.45, 6.85],
			"to": [26.75, 5.2, 8.35],
			"rotation": {"angle": 0, "axis": "y", "origin": [6.25, -3.05, -0.4]},
			"faces": {
				"north": {"uv": [0, 7.75, 7, 8.5], "texture": "#texture", "cullface": "east"},
				"east": {"uv": [7.25, 7.75, 8.75, 8.5], "texture": "#texture", "cullface": "east"},
				"south": {"uv": [9, 7.75, 16, 8.5], "texture": "#texture", "cullface": "east"},
				"west": {"uv": [7.25, 7.75, 8.75, 8.5], "texture": "#texture", "cullface": "east"},
				"down": {"uv": [7, 8.75, 0, 7.25], "texture": "#texture", "cullface": "east"}
			}
		},
		{
			"from": [18.2, 0.525, 7.125],
			"to": [18.45, 0.775, 8.075],
			"rotation": {"angle": 0, "axis": "y", "origin": [7, -4.05, -0.4]},
			"faces": {
				"north": {"uv": [6, 8.2, 6.5, 8.7], "texture": "#hardened_clay_stained_white", "cullface": "east"},
				"east": {"uv": [6.2, 8.1, 6.7, 8.8], "texture": "#hardened_clay_stained_white", "cullface": "east"},
				"south": {"uv": [6.8, 4.1, 6.1, 4.8], "texture": "#hardened_clay_stained_white", "cullface": "east"},
				"west": {"uv": [2, 0, 3, 1], "texture": "#hardened_clay_stained_white"},
				"up": {"uv": [1, 1, 0, 2], "texture": "#hardened_clay_stained_white"},
				"down": {"uv": [6.1, 8.9, 6.8, 8.1], "texture": "#hardened_clay_stained_white", "cullface": "east"}
			}
		},
		{
			"from": [18.2, 0.025, 7.125],
			"to": [20.95, 0.525, 8.075],
			"rotation": {"angle": 0, "axis": "y", "origin": [7, -4.05, -0.4]},
			"faces": {
				"north": {"uv": [0, 4.1, 6.8, 5.4], "texture": "#hardened_clay_stained_white", "cullface": "east"},
				"east": {"uv": [6.2, 8.1, 6.7, 8.8], "texture": "#hardened_clay_stained_white", "cullface": "east"},
				"south": {"uv": [6.8, 4.1, 0.1, 5.4], "texture": "#hardened_clay_stained_white", "cullface": "east"},
				"west": {"uv": [1, 0, 2, 1], "texture": "#hardened_clay_stained_white"},
				"up": {"uv": [3, 1, 4, 2], "texture": "#hardened_clay_stained_white"},
				"down": {"uv": [6.1, 8.9, 6.8, 8.1], "texture": "#hardened_clay_stained_white", "cullface": "east"}
			}
		},
		{
			"from": [19.55, -0.225, 7.125],
			"to": [20.95, 0.025, 8.075],
			"rotation": {"angle": 0, "axis": "y", "origin": [7, -4.05, -0.4]},
			"faces": {
				"north": {"uv": [0, 5.1, 3.5, 5.8], "texture": "#hardened_clay_stained_white", "cullface": "east"},
				"east": {"uv": [6.2, 8.1, 6.7, 8.8], "texture": "#hardened_clay_stained_white", "cullface": "east"},
				"south": {"uv": [3.5, 5.1, 0.1, 5.8], "texture": "#hardened_clay_stained_white", "cullface": "east"},
				"west": {"uv": [0, 0, 1, 1], "texture": "#hardened_clay_stained_white"},
				"up": {"uv": [0, 0, 0, 0], "texture": "#hardened_clay_stained_white"},
				"down": {"uv": [6.1, 8.9, 6.8, 8.1], "texture": "#hardened_clay_stained_white", "cullface": "east"}
			}
		},
		{
			"from": [19.55, -0.475, 7.125],
			"to": [20.95, -0.225, 8.075],
			"rotation": {"angle": 0, "axis": "y", "origin": [7, -4.05, -0.4]},
			"faces": {
				"north": {"uv": [0, 14.2, 0.5, 14.7], "texture": "#hardened_clay_stained_white", "cullface": "east"},
				"east": {"uv": [6.2, 8.1, 6.7, 8.8], "texture": "#hardened_clay_stained_white", "cullface": "east"},
				"south": {"uv": [0.9, 14.1, 0, 14.8], "texture": "#hardened_clay_stained_white", "cullface": "east"},
				"west": {"uv": [0, 0, 1, 1], "texture": "#hardened_clay_stained_white"},
				"up": {"uv": [0, 0, 0, 0], "texture": "#hardened_clay_stained_white"},
				"down": {"uv": [6.1, 8.9, 6.8, 8.1], "texture": "#hardened_clay_stained_white", "cullface": "east"}
			}
		},
		{
			"from": [18.2, -0.225, 7.125],
			"to": [19.55, 0.025, 8.075],
			"rotation": {"angle": 0, "axis": "y", "origin": [7, -4.05, -0.4]},
			"faces": {
				"north": {"uv": [0, 15.2, 0.5, 14.7], "texture": "#hardened_clay_stained_white", "cullface": "east"},
				"east": {"uv": [6.2, 8.1, 6.7, 8.8], "texture": "#hardened_clay_stained_white", "cullface": "east"},
				"south": {"uv": [1, 0.1, 0.1, 0.8], "texture": "#hardened_clay_stained_white", "cullface": "east"},
				"west": {"uv": [0, 0, 1, 1], "texture": "#hardened_clay_stained_white"},
				"up": {"uv": [0, 0, 0, 0], "texture": "#hardened_clay_stained_white"},
				"down": {"uv": [6.1, 8.9, 6.8, 8.1], "texture": "#hardened_clay_stained_white", "cullface": "east"}
			}
		},
		{
			"from": [18.45, 0.525, 7.125],
			"to": [21.2, 1.525, 8.075],
			"rotation": {"angle": 0, "axis": "y", "origin": [7, -4.05, -0.4]},
			"faces": {
				"north": {"uv": [0, 4.2, 6.5, 5.7], "texture": "#hardened_clay_stained_white", "cullface": "east"},
				"east": {"uv": [6.2, 8.1, 6.7, 8.8], "texture": "#hardened_clay_stained_white", "cullface": "east"},
				"south": {"uv": [6.8, 4.1, 0.1, 5.8], "texture": "#hardened_clay_stained_white", "cullface": "east"},
				"west": {"uv": [1, 0, 2, 1], "texture": "#hardened_clay_stained_white"},
				"up": {"uv": [3, 1, 4, 2], "texture": "#hardened_clay_stained_white"},
				"down": {"uv": [6.1, 8.9, 6.8, 8.1], "texture": "#hardened_clay_stained_white", "cullface": "east"}
			}
		},
		{
			"from": [18.45, 1.525, 7.125],
			"to": [18.7, 1.775, 8.075],
			"rotation": {"angle": 0, "axis": "y", "origin": [7, -4.05, -0.4]},
			"faces": {
				"north": {"uv": [6.5, 8.2, 6, 8.7], "texture": "#hardened_clay_stained_white", "cullface": "east"},
				"east": {"uv": [6.2, 8.1, 6.7, 8.8], "texture": "#hardened_clay_stained_white", "cullface": "east"},
				"south": {"uv": [6.8, 4.1, 6.1, 4.8], "texture": "#hardened_clay_stained_white", "cullface": "east"},
				"west": {"uv": [2, 0, 3, 1], "texture": "#hardened_clay_stained_white"},
				"up": {"uv": [1, 1, 0, 2], "texture": "#hardened_clay_stained_white"},
				"down": {"uv": [6.1, 8.9, 6.8, 8.1], "texture": "#hardened_clay_stained_white", "cullface": "east"}
			}
		},
		{
			"from": [18.7, 2.775, 7.125],
			"to": [19.1, 3.025, 8.075],
			"rotation": {"angle": 0, "axis": "y", "origin": [7, -4.05, -0.4]},
			"faces": {
				"north": {"uv": [6, 8.2, 6.5, 8.7], "texture": "#hardened_clay_stained_white", "cullface": "east"},
				"east": {"uv": [6.2, 8.1, 6.7, 8.8], "texture": "#hardened_clay_stained_white", "cullface": "east"},
				"south": {"uv": [6.8, 4.1, 6.1, 4.8], "texture": "#hardened_clay_stained_white", "cullface": "east"},
				"west": {"uv": [2, 0, 3, 1], "texture": "#hardened_clay_stained_white"},
				"up": {"uv": [1, 1, 0, 2], "texture": "#hardened_clay_stained_white"},
				"down": {"uv": [6.1, 8.9, 6.8, 8.1], "texture": "#hardened_clay_stained_white", "cullface": "east"}
			}
		},
		{
			"from": [18.7, 1.525, 7.125],
			"to": [21.45, 2.775, 8.075],
			"rotation": {"angle": 0, "axis": "y", "origin": [7, -4.05, -0.4]},
			"faces": {
				"north": {"uv": [0, 4.2, 6.5, 5.7], "texture": "#hardened_clay_stained_white", "cullface": "east"},
				"east": {"uv": [6.2, 8.1, 6.7, 8.8], "texture": "#hardened_clay_stained_white", "cullface": "east"},
				"south": {"uv": [6.8, 4.1, 0.1, 5.8], "texture": "#hardened_clay_stained_white", "cullface": "east"},
				"west": {"uv": [1, 0, 2, 1], "texture": "#hardened_clay_stained_white"},
				"up": {"uv": [3, 1, 4, 2], "texture": "#hardened_clay_stained_white"},
				"down": {"uv": [6.1, 8.9, 6.8, 8.1], "texture": "#hardened_clay_stained_white", "cullface": "east"}
			}
		},
		{
			"from": [18.85, 2.775, 7.125],
			"to": [21.6, 5.275, 8.075],
			"rotation": {"angle": 0, "axis": "y", "origin": [7, -4.05, -0.4]},
			"faces": {
				"north": {"uv": [0, 2.2, 6.6, 5.7], "texture": "#hardened_clay_stained_white", "cullface": "east"},
				"east": {"uv": [6.1, 8.1, 6.7, 8.8], "texture": "#hardened_clay_stained_white", "cullface": "east"},
				"south": {"uv": [6.8, 2.1, 0.1, 5.8], "texture": "#hardened_clay_stained_white", "cullface": "east"},
				"west": {"uv": [1, 0, 2, 1], "texture": "#hardened_clay_stained_white"},
				"down": {"uv": [6.1, 8.9, 6.8, 8.1], "texture": "#hardened_clay_stained_white", "cullface": "east"}
			}
		},
		{
			"from": [17, 4.2, 6.85],
			"to": [26.5, 4.45, 8.35],
			"rotation": {"angle": 0, "axis": "y", "origin": [6.25, -3.05, -0.4]},
			"faces": {
				"north": {"uv": [0, 8.5, 5.25, 8.75], "texture": "#texture", "cullface": "east"},
				"east": {"uv": [7.25, 8.5, 8.75, 8.75], "texture": "#texture", "cullface": "east"},
				"south": {"uv": [10.75, 8.5, 16, 8.75], "texture": "#texture", "cullface": "east"},
				"west": {"uv": [7.25, 8.5, 8.75, 8.75], "texture": "#texture", "cullface": "east"},
				"down": {"uv": [5.25, 8.75, 0, 7.25], "texture": "#texture", "cullface": "east"}
			}
		},
		{
			"from": [18.75, 3.95, 6.85],
			"to": [26.5, 4.2, 8.35],
			"rotation": {"angle": 0, "axis": "y", "origin": [6.25, -3.05, -0.4]},
			"faces": {
				"north": {"uv": [0, 8.75, 3.5, 9], "texture": "#texture", "cullface": "east"},
				"east": {"uv": [7.25, 8.75, 8.75, 9], "texture": "#texture", "cullface": "east"},
				"south": {"uv": [12.5, 8.75, 16, 9], "texture": "#texture", "cullface": "east"},
				"west": {"uv": [7.25, 8.75, 8.75, 9], "texture": "#texture", "cullface": "east"},
				"down": {"uv": [3.5, 8.75, 0, 7.25], "texture": "#texture", "cullface": "east"}
			}
		},
		{
			"from": [19.75, 3.7, 6.85],
			"to": [26.5, 3.95, 8.35],
			"rotation": {"angle": 0, "axis": "y", "origin": [6.25, -3.05, -0.4]},
			"faces": {
				"north": {"uv": [0, 9, 2, 9.25], "texture": "#texture", "cullface": "east"},
				"east": {"uv": [7.25, 9, 8.75, 9.25], "texture": "#texture", "cullface": "east"},
				"south": {"uv": [14, 9, 16, 9.25], "texture": "#texture", "cullface": "east"},
				"west": {"uv": [7.25, 9, 8.75, 9.25], "texture": "#texture", "cullface": "east"},
				"down": {"uv": [2, 8.75, 0, 7.25], "texture": "#texture", "cullface": "east"}
			}
		},
		{
			"from": [21.025, 3.45, 6.85],
			"to": [26.5, 3.7, 8.35],
			"rotation": {"angle": 0, "axis": "y", "origin": [6.25, -3.05, -0.4]},
			"faces": {
				"north": {"uv": [0, 9.25, 1, 9.5], "texture": "#texture", "cullface": "east"},
				"east": {"uv": [7.25, 9.25, 8.75, 9.5], "texture": "#texture", "cullface": "east"},
				"south": {"uv": [15, 9.25, 16, 9.5], "texture": "#texture", "cullface": "east"},
				"west": {"uv": [7.25, 9.25, 8.75, 9.5], "texture": "#texture", "cullface": "east"},
				"down": {"uv": [1, 8.75, 0, 7.25], "texture": "#texture", "cullface": "east"}
			}
		},
		{
			"from": [21.65, 3.2, 6.85],
			"to": [26.5, 3.45, 8.35],
			"rotation": {"angle": 0, "axis": "y", "origin": [6.25, -3.05, -0.4]},
			"faces": {
				"north": {"uv": [0, 9.5, 0.25, 9.75], "texture": "#texture", "cullface": "east"},
				"east": {"uv": [7.25, 9.5, 8.75, 9.75], "texture": "#texture", "cullface": "east"},
				"south": {"uv": [15.75, 9.5, 16, 9.75], "texture": "#texture", "cullface": "east"},
				"west": {"uv": [7.25, 9.5, 8.75, 9.75], "texture": "#texture", "cullface": "east"},
				"down": {"uv": [0.25, 8.75, 0, 7.25], "texture": "#texture", "cullface": "east"}
			}
		},
		{
			"from": [22.75, 2.95, 6.85],
			"to": [26.5, 3.2, 8.35],
			"rotation": {"angle": 0, "axis": "y", "origin": [6.25, -3.05, -0.4]},
			"faces": {
				"north": {"uv": [0, 9.75, 1, 10], "texture": "#texture", "cullface": "east"},
				"east": {"uv": [7.25, 9.75, 8.75, 10], "texture": "#texture", "cullface": "east"},
				"south": {"uv": [16, 9.75, 15, 10], "texture": "#texture", "cullface": "east"},
				"west": {"uv": [7.25, 9.75, 8.75, 10], "texture": "#texture", "cullface": "east"},
				"down": {"uv": [0, 8.75, 1, 7.25], "texture": "#texture", "cullface": "east"}
			}
		},
		{
			"from": [23.5, 2.7, 6.9],
			"to": [26.25, 2.95, 8.3],
			"rotation": {"angle": 0, "axis": "y", "origin": [6.25, -3.05, -0.4]},
			"faces": {
				"north": {"uv": [0, 10, 1, 10.25], "texture": "#texture", "cullface": "east"},
				"east": {"uv": [7.25, 10, 8.75, 10.25], "texture": "#texture", "cullface": "east"},
				"south": {"uv": [16, 10, 15, 10.25], "texture": "#texture", "cullface": "east"},
				"west": {"uv": [7.25, 10, 8.75, 10.25], "texture": "#texture", "cullface": "east"},
				"down": {"uv": [0, 8.75, 1, 7.25], "texture": "#texture", "cullface": "east"}
			}
		},
		{
			"from": [24, 2.45, 6.9],
			"to": [26.25, 2.7, 8.3],
			"rotation": {"angle": 0, "axis": "y", "origin": [6.25, -3.05, -0.4]},
			"faces": {
				"north": {"uv": [0, 10.25, 1, 10.5], "texture": "#texture", "cullface": "east"},
				"east": {"uv": [7.25, 10.25, 8.75, 10.5], "texture": "#texture", "cullface": "east"},
				"south": {"uv": [16, 10.25, 15, 10.5], "texture": "#texture", "cullface": "east"},
				"west": {"uv": [7.25, 10.25, 8.75, 10.5], "texture": "#texture", "cullface": "east"},
				"down": {"uv": [0, 8.75, 1, 7.25], "texture": "#texture", "cullface": "east"}
			}
		},
		{
			"from": [24.25, 1.95, 6.9],
			"to": [26.25, 2.45, 8.3],
			"rotation": {"angle": 0, "axis": "y", "origin": [6.25, -3.05, -0.4]},
			"faces": {
				"north": {"uv": [0, 10.5, 1, 11], "texture": "#texture", "cullface": "east"},
				"east": {"uv": [7.25, 10.5, 8.75, 11], "texture": "#texture", "cullface": "east"},
				"south": {"uv": [16, 10.5, 15, 11], "texture": "#texture", "cullface": "east"},
				"west": {"uv": [7.25, 10.5, 8.75, 11], "texture": "#texture", "cullface": "east"}
			}
		},
		{
			"from": [24, 1.7, 6.9],
			"to": [26.25, 1.95, 8.3],
			"rotation": {"angle": 0, "axis": "y", "origin": [6.25, -3.05, -0.4]},
			"faces": {
				"north": {"uv": [0, 11, 1, 11.25], "texture": "#texture", "cullface": "east"},
				"east": {"uv": [7.25, 11, 8.75, 11.25], "texture": "#texture", "cullface": "east"},
				"south": {"uv": [16, 11, 15, 11.25], "texture": "#texture", "cullface": "east"},
				"west": {"uv": [7.25, 11, 8.75, 11.25], "texture": "#texture", "cullface": "east"},
				"up": {"uv": [16, 7.25, 15, 8.75], "texture": "#texture", "cullface": "east"}
			}
		},
		{
			"from": [23.75, 1.45, 6.9],
			"to": [26.25, 1.7, 8.3],
			"rotation": {"angle": 0, "axis": "y", "origin": [6.25, -3.05, -0.4]},
			"faces": {
				"north": {"uv": [0, 11.25, 1, 11.5], "texture": "#texture", "cullface": "east"},
				"east": {"uv": [7.25, 11.25, 8.75, 11.5], "texture": "#texture", "cullface": "east"},
				"south": {"uv": [16, 11.25, 15, 11.5], "texture": "#texture", "cullface": "east"},
				"west": {"uv": [7.25, 11.25, 8.75, 11.5], "texture": "#texture", "cullface": "east"},
				"up": {"uv": [16, 7.25, 15, 8.75], "texture": "#texture", "cullface": "east"},
				"down": {"uv": [0, 8.75, 1, 7.25], "texture": "#texture", "cullface": "east"}
			}
		},
		{
			"from": [9.9, 6.2, 7.35],
			"to": [10.15, 8.9, 7.85],
			"rotation": {"angle": -45, "axis": "z", "origin": [10, 8.45, 7.1]},
			"faces": {
				"north": {"uv": [8, 0, 8.5, 2.25], "texture": "#dark wood blade"},
				"east": {"uv": [7.5, 0, 8.5, 2.25], "texture": "#dark wood blade"},
				"south": {"uv": [7.5, 0, 8, 2.25], "texture": "#dark wood blade"},
				"west": {"uv": [7.5, 0, 8.5, 2.25], "texture": "#dark wood blade"},
				"up": {"uv": [7.5, 7.5, 8, 8.5], "texture": "#dark wood blade"},
				"down": {"uv": [8.5, 8.5, 8, 7.5], "texture": "#dark wood blade"}
			}
		},
		{
			"from": [10.15, 6.2, 7.35],
			"to": [10.325, 9.05, 7.85],
			"rotation": {"angle": -45, "axis": "z", "origin": [10, 8.45, 7.1]},
			"faces": {
				"north": {"uv": [8, 0, 8.5, 2.25], "texture": "#dark wood blade"},
				"east": {"uv": [7.5, 0, 8.5, 2.25], "texture": "#dark wood blade"},
				"south": {"uv": [7.5, 0, 8, 2.25], "texture": "#dark wood blade"},
				"west": {"uv": [7.5, 0, 8.5, 2.25], "texture": "#dark wood blade"},
				"up": {"uv": [7.5, 7.5, 8, 8.5], "texture": "#dark wood blade"},
				"down": {"uv": [8.5, 8.5, 8, 7.5], "texture": "#dark wood blade"}
			}
		},
		{
			"from": [10.25, 9.7, 7.225],
			"to": [15, 9.925, 7.975],
			"rotation": {"angle": 0, "axis": "y", "origin": [7.25, -3.05, -0.4]},
			"faces": {
				"north": {"uv": [8.5, 4.5, 13.25, 5], "texture": "#dark wood blade"},
				"east": {"uv": [7.5, 4.5, 8.5, 5], "texture": "#dark wood blade"},
				"south": {"uv": [2.75, 4.5, 7.5, 5], "texture": "#dark wood blade"},
				"west": {"uv": [7.5, 4.5, 8.5, 5], "texture": "#dark wood blade"},
				"up": {"uv": [2.75, 7.5, 7.5, 8.5], "texture": "#dark wood blade"},
				"down": {"uv": [13.25, 8.5, 8.5, 7.5], "texture": "#dark wood blade"}
			}
		},
		{
			"from": [15, 8.575, 7.225],
			"to": [18.25, 8.85, 7.975],
			"rotation": {"angle": 0, "axis": "y", "origin": [7.25, -3.05, -0.4]},
			"faces": {
				"north": {"uv": [8.5, 4.5, 13.25, 5], "texture": "#dark wood blade"},
				"east": {"uv": [7.5, 4.5, 8.5, 5], "texture": "#dark wood blade"},
				"south": {"uv": [2.75, 4.5, 7.5, 5], "texture": "#dark wood blade"},
				"west": {"uv": [7.5, 4.5, 8.5, 5], "texture": "#dark wood blade"},
				"up": {"uv": [2.75, 7.5, 7.5, 8.5], "texture": "#dark wood blade"},
				"down": {"uv": [13.25, 8.5, 8.5, 7.5], "texture": "#dark wood blade"}
			}
		},
		{
			"from": [15, 8.85, 7.975],
			"to": [18.25, 9.7, 8.225],
			"rotation": {"angle": 0, "axis": "y", "origin": [7.25, -3.05, -0.4]},
			"faces": {
				"north": {"uv": [8.5, 4.5, 13.25, 5], "texture": "#dark wood blade"},
				"east": {"uv": [7.5, 4.5, 8.5, 5], "texture": "#dark wood blade"},
				"south": {"uv": [2.75, 4.5, 7.5, 5], "texture": "#dark wood blade"},
				"west": {"uv": [7.5, 4.5, 8.5, 5], "texture": "#dark wood blade"},
				"up": {"uv": [2.75, 7.5, 7.5, 8.5], "texture": "#dark wood blade"},
				"down": {"uv": [13.25, 8.5, 8.5, 7.5], "texture": "#dark wood blade"}
			}
		},
		{
			"from": [10.25, 8.85, 7.025],
			"to": [15, 9.7, 7.225],
			"rotation": {"angle": 0, "axis": "y", "origin": [7.25, -3.05, -0.4]},
			"faces": {
				"north": {"uv": [8.5, 4.5, 13.25, 5], "texture": "#dark wood blade"},
				"east": {"uv": [7.5, 4.5, 8.5, 5], "texture": "#dark wood blade"},
				"south": {"uv": [2.75, 4.5, 7.5, 5], "texture": "#dark wood blade"},
				"west": {"uv": [7.5, 4.5, 8.5, 5], "texture": "#dark wood blade"},
				"up": {"uv": [2.75, 7.5, 7.5, 8.5], "texture": "#dark wood blade"},
				"down": {"uv": [13.25, 8.5, 8.5, 7.5], "texture": "#dark wood blade"}
			}
		},
		{
			"from": [13.9, 6.2, 7.35],
			"to": [14.325, 9.025, 7.85],
			"rotation": {"angle": -45, "axis": "z", "origin": [14, 8.45, 7.1]},
			"faces": {
				"north": {"uv": [8, 0, 8.5, 2.25], "texture": "#dark wood blade"},
				"east": {"uv": [7.5, 0, 8.5, 2.25], "texture": "#dark wood blade"},
				"south": {"uv": [7.5, 0, 8, 2.25], "texture": "#dark wood blade"},
				"west": {"uv": [7.5, 0, 8.5, 2.25], "texture": "#dark wood blade"},
				"up": {"uv": [7.5, 7.5, 8, 8.5], "texture": "#dark wood blade"},
				"down": {"uv": [8.5, 8.5, 8, 7.5], "texture": "#dark wood blade"}
			}
		},
		{
			"from": [10.9, 2.9, 7.1],
			"to": [11.375, 3.45, 8.1],
			"rotation": {"angle": -22.5, "axis": "z", "origin": [7, -3.05, -0.4]},
			"faces": {
				"north": {"uv": [6.25, 11.5, 10.25, 12], "texture": "#texture"},
				"east": {"uv": [7.5, 11.5, 8.5, 12], "texture": "#texture"},
				"south": {"uv": [5.75, 11.5, 9.75, 12], "texture": "#texture"},
				"west": {"uv": [7.5, 11.5, 8.5, 12], "texture": "#texture"},
				"up": {"uv": [5.75, 7.5, 9.75, 8.5], "texture": "#texture"},
				"down": {"uv": [10.25, 8.5, 6.25, 7.5], "texture": "#texture"}
			}
		},
		{
			"from": [15, 9.7, 7.225],
			"to": [18.25, 9.975, 7.975],
			"rotation": {"angle": 0, "axis": "y", "origin": [7.25, -3.05, -0.4]},
			"faces": {
				"north": {"uv": [8.5, 4.5, 13.25, 5], "texture": "#dark wood blade"},
				"east": {"uv": [7.5, 4.5, 8.5, 5], "texture": "#dark wood blade"},
				"south": {"uv": [2.75, 4.5, 7.5, 5], "texture": "#dark wood blade"},
				"west": {"uv": [7.5, 4.5, 8.5, 5], "texture": "#dark wood blade"},
				"up": {"uv": [2.75, 7.5, 7.5, 8.5], "texture": "#dark wood blade"},
				"down": {"uv": [13.25, 8.5, 8.5, 7.5], "texture": "#dark wood blade"}
			}
		},
		{
			"from": [10.25, 8.85, 7.975],
			"to": [15, 9.7, 8.175],
			"rotation": {"angle": 0, "axis": "y", "origin": [7.25, -3.05, -0.4]},
			"faces": {
				"north": {"uv": [8.5, 4.5, 13.25, 5], "texture": "#dark wood blade"},
				"east": {"uv": [7.5, 4.5, 8.5, 5], "texture": "#dark wood blade"},
				"south": {"uv": [2.75, 4.5, 7.5, 5], "texture": "#dark wood blade"},
				"west": {"uv": [7.5, 4.5, 8.5, 5], "texture": "#dark wood blade"},
				"up": {"uv": [2.75, 7.5, 7.5, 8.5], "texture": "#dark wood blade"},
				"down": {"uv": [13.25, 8.5, 8.5, 7.5], "texture": "#dark wood blade"}
			}
		},
		{
			"from": [15, 8.85, 6.975],
			"to": [18.25, 9.7, 7.225],
			"rotation": {"angle": 0, "axis": "y", "origin": [7.25, -3.05, -0.4]},
			"faces": {
				"north": {"uv": [8.5, 4.5, 13.25, 5], "texture": "#dark wood blade"},
				"east": {"uv": [7.5, 4.5, 8.5, 5], "texture": "#dark wood blade"},
				"south": {"uv": [2.75, 4.5, 7.5, 5], "texture": "#dark wood blade"},
				"west": {"uv": [7.5, 4.5, 8.5, 5], "texture": "#dark wood blade"},
				"up": {"uv": [2.75, 7.5, 7.5, 8.5], "texture": "#dark wood blade"},
				"down": {"uv": [13.25, 8.5, 8.5, 7.5], "texture": "#dark wood blade"}
			}
		},
		{
			"from": [10.25, 8.625, 7.225],
			"to": [15, 8.85, 7.975],
			"rotation": {"angle": 0, "axis": "y", "origin": [7.25, -3.05, -0.4]},
			"faces": {
				"north": {"uv": [8.5, 4.5, 13.25, 5], "texture": "#dark wood blade"},
				"east": {"uv": [7.5, 4.5, 8.5, 5], "texture": "#dark wood blade"},
				"south": {"uv": [2.75, 4.5, 7.5, 5], "texture": "#dark wood blade"},
				"west": {"uv": [7.5, 4.5, 8.5, 5], "texture": "#dark wood blade"},
				"up": {"uv": [2.75, 7.5, 7.5, 8.5], "texture": "#dark wood blade"},
				"down": {"uv": [13.25, 8.5, 8.5, 7.5], "texture": "#dark wood blade"}
			}
		},
		{
			"from": [6.65, 5.45, 7.4],
			"to": [8, 5.95, 7.8],
			"rotation": {"angle": 0, "axis": "y", "origin": [11.25, -3.05, -0.4]},
			"faces": {
				"north": {"uv": [9.5, 6, 15, 7], "texture": "#dark wood blade"},
				"east": {"uv": [7.5, 6, 8.5, 7], "texture": "#dark wood blade"},
				"south": {"uv": [1, 6, 6.5, 7], "texture": "#dark wood blade"},
				"west": {"uv": [7.5, 6, 8.5, 7], "texture": "#dark wood blade"},
				"up": {"uv": [1, 7.5, 6.5, 8.5], "texture": "#dark wood blade"},
				"down": {"uv": [8, 6, 9, 7], "texture": "#dark wood blade"}
			}
		},
		{
			"from": [6.5, 5.95, 7.1],
			"to": [8, 6.95, 8.1],
			"rotation": {"angle": 0, "axis": "y", "origin": [11.25, -3.05, -0.4]},
			"faces": {
				"north": {"uv": [9.5, 6, 15, 7], "texture": "#dark wood blade"},
				"east": {"uv": [7.5, 6, 8.5, 7], "texture": "#dark wood blade"},
				"south": {"uv": [1, 6, 6.5, 7], "texture": "#dark wood blade"},
				"west": {"uv": [7.5, 6, 8.5, 7], "texture": "#dark wood blade"},
				"up": {"uv": [1, 7.5, 6.5, 8.5], "texture": "#dark wood blade"},
				"down": {"uv": [8, 6, 9, 7], "texture": "#dark wood blade"}
			}
		},
		{
			"from": [7.25, 0.95, 7.1],
			"to": [8, 4.7, 8.1],
			"rotation": {"angle": 0, "axis": "y", "origin": [6.25, -3.05, -0.4]},
			"faces": {
				"north": {"uv": [14.75, 8.25, 16, 12], "texture": "#texture"},
				"east": {"uv": [7.5, 8.25, 8.5, 12], "texture": "#texture"},
				"south": {"uv": [0, 8.25, 1.25, 12], "texture": "#texture"},
				"west": {"uv": [7.5, 8.25, 8.5, 12], "texture": "#texture", "cullface": "west"},
				"up": {"uv": [0, 7.5, 1.25, 8.5], "texture": "#texture"},
				"down": {"uv": [16, 8.5, 14.75, 7.5], "texture": "#texture"}
			}
		},
		{
			"from": [18, 9.975, 7.675],
			"to": [18.25, 10.05, 7.9],
			"rotation": {"angle": 0, "axis": "y", "origin": [7.25, -3.05, -0.4]},
			"faces": {
				"north": {"uv": [8.5, 4.5, 13.25, 5], "texture": "#dark wood blade"},
				"east": {"uv": [7.5, 4.5, 8.5, 5], "texture": "#dark wood blade"},
				"south": {"uv": [2.75, 4.5, 7.5, 5], "texture": "#dark wood blade"},
				"west": {"uv": [7.5, 4.5, 8.5, 5], "texture": "#dark wood blade"},
				"up": {"uv": [2.75, 7.5, 7.5, 8.5], "texture": "#dark wood blade"},
				"down": {"uv": [13.25, 8.5, 8.5, 7.5], "texture": "#dark wood blade"}
			}
		},
		{
			"from": [18, 9.975, 7.3],
			"to": [18.25, 10.05, 7.525],
			"rotation": {"angle": 0, "axis": "y", "origin": [7.25, -3.05, -0.4]},
			"faces": {
				"north": {"uv": [8.5, 4.5, 13.25, 5], "texture": "#dark wood blade"},
				"east": {"uv": [7.5, 4.5, 8.5, 5], "texture": "#dark wood blade"},
				"south": {"uv": [2.75, 4.5, 7.5, 5], "texture": "#dark wood blade"},
				"west": {"uv": [7.5, 4.5, 8.5, 5], "texture": "#dark wood blade"},
				"up": {"uv": [2.75, 7.5, 7.5, 8.5], "texture": "#dark wood blade"},
				"down": {"uv": [13.25, 8.5, 8.5, 7.5], "texture": "#dark wood blade"}
			}
		},
		{
			"from": [10.3, 9.925, 7.5],
			"to": [10.55, 10.025, 7.7],
			"rotation": {"angle": 0, "axis": "y", "origin": [7.25, -3.05, -0.4]},
			"faces": {
				"north": {"uv": [8.5, 4.5, 13.25, 5], "texture": "#dark wood blade"},
				"east": {"uv": [7.5, 4.5, 8.5, 5], "texture": "#dark wood blade"},
				"south": {"uv": [2.75, 4.5, 7.5, 5], "texture": "#dark wood blade"},
				"west": {"uv": [7.5, 4.5, 8.5, 5], "texture": "#dark wood blade"},
				"up": {"uv": [2.75, 7.5, 7.5, 8.5], "texture": "#dark wood blade"},
				"down": {"uv": [13.25, 8.5, 8.5, 7.5], "texture": "#dark wood blade"}
			}
		}
	],
	"gui_light": "front",
	"display": {
		"thirdperson_righthand": {
			"rotation": [0, -102, 0],
			"translation": [0.75, 2.75, -4.5],
			"scale": [0.8, 0.9, 0.8]
		},
		"thirdperson_lefthand": {
			"rotation": [0, 78, 0],
			"translation": [1.5, 2.75, -4.5],
			"scale": [0.8, 0.9, 0.8]
		},
		"firstperson_righthand": {
			"rotation": [180, -79.97, 180],
			"translation": [0.912, 7.1, 0.1],
			"scale": [0.7, 0.97, 0.99]
		},
		"firstperson_lefthand": {
			"rotation": [0, 80.15, 0],
			"translation": [1.54, 5.55, 0.25],
			"scale": [0.97, 0.97, 0.99]
		},
		"ground": {
			"translation": [-6.75, 3.75, 0]
		},
		"gui": {
			"rotation": [0, 0, -45],
			"translation": [-1.25, 4, 0],
			"scale": [0.7, 0.7, 1]
		},
		"fixed": {
			"rotation": [0, 180, -45],
			"translation": [2.05, 5.85, -1.1]
		}
	}
}