{
	"credit": "Made by SrDarmith - YouTube: Mainclay",
	"textures": {
		"particle": "item/anvil_1",
		"texture": "item/anvil_1"
	},
	"elements": [
		{
			"from": [-5.75, 7.25, 7.35],
			"to": [2.675, 7.5, 7.85],
			"rotation": {"angle": 0, "axis": "y", "origin": [-2.05, -20.9, -0.4]},
			"faces": {
				"north": {"uv": [10.5, 11.75, 13, 12], "texture": "#texture", "cullface": "west"},
				"south": {"uv": [3, 11.75, 5.5, 12], "texture": "#texture", "cullface": "west"},
				"west": {"uv": [7.75, 6.75, 8.25, 7], "texture": "#texture", "cullface": "west"},
				"up": {"uv": [3, 12.75, 5.5, 13.25], "texture": "#texture", "cullface": "west"},
				"down": {"uv": [13, 13.25, 10.5, 12.75], "texture": "#texture", "cullface": "west"}
			}
		},
		{
			"from": [-6.475, 6.7, 7],
			"to": [-4.475, 7.3, 7.35],
			"rotation": {"angle": 0, "axis": "y", "origin": [-2.05, -1.9, -0.4]},
			"faces": {
				"north": {"uv": [14.5, 7, 16, 7.5], "texture": "#texture", "cullface": "west"},
				"east": {"uv": [4, 7, 5, 8], "texture": "#texture"},
				"south": {"uv": [0, 7, 1.5, 7.5], "texture": "#texture", "cullface": "west"},
				"west": {"uv": [7.5, 7, 7.75, 7.5], "texture": "#texture", "cullface": "west"},
				"up": {"uv": [0, 7.5, 1.5, 7.75], "texture": "#texture", "cullface": "west"},
				"down": {"uv": [16, 7.75, 14.5, 7.5], "texture": "#texture", "cullface": "west"}
			}
		},
		{
			"from": [-6.475, 6.4, 7.3],
			"to": [-4.475, 6.75, 7.9],
			"rotation": {"angle": 0, "axis": "y", "origin": [-2.05, -1.9, -0.4]},
			"faces": {
				"north": {"uv": [14.5, 7.5, 16, 7.75], "texture": "#texture", "cullface": "west"},
				"east": {"uv": [4, 7, 5, 8], "texture": "#texture"},
				"south": {"uv": [0, 7.5, 1.5, 7.75], "texture": "#texture", "cullface": "west"},
				"west": {"uv": [7.75, 7.5, 8.25, 7.75], "texture": "#texture", "cullface": "west"},
				"up": {"uv": [0, 7.75, 1.5, 8.25], "texture": "#texture", "cullface": "west"},
				"down": {"uv": [16, 8.25, 14.5, 7.75], "texture": "#texture", "cullface": "west"}
			}
		},
		{
			"from": [-6.475, 6.7, 7.85],
			"to": [-4.475, 7.3, 8.2],
			"rotation": {"angle": 0, "axis": "y", "origin": [-2.05, -1.9, -0.4]},
			"faces": {
				"north": {"uv": [14.5, 7, 16, 7.5], "texture": "#texture", "cullface": "west"},
				"east": {"uv": [4, 7, 5, 8], "texture": "#texture"},
				"south": {"uv": [0, 7, 1.5, 7.5], "texture": "#texture", "cullface": "west"},
				"west": {"uv": [8.25, 7, 8.5, 7.5], "texture": "#texture", "cullface": "west"},
				"up": {"uv": [0, 8.25, 1.5, 8.5], "texture": "#texture", "cullface": "west"},
				"down": {"uv": [16, 8.5, 14.5, 8.25], "texture": "#texture", "cullface": "west"}
			}
		},
		{
			"from": [-6.475, 7.25, 7.3],
			"to": [-4.475, 7.6, 7.9],
			"rotation": {"angle": 0, "axis": "y", "origin": [-2.05, -1.9, -0.4]},
			"faces": {
				"north": {"uv": [14.5, 6.75, 16, 7], "texture": "#texture", "cullface": "west"},
				"east": {"uv": [4, 7, 5, 8], "texture": "#texture"},
				"south": {"uv": [0, 6.75, 1.5, 7], "texture": "#texture", "cullface": "west"},
				"west": {"uv": [7.75, 6.75, 8.25, 7], "texture": "#texture", "cullface": "west"},
				"up": {"uv": [0, 7.75, 1.5, 8.25], "texture": "#texture", "cullface": "west"},
				"down": {"uv": [16, 8.25, 14.5, 7.75], "texture": "#texture", "cullface": "west"}
			}
		},
		{
			"from": [-4.75, 6.75, 7.1],
			"to": [3.675, 7.25, 7.35],
			"rotation": {"angle": 0, "axis": "y", "origin": [-2.05, -20.9, -0.4]},
			"faces": {
				"north": {"uv": [10.5, 12, 13, 12.5], "texture": "#texture", "cullface": "west"},
				"south": {"uv": [3, 12, 5.5, 12.5], "texture": "#texture", "cullface": "west"},
				"west": {"uv": [7.5, 7, 7.75, 7.5], "texture": "#texture", "cullface": "west"},
				"up": {"uv": [3, 12.5, 5.5, 12.75], "texture": "#texture", "cullface": "west"},
				"down": {"uv": [13, 12.75, 10.5, 12.5], "texture": "#texture", "cullface": "west"}
			}
		},
		{
			"from": [-5.75, 6.75, 7.85],
			"to": [2.675, 7.25, 8.1],
			"rotation": {"angle": 0, "axis": "y", "origin": [-2.05, -20.9, -0.4]},
			"faces": {
				"north": {"uv": [10.5, 12, 13, 12.5], "texture": "#texture", "cullface": "west"},
				"south": {"uv": [3, 12, 5.5, 12.5], "texture": "#texture", "cullface": "west"},
				"west": {"uv": [8.25, 7, 8.5, 7.5], "texture": "#texture", "cullface": "west"},
				"up": {"uv": [3, 13.25, 5.5, 13.5], "texture": "#texture", "cullface": "west"},
				"down": {"uv": [13, 13.5, 10.5, 13.25], "texture": "#texture", "cullface": "west"}
			}
		},
		{
			"from": [-5.75, 6.5, 7.35],
			"to": [2.675, 6.75, 7.85],
			"rotation": {"angle": 0, "axis": "y", "origin": [-2.05, -20.9, -0.4]},
			"faces": {
				"north": {"uv": [10.5, 12.5, 13, 12.75], "texture": "#texture", "cullface": "west"},
				"south": {"uv": [3, 12.5, 5.5, 12.75], "texture": "#texture", "cullface": "west"},
				"west": {"uv": [7.75, 7.5, 8.25, 7.75], "texture": "#texture", "cullface": "west"},
				"up": {"uv": [3, 12.75, 5.5, 13.25], "texture": "#texture", "cullface": "west"},
				"down": {"uv": [13, 13.25, 10.5, 12.75], "texture": "#texture", "cullface": "west"}
			}
		},
		{
			"from": [-0.55, 7.5, 7.1],
			"to": [3.7, 8, 8.1],
			"rotation": {"angle": 0, "axis": "y", "origin": [-2.05, -1.9, -0.4]},
			"faces": {
				"north": {"uv": [10, 5.75, 12, 7], "texture": "#texture", "cullface": "west"},
				"south": {"uv": [10, 5.75, 12, 7], "texture": "#texture", "cullface": "west"},
				"west": {"uv": [10, 5.75, 12, 7], "texture": "#texture", "cullface": "west"},
				"up": {"uv": [10, 5.75, 12, 7], "texture": "#texture", "cullface": "west"},
				"down": {"uv": [12, 7, 10, 5.75], "texture": "#texture", "cullface": "west"}
			}
		},
		{
			"from": [23.375, 3.55, 7.3],
			"to": [23.975, 6.025, 7.9],
			"rotation": {"angle": 0, "axis": "y", "origin": [-0.425, -3.225, -0.4]},
			"faces": {
				"north": {"uv": [15, 10, 16, 9], "texture": "#texture", "cullface": "east"},
				"east": {"uv": [15, 10, 16, 9], "texture": "#texture", "cullface": "east"},
				"south": {"uv": [15, 10, 16, 9], "texture": "#texture", "cullface": "east"},
				"west": {"uv": [15, 10, 16, 9], "texture": "#texture", "cullface": "east"},
				"down": {"uv": [15, 9, 16, 10], "texture": "#texture", "cullface": "east"}
			}
		},
		{
			"from": [18.675, 4.325, 7.3],
			"to": [24.725, 5.075, 7.9],
			"rotation": {"angle": -22.5, "axis": "z", "origin": [20.45, 5.425, 7.1]},
			"faces": {
				"north": {"uv": [15, 10, 16, 9], "texture": "#texture", "cullface": "east"},
				"east": {"uv": [15, 10, 16, 9], "texture": "#texture", "cullface": "east"},
				"south": {"uv": [15, 10, 16, 9], "texture": "#texture", "cullface": "east"},
				"west": {"uv": [15, 10, 16, 9], "texture": "#texture", "cullface": "east"},
				"up": {"uv": [15, 10, 16, 9], "texture": "#texture", "cullface": "east"},
				"down": {"uv": [15, 9, 16, 10], "texture": "#texture", "cullface": "east"}
			}
		},
		{
			"from": [23.975, 2.775, 6.85],
			"to": [24.725, 7.275, 8.35],
			"rotation": {"angle": 0, "axis": "y", "origin": [-0.425, -3.225, -0.4]},
			"faces": {
				"north": {"uv": [15, 12, 16, 11], "texture": "#texture", "cullface": "east"},
				"east": {"uv": [15, 12, 16, 11], "texture": "#texture", "cullface": "east"},
				"south": {"uv": [15, 12, 16, 11], "texture": "#texture", "cullface": "east"},
				"west": {"uv": [15, 12, 16, 11], "texture": "#texture", "cullface": "east"},
				"up": {"uv": [15, 12, 16, 11], "texture": "#texture", "cullface": "east"},
				"down": {"uv": [15, 11, 16, 12], "texture": "#texture", "cullface": "east"}
			}
		},
		{
			"from": [16.85, 6.075, 7.05],
			"to": [18.1, 7.2, 8.15],
			"rotation": {"angle": 0, "axis": "y", "origin": [-0.8, -3.225, -0.4]},
			"faces": {
				"north": {"uv": [10, 13, 8, 11], "texture": "#texture", "cullface": "east"},
				"east": {"uv": [10, 13, 8, 11], "texture": "#texture", "cullface": "east"},
				"south": {"uv": [8, 13, 10, 11], "texture": "#texture", "cullface": "east"},
				"west": {"uv": [10, 13, 8, 11], "texture": "#texture", "cullface": "east"},
				"up": {"uv": [8, 13, 10, 11], "texture": "#texture", "cullface": "east"},
				"down": {"uv": [8, 11, 10, 13], "texture": "#texture", "cullface": "east"}
			}
		},
		{
			"from": [18.375, 5.1, 7.3],
			"to": [19.975, 5.775, 7.9],
			"rotation": {"angle": 0, "axis": "y", "origin": [-0.425, -3.225, -0.4]},
			"faces": {
				"north": {"uv": [15, 10, 16, 9], "texture": "#texture", "cullface": "east"},
				"east": {"uv": [15, 10, 16, 9], "texture": "#texture", "cullface": "east"},
				"south": {"uv": [15, 10, 16, 9], "texture": "#texture", "cullface": "east"},
				"west": {"uv": [15, 10, 16, 9], "texture": "#texture", "cullface": "east"},
				"down": {"uv": [15, 9, 16, 10], "texture": "#texture", "cullface": "east"}
			}
		},
		{
			"from": [18.375, 5.775, 7.1],
			"to": [23.975, 6.025, 8.1],
			"rotation": {"angle": 0, "axis": "y", "origin": [-0.425, -3.225, -0.4]},
			"faces": {
				"north": {"uv": [15, 10, 16, 9], "texture": "#texture", "cullface": "east"},
				"east": {"uv": [15, 10, 16, 9], "texture": "#texture", "cullface": "east"},
				"south": {"uv": [15, 10, 16, 9], "texture": "#texture", "cullface": "east"},
				"west": {"uv": [15, 10, 16, 9], "texture": "#texture", "cullface": "east"},
				"down": {"uv": [15, 9, 16, 10], "texture": "#texture", "cullface": "east"}
			}
		},
		{
			"from": [18.125, 6.025, 6.85],
			"to": [23.975, 7.275, 8.35],
			"rotation": {"angle": 0, "axis": "y", "origin": [-0.425, -3.225, -0.4]},
			"faces": {
				"north": {"uv": [15, 10, 16, 9], "texture": "#texture", "cullface": "east"},
				"south": {"uv": [15, 10, 16, 9], "texture": "#texture", "cullface": "east"},
				"west": {"uv": [15, 9, 16, 10], "texture": "#texture"},
				"up": {"uv": [15, 10, 16, 9], "texture": "#texture", "cullface": "east"},
				"down": {"uv": [15, 9, 16, 10], "texture": "#texture", "cullface": "east"}
			}
		},
		{
			"from": [-0.55, 7.5, 7.35],
			"to": [3.7, 8.25, 7.85],
			"rotation": {"angle": 0, "axis": "y", "origin": [-2.05, -1.9, -0.4]},
			"faces": {
				"north": {"uv": [10, 5.75, 12, 7], "texture": "#texture", "cullface": "west"},
				"south": {"uv": [10, 5.75, 12, 7], "texture": "#texture", "cullface": "west"},
				"west": {"uv": [10, 5.75, 12, 7], "texture": "#texture", "cullface": "west"},
				"up": {"uv": [10, 5.75, 12, 7], "texture": "#texture", "cullface": "west"},
				"down": {"uv": [12, 7, 10, 5.75], "texture": "#texture", "cullface": "west"}
			}
		},
		{
			"from": [-0.55, 8.25, 7.35],
			"to": [0.2, 8.75, 7.85],
			"rotation": {"angle": 0, "axis": "y", "origin": [-2.05, -1.9, -0.4]},
			"faces": {
				"north": {"uv": [14, 5.5, 15, 6], "texture": "#texture", "cullface": "west"},
				"east": {"uv": [7.75, 5.5, 8.25, 6], "texture": "#texture", "cullface": "west"},
				"south": {"uv": [1, 5.5, 2, 6], "texture": "#texture", "cullface": "west"},
				"west": {"uv": [7.75, 5.5, 8.25, 6], "texture": "#texture", "cullface": "west"},
				"up": {"uv": [1, 7.75, 2, 8.25], "texture": "#texture", "cullface": "west"}
			}
		},
		{
			"from": [-0.55, 9, 7.1],
			"to": [0.2, 9.5, 7.35],
			"rotation": {"angle": 0, "axis": "y", "origin": [-2.05, -1.9, -0.4]},
			"faces": {
				"north": {"uv": [16, 5, 15, 5.5], "texture": "#texture", "cullface": "west"},
				"east": {"uv": [8.25, 5, 8.5, 5.5], "texture": "#texture", "cullface": "west"},
				"south": {"uv": [0, 5, 1, 5.5], "texture": "#texture", "cullface": "west"},
				"west": {"uv": [7.5, 5, 7.75, 5.5], "texture": "#texture", "cullface": "west"},
				"up": {"uv": [0, 7.5, 1, 7.75], "texture": "#texture", "cullface": "west"},
				"down": {"uv": [16, 7.75, 15, 7.5], "texture": "#texture", "cullface": "west"}
			}
		},
		{
			"from": [-0.55, 9, 7.85],
			"to": [0.2, 9.5, 8.1],
			"rotation": {"angle": 0, "axis": "y", "origin": [-2.05, -1.9, -0.4]},
			"faces": {
				"north": {"uv": [16, 5, 15, 5.5], "texture": "#texture", "cullface": "west"},
				"east": {"uv": [7.5, 5, 7.75, 5.5], "texture": "#texture", "cullface": "west"},
				"south": {"uv": [0, 5, 1, 5.5], "texture": "#texture", "cullface": "west"},
				"west": {"uv": [8.25, 5, 8.5, 5.5], "texture": "#texture", "cullface": "west"},
				"up": {"uv": [0, 8.25, 1, 8.5], "texture": "#texture", "cullface": "west"},
				"down": {"uv": [16, 8.5, 15, 8.25], "texture": "#texture", "cullface": "west"}
			}
		},
		{
			"from": [-0.55, 8.75, 7.35],
			"to": [0.2, 9, 7.85],
			"rotation": {"angle": 0, "axis": "y", "origin": [-2.05, -1.9, -0.4]},
			"faces": {
				"north": {"uv": [16, 4.75, 16, 5], "texture": "#texture", "cullface": "west"},
				"east": {"uv": [7.75, 4.75, 8.25, 5], "texture": "#texture", "cullface": "west"},
				"south": {"uv": [0, 4.75, 0, 5], "texture": "#texture", "cullface": "west"},
				"west": {"uv": [7.75, 4.75, 8.25, 5], "texture": "#texture", "cullface": "west"},
				"up": {"uv": [0, 7.75, 0, 8.25], "texture": "#texture", "cullface": "west"},
				"down": {"uv": [16, 8.25, 16, 7.75], "texture": "#texture", "cullface": "west"}
			}
		},
		{
			"from": [0.7, 5.85, 6.725],
			"to": [6.95, 8.1, 8.475],
			"rotation": {"angle": 0, "axis": "y", "origin": [-2.05, -1.9, -0.4]},
			"faces": {
				"north": {"uv": [15, 12, 16, 11], "texture": "#texture"},
				"east": {"uv": [15, 12, 16, 11], "texture": "#texture"},
				"south": {"uv": [15, 12, 16, 11], "texture": "#texture"},
				"west": {"uv": [15, 12, 16, 11], "texture": "#texture"},
				"up": {"uv": [15, 12, 16, 11], "texture": "#texture"},
				"down": {"uv": [15, 12, 16, 11], "texture": "#texture"}
			}
		},
		{
			"from": [0.7, 6.1, 6.475],
			"to": [6.95, 7.85, 8.725],
			"rotation": {"angle": 0, "axis": "y", "origin": [-2.05, -1.9, -0.4]},
			"faces": {
				"north": {"uv": [15, 12, 16, 11], "texture": "#texture"},
				"east": {"uv": [15, 12, 16, 11], "texture": "#texture"},
				"south": {"uv": [15, 12, 16, 11], "texture": "#texture"},
				"west": {"uv": [15, 12, 16, 11], "texture": "#texture"},
				"up": {"uv": [15, 12, 16, 11], "texture": "#texture"},
				"down": {"uv": [15, 12, 16, 11], "texture": "#texture"}
			}
		},
		{
			"from": [0.7, 6.6, 6.225],
			"to": [6.95, 7.35, 8.975],
			"rotation": {"angle": 0, "axis": "y", "origin": [-2.05, -1.9, -0.4]},
			"faces": {
				"north": {"uv": [15, 12, 16, 11], "texture": "#texture"},
				"east": {"uv": [15, 12, 16, 11], "texture": "#texture"},
				"south": {"uv": [15, 12, 16, 11], "texture": "#texture"},
				"west": {"uv": [15, 12, 16, 11], "texture": "#texture"},
				"up": {"uv": [15, 12, 16, 11], "texture": "#texture"},
				"down": {"uv": [15, 12, 16, 11], "texture": "#texture"}
			}
		},
		{
			"from": [0.45, 7.85, 7.225],
			"to": [16.2, 8.6, 7.975],
			"rotation": {"angle": 0, "axis": "y", "origin": [-2.05, -1.9, -0.4]},
			"faces": {
				"north": {"uv": [0, 5.5, 8.25, 6.25], "texture": "#texture", "cullface": "east"},
				"east": {"uv": [7.5, 5.5, 8.5, 6.25], "texture": "#texture", "cullface": "east"},
				"south": {"uv": [0, 5.5, 8.25, 6.25], "texture": "#texture", "cullface": "east"},
				"west": {"uv": [5, 6, 6, 7], "texture": "#texture"},
				"up": {"uv": [7.75, 7.5, 16, 8.5], "texture": "#texture", "cullface": "east"}
			}
		},
		{
			"from": [5.95, 7.6, 6.975],
			"to": [16.7, 8, 8.225],
			"rotation": {"angle": 0, "axis": "y", "origin": [-2.05, -1.9, -0.4]},
			"faces": {
				"north": {"uv": [0, 6.25, 8.25, 6.5], "texture": "#texture", "cullface": "east"},
				"east": {"uv": [7.25, 6.25, 8.75, 6.5], "texture": "#texture", "cullface": "east"},
				"south": {"uv": [0, 6.25, 8.25, 6.5], "texture": "#texture", "cullface": "east"},
				"up": {"uv": [7.75, 7.25, 16, 8.75], "texture": "#texture", "cullface": "east"}
			}
		},
		{
			"from": [11.325, 3.975, 6.8],
			"to": [11.7, 5.6, 8.4],
			"rotation": {"angle": 0, "axis": "y", "origin": [-2.05, -1.9, -0.4]},
			"faces": {
				"north": {"uv": [11, 9, 9, 8], "texture": "#texture", "cullface": "east"},
				"east": {"uv": [9, 9, 11, 8], "texture": "#texture", "cullface": "east"},
				"south": {"uv": [11, 9, 9, 8], "texture": "#texture", "cullface": "east"},
				"west": {"uv": [9, 9, 11, 8], "texture": "#texture", "cullface": "east"},
				"up": {"uv": [11, 9, 9, 8], "texture": "#texture", "cullface": "east"},
				"down": {"uv": [9, 8, 11, 9], "texture": "#texture", "cullface": "east"}
			}
		},
		{
			"from": [10.7, 4.475, 6.8],
			"to": [11.325, 5.6, 8.4],
			"rotation": {"angle": 0, "axis": "y", "origin": [-2.05, -1.9, -0.4]},
			"faces": {
				"north": {"uv": [11, 9, 9, 8], "texture": "#texture", "cullface": "east"},
				"east": {"uv": [9, 9, 11, 8], "texture": "#texture", "cullface": "east"},
				"south": {"uv": [11, 9, 9, 8], "texture": "#texture", "cullface": "east"},
				"west": {"uv": [9, 9, 11, 8], "texture": "#texture", "cullface": "east"},
				"up": {"uv": [11, 9, 9, 8], "texture": "#texture", "cullface": "east"},
				"down": {"uv": [9, 8, 11, 9], "texture": "#texture", "cullface": "east"}
			}
		},
		{
			"from": [6.825, 5.6, 6.8],
			"to": [16.95, 7.35, 8.4],
			"rotation": {"angle": 0, "axis": "y", "origin": [-2.05, -1.9, -0.4]},
			"faces": {
				"north": {"uv": [15, 6.75, 7.75, 8.5], "texture": "#texture", "cullface": "east"},
				"east": {"uv": [7, 6.75, 9, 8.5], "texture": "#texture", "cullface": "east"},
				"south": {"uv": [7.75, 6.75, 15, 8.5], "texture": "#texture", "cullface": "east"},
				"west": {"uv": [7, 6.75, 9, 8.5], "texture": "#texture", "cullface": "east"},
				"up": {"uv": [7.75, 7, 15, 9], "texture": "#texture", "cullface": "east"},
				"down": {"uv": [15, 10, 7.75, 8], "texture": "#texture", "cullface": "east"}
			}
		},
		{
			"from": [7.825, 5.35, 6.8],
			"to": [10.7, 5.6, 8.4],
			"rotation": {"angle": 0, "axis": "y", "origin": [-2.05, -1.9, -0.4]},
			"faces": {
				"north": {"uv": [11, 9, 9, 8], "texture": "#texture", "cullface": "east"},
				"east": {"uv": [11, 9, 9, 8], "texture": "#texture", "cullface": "east"},
				"south": {"uv": [9, 9, 11, 8], "texture": "#texture", "cullface": "east"},
				"west": {"uv": [11, 9, 9, 8], "texture": "#texture", "cullface": "east"},
				"up": {"uv": [9, 9, 11, 8], "texture": "#texture", "cullface": "east"},
				"down": {"uv": [9, 8, 11, 9], "texture": "#texture", "cullface": "east"}
			}
		},
		{
			"from": [8.825, 5.1, 6.8],
			"to": [10.7, 5.35, 8.4],
			"rotation": {"angle": 0, "axis": "y", "origin": [-2.05, -1.9, -0.4]},
			"faces": {
				"north": {"uv": [11, 9, 9, 8], "texture": "#texture", "cullface": "east"},
				"east": {"uv": [11, 9, 9, 8], "texture": "#texture", "cullface": "east"},
				"south": {"uv": [9, 9, 11, 8], "texture": "#texture", "cullface": "east"},
				"west": {"uv": [11, 9, 9, 8], "texture": "#texture", "cullface": "east"},
				"up": {"uv": [9, 9, 11, 8], "texture": "#texture", "cullface": "east"},
				"down": {"uv": [9, 8, 11, 9], "texture": "#texture", "cullface": "east"}
			}
		},
		{
			"from": [9.825, 4.85, 6.8],
			"to": [10.7, 5.1, 8.4],
			"rotation": {"angle": 0, "axis": "y", "origin": [-2.05, -1.9, -0.4]},
			"faces": {
				"north": {"uv": [11, 9, 9, 8], "texture": "#texture", "cullface": "east"},
				"east": {"uv": [11, 9, 9, 8], "texture": "#texture", "cullface": "east"},
				"south": {"uv": [9, 9, 11, 8], "texture": "#texture", "cullface": "east"},
				"west": {"uv": [11, 9, 9, 8], "texture": "#texture", "cullface": "east"},
				"up": {"uv": [9, 9, 11, 8], "texture": "#texture", "cullface": "east"},
				"down": {"uv": [9, 8, 11, 9], "texture": "#texture", "cullface": "east"}
			}
		},
		{
			"from": [15.3, 9, 7.175],
			"to": [15.575, 9.175, 7.45],
			"rotation": {"angle": 0, "axis": "y", "origin": [13.2, 6.1, 7.35]},
			"faces": {
				"north": {"uv": [8, 2, 8.25, 3.5], "texture": "#texture"},
				"east": {"uv": [7.5, 2, 8.5, 3.5], "texture": "#texture"},
				"south": {"uv": [7.75, 2, 8, 3.5], "texture": "#texture"},
				"west": {"uv": [7.5, 2, 8.5, 3.5], "texture": "#texture"},
				"up": {"uv": [6.75, 2.5, 8, 3.5], "texture": "#texture"},
				"down": {"uv": [8.25, 3.5, 8, 2.5], "texture": "#texture"}
			}
		},
		{
			"from": [15.3, 9, 7.75],
			"to": [15.575, 9.175, 8.025],
			"rotation": {"angle": 0, "axis": "y", "origin": [13.2, 6.1, 7.35]},
			"faces": {
				"north": {"uv": [8, 2, 8.25, 3.5], "texture": "#texture"},
				"east": {"uv": [7.5, 2, 8.5, 3.5], "texture": "#texture"},
				"south": {"uv": [7.75, 2, 8, 3.5], "texture": "#texture"},
				"west": {"uv": [7.5, 2, 8.5, 3.5], "texture": "#texture"},
				"up": {"uv": [6.75, 2.5, 8, 3.5], "texture": "#texture"},
				"down": {"uv": [8.25, 3.5, 8, 2.5], "texture": "#texture"}
			}
		},
		{
			"from": [15.175, 8.675, 7.175],
			"to": [15.7, 9, 8.025],
			"rotation": {"angle": 0, "axis": "y", "origin": [13.2, 6.1, 7.35]},
			"faces": {
				"north": {"uv": [8, 2, 8.25, 3.5], "texture": "#texture"},
				"east": {"uv": [7.5, 2, 8.5, 3.5], "texture": "#texture"},
				"south": {"uv": [7.75, 2, 8, 3.5], "texture": "#texture"},
				"west": {"uv": [7.5, 2, 8.5, 3.5], "texture": "#texture"},
				"up": {"uv": [6.75, 2.5, 8, 3.5], "texture": "#texture"},
				"down": {"uv": [8.25, 3.5, 8, 2.5], "texture": "#texture"}
			}
		},
		{
			"from": [13.75, 8.75, 7.3],
			"to": [13.875, 8.875, 7.9],
			"rotation": {"angle": 0, "axis": "y", "origin": [13.2, 6.1, 7.35]},
			"faces": {
				"north": {"uv": [8, 2, 8.25, 3.5], "texture": "#texture"},
				"east": {"uv": [7.5, 2, 8.5, 3.5], "texture": "#texture"},
				"south": {"uv": [7.75, 2, 8, 3.5], "texture": "#texture"},
				"west": {"uv": [7.5, 2, 8.5, 3.5], "texture": "#texture"},
				"up": {"uv": [6.75, 2.5, 8, 3.5], "texture": "#texture"},
				"down": {"uv": [8.25, 3.5, 8, 2.5], "texture": "#texture"}
			}
		},
		{
			"from": [13.5, 8.75, 7.3],
			"to": [13.625, 8.875, 7.9],
			"rotation": {"angle": 0, "axis": "y", "origin": [13.2, 6.1, 7.35]},
			"faces": {
				"north": {"uv": [8, 2, 8.25, 3.5], "texture": "#texture"},
				"east": {"uv": [7.5, 2, 8.5, 3.5], "texture": "#texture"},
				"south": {"uv": [7.75, 2, 8, 3.5], "texture": "#texture"},
				"west": {"uv": [7.5, 2, 8.5, 3.5], "texture": "#texture"},
				"up": {"uv": [6.75, 2.5, 8, 3.5], "texture": "#texture"},
				"down": {"uv": [8.25, 3.5, 8, 2.5], "texture": "#texture"}
			}
		},
		{
			"from": [13.25, 8.75, 7.3],
			"to": [13.375, 8.875, 7.9],
			"rotation": {"angle": 0, "axis": "y", "origin": [13.2, 6.1, 7.35]},
			"faces": {
				"north": {"uv": [8, 2, 8.25, 3.5], "texture": "#texture"},
				"east": {"uv": [7.5, 2, 8.5, 3.5], "texture": "#texture"},
				"south": {"uv": [7.75, 2, 8, 3.5], "texture": "#texture"},
				"west": {"uv": [7.5, 2, 8.5, 3.5], "texture": "#texture"},
				"up": {"uv": [6.75, 2.5, 8, 3.5], "texture": "#texture"},
				"down": {"uv": [8.25, 3.5, 8, 2.5], "texture": "#texture"}
			}
		},
		{
			"from": [13, 8.75, 7.3],
			"to": [13.125, 8.875, 7.9],
			"rotation": {"angle": 0, "axis": "y", "origin": [13.2, 6.1, 7.35]},
			"faces": {
				"north": {"uv": [8, 2, 8.25, 3.5], "texture": "#texture"},
				"east": {"uv": [7.5, 2, 8.5, 3.5], "texture": "#texture"},
				"south": {"uv": [7.75, 2, 8, 3.5], "texture": "#texture"},
				"west": {"uv": [7.5, 2, 8.5, 3.5], "texture": "#texture"},
				"up": {"uv": [6.75, 2.5, 8, 3.5], "texture": "#texture"},
				"down": {"uv": [8.25, 3.5, 8, 2.5], "texture": "#texture"}
			}
		},
		{
			"from": [14.75, 8.75, 7.3],
			"to": [14.875, 8.875, 7.9],
			"rotation": {"angle": 0, "axis": "y", "origin": [13.2, 6.1, 7.35]},
			"faces": {
				"north": {"uv": [8, 2, 8.25, 3.5], "texture": "#texture"},
				"east": {"uv": [7.5, 2, 8.5, 3.5], "texture": "#texture"},
				"south": {"uv": [7.75, 2, 8, 3.5], "texture": "#texture"},
				"west": {"uv": [7.5, 2, 8.5, 3.5], "texture": "#texture"},
				"up": {"uv": [6.75, 2.5, 8, 3.5], "texture": "#texture"},
				"down": {"uv": [8.25, 3.5, 8, 2.5], "texture": "#texture"}
			}
		},
		{
			"from": [15, 8.75, 7.3],
			"to": [15.125, 8.875, 7.9],
			"rotation": {"angle": 0, "axis": "y", "origin": [13.2, 6.1, 7.35]},
			"faces": {
				"north": {"uv": [8, 2, 8.25, 3.5], "texture": "#texture"},
				"east": {"uv": [7.5, 2, 8.5, 3.5], "texture": "#texture"},
				"south": {"uv": [7.75, 2, 8, 3.5], "texture": "#texture"},
				"west": {"uv": [7.5, 2, 8.5, 3.5], "texture": "#texture"},
				"up": {"uv": [6.75, 2.5, 8, 3.5], "texture": "#texture"},
				"down": {"uv": [8.25, 3.5, 8, 2.5], "texture": "#texture"}
			}
		},
		{
			"from": [14.5, 8.75, 7.3],
			"to": [14.625, 8.875, 7.9],
			"rotation": {"angle": 0, "axis": "y", "origin": [13.2, 6.1, 7.35]},
			"faces": {
				"north": {"uv": [8, 2, 8.25, 3.5], "texture": "#texture"},
				"east": {"uv": [7.5, 2, 8.5, 3.5], "texture": "#texture"},
				"south": {"uv": [7.75, 2, 8, 3.5], "texture": "#texture"},
				"west": {"uv": [7.5, 2, 8.5, 3.5], "texture": "#texture"},
				"up": {"uv": [6.75, 2.5, 8, 3.5], "texture": "#texture"},
				"down": {"uv": [8.25, 3.5, 8, 2.5], "texture": "#texture"}
			}
		},
		{
			"from": [15.75, 8.75, 7.3],
			"to": [15.875, 8.875, 7.9],
			"rotation": {"angle": 0, "axis": "y", "origin": [13.2, 6.1, 7.35]},
			"faces": {
				"north": {"uv": [8, 2, 8.25, 3.5], "texture": "#texture"},
				"east": {"uv": [7.5, 2, 8.5, 3.5], "texture": "#texture"},
				"south": {"uv": [7.75, 2, 8, 3.5], "texture": "#texture"},
				"west": {"uv": [7.5, 2, 8.5, 3.5], "texture": "#texture"},
				"up": {"uv": [6.75, 2.5, 8, 3.5], "texture": "#texture"},
				"down": {"uv": [8.25, 3.5, 8, 2.5], "texture": "#texture"}
			}
		},
		{
			"from": [15.5, 8.75, 7.3],
			"to": [15.625, 8.875, 7.9],
			"rotation": {"angle": 0, "axis": "y", "origin": [13.2, 6.1, 7.35]},
			"faces": {
				"north": {"uv": [8, 2, 8.25, 3.5], "texture": "#texture"},
				"east": {"uv": [7.5, 2, 8.5, 3.5], "texture": "#texture"},
				"south": {"uv": [7.75, 2, 8, 3.5], "texture": "#texture"},
				"west": {"uv": [7.5, 2, 8.5, 3.5], "texture": "#texture"},
				"up": {"uv": [6.75, 2.5, 8, 3.5], "texture": "#texture"},
				"down": {"uv": [8.25, 3.5, 8, 2.5], "texture": "#texture"}
			}
		},
		{
			"from": [15.25, 8.75, 7.3],
			"to": [15.375, 8.875, 7.9],
			"rotation": {"angle": 0, "axis": "y", "origin": [13.2, 6.1, 7.35]},
			"faces": {
				"north": {"uv": [8, 2, 8.25, 3.5], "texture": "#texture"},
				"east": {"uv": [7.5, 2, 8.5, 3.5], "texture": "#texture"},
				"south": {"uv": [7.75, 2, 8, 3.5], "texture": "#texture"},
				"west": {"uv": [7.5, 2, 8.5, 3.5], "texture": "#texture"},
				"up": {"uv": [6.75, 2.5, 8, 3.5], "texture": "#texture"},
				"down": {"uv": [8.25, 3.5, 8, 2.5], "texture": "#texture"}
			}
		},
		{
			"from": [14.25, 8.75, 7.3],
			"to": [14.375, 8.875, 7.9],
			"rotation": {"angle": 0, "axis": "y", "origin": [13.2, 6.1, 7.35]},
			"faces": {
				"north": {"uv": [8, 2, 8.25, 3.5], "texture": "#texture"},
				"east": {"uv": [7.5, 2, 8.5, 3.5], "texture": "#texture"},
				"south": {"uv": [7.75, 2, 8, 3.5], "texture": "#texture"},
				"west": {"uv": [7.5, 2, 8.5, 3.5], "texture": "#texture"},
				"up": {"uv": [6.75, 2.5, 8, 3.5], "texture": "#texture"},
				"down": {"uv": [8.25, 3.5, 8, 2.5], "texture": "#texture"}
			}
		},
		{
			"from": [14, 8.75, 7.3],
			"to": [14.125, 8.875, 7.9],
			"rotation": {"angle": 0, "axis": "y", "origin": [13.2, 6.1, 7.35]},
			"faces": {
				"north": {"uv": [8, 2, 8.25, 3.5], "texture": "#texture"},
				"east": {"uv": [7.5, 2, 8.5, 3.5], "texture": "#texture"},
				"south": {"uv": [7.75, 2, 8, 3.5], "texture": "#texture"},
				"west": {"uv": [7.5, 2, 8.5, 3.5], "texture": "#texture"},
				"up": {"uv": [6.75, 2.5, 8, 3.5], "texture": "#texture"},
				"down": {"uv": [8.25, 3.5, 8, 2.5], "texture": "#texture"}
			}
		},
		{
			"from": [12.75, 8.75, 7.3],
			"to": [12.875, 8.875, 7.9],
			"rotation": {"angle": 0, "axis": "y", "origin": [13.2, 6.1, 7.35]},
			"faces": {
				"north": {"uv": [8, 2, 8.25, 3.5], "texture": "#texture"},
				"east": {"uv": [7.5, 2, 8.5, 3.5], "texture": "#texture"},
				"south": {"uv": [7.75, 2, 8, 3.5], "texture": "#texture"},
				"west": {"uv": [7.5, 2, 8.5, 3.5], "texture": "#texture"},
				"up": {"uv": [6.75, 2.5, 8, 3.5], "texture": "#texture"},
				"down": {"uv": [8.25, 3.5, 8, 2.5], "texture": "#texture"}
			}
		},
		{
			"from": [12.5, 8.75, 7.3],
			"to": [12.625, 8.875, 7.9],
			"rotation": {"angle": 0, "axis": "y", "origin": [13.2, 6.1, 7.35]},
			"faces": {
				"north": {"uv": [8, 2, 8.25, 3.5], "texture": "#texture"},
				"east": {"uv": [7.5, 2, 8.5, 3.5], "texture": "#texture"},
				"south": {"uv": [7.75, 2, 8, 3.5], "texture": "#texture"},
				"west": {"uv": [7.5, 2, 8.5, 3.5], "texture": "#texture"},
				"up": {"uv": [6.75, 2.5, 8, 3.5], "texture": "#texture"},
				"down": {"uv": [8.25, 3.5, 8, 2.5], "texture": "#texture"}
			}
		},
		{
			"from": [12.25, 8.75, 7.3],
			"to": [12.375, 8.875, 7.9],
			"rotation": {"angle": 0, "axis": "y", "origin": [13.2, 6.1, 7.35]},
			"faces": {
				"north": {"uv": [8, 2, 8.25, 3.5], "texture": "#texture"},
				"east": {"uv": [7.5, 2, 8.5, 3.5], "texture": "#texture"},
				"south": {"uv": [7.75, 2, 8, 3.5], "texture": "#texture"},
				"west": {"uv": [7.5, 2, 8.5, 3.5], "texture": "#texture"},
				"up": {"uv": [6.75, 2.5, 8, 3.5], "texture": "#texture"},
				"down": {"uv": [8.25, 3.5, 8, 2.5], "texture": "#texture"}
			}
		},
		{
			"from": [12, 8.75, 7.3],
			"to": [12.125, 8.875, 7.9],
			"rotation": {"angle": 0, "axis": "y", "origin": [13.2, 6.1, 7.35]},
			"faces": {
				"north": {"uv": [8, 2, 8.25, 3.5], "texture": "#texture"},
				"east": {"uv": [7.5, 2, 8.5, 3.5], "texture": "#texture"},
				"south": {"uv": [7.75, 2, 8, 3.5], "texture": "#texture"},
				"west": {"uv": [7.5, 2, 8.5, 3.5], "texture": "#texture"},
				"up": {"uv": [6.75, 2.5, 8, 3.5], "texture": "#texture"},
				"down": {"uv": [8.25, 3.5, 8, 2.5], "texture": "#texture"}
			}
		},
		{
			"from": [11.75, 8.75, 7.3],
			"to": [11.875, 8.875, 7.9],
			"rotation": {"angle": 0, "axis": "y", "origin": [13.2, 6.1, 7.35]},
			"faces": {
				"north": {"uv": [8, 2, 8.25, 3.5], "texture": "#texture"},
				"east": {"uv": [7.5, 2, 8.5, 3.5], "texture": "#texture"},
				"south": {"uv": [7.75, 2, 8, 3.5], "texture": "#texture"},
				"west": {"uv": [7.5, 2, 8.5, 3.5], "texture": "#texture"},
				"up": {"uv": [6.75, 2.5, 8, 3.5], "texture": "#texture"},
				"down": {"uv": [8.25, 3.5, 8, 2.5], "texture": "#texture"}
			}
		},
		{
			"from": [11.5, 8.75, 7.3],
			"to": [11.625, 8.875, 7.9],
			"rotation": {"angle": 0, "axis": "y", "origin": [13.2, 6.1, 7.35]},
			"faces": {
				"north": {"uv": [8, 2, 8.25, 3.5], "texture": "#texture"},
				"east": {"uv": [7.5, 2, 8.5, 3.5], "texture": "#texture"},
				"south": {"uv": [7.75, 2, 8, 3.5], "texture": "#texture"},
				"west": {"uv": [7.5, 2, 8.5, 3.5], "texture": "#texture"},
				"up": {"uv": [6.75, 2.5, 8, 3.5], "texture": "#texture"},
				"down": {"uv": [8.25, 3.5, 8, 2.5], "texture": "#texture"}
			}
		},
		{
			"from": [11.25, 8.75, 7.3],
			"to": [11.375, 8.875, 7.9],
			"rotation": {"angle": 0, "axis": "y", "origin": [13.2, 6.1, 7.35]},
			"faces": {
				"north": {"uv": [8, 2, 8.25, 3.5], "texture": "#texture"},
				"east": {"uv": [7.5, 2, 8.5, 3.5], "texture": "#texture"},
				"south": {"uv": [7.75, 2, 8, 3.5], "texture": "#texture"},
				"west": {"uv": [7.5, 2, 8.5, 3.5], "texture": "#texture"},
				"up": {"uv": [6.75, 2.5, 8, 3.5], "texture": "#texture"},
				"down": {"uv": [8.25, 3.5, 8, 2.5], "texture": "#texture"}
			}
		},
		{
			"from": [2.25, 8.75, 7.3],
			"to": [2.375, 8.875, 7.9],
			"rotation": {"angle": 0, "axis": "y", "origin": [13.2, 6.1, 7.35]},
			"faces": {
				"north": {"uv": [8, 2, 8.25, 3.5], "texture": "#texture"},
				"east": {"uv": [7.5, 2, 8.5, 3.5], "texture": "#texture"},
				"south": {"uv": [7.75, 2, 8, 3.5], "texture": "#texture"},
				"west": {"uv": [7.5, 2, 8.5, 3.5], "texture": "#texture"},
				"up": {"uv": [6.75, 2.5, 8, 3.5], "texture": "#texture"},
				"down": {"uv": [8.25, 3.5, 8, 2.5], "texture": "#texture"}
			}
		},
		{
			"from": [1.25, 8.75, 7.3],
			"to": [1.375, 8.875, 7.9],
			"rotation": {"angle": 0, "axis": "y", "origin": [13.2, 6.1, 7.35]},
			"faces": {
				"north": {"uv": [8, 2, 8.25, 3.5], "texture": "#texture"},
				"east": {"uv": [7.5, 2, 8.5, 3.5], "texture": "#texture"},
				"south": {"uv": [7.75, 2, 8, 3.5], "texture": "#texture"},
				"west": {"uv": [7.5, 2, 8.5, 3.5], "texture": "#texture"},
				"up": {"uv": [6.75, 2.5, 8, 3.5], "texture": "#texture"},
				"down": {"uv": [8.25, 3.5, 8, 2.5], "texture": "#texture"}
			}
		},
		{
			"from": [1.5, 8.75, 7.3],
			"to": [1.625, 8.875, 7.9],
			"rotation": {"angle": 0, "axis": "y", "origin": [13.2, 6.1, 7.35]},
			"faces": {
				"north": {"uv": [8, 2, 8.25, 3.5], "texture": "#texture"},
				"east": {"uv": [7.5, 2, 8.5, 3.5], "texture": "#texture"},
				"south": {"uv": [7.75, 2, 8, 3.5], "texture": "#texture"},
				"west": {"uv": [7.5, 2, 8.5, 3.5], "texture": "#texture"},
				"up": {"uv": [6.75, 2.5, 8, 3.5], "texture": "#texture"},
				"down": {"uv": [8.25, 3.5, 8, 2.5], "texture": "#texture"}
			}
		},
		{
			"from": [2.5, 8.75, 7.3],
			"to": [2.625, 8.875, 7.9],
			"rotation": {"angle": 0, "axis": "y", "origin": [13.2, 6.1, 7.35]},
			"faces": {
				"north": {"uv": [8, 2, 8.25, 3.5], "texture": "#texture"},
				"east": {"uv": [7.5, 2, 8.5, 3.5], "texture": "#texture"},
				"south": {"uv": [7.75, 2, 8, 3.5], "texture": "#texture"},
				"west": {"uv": [7.5, 2, 8.5, 3.5], "texture": "#texture"},
				"up": {"uv": [6.75, 2.5, 8, 3.5], "texture": "#texture"},
				"down": {"uv": [8.25, 3.5, 8, 2.5], "texture": "#texture"}
			}
		},
		{
			"from": [2.75, 8.75, 7.3],
			"to": [2.875, 8.875, 7.9],
			"rotation": {"angle": 0, "axis": "y", "origin": [13.2, 6.1, 7.35]},
			"faces": {
				"north": {"uv": [8, 2, 8.25, 3.5], "texture": "#texture"},
				"east": {"uv": [7.5, 2, 8.5, 3.5], "texture": "#texture"},
				"south": {"uv": [7.75, 2, 8, 3.5], "texture": "#texture"},
				"west": {"uv": [7.5, 2, 8.5, 3.5], "texture": "#texture"},
				"up": {"uv": [6.75, 2.5, 8, 3.5], "texture": "#texture"},
				"down": {"uv": [8.25, 3.5, 8, 2.5], "texture": "#texture"}
			}
		},
		{
			"from": [3, 8.75, 7.3],
			"to": [3.125, 8.875, 7.9],
			"rotation": {"angle": 0, "axis": "y", "origin": [13.2, 6.1, 7.35]},
			"faces": {
				"north": {"uv": [8, 2, 8.25, 3.5], "texture": "#texture"},
				"east": {"uv": [7.5, 2, 8.5, 3.5], "texture": "#texture"},
				"south": {"uv": [7.75, 2, 8, 3.5], "texture": "#texture"},
				"west": {"uv": [7.5, 2, 8.5, 3.5], "texture": "#texture"},
				"up": {"uv": [6.75, 2.5, 8, 3.5], "texture": "#texture"},
				"down": {"uv": [8.25, 3.5, 8, 2.5], "texture": "#texture"}
			}
		},
		{
			"from": [3.25, 8.75, 7.3],
			"to": [3.375, 8.875, 7.9],
			"rotation": {"angle": 0, "axis": "y", "origin": [13.2, 6.1, 7.35]},
			"faces": {
				"north": {"uv": [8, 2, 8.25, 3.5], "texture": "#texture"},
				"east": {"uv": [7.5, 2, 8.5, 3.5], "texture": "#texture"},
				"south": {"uv": [7.75, 2, 8, 3.5], "texture": "#texture"},
				"west": {"uv": [7.5, 2, 8.5, 3.5], "texture": "#texture"},
				"up": {"uv": [6.75, 2.5, 8, 3.5], "texture": "#texture"},
				"down": {"uv": [8.25, 3.5, 8, 2.5], "texture": "#texture"}
			}
		},
		{
			"from": [0.5, 8.75, 7.3],
			"to": [1.125, 8.875, 7.9],
			"rotation": {"angle": 0, "axis": "y", "origin": [13.2, 6.1, 7.35]},
			"faces": {
				"north": {"uv": [8, 2, 8.25, 3.5], "texture": "#texture"},
				"east": {"uv": [7.5, 2, 8.5, 3.5], "texture": "#texture"},
				"south": {"uv": [7.75, 2, 8, 3.5], "texture": "#texture"},
				"west": {"uv": [7.5, 2, 8.5, 3.5], "texture": "#texture"},
				"up": {"uv": [6.75, 2.5, 8, 3.5], "texture": "#texture"},
				"down": {"uv": [8.25, 3.5, 8, 2.5], "texture": "#texture"}
			}
		},
		{
			"from": [1.75, 8.75, 7.3],
			"to": [1.875, 8.875, 7.9],
			"rotation": {"angle": 0, "axis": "y", "origin": [13.2, 6.1, 7.35]},
			"faces": {
				"north": {"uv": [8, 2, 8.25, 3.5], "texture": "#texture"},
				"east": {"uv": [7.5, 2, 8.5, 3.5], "texture": "#texture"},
				"south": {"uv": [7.75, 2, 8, 3.5], "texture": "#texture"},
				"west": {"uv": [7.5, 2, 8.5, 3.5], "texture": "#texture"},
				"up": {"uv": [6.75, 2.5, 8, 3.5], "texture": "#texture"},
				"down": {"uv": [8.25, 3.5, 8, 2.5], "texture": "#texture"}
			}
		},
		{
			"from": [2, 8.75, 7.3],
			"to": [2.125, 8.875, 7.9],
			"rotation": {"angle": 0, "axis": "y", "origin": [13.2, 6.1, 7.35]},
			"faces": {
				"north": {"uv": [8, 2, 8.25, 3.5], "texture": "#texture"},
				"east": {"uv": [7.5, 2, 8.5, 3.5], "texture": "#texture"},
				"south": {"uv": [7.75, 2, 8, 3.5], "texture": "#texture"},
				"west": {"uv": [7.5, 2, 8.5, 3.5], "texture": "#texture"},
				"up": {"uv": [6.75, 2.5, 8, 3.5], "texture": "#texture"},
				"down": {"uv": [8.25, 3.5, 8, 2.5], "texture": "#texture"}
			}
		},
		{
			"from": [3.5, 8.75, 7.3],
			"to": [3.625, 8.875, 7.9],
			"rotation": {"angle": 0, "axis": "y", "origin": [13.2, 6.1, 7.35]},
			"faces": {
				"north": {"uv": [8, 2, 8.25, 3.5], "texture": "#texture"},
				"east": {"uv": [7.5, 2, 8.5, 3.5], "texture": "#texture"},
				"south": {"uv": [7.75, 2, 8, 3.5], "texture": "#texture"},
				"west": {"uv": [7.5, 2, 8.5, 3.5], "texture": "#texture"},
				"up": {"uv": [6.75, 2.5, 8, 3.5], "texture": "#texture"},
				"down": {"uv": [8.25, 3.5, 8, 2.5], "texture": "#texture"}
			}
		},
		{
			"from": [3.75, 8.75, 7.3],
			"to": [3.875, 8.875, 7.9],
			"rotation": {"angle": 0, "axis": "y", "origin": [13.2, 6.1, 7.35]},
			"faces": {
				"north": {"uv": [8, 2, 8.25, 3.5], "texture": "#texture"},
				"east": {"uv": [7.5, 2, 8.5, 3.5], "texture": "#texture"},
				"south": {"uv": [7.75, 2, 8, 3.5], "texture": "#texture"},
				"west": {"uv": [7.5, 2, 8.5, 3.5], "texture": "#texture"},
				"up": {"uv": [6.75, 2.5, 8, 3.5], "texture": "#texture"},
				"down": {"uv": [8.25, 3.5, 8, 2.5], "texture": "#texture"}
			}
		},
		{
			"from": [4, 8.75, 7.3],
			"to": [4.125, 8.875, 7.9],
			"rotation": {"angle": 0, "axis": "y", "origin": [13.2, 6.1, 7.35]},
			"faces": {
				"north": {"uv": [8, 2, 8.25, 3.5], "texture": "#texture"},
				"east": {"uv": [7.5, 2, 8.5, 3.5], "texture": "#texture"},
				"south": {"uv": [7.75, 2, 8, 3.5], "texture": "#texture"},
				"west": {"uv": [7.5, 2, 8.5, 3.5], "texture": "#texture"},
				"up": {"uv": [6.75, 2.5, 8, 3.5], "texture": "#texture"},
				"down": {"uv": [8.25, 3.5, 8, 2.5], "texture": "#texture"}
			}
		},
		{
			"from": [4.25, 8.75, 7.3],
			"to": [4.375, 8.875, 7.9],
			"rotation": {"angle": 0, "axis": "y", "origin": [13.2, 6.1, 7.35]},
			"faces": {
				"north": {"uv": [8, 2, 8.25, 3.5], "texture": "#texture"},
				"east": {"uv": [7.5, 2, 8.5, 3.5], "texture": "#texture"},
				"south": {"uv": [7.75, 2, 8, 3.5], "texture": "#texture"},
				"west": {"uv": [7.5, 2, 8.5, 3.5], "texture": "#texture"},
				"up": {"uv": [6.75, 2.5, 8, 3.5], "texture": "#texture"},
				"down": {"uv": [8.25, 3.5, 8, 2.5], "texture": "#texture"}
			}
		},
		{
			"from": [4.5, 8.75, 7.3],
			"to": [4.625, 8.875, 7.9],
			"rotation": {"angle": 0, "axis": "y", "origin": [13.2, 6.1, 7.35]},
			"faces": {
				"north": {"uv": [8, 2, 8.25, 3.5], "texture": "#texture"},
				"east": {"uv": [7.5, 2, 8.5, 3.5], "texture": "#texture"},
				"south": {"uv": [7.75, 2, 8, 3.5], "texture": "#texture"},
				"west": {"uv": [7.5, 2, 8.5, 3.5], "texture": "#texture"},
				"up": {"uv": [6.75, 2.5, 8, 3.5], "texture": "#texture"},
				"down": {"uv": [8.25, 3.5, 8, 2.5], "texture": "#texture"}
			}
		},
		{
			"from": [4.75, 8.75, 7.3],
			"to": [4.875, 8.875, 7.9],
			"rotation": {"angle": 0, "axis": "y", "origin": [13.2, 6.1, 7.35]},
			"faces": {
				"north": {"uv": [8, 2, 8.25, 3.5], "texture": "#texture"},
				"east": {"uv": [7.5, 2, 8.5, 3.5], "texture": "#texture"},
				"south": {"uv": [7.75, 2, 8, 3.5], "texture": "#texture"},
				"west": {"uv": [7.5, 2, 8.5, 3.5], "texture": "#texture"},
				"up": {"uv": [6.75, 2.5, 8, 3.5], "texture": "#texture"},
				"down": {"uv": [8.25, 3.5, 8, 2.5], "texture": "#texture"}
			}
		},
		{
			"from": [5, 8.75, 7.3],
			"to": [5.125, 8.875, 7.9],
			"rotation": {"angle": 0, "axis": "y", "origin": [13.2, 6.1, 7.35]},
			"faces": {
				"north": {"uv": [8, 2, 8.25, 3.5], "texture": "#texture"},
				"east": {"uv": [7.5, 2, 8.5, 3.5], "texture": "#texture"},
				"south": {"uv": [7.75, 2, 8, 3.5], "texture": "#texture"},
				"west": {"uv": [7.5, 2, 8.5, 3.5], "texture": "#texture"},
				"up": {"uv": [6.75, 2.5, 8, 3.5], "texture": "#texture"},
				"down": {"uv": [8.25, 3.5, 8, 2.5], "texture": "#texture"}
			}
		},
		{
			"from": [5.25, 8.75, 7.3],
			"to": [5.375, 8.875, 7.9],
			"rotation": {"angle": 0, "axis": "y", "origin": [13.2, 6.1, 7.35]},
			"faces": {
				"north": {"uv": [8, 2, 8.25, 3.5], "texture": "#texture"},
				"east": {"uv": [7.5, 2, 8.5, 3.5], "texture": "#texture"},
				"south": {"uv": [7.75, 2, 8, 3.5], "texture": "#texture"},
				"west": {"uv": [7.5, 2, 8.5, 3.5], "texture": "#texture"},
				"up": {"uv": [6.75, 2.5, 8, 3.5], "texture": "#texture"},
				"down": {"uv": [8.25, 3.5, 8, 2.5], "texture": "#texture"}
			}
		},
		{
			"from": [5.5, 8.75, 7.3],
			"to": [5.625, 8.875, 7.9],
			"rotation": {"angle": 0, "axis": "y", "origin": [13.2, 6.1, 7.35]},
			"faces": {
				"north": {"uv": [8, 2, 8.25, 3.5], "texture": "#texture"},
				"east": {"uv": [7.5, 2, 8.5, 3.5], "texture": "#texture"},
				"south": {"uv": [7.75, 2, 8, 3.5], "texture": "#texture"},
				"west": {"uv": [7.5, 2, 8.5, 3.5], "texture": "#texture"},
				"up": {"uv": [6.75, 2.5, 8, 3.5], "texture": "#texture"},
				"down": {"uv": [8.25, 3.5, 8, 2.5], "texture": "#texture"}
			}
		},
		{
			"from": [5.75, 8.75, 7.3],
			"to": [5.875, 8.875, 7.9],
			"rotation": {"angle": 0, "axis": "y", "origin": [13.2, 6.1, 7.35]},
			"faces": {
				"north": {"uv": [8, 2, 8.25, 3.5], "texture": "#texture"},
				"east": {"uv": [7.5, 2, 8.5, 3.5], "texture": "#texture"},
				"south": {"uv": [7.75, 2, 8, 3.5], "texture": "#texture"},
				"west": {"uv": [7.5, 2, 8.5, 3.5], "texture": "#texture"},
				"up": {"uv": [6.75, 2.5, 8, 3.5], "texture": "#texture"},
				"down": {"uv": [8.25, 3.5, 8, 2.5], "texture": "#texture"}
			}
		},
		{
			"from": [6, 8.75, 7.3],
			"to": [6.125, 8.875, 7.9],
			"rotation": {"angle": 0, "axis": "y", "origin": [13.2, 6.1, 7.35]},
			"faces": {
				"north": {"uv": [8, 2, 8.25, 3.5], "texture": "#texture"},
				"east": {"uv": [7.5, 2, 8.5, 3.5], "texture": "#texture"},
				"south": {"uv": [7.75, 2, 8, 3.5], "texture": "#texture"},
				"west": {"uv": [7.5, 2, 8.5, 3.5], "texture": "#texture"},
				"up": {"uv": [6.75, 2.5, 8, 3.5], "texture": "#texture"},
				"down": {"uv": [8.25, 3.5, 8, 2.5], "texture": "#texture"}
			}
		},
		{
			"from": [6.25, 8.75, 7.3],
			"to": [6.375, 8.875, 7.9],
			"rotation": {"angle": 0, "axis": "y", "origin": [13.2, 6.1, 7.35]},
			"faces": {
				"north": {"uv": [8, 2, 8.25, 3.5], "texture": "#texture"},
				"east": {"uv": [7.5, 2, 8.5, 3.5], "texture": "#texture"},
				"south": {"uv": [7.75, 2, 8, 3.5], "texture": "#texture"},
				"west": {"uv": [7.5, 2, 8.5, 3.5], "texture": "#texture"},
				"up": {"uv": [6.75, 2.5, 8, 3.5], "texture": "#texture"},
				"down": {"uv": [8.25, 3.5, 8, 2.5], "texture": "#texture"}
			}
		},
		{
			"from": [6.5, 8.75, 7.3],
			"to": [6.625, 8.875, 7.9],
			"rotation": {"angle": 0, "axis": "y", "origin": [13.2, 6.1, 7.35]},
			"faces": {
				"north": {"uv": [8, 2, 8.25, 3.5], "texture": "#texture"},
				"east": {"uv": [7.5, 2, 8.5, 3.5], "texture": "#texture"},
				"south": {"uv": [7.75, 2, 8, 3.5], "texture": "#texture"},
				"west": {"uv": [7.5, 2, 8.5, 3.5], "texture": "#texture"},
				"up": {"uv": [6.75, 2.5, 8, 3.5], "texture": "#texture"},
				"down": {"uv": [8.25, 3.5, 8, 2.5], "texture": "#texture"}
			}
		},
		{
			"from": [11, 8.75, 7.3],
			"to": [11.125, 8.875, 7.9],
			"rotation": {"angle": 0, "axis": "y", "origin": [13.2, 6.1, 7.35]},
			"faces": {
				"north": {"uv": [8, 2, 8.25, 3.5], "texture": "#texture"},
				"east": {"uv": [7.5, 2, 8.5, 3.5], "texture": "#texture"},
				"south": {"uv": [7.75, 2, 8, 3.5], "texture": "#texture"},
				"west": {"uv": [7.5, 2, 8.5, 3.5], "texture": "#texture"},
				"up": {"uv": [6.75, 2.5, 8, 3.5], "texture": "#texture"},
				"down": {"uv": [8.25, 3.5, 8, 2.5], "texture": "#texture"}
			}
		},
		{
			"from": [10.75, 8.75, 7.3],
			"to": [10.875, 8.875, 7.9],
			"rotation": {"angle": 0, "axis": "y", "origin": [13.2, 6.1, 7.35]},
			"faces": {
				"north": {"uv": [8, 2, 8.25, 3.5], "texture": "#texture"},
				"east": {"uv": [7.5, 2, 8.5, 3.5], "texture": "#texture"},
				"south": {"uv": [7.75, 2, 8, 3.5], "texture": "#texture"},
				"west": {"uv": [7.5, 2, 8.5, 3.5], "texture": "#texture"},
				"up": {"uv": [6.75, 2.5, 8, 3.5], "texture": "#texture"},
				"down": {"uv": [8.25, 3.5, 8, 2.5], "texture": "#texture"}
			}
		},
		{
			"from": [10.5, 8.75, 7.3],
			"to": [10.625, 8.875, 7.9],
			"rotation": {"angle": 0, "axis": "y", "origin": [13.2, 6.1, 7.35]},
			"faces": {
				"north": {"uv": [8, 2, 8.25, 3.5], "texture": "#texture"},
				"east": {"uv": [7.5, 2, 8.5, 3.5], "texture": "#texture"},
				"south": {"uv": [7.75, 2, 8, 3.5], "texture": "#texture"},
				"west": {"uv": [7.5, 2, 8.5, 3.5], "texture": "#texture"},
				"up": {"uv": [6.75, 2.5, 8, 3.5], "texture": "#texture"},
				"down": {"uv": [8.25, 3.5, 8, 2.5], "texture": "#texture"}
			}
		},
		{
			"from": [10.25, 8.75, 7.3],
			"to": [10.375, 8.875, 7.9],
			"rotation": {"angle": 0, "axis": "y", "origin": [13.2, 6.1, 7.35]},
			"faces": {
				"north": {"uv": [8, 2, 8.25, 3.5], "texture": "#texture"},
				"east": {"uv": [7.5, 2, 8.5, 3.5], "texture": "#texture"},
				"south": {"uv": [7.75, 2, 8, 3.5], "texture": "#texture"},
				"west": {"uv": [7.5, 2, 8.5, 3.5], "texture": "#texture"},
				"up": {"uv": [6.75, 2.5, 8, 3.5], "texture": "#texture"},
				"down": {"uv": [8.25, 3.5, 8, 2.5], "texture": "#texture"}
			}
		},
		{
			"from": [10, 8.75, 7.3],
			"to": [10.125, 8.875, 7.9],
			"rotation": {"angle": 0, "axis": "y", "origin": [13.2, 6.1, 7.35]},
			"faces": {
				"north": {"uv": [8, 2, 8.25, 3.5], "texture": "#texture"},
				"east": {"uv": [7.5, 2, 8.5, 3.5], "texture": "#texture"},
				"south": {"uv": [7.75, 2, 8, 3.5], "texture": "#texture"},
				"west": {"uv": [7.5, 2, 8.5, 3.5], "texture": "#texture"},
				"up": {"uv": [6.75, 2.5, 8, 3.5], "texture": "#texture"},
				"down": {"uv": [8.25, 3.5, 8, 2.5], "texture": "#texture"}
			}
		},
		{
			"from": [9.75, 8.75, 7.3],
			"to": [9.875, 8.875, 7.9],
			"rotation": {"angle": 0, "axis": "y", "origin": [13.2, 6.1, 7.35]},
			"faces": {
				"north": {"uv": [8, 2, 8.25, 3.5], "texture": "#texture"},
				"east": {"uv": [7.5, 2, 8.5, 3.5], "texture": "#texture"},
				"south": {"uv": [7.75, 2, 8, 3.5], "texture": "#texture"},
				"west": {"uv": [7.5, 2, 8.5, 3.5], "texture": "#texture"},
				"up": {"uv": [6.75, 2.5, 8, 3.5], "texture": "#texture"},
				"down": {"uv": [8.25, 3.5, 8, 2.5], "texture": "#texture"}
			}
		},
		{
			"from": [9.5, 8.75, 7.3],
			"to": [9.625, 8.875, 7.9],
			"rotation": {"angle": 0, "axis": "y", "origin": [13.2, 6.1, 7.35]},
			"faces": {
				"north": {"uv": [8, 2, 8.25, 3.5], "texture": "#texture"},
				"east": {"uv": [7.5, 2, 8.5, 3.5], "texture": "#texture"},
				"south": {"uv": [7.75, 2, 8, 3.5], "texture": "#texture"},
				"west": {"uv": [7.5, 2, 8.5, 3.5], "texture": "#texture"},
				"up": {"uv": [6.75, 2.5, 8, 3.5], "texture": "#texture"},
				"down": {"uv": [8.25, 3.5, 8, 2.5], "texture": "#texture"}
			}
		},
		{
			"from": [9.25, 8.75, 7.3],
			"to": [9.375, 8.875, 7.9],
			"rotation": {"angle": 0, "axis": "y", "origin": [13.2, 6.1, 7.35]},
			"faces": {
				"north": {"uv": [8, 2, 8.25, 3.5], "texture": "#texture"},
				"east": {"uv": [7.5, 2, 8.5, 3.5], "texture": "#texture"},
				"south": {"uv": [7.75, 2, 8, 3.5], "texture": "#texture"},
				"west": {"uv": [7.5, 2, 8.5, 3.5], "texture": "#texture"},
				"up": {"uv": [6.75, 2.5, 8, 3.5], "texture": "#texture"},
				"down": {"uv": [8.25, 3.5, 8, 2.5], "texture": "#texture"}
			}
		},
		{
			"from": [9, 8.75, 7.3],
			"to": [9.125, 8.875, 7.9],
			"rotation": {"angle": 0, "axis": "y", "origin": [13.2, 6.1, 7.35]},
			"faces": {
				"north": {"uv": [8, 2, 8.25, 3.5], "texture": "#texture"},
				"east": {"uv": [7.5, 2, 8.5, 3.5], "texture": "#texture"},
				"south": {"uv": [7.75, 2, 8, 3.5], "texture": "#texture"},
				"west": {"uv": [7.5, 2, 8.5, 3.5], "texture": "#texture"},
				"up": {"uv": [6.75, 2.5, 8, 3.5], "texture": "#texture"},
				"down": {"uv": [8.25, 3.5, 8, 2.5], "texture": "#texture"}
			}
		},
		{
			"from": [8.75, 8.75, 7.3],
			"to": [8.875, 8.875, 7.9],
			"rotation": {"angle": 0, "axis": "y", "origin": [13.2, 6.1, 7.35]},
			"faces": {
				"north": {"uv": [8, 2, 8.25, 3.5], "texture": "#texture"},
				"east": {"uv": [7.5, 2, 8.5, 3.5], "texture": "#texture"},
				"south": {"uv": [7.75, 2, 8, 3.5], "texture": "#texture"},
				"west": {"uv": [7.5, 2, 8.5, 3.5], "texture": "#texture"},
				"up": {"uv": [6.75, 2.5, 8, 3.5], "texture": "#texture"},
				"down": {"uv": [8.25, 3.5, 8, 2.5], "texture": "#texture"}
			}
		},
		{
			"from": [8.5, 8.75, 7.3],
			"to": [8.625, 8.875, 7.9],
			"rotation": {"angle": 0, "axis": "y", "origin": [13.2, 6.1, 7.35]},
			"faces": {
				"north": {"uv": [8, 2, 8.25, 3.5], "texture": "#texture"},
				"east": {"uv": [7.5, 2, 8.5, 3.5], "texture": "#texture"},
				"south": {"uv": [7.75, 2, 8, 3.5], "texture": "#texture"},
				"west": {"uv": [7.5, 2, 8.5, 3.5], "texture": "#texture"},
				"up": {"uv": [6.75, 2.5, 8, 3.5], "texture": "#texture"},
				"down": {"uv": [8.25, 3.5, 8, 2.5], "texture": "#texture"}
			}
		},
		{
			"from": [8.25, 8.75, 7.3],
			"to": [8.375, 8.875, 7.9],
			"rotation": {"angle": 0, "axis": "y", "origin": [13.2, 6.1, 7.35]},
			"faces": {
				"north": {"uv": [8, 2, 8.25, 3.5], "texture": "#texture"},
				"east": {"uv": [7.5, 2, 8.5, 3.5], "texture": "#texture"},
				"south": {"uv": [7.75, 2, 8, 3.5], "texture": "#texture"},
				"west": {"uv": [7.5, 2, 8.5, 3.5], "texture": "#texture"},
				"up": {"uv": [6.75, 2.5, 8, 3.5], "texture": "#texture"},
				"down": {"uv": [8.25, 3.5, 8, 2.5], "texture": "#texture"}
			}
		},
		{
			"from": [8, 8.75, 7.3],
			"to": [8.125, 8.875, 7.9],
			"rotation": {"angle": 0, "axis": "y", "origin": [13.2, 6.1, 7.35]},
			"faces": {
				"north": {"uv": [8, 2, 8.25, 3.5], "texture": "#texture"},
				"east": {"uv": [7.5, 2, 8.5, 3.5], "texture": "#texture"},
				"south": {"uv": [7.75, 2, 8, 3.5], "texture": "#texture"},
				"west": {"uv": [7.5, 2, 8.5, 3.5], "texture": "#texture"},
				"up": {"uv": [6.75, 2.5, 8, 3.5], "texture": "#texture"},
				"down": {"uv": [8.25, 3.5, 8, 2.5], "texture": "#texture"}
			}
		},
		{
			"from": [7.75, 8.75, 7.3],
			"to": [7.875, 8.875, 7.9],
			"rotation": {"angle": 0, "axis": "y", "origin": [13.2, 6.1, 7.35]},
			"faces": {
				"north": {"uv": [8, 2, 8.25, 3.5], "texture": "#texture"},
				"east": {"uv": [7.5, 2, 8.5, 3.5], "texture": "#texture"},
				"south": {"uv": [7.75, 2, 8, 3.5], "texture": "#texture"},
				"west": {"uv": [7.5, 2, 8.5, 3.5], "texture": "#texture"},
				"up": {"uv": [6.75, 2.5, 8, 3.5], "texture": "#texture"},
				"down": {"uv": [8.25, 3.5, 8, 2.5], "texture": "#texture"}
			}
		},
		{
			"from": [7.5, 8.75, 7.3],
			"to": [7.625, 8.875, 7.9],
			"rotation": {"angle": 0, "axis": "y", "origin": [13.2, 6.1, 7.35]},
			"faces": {
				"north": {"uv": [8, 2, 8.25, 3.5], "texture": "#texture"},
				"east": {"uv": [7.5, 2, 8.5, 3.5], "texture": "#texture"},
				"south": {"uv": [7.75, 2, 8, 3.5], "texture": "#texture"},
				"west": {"uv": [7.5, 2, 8.5, 3.5], "texture": "#texture"},
				"up": {"uv": [6.75, 2.5, 8, 3.5], "texture": "#texture"},
				"down": {"uv": [8.25, 3.5, 8, 2.5], "texture": "#texture"}
			}
		},
		{
			"from": [7.25, 8.75, 7.3],
			"to": [7.375, 8.875, 7.9],
			"rotation": {"angle": 0, "axis": "y", "origin": [13.2, 6.1, 7.35]},
			"faces": {
				"north": {"uv": [8, 2, 8.25, 3.5], "texture": "#texture"},
				"east": {"uv": [7.5, 2, 8.5, 3.5], "texture": "#texture"},
				"south": {"uv": [7.75, 2, 8, 3.5], "texture": "#texture"},
				"west": {"uv": [7.5, 2, 8.5, 3.5], "texture": "#texture"},
				"up": {"uv": [6.75, 2.5, 8, 3.5], "texture": "#texture"},
				"down": {"uv": [8.25, 3.5, 8, 2.5], "texture": "#texture"}
			}
		},
		{
			"from": [7, 8.75, 7.3],
			"to": [7.125, 8.875, 7.9],
			"rotation": {"angle": 0, "axis": "y", "origin": [13.2, 6.1, 7.35]},
			"faces": {
				"north": {"uv": [8, 2, 8.25, 3.5], "texture": "#texture"},
				"east": {"uv": [7.5, 2, 8.5, 3.5], "texture": "#texture"},
				"south": {"uv": [7.75, 2, 8, 3.5], "texture": "#texture"},
				"west": {"uv": [7.5, 2, 8.5, 3.5], "texture": "#texture"},
				"up": {"uv": [6.75, 2.5, 8, 3.5], "texture": "#texture"},
				"down": {"uv": [8.25, 3.5, 8, 2.5], "texture": "#texture"}
			}
		},
		{
			"from": [6.75, 8.75, 7.3],
			"to": [6.875, 8.875, 7.9],
			"rotation": {"angle": 0, "axis": "y", "origin": [13.2, 6.1, 7.35]},
			"faces": {
				"north": {"uv": [8, 2, 8.25, 3.5], "texture": "#texture"},
				"east": {"uv": [7.5, 2, 8.5, 3.5], "texture": "#texture"},
				"south": {"uv": [7.75, 2, 8, 3.5], "texture": "#texture"},
				"west": {"uv": [7.5, 2, 8.5, 3.5], "texture": "#texture"},
				"up": {"uv": [6.75, 2.5, 8, 3.5], "texture": "#texture"},
				"down": {"uv": [8.25, 3.5, 8, 2.5], "texture": "#texture"}
			}
		},
		{
			"from": [0.5, 8.6, 7.225],
			"to": [15.875, 8.75, 7.975],
			"rotation": {"angle": 0, "axis": "y", "origin": [-2.05, -1.9, -0.4]},
			"faces": {
				"north": {"uv": [7.75, 5.25, 8, 6.25], "texture": "#texture"},
				"east": {"uv": [7, 5.25, 9, 6.25], "texture": "#texture"},
				"south": {"uv": [8, 5.25, 8.25, 6.25], "texture": "#texture"},
				"west": {"uv": [7, 5, 8, 6], "texture": "#texture"},
				"up": {"uv": [8, 7, 8.25, 9], "texture": "#texture"},
				"down": {"uv": [8, 9, 7.75, 7], "texture": "#texture"}
			}
		},
		{
			"from": [11.95, 4.1, 7.225],
			"to": [13.7, 4.35, 7.975],
			"rotation": {"angle": 0, "axis": "y", "origin": [-2.05, -1.9, -0.4]},
			"faces": {
				"north": {"uv": [0.25, 9.75, 2, 10], "texture": "#texture"},
				"east": {"uv": [7.5, 9.75, 8.5, 10], "texture": "#texture"},
				"south": {"uv": [14, 9.75, 15.75, 10], "texture": "#texture"},
				"west": {"uv": [7.5, 9.75, 8.5, 10], "texture": "#texture"},
				"up": {"uv": [14, 7.5, 15.75, 8.5], "texture": "#texture"},
				"down": {"uv": [2, 8.5, 0.25, 7.5], "texture": "#texture"}
			}
		},
		{
			"from": [14.8, -2.375, 7.225],
			"to": [15.375, -2.125, 7.975],
			"rotation": {"angle": 22.5, "axis": "z", "origin": [-2.05, -1.9, -0.4]},
			"faces": {
				"north": {"uv": [0.25, 9.75, 2, 10], "texture": "#texture"},
				"east": {"uv": [7.5, 9.75, 8.5, 10], "texture": "#texture"},
				"south": {"uv": [14, 9.75, 15.75, 10], "texture": "#texture"},
				"west": {"uv": [7.5, 9.75, 8.5, 10], "texture": "#texture"},
				"up": {"uv": [14, 7.5, 15.75, 8.5], "texture": "#texture"},
				"down": {"uv": [2, 8.5, 0.25, 7.5], "texture": "#texture"}
			}
		},
		{
			"from": [11.7, 4.1, 7.225],
			"to": [11.95, 5.6, 7.975],
			"rotation": {"angle": 0, "axis": "y", "origin": [-2.05, -1.9, -0.4]},
			"faces": {
				"north": {"uv": [0, 8.5, 0.25, 9.75], "texture": "#texture"},
				"east": {"uv": [7.5, 8.5, 8.5, 9.75], "texture": "#texture", "cullface": "east"},
				"south": {"uv": [15.75, 8.5, 16, 9.75], "texture": "#texture"},
				"west": {"uv": [7.5, 8.5, 8.5, 9.75], "texture": "#texture"},
				"down": {"uv": [0.25, 8.5, 0, 7.5], "texture": "#texture"}
			}
		},
		{
			"from": [14.125, 4.525, 7.225],
			"to": [15.875, 5.35, 7.975],
			"rotation": {"angle": 0, "axis": "y", "origin": [-2.05, -1.9, -0.4]},
			"faces": {
				"north": {"uv": [16, 12, 15, 11], "texture": "#texture", "cullface": "east"},
				"east": {"uv": [16, 12, 15, 11], "texture": "#texture", "cullface": "east"},
				"south": {"uv": [16, 12, 15, 11], "texture": "#texture", "cullface": "east"},
				"down": {"uv": [16, 12, 15, 11], "texture": "#texture", "cullface": "east"}
			}
		},
		{
			"from": [15.375, -5.725, 7.225],
			"to": [17.125, -1, 7.975],
			"rotation": {"angle": 22.5, "axis": "z", "origin": [-2.05, -1.9, -0.4]},
			"faces": {
				"north": {"uv": [16, 12, 15, 11], "rotation": 270, "texture": "#texture", "cullface": "east"},
				"east": {"uv": [16, 12, 15, 11], "rotation": 90, "texture": "#texture"},
				"south": {"uv": [16, 12, 15, 11], "rotation": 90, "texture": "#texture", "cullface": "east"},
				"west": {"uv": [16, 12, 15, 11], "rotation": 90, "texture": "#texture", "cullface": "east"},
				"up": {"uv": [16, 12, 15, 11], "rotation": 90, "texture": "#texture"},
				"down": {"uv": [16, 12, 15, 11], "rotation": 90, "texture": "#texture", "cullface": "east"}
			}
		},
		{
			"from": [17.125, -5.725, 7.225],
			"to": [17.25, -3.75, 7.975],
			"rotation": {"angle": 22.5, "axis": "z", "origin": [-2.05, -1.9, -0.4]},
			"faces": {
				"north": {"uv": [16, 12, 15, 11], "rotation": 270, "texture": "#texture", "cullface": "east"},
				"east": {"uv": [16, 12, 15, 11], "rotation": 90, "texture": "#texture"},
				"south": {"uv": [16, 12, 15, 11], "rotation": 90, "texture": "#texture", "cullface": "east"},
				"west": {"uv": [16, 12, 15, 11], "rotation": 90, "texture": "#texture", "cullface": "east"},
				"up": {"uv": [16, 12, 15, 11], "rotation": 90, "texture": "#texture"},
				"down": {"uv": [16, 12, 15, 11], "rotation": 90, "texture": "#texture", "cullface": "east"}
			}
		},
		{
			"from": [15.175, -5.725, 7.3],
			"to": [15.525, -5.45, 7.9],
			"rotation": {"angle": 22.5, "axis": "z", "origin": [-2.05, -1.9, -0.4]},
			"faces": {
				"north": {"uv": [16, 12, 15, 11], "rotation": 270, "texture": "#texture", "cullface": "east"},
				"east": {"uv": [16, 12, 15, 11], "rotation": 90, "texture": "#texture"},
				"south": {"uv": [16, 12, 15, 11], "rotation": 90, "texture": "#texture", "cullface": "east"},
				"west": {"uv": [16, 12, 15, 11], "rotation": 90, "texture": "#texture", "cullface": "east"},
				"up": {"uv": [16, 12, 15, 11], "rotation": 90, "texture": "#texture"},
				"down": {"uv": [16, 12, 15, 11], "rotation": 90, "texture": "#texture", "cullface": "east"}
			}
		},
		{
			"from": [13.95, 5.35, 7.075],
			"to": [16.2, 5.6, 8.125],
			"rotation": {"angle": 0, "axis": "y", "origin": [-2.05, -1.9, -0.4]},
			"faces": {
				"north": {"uv": [16, 12.5, 15, 11.5], "texture": "#texture", "cullface": "east"},
				"east": {"uv": [16, 12.5, 15, 11.5], "texture": "#texture", "cullface": "east"},
				"south": {"uv": [16, 12.5, 15, 11.5], "texture": "#texture", "cullface": "east"},
				"down": {"uv": [16, 12.5, 15, 11.5], "texture": "#texture", "cullface": "east"}
			}
		},
		{
			"from": [15.95, 7.85, 7.225],
			"to": [16.45, 8.35, 7.975],
			"rotation": {"angle": 0, "axis": "y", "origin": [-2.05, -1.9, -0.4]},
			"faces": {
				"north": {"uv": [1, 5.75, 0, 6.25], "texture": "#texture", "cullface": "east"},
				"east": {"uv": [7.5, 5.75, 8.5, 6.25], "texture": "#texture", "cullface": "east"},
				"south": {"uv": [8, 5.75, 9, 6.25], "texture": "#texture", "cullface": "east"},
				"up": {"uv": [16, 7.5, 15, 8.5], "texture": "#texture", "cullface": "east"}
			}
		},
		{
			"from": [13.3, 4.6, 7.475],
			"to": [13.55, 6.1, 7.725],
			"rotation": {"angle": -22.5, "axis": "z", "origin": [13.2, 6.1, 7.35]},
			"faces": {
				"north": {"uv": [0, 2, 0.25, 3.5], "texture": "#texture"},
				"east": {"uv": [7.5, 2, 8.5, 3.5], "texture": "#texture"},
				"south": {"uv": [15.75, 2, 16, 3.5], "texture": "#texture"},
				"west": {"uv": [7.5, 2, 8.5, 3.5], "texture": "#texture"},
				"up": {"uv": [15.75, 7.5, 16, 8.5], "texture": "#texture"},
				"down": {"uv": [0.25, 8.5, 0, 7.5], "texture": "#texture"}
			}
		},
		{
			"from": [5.95, 7.35, 6.975],
			"to": [16.7, 7.6, 8.225],
			"rotation": {"angle": 0, "axis": "y", "origin": [-2.05, -1.9, -0.4]},
			"faces": {
				"north": {"uv": [0, 6.5, 8.25, 6.75], "texture": "#texture", "cullface": "east"},
				"east": {"uv": [7.25, 6.5, 8.75, 6.75], "texture": "#texture", "cullface": "east"},
				"south": {"uv": [0, 6.5, 8.25, 6.75], "texture": "#texture", "cullface": "east"},
				"up": {"uv": [7.75, 7.25, 16, 8.75], "texture": "#texture", "cullface": "east"}
			}
		},
		{
			"from": [8.125, 3.875, 7.125],
			"to": [10.7, 6.65, 8.075],
			"rotation": {"angle": 0, "axis": "y", "origin": [-2.05, -2.375, -0.4]},
			"faces": {
				"north": {"uv": [0.2, 15.3, 6.8, 15.8], "texture": "#texture", "cullface": "east"},
				"east": {"uv": [6.1, 15.2, 6.7, 15.9], "texture": "#texture", "cullface": "east"},
				"south": {"uv": [6.7, 15.2, 0, 15.9], "texture": "#texture", "cullface": "east"},
				"west": {"uv": [6, 15, 7, 16], "texture": "#texture"},
				"down": {"uv": [6.1, 16, 6.8, 15.2], "texture": "#texture", "cullface": "east"}
			}
		},
		{
			"from": [4.75, 5.5, 7.15],
			"to": [7.325, 8.275, 8.05],
			"rotation": {"angle": -22.5, "axis": "z", "origin": [-2.05, -2.375, -0.4]},
			"faces": {
				"north": {"uv": [0.2, 15.3, 6.8, 15.8], "texture": "#texture", "cullface": "east"},
				"east": {"uv": [6.1, 15.2, 6.7, 15.9], "texture": "#texture", "cullface": "east"},
				"south": {"uv": [6.7, 15.2, 0, 15.9], "texture": "#texture", "cullface": "east"},
				"west": {"uv": [6, 15, 7, 16], "texture": "#texture"},
				"down": {"uv": [6.1, 16, 6.8, 15.2], "texture": "#texture", "cullface": "east"}
			}
		},
		{
			"from": [1.025, 5.725, 7.175],
			"to": [3.6, 8.5, 8.025],
			"rotation": {"angle": -45, "axis": "z", "origin": [-2.05, -2.375, -0.4]},
			"faces": {
				"north": {"uv": [0.2, 15.3, 6.8, 15.8], "texture": "#texture", "cullface": "east"},
				"east": {"uv": [6.1, 15.2, 6.7, 15.9], "texture": "#texture", "cullface": "east"},
				"south": {"uv": [6.7, 15.2, 0, 15.9], "texture": "#texture", "cullface": "east"},
				"west": {"uv": [6, 15, 7, 16], "texture": "#texture"},
				"down": {"uv": [6.1, 16, 6.8, 15.2], "texture": "#texture", "cullface": "east"}
			}
		}
	],
	"gui_light": "front",
	"display": {
		"thirdperson_righthand": {
			"rotation": [0, -102, 0],
			"translation": [0.75, 2, -4.25],
			"scale": [0.8, 0.8, 0.8]
		},
		"thirdperson_lefthand": {
			"rotation": [0, 78, 0],
			"translation": [1.25, 2, -4.25],
			"scale": [0.8, 0.8, 0.8]
		},
		"firstperson_righthand": {
			"rotation": [180, -79.97, 180],
			"translation": [0.912, 7.1, 0.1],
			"scale": [0.97, 0.97, 0.99]
		},
		"firstperson_lefthand": {
			"rotation": [0, 80.15, 0],
			"translation": [1.54, 5.55, 0.25],
			"scale": [0.97, 0.97, 0.99]
		},
		"ground": {
			"translation": [-1.75, 4.25, 0],
			"scale": [0.96, 0.96, 0.96]
		},
		"gui": {
			"rotation": [0, 0, -45],
			"translation": [0.25, 1.75, 0],
			"scale": [0.62, 0.62, 0.9]
		},
		"fixed": {
			"rotation": [0, 180, -45],
			"translation": [0, 2.75, -1.1],
			"scale": [0.96, 0.96, 0.96]
		}
	}
}