{
	"credit": "Made by SrDarmith - YouTube: Mainclay",
	"textures": {
		"texture": "item/hardened_clay_stained_cyan",
		"particle": "item/anvil_1",
		"glass black": "item/anvil_1"
	},
	"elements": [
		{
			"from": [-8.25, 6.25, 7.35],
			"to": [-4.25, 6.5, 7.85],
			"rotation": {"angle": 0, "axis": "y", "origin": [1.25, -4, -0.4]},
			"faces": {
				"north": {"uv": [16, 6, 15, 6.25], "texture": "#glass black", "cullface": "west"},
				"south": {"uv": [0, 6, 1, 6.25], "texture": "#glass black", "cullface": "west"},
				"west": {"uv": [7.75, 6, 8.25, 6.25], "texture": "#glass black", "cullface": "west"},
				"up": {"uv": [0, 7.75, 1, 8.25], "texture": "#glass black", "cullface": "west"},
				"down": {"uv": [16, 8.25, 15, 7.75], "texture": "#glass black", "cullface": "west"}
			}
		},
		{
			"from": [-9.5, 5.65, 7.85],
			"to": [-7.75, 6.35, 8.2],
			"rotation": {"angle": 0, "axis": "y", "origin": [1.25, -4, -0.4]},
			"faces": {
				"north": {"uv": [16, 6.25, 15, 6.75], "texture": "#glass black", "cullface": "west"},
				"east": {"uv": [4, 6, 5, 7], "texture": "#glass black"},
				"south": {"uv": [0, 6.25, 1, 6.75], "texture": "#glass black", "cullface": "west"},
				"west": {"uv": [8.25, 6.25, 8.5, 6.75], "texture": "#glass black", "cullface": "west"},
				"up": {"uv": [0, 8.25, 1, 8.5], "texture": "#glass black", "cullface": "west"},
				"down": {"uv": [16, 8.5, 15, 8.25], "texture": "#glass black", "cullface": "west"}
			}
		},
		{
			"from": [-9.5, 5.4, 7.25],
			"to": [-7.75, 5.75, 7.95],
			"rotation": {"angle": 0, "axis": "y", "origin": [1.25, -4, -0.4]},
			"faces": {
				"north": {"uv": [16, 6.75, 15, 7], "texture": "#glass black", "cullface": "west"},
				"east": {"uv": [4, 6, 5, 7], "texture": "#glass black"},
				"south": {"uv": [0, 6.75, 1, 7], "texture": "#glass black", "cullface": "west"},
				"west": {"uv": [7.75, 6.75, 8.25, 7], "texture": "#glass black", "cullface": "west"},
				"up": {"uv": [0, 7.75, 1, 8.25], "texture": "#glass black", "cullface": "west"},
				"down": {"uv": [16, 8.25, 15, 7.75], "texture": "#glass black", "cullface": "west"}
			}
		},
		{
			"from": [-9.5, 5.65, 7],
			"to": [-7.75, 6.35, 7.35],
			"rotation": {"angle": 0, "axis": "y", "origin": [1.25, -4, -0.4]},
			"faces": {
				"north": {"uv": [16, 6.25, 15, 6.75], "texture": "#glass black", "cullface": "west"},
				"east": {"uv": [4, 6, 5, 7], "texture": "#glass black"},
				"south": {"uv": [0, 6.25, 1, 6.75], "texture": "#glass black", "cullface": "west"},
				"west": {"uv": [7.5, 6.25, 7.75, 6.75], "texture": "#glass black", "cullface": "west"},
				"up": {"uv": [0, 7.5, 1, 7.75], "texture": "#glass black", "cullface": "west"},
				"down": {"uv": [16, 7.75, 15, 7.5], "texture": "#glass black", "cullface": "west"}
			}
		},
		{
			"from": [-9.5, 6.225, 7.25],
			"to": [-7.75, 6.6, 7.95],
			"rotation": {"angle": 0, "axis": "y", "origin": [1.25, -4, -0.4]},
			"faces": {
				"north": {"uv": [16, 6, 15, 6.25], "texture": "#glass black", "cullface": "west"},
				"east": {"uv": [4, 6, 5, 7], "texture": "#glass black"},
				"south": {"uv": [0, 6, 1, 6.25], "texture": "#glass black", "cullface": "west"},
				"west": {"uv": [7.75, 6, 8.25, 6.25], "texture": "#glass black", "cullface": "west"},
				"up": {"uv": [0, 7.75, 1, 8.25], "texture": "#glass black", "cullface": "west"},
				"down": {"uv": [16, 8.25, 15, 7.75], "texture": "#glass black", "cullface": "west"}
			}
		},
		{
			"from": [-8.25, 5.75, 7.1],
			"to": [-4.25, 6.25, 7.35],
			"rotation": {"angle": 0, "axis": "y", "origin": [1.25, -4, -0.4]},
			"faces": {
				"north": {"uv": [16, 6.25, 15, 6.75], "texture": "#glass black", "cullface": "west"},
				"south": {"uv": [0, 6.25, 1, 6.75], "texture": "#glass black", "cullface": "west"},
				"west": {"uv": [7.5, 6.25, 7.75, 6.75], "texture": "#glass black", "cullface": "west"},
				"up": {"uv": [0, 7.5, 1, 7.75], "texture": "#glass black", "cullface": "west"},
				"down": {"uv": [16, 7.75, 15, 7.5], "texture": "#glass black", "cullface": "west"}
			}
		},
		{
			"from": [-8.25, 5.5, 7.35],
			"to": [-4.25, 5.75, 7.85],
			"rotation": {"angle": 0, "axis": "y", "origin": [1.25, -4, -0.4]},
			"faces": {
				"north": {"uv": [16, 6.75, 15, 7], "texture": "#glass black", "cullface": "west"},
				"south": {"uv": [0, 6.75, 1, 7], "texture": "#glass black", "cullface": "west"},
				"west": {"uv": [7.75, 6.75, 8.25, 7], "texture": "#glass black", "cullface": "west"},
				"up": {"uv": [0, 7.75, 1, 8.25], "texture": "#glass black", "cullface": "west"},
				"down": {"uv": [16, 8.25, 15, 7.75], "texture": "#glass black", "cullface": "west"}
			}
		},
		{
			"from": [-8.25, 5.75, 7.85],
			"to": [-4.25, 6.25, 8.1],
			"rotation": {"angle": 0, "axis": "y", "origin": [1.25, -4, -0.4]},
			"faces": {
				"north": {"uv": [16, 6.25, 15, 6.75], "texture": "#glass black", "cullface": "west"},
				"south": {"uv": [0, 6.25, 1, 6.75], "texture": "#glass black", "cullface": "west"},
				"west": {"uv": [8.25, 6.25, 8.5, 6.75], "texture": "#glass black", "cullface": "west"},
				"up": {"uv": [0, 8.25, 1, 8.5], "texture": "#glass black", "cullface": "west"},
				"down": {"uv": [16, 8.5, 15, 8.25], "texture": "#glass black", "cullface": "west"}
			}
		},
		{
			"from": [-0.25, 2, 6.85],
			"to": [4.5, 2.25, 8.35],
			"rotation": {"angle": 0, "axis": "y", "origin": [1.25, -4, -0.4]},
			"faces": {
				"north": {"uv": [8.5, 6, 15.5, 7], "texture": "#glass black"},
				"east": {"uv": [7.5, 6, 8.5, 7], "texture": "#glass black"},
				"south": {"uv": [0.5, 6, 7.5, 7], "texture": "#glass black"},
				"west": {"uv": [1, 6, 2, 7], "texture": "#glass black"},
				"up": {"uv": [0.5, 7.5, 7.5, 8.5], "texture": "#glass black"},
				"down": {"uv": [15.5, 8.5, 8.5, 7.5], "texture": "#glass black"}
			}
		},
		{
			"from": [-2, 2.25, 6.85],
			"to": [4.5, 2.5, 8.35],
			"rotation": {"angle": 0, "axis": "y", "origin": [1.25, -4, -0.4]},
			"faces": {
				"north": {"uv": [8.5, 6, 15.5, 7], "texture": "#glass black"},
				"east": {"uv": [7.5, 6, 8.5, 7], "texture": "#glass black"},
				"south": {"uv": [0.5, 6, 7.5, 7], "texture": "#glass black"},
				"west": {"uv": [1, 6, 2, 7], "texture": "#glass black"},
				"up": {"uv": [0.5, 7.5, 7.5, 8.5], "texture": "#glass black"},
				"down": {"uv": [15.5, 8.5, 8.5, 7.5], "texture": "#glass black"}
			}
		},
		{
			"from": [-2.75, 2.5, 6.6],
			"to": [4.25, 2.75, 8.6],
			"rotation": {"angle": 0, "axis": "y", "origin": [1.25, -4, -0.4]},
			"faces": {
				"north": {"uv": [8.5, 6, 15.5, 7], "texture": "#glass black"},
				"east": {"uv": [7.5, 6, 8.5, 7], "texture": "#glass black"},
				"south": {"uv": [0.5, 6, 7.5, 7], "texture": "#glass black"},
				"west": {"uv": [1, 6, 2, 7], "texture": "#glass black"},
				"up": {"uv": [0.5, 7.5, 7.5, 8.5], "texture": "#glass black"},
				"down": {"uv": [15.5, 8.5, 8.5, 7.5], "texture": "#glass black"}
			}
		},
		{
			"from": [-3.25, 2.75, 6.6],
			"to": [4.25, 3, 8.6],
			"rotation": {"angle": 0, "axis": "y", "origin": [1.25, -4, -0.4]},
			"faces": {
				"north": {"uv": [8.5, 6, 15.5, 7], "texture": "#glass black"},
				"east": {"uv": [7.5, 6, 8.5, 7], "texture": "#glass black"},
				"south": {"uv": [0.5, 6, 7.5, 7], "texture": "#glass black"},
				"west": {"uv": [1, 6, 2, 7], "texture": "#glass black"},
				"up": {"uv": [0.5, 7.5, 7.5, 8.5], "texture": "#glass black"},
				"down": {"uv": [15.5, 8.5, 8.5, 7.5], "texture": "#glass black"}
			}
		},
		{
			"from": [-3.5, 3, 6.6],
			"to": [4.25, 3.25, 8.6],
			"rotation": {"angle": 0, "axis": "y", "origin": [1.25, -4, -0.4]},
			"faces": {
				"north": {"uv": [8.5, 6, 15.5, 7], "texture": "#glass black"},
				"east": {"uv": [7.5, 6, 8.5, 7], "texture": "#glass black"},
				"south": {"uv": [0.5, 6, 7.5, 7], "texture": "#glass black"},
				"west": {"uv": [1, 6, 2, 7], "texture": "#glass black"},
				"up": {"uv": [0.5, 7.5, 7.5, 8.5], "texture": "#glass black"},
				"down": {"uv": [15.5, 8.5, 8.5, 7.5], "texture": "#glass black"}
			}
		},
		{
			"from": [-3.75, 3.25, 6.35],
			"to": [4.25, 3.75, 8.85],
			"rotation": {"angle": 0, "axis": "y", "origin": [1.25, -4, -0.4]},
			"faces": {
				"north": {"uv": [8.5, 6, 15.5, 7], "texture": "#glass black"},
				"east": {"uv": [7.5, 6, 8.5, 7], "texture": "#glass black"},
				"south": {"uv": [0.5, 6, 7.5, 7], "texture": "#glass black"},
				"west": {"uv": [1, 6, 2, 7], "texture": "#glass black"},
				"up": {"uv": [0.5, 7.5, 7.5, 8.5], "texture": "#glass black"},
				"down": {"uv": [15.5, 8.5, 8.5, 7.5], "texture": "#glass black"}
			}
		},
		{
			"from": [-4, 3.75, 6.85],
			"to": [4.25, 4.5, 8.35],
			"rotation": {"angle": 0, "axis": "y", "origin": [1.25, -4, -0.4]},
			"faces": {
				"north": {"uv": [8.5, 6, 15.5, 7], "texture": "#glass black"},
				"east": {"uv": [7.5, 6, 8.5, 7], "texture": "#glass black"},
				"south": {"uv": [0.5, 6, 7.5, 7], "texture": "#glass black"},
				"west": {"uv": [1, 6, 2, 7], "texture": "#glass black"},
				"up": {"uv": [0.5, 7.5, 7.5, 8.5], "texture": "#glass black"},
				"down": {"uv": [15.5, 8.5, 8.5, 7.5], "texture": "#glass black"}
			}
		},
		{
			"from": [-3.75, 3.75, 6.35],
			"to": [4.25, 4.5, 8.85],
			"rotation": {"angle": 0, "axis": "y", "origin": [1.25, -4, -0.4]},
			"faces": {
				"north": {"uv": [8.5, 6, 15.5, 7], "texture": "#glass black"},
				"east": {"uv": [7.5, 6, 8.5, 7], "texture": "#glass black"},
				"south": {"uv": [0.5, 6, 7.5, 7], "texture": "#glass black"},
				"west": {"uv": [1, 6, 2, 7], "texture": "#glass black"},
				"up": {"uv": [0.5, 7.5, 7.5, 8.5], "texture": "#glass black"},
				"down": {"uv": [15.5, 8.5, 8.5, 7.5], "texture": "#glass black"}
			}
		},
		{
			"from": [-3.75, 4.5, 6.35],
			"to": [1.5, 4.75, 8.85],
			"rotation": {"angle": 0, "axis": "y", "origin": [1.25, -4, -0.4]},
			"faces": {
				"north": {"uv": [8.5, 6, 15.5, 7], "texture": "#glass black"},
				"east": {"uv": [7.5, 6, 8.5, 7], "texture": "#glass black"},
				"south": {"uv": [0.5, 6, 7.5, 7], "texture": "#glass black"},
				"west": {"uv": [1, 6, 2, 7], "texture": "#glass black"},
				"up": {"uv": [0.5, 7.5, 7.5, 8.5], "texture": "#glass black"},
				"down": {"uv": [15.5, 8.5, 8.5, 7.5], "texture": "#glass black"}
			}
		},
		{
			"from": [-3.75, 4.75, 6.35],
			"to": [-1.625, 5, 8.85],
			"rotation": {"angle": 0, "axis": "y", "origin": [1.25, -4, -0.4]},
			"faces": {
				"north": {"uv": [8.5, 6, 15.5, 7], "texture": "#glass black"},
				"east": {"uv": [7.5, 6, 8.5, 7], "texture": "#glass black"},
				"south": {"uv": [0.5, 6, 7.5, 7], "texture": "#glass black"},
				"west": {"uv": [1, 6, 2, 7], "texture": "#glass black"},
				"up": {"uv": [0.5, 7.5, 7.5, 8.5], "texture": "#glass black"},
				"down": {"uv": [15.5, 8.5, 8.5, 7.5], "texture": "#glass black"}
			}
		},
		{
			"from": [-4.25, 4.5, 6.85],
			"to": [-3.5, 5.25, 8.35],
			"rotation": {"angle": 0, "axis": "y", "origin": [1.25, -4, -0.4]},
			"faces": {
				"north": {"uv": [8.5, 6, 15.5, 7], "texture": "#glass black"},
				"east": {"uv": [7.5, 6, 8.5, 7], "texture": "#glass black"},
				"south": {"uv": [0.5, 6, 7.5, 7], "texture": "#glass black"},
				"west": {"uv": [1, 6, 2, 7], "texture": "#glass black"},
				"up": {"uv": [0.5, 7.5, 7.5, 8.5], "texture": "#glass black"},
				"down": {"uv": [15.5, 8.5, 8.5, 7.5], "texture": "#glass black"}
			}
		},
		{
			"from": [-4.5, 5.25, 6.85],
			"to": [-3.5, 6.75, 8.35],
			"rotation": {"angle": 0, "axis": "y", "origin": [1.25, -4, -0.4]},
			"faces": {
				"north": {"uv": [8.5, 6, 15.5, 7], "texture": "#glass black"},
				"east": {"uv": [7.5, 6, 8.5, 7], "texture": "#glass black"},
				"south": {"uv": [0.5, 6, 7.5, 7], "texture": "#glass black"},
				"west": {"uv": [1, 6, 2, 7], "texture": "#glass black"},
				"up": {"uv": [0.5, 7.5, 7.5, 8.5], "texture": "#glass black"},
				"down": {"uv": [15.5, 8.5, 8.5, 7.5], "texture": "#glass black"}
			}
		},
		{
			"from": [-3.75, 4.5, 6.6],
			"to": [-3.5, 6.75, 8.6],
			"rotation": {"angle": 0, "axis": "y", "origin": [1.25, -4, -0.4]},
			"faces": {
				"north": {"uv": [8.5, 6, 15.5, 7], "texture": "#glass black"},
				"east": {"uv": [7.5, 6, 8.5, 7], "texture": "#glass black"},
				"south": {"uv": [0.5, 6, 7.5, 7], "texture": "#glass black"},
				"west": {"uv": [1, 6, 2, 7], "texture": "#glass black"},
				"up": {"uv": [0.5, 7.5, 7.5, 8.5], "texture": "#glass black"},
				"down": {"uv": [15.5, 8.5, 8.5, 7.5], "texture": "#glass black"}
			}
		},
		{
			"from": [-3.6, 5.25, 6.45],
			"to": [10.25, 7, 8.75],
			"rotation": {"angle": 0, "axis": "y", "origin": [1.25, -4, -0.4]},
			"faces": {
				"north": {"uv": [8.5, 6, 15.5, 7], "texture": "#glass black"},
				"east": {"uv": [7.5, 6, 8.5, 7], "texture": "#glass black"},
				"south": {"uv": [0.5, 6, 7.5, 7], "texture": "#glass black"},
				"west": {"uv": [1, 6, 2, 7], "texture": "#glass black"},
				"up": {"uv": [0.5, 7.5, 7.5, 8.5], "texture": "#glass black"},
				"down": {"uv": [15.5, 8.5, 8.5, 7.5], "texture": "#glass black"}
			}
		},
		{
			"from": [4.25, 3.5, 6.85],
			"to": [4.5, 4, 8.35],
			"rotation": {"angle": 0, "axis": "y", "origin": [1.25, -4, -0.4]},
			"faces": {
				"north": {"uv": [13, 9.25, 14.25, 9.75], "texture": "#glass black"},
				"east": {"uv": [7.25, 9.25, 8.75, 9.75], "texture": "#glass black"},
				"south": {"uv": [1.75, 9.25, 3, 9.75], "texture": "#glass black"},
				"west": {"uv": [7.25, 9.25, 8.75, 9.75], "texture": "#glass black"},
				"up": {"uv": [1.75, 7.25, 3, 8.75], "texture": "#glass black"},
				"down": {"uv": [0, 0, 0, 0], "texture": "#glass black"}
			}
		},
		{
			"from": [4.5, 2.25, 6.85],
			"to": [4.75, 2.5, 8.35],
			"rotation": {"angle": 0, "axis": "y", "origin": [1.25, -4, -0.4]},
			"faces": {
				"north": {"uv": [13, 9.25, 14.25, 9.75], "texture": "#glass black"},
				"east": {"uv": [7.25, 9.25, 8.75, 9.75], "texture": "#glass black"},
				"south": {"uv": [1.75, 9.25, 3, 9.75], "texture": "#glass black"},
				"west": {"uv": [7.25, 9.25, 8.75, 9.75], "texture": "#glass black"},
				"up": {"uv": [1.75, 7.25, 3, 8.75], "texture": "#glass black"}
			}
		},
		{
			"from": [4.5, 3.75, 6.85],
			"to": [4.75, 4, 8.35],
			"rotation": {"angle": 0, "axis": "y", "origin": [1.25, -4, -0.4]},
			"faces": {
				"north": {"uv": [13, 9.25, 14.25, 9.75], "texture": "#glass black"},
				"east": {"uv": [7.25, 9.25, 8.75, 9.75], "texture": "#glass black"},
				"south": {"uv": [1.75, 9.25, 3, 9.75], "texture": "#glass black"},
				"west": {"uv": [7.25, 9.25, 8.75, 9.75], "texture": "#glass black"},
				"up": {"uv": [1.75, 7.25, 3, 8.75], "texture": "#glass black"},
				"down": {"uv": [0, 0, 0, 0], "texture": "#glass black"}
			}
		},
		{
			"from": [9.25, 3.75, 6.85],
			"to": [9.5, 4, 8.35],
			"rotation": {"angle": 0, "axis": "y", "origin": [1.25, -4, -0.4]},
			"faces": {
				"north": {"uv": [13, 9.25, 14.25, 9.75], "texture": "#texture"},
				"east": {"uv": [7.25, 9.25, 8.75, 9.75], "texture": "#texture"},
				"south": {"uv": [1.75, 9.25, 3, 9.75], "texture": "#texture"},
				"west": {"uv": [7.25, 9.25, 8.75, 9.75], "texture": "#texture"},
				"up": {"uv": [1.75, 7.25, 3, 8.75], "texture": "#texture"},
				"down": {"uv": [0, 0, 0, 0], "texture": "#texture"}
			}
		},
		{
			"from": [2.5, 1.75, 6.85],
			"to": [6, 2, 8.35],
			"rotation": {"angle": 0, "axis": "y", "origin": [1.25, -4, -0.4]},
			"faces": {
				"north": {"uv": [11.5, 10.25, 13.75, 10.5], "texture": "#glass black"},
				"east": {"uv": [7.25, 10.25, 8.75, 10.5], "texture": "#glass black"},
				"south": {"uv": [2.25, 10.25, 4.5, 10.5], "texture": "#glass black"},
				"west": {"uv": [7.25, 10.25, 8.75, 10.5], "texture": "#glass black"},
				"up": {"uv": [2.25, 7.25, 4.5, 8.75], "texture": "#glass black"},
				"down": {"uv": [13.75, 8.75, 11.5, 7.25], "texture": "#glass black"}
			}
		},
		{
			"from": [4.5, 2, 6.85],
			"to": [6, 2.25, 8.35],
			"rotation": {"angle": 0, "axis": "y", "origin": [1.25, -4, -0.4]},
			"faces": {
				"north": {"uv": [12.75, 9.75, 14.25, 10], "texture": "#glass black"},
				"east": {"uv": [7.25, 9.75, 8.75, 10], "texture": "#glass black"},
				"south": {"uv": [1.75, 9.75, 3.25, 10], "texture": "#glass black"},
				"west": {"uv": [7.25, 9.75, 8.75, 10], "texture": "#glass black"},
				"up": {"uv": [1.75, 7.25, 3.25, 8.75], "texture": "#glass black"},
				"down": {"uv": [14.25, 8.75, 12.75, 7.25], "texture": "#glass black"}
			}
		},
		{
			"from": [4.25, 4, 6.85],
			"to": [9.5, 5, 8.35],
			"rotation": {"angle": 0, "axis": "y", "origin": [1.25, -4, -0.4]},
			"faces": {
				"north": {"uv": [7.75, 7, 12.75, 8], "texture": "#texture"},
				"east": {"uv": [7.25, 7, 8.75, 8], "texture": "#texture"},
				"south": {"uv": [3.25, 7, 8.25, 8], "texture": "#texture"},
				"up": {"uv": [3.25, 7.25, 8.25, 8.75], "texture": "#texture"},
				"down": {"uv": [12.75, 8.75, 7.75, 7.25], "texture": "#texture"}
			}
		},
		{
			"from": [6, 1.75, 6.85],
			"to": [7.5, 2.25, 8.35],
			"rotation": {"angle": 0, "axis": "y", "origin": [1.25, -4, -0.4]},
			"faces": {
				"north": {"uv": [9.75, 9.75, 11.25, 10.5], "texture": "#texture"},
				"south": {"uv": [4.75, 9.75, 6.25, 10.5], "texture": "#texture"},
				"west": {"uv": [7.25, 9.75, 8.75, 10.5], "texture": "#texture"},
				"up": {"uv": [4.75, 7.25, 6.25, 8.75], "texture": "#texture"},
				"down": {"uv": [11.25, 8.75, 9.75, 7.25], "texture": "#texture"}
			}
		},
		{
			"from": [7.5, 1.75, 6.85],
			"to": [9.25, 4, 8.35],
			"rotation": {"angle": 0, "axis": "y", "origin": [1.25, -4, -0.4]},
			"faces": {
				"north": {"uv": [7.75, 8, 9.75, 10.5], "texture": "#texture"},
				"east": {"uv": [7.25, 8, 8.75, 10.5], "texture": "#texture"},
				"south": {"uv": [6.25, 8, 8.25, 10.5], "texture": "#texture"},
				"west": {"uv": [7.25, 8, 8.75, 10.5], "texture": "#texture"},
				"down": {"uv": [9.75, 8.75, 7.75, 7.25], "texture": "#texture"}
			}
		},
		{
			"from": [7.25, 2, 7.35],
			"to": [8.25, 4.25, 7.85],
			"rotation": {"angle": -22.5, "axis": "z", "origin": [7.25, 4.25, 7.35]},
			"faces": {
				"north": {"uv": [9.75, 8.25, 10.75, 10.25], "texture": "#glass black"},
				"east": {"uv": [8, 8.25, 8.5, 10.25], "texture": "#glass black"},
				"south": {"uv": [5.25, 8.25, 6.25, 10.25], "texture": "#glass black"},
				"west": {"uv": [7.5, 8.25, 8, 10.25], "texture": "#glass black"},
				"up": {"uv": [5.25, 7.5, 6.25, 8], "texture": "#glass black"},
				"down": {"uv": [10.75, 8, 9.75, 7.5], "texture": "#glass black"}
			}
		},
		{
			"from": [6.45, -0.525, 6.85],
			"to": [8.4, 3.025, 8.35],
			"rotation": {"angle": 45, "axis": "z", "origin": [8, 3.5, 6.85]},
			"faces": {
				"north": {"uv": [6.75, 9.25, 10.75, 11], "rotation": 270, "texture": "#texture"},
				"east": {"uv": [6.75, 7.25, 10.75, 8.75], "rotation": 90, "texture": "#texture"},
				"south": {"uv": [6.75, 9.25, 10.75, 11], "rotation": 90, "texture": "#texture"},
				"west": {"uv": [6.75, 7.25, 10.75, 8.75], "rotation": 90, "texture": "#texture"},
				"up": {"uv": [7.25, 9.25, 8.75, 11], "rotation": 90, "texture": "#texture"},
				"down": {"uv": [7.25, 9.25, 8.75, 11], "rotation": 90, "texture": "#texture"}
			}
		},
		{
			"from": [9.75, -0.45, 6.85],
			"to": [12.475, 1.3, 8.35],
			"rotation": {"angle": 0, "axis": "y", "origin": [1.25, -4, -0.4]},
			"faces": {
				"north": {"uv": [4.25, 10, 6.25, 11.75], "texture": "#texture"},
				"east": {"uv": [7.25, 10, 8.75, 11.75], "texture": "#texture"},
				"south": {"uv": [9.75, 10, 11.75, 11.75], "texture": "#texture"},
				"west": {"uv": [7.25, 10, 8.75, 11.75], "texture": "#texture"},
				"up": {"uv": [9.75, 7.25, 11.75, 8.75], "texture": "#texture"},
				"down": {"uv": [6.25, 8.75, 4.25, 7.25], "texture": "#texture"}
			}
		},
		{
			"from": [9.5, 4, 6.85],
			"to": [16.25, 4.5, 8.35],
			"rotation": {"angle": 0, "axis": "y", "origin": [1.25, -4, -0.4]},
			"faces": {
				"north": {"uv": [1.75, 7.5, 7.75, 7.75], "texture": "#texture"},
				"south": {"uv": [8.25, 7.5, 14.25, 7.75], "texture": "#texture"},
				"down": {"uv": [7.75, 8.75, 1.75, 7.25], "texture": "#texture"}
			}
		},
		{
			"from": [9.5, 4, 6.85],
			"to": [9.75, 4.25, 8.35],
			"rotation": {"angle": 0, "axis": "y", "origin": [1.25, -4, -0.4]},
			"faces": {
				"north": {"uv": [7.5, 7.75, 7.75, 8], "texture": "#texture"},
				"east": {"uv": [7.25, 7.75, 8.75, 8], "texture": "#texture"},
				"south": {"uv": [8.25, 7.75, 8.5, 8], "texture": "#texture"},
				"down": {"uv": [7.75, 8.75, 7.5, 7.25], "texture": "#texture"}
			}
		},
		{
			"from": [1.5, 4.5, 6.35],
			"to": [10.25, 5.75, 8.85],
			"rotation": {"angle": 0, "axis": "y", "origin": [1.25, -4, -0.4]},
			"faces": {
				"north": {"uv": [0, 6.75, 10.25, 7.5], "texture": "#texture", "cullface": "east"},
				"east": {"uv": [6.75, 6.75, 9.25, 7.5], "texture": "#texture", "cullface": "east"},
				"south": {"uv": [5.75, 6.75, 16, 7.5], "texture": "#texture", "cullface": "east"},
				"west": {"uv": [6.75, 6.75, 9.25, 7.5], "texture": "#texture", "cullface": "east"},
				"up": {"uv": [5.75, 6.75, 16, 9.25], "texture": "#texture", "cullface": "east"},
				"down": {"uv": [10.25, 9.25, 0, 6.75], "texture": "#texture", "cullface": "east"}
			}
		},
		{
			"from": [-1.625, 4.75, 6.35],
			"to": [1.5, 5.75, 8.85],
			"rotation": {"angle": 0, "axis": "y", "origin": [1.25, -4, -0.4]},
			"faces": {
				"north": {"uv": [0, 6.75, 10.25, 7.5], "texture": "#texture", "cullface": "east"},
				"east": {"uv": [6.75, 6.75, 9.25, 7.5], "texture": "#texture", "cullface": "east"},
				"south": {"uv": [5.75, 6.75, 16, 7.5], "texture": "#texture", "cullface": "east"},
				"west": {"uv": [6.75, 6.75, 9.25, 7.5], "texture": "#texture", "cullface": "east"},
				"up": {"uv": [5.75, 6.75, 16, 9.25], "texture": "#texture", "cullface": "east"},
				"down": {"uv": [10.25, 9.25, 0, 6.75], "texture": "#texture", "cullface": "east"}
			}
		},
		{
			"from": [-3.625, 5, 6.35],
			"to": [-1.625, 5.75, 8.85],
			"rotation": {"angle": 0, "axis": "y", "origin": [1.25, -4, -0.4]},
			"faces": {
				"north": {"uv": [0, 6.75, 10.25, 7.5], "texture": "#texture", "cullface": "east"},
				"east": {"uv": [6.75, 6.75, 9.25, 7.5], "texture": "#texture", "cullface": "east"},
				"south": {"uv": [5.75, 6.75, 16, 7.5], "texture": "#texture", "cullface": "east"},
				"west": {"uv": [7.75, 12.75, 11.25, 14.5], "texture": "#texture", "cullface": "east"},
				"up": {"uv": [5.75, 6.75, 16, 9.25], "texture": "#texture", "cullface": "east"},
				"down": {"uv": [10.25, 9.25, 0, 6.75], "texture": "#texture", "cullface": "east"}
			}
		},
		{
			"from": [10.25, 4.5, 6.35],
			"to": [23, 5.25, 8.85],
			"rotation": {"angle": 0, "axis": "y", "origin": [1.25, -4, -0.4]},
			"faces": {
				"north": {"uv": [0, 6.75, 10.25, 7.5], "texture": "#texture", "cullface": "east"},
				"east": {"uv": [6.75, 6.75, 9.25, 7.5], "texture": "#texture", "cullface": "east"},
				"south": {"uv": [5.75, 6.75, 16, 7.5], "texture": "#texture", "cullface": "east"},
				"west": {"uv": [6.75, 6.75, 9.25, 7.5], "texture": "#texture", "cullface": "east"},
				"up": {"uv": [5.75, 6.75, 16, 9.25], "texture": "#texture", "cullface": "east"},
				"down": {"uv": [10.25, 9.25, 0, 6.75], "texture": "#texture", "cullface": "east"}
			}
		},
		{
			"from": [6.75, 2, 7.35],
			"to": [8, 4, 7.85],
			"rotation": {"angle": 0, "axis": "y", "origin": [1.25, -4, -0.4]},
			"faces": {
				"north": {"uv": [9.25, 8, 10.5, 10.25], "texture": "#glass black"},
				"east": {"uv": [7.75, 8, 8.25, 10.25], "texture": "#glass black"},
				"south": {"uv": [5.5, 8, 6.75, 10.25], "texture": "#glass black"},
				"west": {"uv": [7.75, 8, 8.25, 10.25], "texture": "#glass black"},
				"down": {"uv": [10.5, 8.25, 9.25, 7.75], "texture": "#glass black"}
			}
		},
		{
			"from": [6.5, 1.75, 7.35],
			"to": [7.5, 4, 7.85],
			"rotation": {"angle": 22.5, "axis": "z", "origin": [6.5, 4, 7.35]},
			"faces": {
				"north": {"uv": [9.25, 7.25, 10.25, 9.75], "texture": "#glass black"},
				"south": {"uv": [5.75, 7.25, 6.75, 9.75], "texture": "#glass black"},
				"west": {"uv": [7.25, 7.25, 8.75, 9.75], "texture": "#glass black"},
				"down": {"uv": [10.25, 8.75, 9.25, 7.25], "texture": "#glass black"}
			}
		},
		{
			"from": [11.55, 0.25, 6.85],
			"to": [13.45, 1.75, 8.35],
			"rotation": {"angle": 45, "axis": "z", "origin": [12.85, 0.95, 6.85]},
			"faces": {
				"north": {"uv": [2, 9.5, 4.5, 10.25], "texture": "#texture"},
				"east": {"uv": [7.25, 9.5, 8.75, 10.25], "texture": "#texture"},
				"south": {"uv": [11.5, 9.5, 14, 10.25], "texture": "#texture"},
				"west": {"uv": [7.25, 9.5, 8.75, 10.25], "texture": "#texture"},
				"up": {"uv": [11.5, 7.25, 14, 8.75], "texture": "#texture"},
				"down": {"uv": [4.5, 8.75, 2, 7.25], "texture": "#texture"}
			}
		},
		{
			"from": [13.025, 5.85, 6.35],
			"to": [16.95, 7.675, 8.85],
			"rotation": {"angle": 45, "axis": "z", "origin": [12.85, 0.95, 6.85]},
			"faces": {
				"north": {"uv": [2, 9.5, 4.5, 10.25], "texture": "#texture"},
				"east": {"uv": [7.25, 9.5, 8.75, 10.25], "texture": "#texture"},
				"south": {"uv": [11.5, 9.5, 14, 10.25], "texture": "#texture"},
				"west": {"uv": [7.25, 9.5, 8.75, 10.25], "texture": "#texture"},
				"up": {"uv": [11.5, 7.25, 14, 8.75], "texture": "#texture"},
				"down": {"uv": [4.5, 8.75, 2, 7.25], "texture": "#texture"}
			}
		},
		{
			"from": [12.15, 6.8, 6.35],
			"to": [13.025, 7.675, 8.85],
			"rotation": {"angle": 45, "axis": "z", "origin": [12.85, 0.95, 6.85]},
			"faces": {
				"north": {"uv": [2, 9.5, 4.5, 10.25], "texture": "#texture"},
				"east": {"uv": [7.25, 9.5, 8.75, 10.25], "texture": "#texture"},
				"south": {"uv": [11.5, 9.5, 14, 10.25], "texture": "#texture"},
				"west": {"uv": [7.25, 9.5, 8.75, 10.25], "texture": "#texture"},
				"up": {"uv": [11.5, 7.25, 14, 8.75], "texture": "#texture"},
				"down": {"uv": [4.5, 8.75, 2, 7.25], "texture": "#texture"}
			}
		},
		{
			"from": [12.8, 0.175, 6.85],
			"to": [16.95, 1.675, 8.35],
			"rotation": {"angle": 22.5, "axis": "z", "origin": [12.85, 0.95, 6.85]},
			"faces": {
				"north": {"uv": [2, 9.5, 4.5, 10.25], "texture": "#texture"},
				"east": {"uv": [7.25, 9.5, 8.75, 10.25], "texture": "#texture"},
				"south": {"uv": [11.5, 9.5, 14, 10.25], "texture": "#texture"},
				"west": {"uv": [7.25, 9.5, 8.75, 10.25], "texture": "#texture"},
				"up": {"uv": [11.5, 7.25, 14, 8.75], "texture": "#texture"},
				"down": {"uv": [4.5, 8.75, 2, 7.25], "texture": "#texture"}
			}
		},
		{
			"from": [13.75, 1.25, 6.85],
			"to": [16.25, 4, 8.35],
			"rotation": {"angle": 0, "axis": "y", "origin": [1.25, -4, -0.4]},
			"faces": {
				"north": {"uv": [1.75, 7.75, 3.5, 10], "texture": "#texture"},
				"south": {"uv": [12.5, 7.75, 14.25, 10], "texture": "#texture"},
				"west": {"uv": [7.25, 7.75, 8.75, 10], "texture": "#texture"},
				"down": {"uv": [3.5, 8.75, 1.75, 7.25], "texture": "#texture"}
			}
		},
		{
			"from": [12.35, 4.75, 6.85],
			"to": [13.425, 5.25, 8.35],
			"rotation": {"angle": -45, "axis": "z", "origin": [11.25, 5, 6.85]},
			"faces": {
				"north": {"uv": [6.75, 0, 8.5, 0.5], "texture": "#texture"},
				"east": {"uv": [7.25, 0, 8.75, 0.5], "texture": "#texture"},
				"south": {"uv": [7.5, 0, 9.25, 0.5], "texture": "#texture"},
				"west": {"uv": [7.25, 0, 8.75, 0.5], "texture": "#texture"},
				"down": {"uv": [8.5, 8.75, 6.75, 7.25], "texture": "#texture"}
			}
		},
		{
			"from": [12.6, 1.3, 6.85],
			"to": [13.75, 4, 8.35],
			"rotation": {"angle": 0, "axis": "y", "origin": [1.6, -4.8, -0.4]},
			"faces": {
				"north": {"uv": [3, 8.25, 3.75, 9.25], "texture": "#texture"},
				"east": {"uv": [7.25, 8.25, 8.75, 9.25], "texture": "#texture"},
				"south": {"uv": [12.25, 8.25, 13, 9.25], "texture": "#texture"},
				"west": {"uv": [7.25, 8.25, 8.75, 9.25], "texture": "#texture"},
				"up": {"uv": [12.25, 7.25, 13, 8.75], "texture": "#texture"},
				"down": {"uv": [3.75, 8.75, 3, 7.25], "texture": "#texture"}
			}
		},
		{
			"from": [16.25, 1.25, 6.6],
			"to": [23, 4.5, 8.6],
			"rotation": {"angle": 0, "axis": "y", "origin": [1.25, -4, -0.4]},
			"faces": {
				"north": {"uv": [0, 7.5, 1.75, 10.75], "texture": "#texture", "cullface": "east"},
				"east": {"uv": [7, 7.5, 9, 10.75], "texture": "#texture", "cullface": "east"},
				"south": {"uv": [14.25, 7.5, 16, 10.75], "texture": "#texture", "cullface": "east"},
				"west": {"uv": [7, 7.5, 9, 10.75], "texture": "#texture", "cullface": "east"},
				"down": {"uv": [1.75, 9, 0, 7], "texture": "#texture", "cullface": "east"}
			}
		},
		{
			"from": [22.5, 6.25, 6.1],
			"to": [23.75, 7.5, 9.1],
			"rotation": {"angle": 0, "axis": "y", "origin": [1.25, -4, -0.4]},
			"faces": {
				"north": {"uv": [0, 7.5, 1.75, 10.75], "texture": "#glass black", "cullface": "east"},
				"east": {"uv": [7, 7.5, 9, 10.75], "texture": "#glass black", "cullface": "east"},
				"south": {"uv": [14.25, 7.5, 16, 10.75], "texture": "#glass black", "cullface": "east"},
				"west": {"uv": [7, 7.5, 9, 10.75], "texture": "#glass black", "cullface": "east"},
				"up": {"uv": [7, 8, 8, 9], "texture": "#glass black"},
				"down": {"uv": [1.75, 9, 0, 7], "texture": "#glass black", "cullface": "east"}
			}
		},
		{
			"from": [23, 4.25, 6.1],
			"to": [23.75, 6.25, 9.1],
			"rotation": {"angle": 0, "axis": "y", "origin": [1.25, -4, -0.4]},
			"faces": {
				"north": {"uv": [0, 7.5, 1.75, 10.75], "texture": "#glass black", "cullface": "east"},
				"east": {"uv": [7, 7.5, 9, 10.75], "texture": "#glass black", "cullface": "east"},
				"south": {"uv": [14.25, 7.5, 16, 10.75], "texture": "#glass black", "cullface": "east"},
				"west": {"uv": [7, 7.5, 9, 10.75], "texture": "#glass black", "cullface": "east"},
				"up": {"uv": [7, 8, 8, 9], "texture": "#glass black"},
				"down": {"uv": [1.75, 9, 0, 7], "texture": "#glass black", "cullface": "east"}
			}
		},
		{
			"from": [23, 0.75, 6.35],
			"to": [23.5, 4.25, 8.85],
			"rotation": {"angle": 0, "axis": "y", "origin": [1.25, -4, -0.4]},
			"faces": {
				"north": {"uv": [0, 7.5, 1.75, 10.75], "texture": "#glass black", "cullface": "east"},
				"east": {"uv": [7, 7.5, 9, 10.75], "texture": "#glass black", "cullface": "east"},
				"south": {"uv": [14.25, 7.5, 16, 10.75], "texture": "#glass black", "cullface": "east"},
				"west": {"uv": [7, 7.5, 9, 10.75], "texture": "#glass black", "cullface": "east"},
				"up": {"uv": [7, 8, 8, 9], "texture": "#glass black"},
				"down": {"uv": [1.75, 9, 0, 7], "texture": "#glass black", "cullface": "east"}
			}
		},
		{
			"from": [23, 0, 6.6],
			"to": [23.5, 0.75, 8.6],
			"rotation": {"angle": 0, "axis": "y", "origin": [1.25, -4, -0.4]},
			"faces": {
				"north": {"uv": [0, 7.5, 1.75, 10.75], "texture": "#glass black", "cullface": "east"},
				"east": {"uv": [7, 7.5, 9, 10.75], "texture": "#glass black", "cullface": "east"},
				"south": {"uv": [14.25, 7.5, 16, 10.75], "texture": "#glass black", "cullface": "east"},
				"west": {"uv": [7, 7.5, 9, 10.75], "texture": "#glass black", "cullface": "east"},
				"up": {"uv": [7, 8, 8, 9], "texture": "#glass black"},
				"down": {"uv": [1.75, 9, 0, 7], "texture": "#glass black", "cullface": "east"}
			}
		},
		{
			"from": [16.6, 0.75, 6.85],
			"to": [23, 1.25, 8.35],
			"rotation": {"angle": 0, "axis": "y", "origin": [1.25, -4, -0.4]},
			"faces": {
				"north": {"uv": [0, 7.5, 1.75, 10.75], "texture": "#texture", "cullface": "east"},
				"east": {"uv": [7, 7.5, 9, 10.75], "texture": "#texture", "cullface": "east"},
				"south": {"uv": [14.25, 7.5, 16, 10.75], "texture": "#texture", "cullface": "east"},
				"west": {"uv": [7, 7.5, 9, 10.75], "texture": "#texture", "cullface": "east"},
				"down": {"uv": [1.75, 9, 0, 7], "texture": "#texture", "cullface": "east"}
			}
		},
		{
			"from": [21, 0.25, 7.1],
			"to": [23, 0.5, 8.1],
			"rotation": {"angle": 0, "axis": "y", "origin": [1.25, -4, -0.4]},
			"faces": {
				"north": {"uv": [0, 7.5, 1.75, 10.75], "texture": "#texture", "cullface": "east"},
				"east": {"uv": [7, 7.5, 9, 10.75], "texture": "#texture", "cullface": "east"},
				"south": {"uv": [14.25, 7.5, 16, 10.75], "texture": "#texture", "cullface": "east"},
				"west": {"uv": [7, 7.5, 9, 10.75], "texture": "#texture", "cullface": "east"},
				"down": {"uv": [1.75, 9, 0, 7], "texture": "#texture", "cullface": "east"}
			}
		},
		{
			"from": [18.75, 0.5, 6.85],
			"to": [23, 0.75, 8.35],
			"rotation": {"angle": 0, "axis": "y", "origin": [1.25, -4, -0.4]},
			"faces": {
				"north": {"uv": [0, 7.5, 1.75, 10.75], "texture": "#texture", "cullface": "east"},
				"east": {"uv": [7, 7.5, 9, 10.75], "texture": "#texture", "cullface": "east"},
				"south": {"uv": [14.25, 7.5, 16, 10.75], "texture": "#texture", "cullface": "east"},
				"west": {"uv": [7, 7.5, 9, 10.75], "texture": "#texture", "cullface": "east"},
				"down": {"uv": [1.75, 9, 0, 7], "texture": "#texture", "cullface": "east"}
			}
		},
		{
			"from": [10.25, 6, 6.35],
			"to": [23, 7.25, 8.85],
			"rotation": {"angle": 0, "axis": "y", "origin": [1.25, -4, -0.4]},
			"faces": {
				"north": {"uv": [0, 4.75, 1.75, 6], "texture": "#texture", "cullface": "east"},
				"east": {"uv": [6.75, 4.75, 9.25, 6], "texture": "#texture", "cullface": "east"},
				"south": {"uv": [14.25, 4.75, 16, 6], "texture": "#texture", "cullface": "east"},
				"west": {"uv": [6.75, 4.75, 9.25, 6], "texture": "#texture", "cullface": "east"},
				"up": {"uv": [14.25, 6.75, 16, 9.25], "texture": "#texture", "cullface": "east"}
			}
		},
		{
			"from": [11, 8.6, 6.35],
			"to": [12.8, 9, 6.6],
			"rotation": {"angle": 0, "axis": "y", "origin": [1.25, -4, -0.4]},
			"faces": {
				"north": {"uv": [0, 4.75, 1.75, 6], "texture": "#texture", "cullface": "east"},
				"east": {"uv": [6.75, 4.75, 9.25, 6], "texture": "#texture", "cullface": "east"},
				"south": {"uv": [14.25, 4.75, 16, 6], "texture": "#texture", "cullface": "east"},
				"west": {"uv": [6.75, 4.75, 9.25, 6], "texture": "#texture", "cullface": "east"},
				"up": {"uv": [14.25, 6.75, 16, 9.25], "texture": "#texture", "cullface": "east"}
			}
		},
		{
			"from": [11, 8.6, 8.6],
			"to": [12.8, 9, 8.85],
			"rotation": {"angle": 0, "axis": "y", "origin": [1.25, -4, -0.4]},
			"faces": {
				"north": {"uv": [0, 4.75, 1.75, 6], "texture": "#texture", "cullface": "east"},
				"east": {"uv": [6.75, 4.75, 9.25, 6], "texture": "#texture", "cullface": "east"},
				"south": {"uv": [14.25, 4.75, 16, 6], "texture": "#texture", "cullface": "east"},
				"west": {"uv": [6.75, 4.75, 9.25, 6], "texture": "#texture", "cullface": "east"},
				"up": {"uv": [14.25, 6.75, 16, 9.25], "texture": "#texture", "cullface": "east"}
			}
		},
		{
			"from": [11, 7.25, 6.35],
			"to": [12.8, 8.6, 8.85],
			"rotation": {"angle": 0, "axis": "y", "origin": [1.25, -4, -0.4]},
			"faces": {
				"north": {"uv": [0, 4.75, 1.75, 6], "texture": "#texture", "cullface": "east"},
				"east": {"uv": [6.75, 4.75, 9.25, 6], "texture": "#texture", "cullface": "east"},
				"south": {"uv": [14.25, 4.75, 16, 6], "texture": "#texture", "cullface": "east"},
				"west": {"uv": [6.75, 4.75, 9.25, 6], "texture": "#texture", "cullface": "east"},
				"up": {"uv": [14.25, 6.75, 16, 9.25], "texture": "#texture", "cullface": "east"}
			}
		},
		{
			"from": [10.25, 5.25, 6.35],
			"to": [23, 6, 8.85],
			"rotation": {"angle": 0, "axis": "y", "origin": [1.25, -4, -0.4]},
			"faces": {
				"north": {"uv": [0, 6, 8.5, 6.75], "texture": "#texture", "cullface": "east"},
				"east": {"uv": [6.75, 6, 9.25, 6.75], "texture": "#texture", "cullface": "east"},
				"south": {"uv": [7.5, 6, 16, 6.75], "texture": "#texture", "cullface": "east"},
				"west": {"uv": [6.75, 6, 9.25, 6.75], "texture": "#texture", "cullface": "east"},
				"up": {"uv": [7.5, 6.75, 16, 9.25], "texture": "#texture", "cullface": "east"}
			}
		},
		{
			"from": [12.4, -3.225, 7],
			"to": [15.725, -2.475, 8.2],
			"rotation": {"angle": 0, "axis": "y", "origin": [1.25, -5, -0.4]},
			"faces": {
				"north": {"uv": [0.2, 8.2, 6.7, 8.7], "texture": "#glass black", "cullface": "east"},
				"east": {"uv": [6.2, 8.1, 6.7, 8.8], "texture": "#glass black", "cullface": "east"},
				"south": {"uv": [6.7, 8.1, 0, 8.8], "texture": "#glass black", "cullface": "east"},
				"west": {"uv": [6, 8, 7, 9], "texture": "#glass black"},
				"up": {"uv": [6, 8, 7, 9], "texture": "#glass black"},
				"down": {"uv": [6.1, 8.9, 6.8, 8.1], "texture": "#glass black", "cullface": "east"}
			}
		},
		{
			"from": [14, -3.475, 7],
			"to": [15.725, -3.225, 8.2],
			"rotation": {"angle": 0, "axis": "y", "origin": [1.25, -5, -0.4]},
			"faces": {
				"north": {"uv": [0.2, 8.2, 6.7, 8.7], "texture": "#glass black", "cullface": "east"},
				"east": {"uv": [6.2, 8.1, 6.7, 8.8], "texture": "#glass black", "cullface": "east"},
				"south": {"uv": [2.7, 8.1, 0, 8.8], "texture": "#glass black", "cullface": "east"},
				"west": {"uv": [6, 8, 7, 9], "texture": "#glass black"},
				"up": {"uv": [6, 8, 7, 9], "texture": "#glass black"},
				"down": {"uv": [6.1, 8.9, 6.8, 8.1], "texture": "#glass black", "cullface": "east"}
			}
		},
		{
			"from": [12.65, -2.475, 7],
			"to": [15.975, -1.475, 8.2],
			"rotation": {"angle": 0, "axis": "y", "origin": [1.25, -5, -0.4]},
			"faces": {
				"north": {"uv": [0.2, 8.2, 6.7, 8.7], "texture": "#glass black", "cullface": "east"},
				"east": {"uv": [6.2, 8.1, 6.7, 8.8], "texture": "#glass black", "cullface": "east"},
				"south": {"uv": [6.7, 8.1, 0, 8.8], "texture": "#glass black", "cullface": "east"},
				"west": {"uv": [6, 8, 7, 9], "texture": "#glass black"},
				"up": {"uv": [6, 8, 7, 9], "texture": "#glass black"},
				"down": {"uv": [6.1, 8.9, 6.8, 8.1], "texture": "#glass black", "cullface": "east"}
			}
		},
		{
			"from": [12.9, -1.475, 7],
			"to": [16.225, -0.225, 8.2],
			"rotation": {"angle": 0, "axis": "y", "origin": [1.25, -5, -0.4]},
			"faces": {
				"north": {"uv": [0.2, 8.2, 6.7, 8.7], "texture": "#glass black", "cullface": "east"},
				"east": {"uv": [6.2, 8.1, 6.7, 8.8], "texture": "#glass black", "cullface": "east"},
				"south": {"uv": [6.7, 8.1, 0, 8.8], "texture": "#glass black", "cullface": "east"},
				"west": {"uv": [6, 8, 7, 9], "texture": "#glass black"},
				"up": {"uv": [6, 8, 7, 9], "texture": "#glass black"},
				"down": {"uv": [6.1, 8.9, 6.8, 8.1], "texture": "#glass black", "cullface": "east"}
			}
		},
		{
			"from": [13.05, -0.225, 7],
			"to": [16.375, 2.275, 8.2],
			"rotation": {"angle": 0, "axis": "y", "origin": [1.25, -5, -0.4]},
			"faces": {
				"north": {"uv": [0.2, 8.2, 6.8, 8.7], "texture": "#glass black", "cullface": "east"},
				"east": {"uv": [6.1, 8.1, 6.7, 8.8], "texture": "#glass black", "cullface": "east"},
				"south": {"uv": [6.7, 8.1, 0, 8.8], "texture": "#glass black", "cullface": "east"},
				"west": {"uv": [6, 8, 7, 9], "texture": "#glass black"},
				"down": {"uv": [6.1, 8.9, 6.8, 8.1], "texture": "#glass black", "cullface": "east"}
			}
		},
		{
			"from": [11.25, 8.75, 7.1],
			"to": [11.5, 9, 8.1],
			"rotation": {"angle": 0, "axis": "y", "origin": [1.25, -4, -0.4]},
			"faces": {
				"north": {"uv": [8.5, 6, 15.5, 7], "texture": "#glass black"},
				"east": {"uv": [7.5, 6, 8.5, 7], "texture": "#glass black"},
				"south": {"uv": [0.5, 6, 7.5, 7], "texture": "#glass black"},
				"west": {"uv": [1, 6, 2, 7], "texture": "#glass black"},
				"up": {"uv": [0.5, 7.5, 7.5, 8.5], "texture": "#glass black"},
				"down": {"uv": [15.5, 8.5, 8.5, 7.5], "texture": "#glass black"}
			}
		},
		{
			"from": [-7.275, 6.175, 7.1],
			"to": [-7, 6.825, 7.35],
			"rotation": {"angle": -22.5, "axis": "z", "origin": [1.5, -3.9, -1.15]},
			"faces": {
				"north": {"uv": [8.5, 6, 15.5, 7], "texture": "#glass black"},
				"east": {"uv": [7.5, 6, 8.5, 7], "texture": "#glass black"},
				"south": {"uv": [0.5, 6, 7.5, 7], "texture": "#glass black"},
				"west": {"uv": [1, 6, 2, 7], "texture": "#glass black"},
				"up": {"uv": [0.5, 7.5, 7.5, 8.5], "texture": "#glass black"},
				"down": {"uv": [15.5, 8.5, 8.5, 7.5], "texture": "#glass black"}
			}
		},
		{
			"from": [-2.5, 8.775, 7.1],
			"to": [-1.65, 9.375, 7.35],
			"rotation": {"angle": 0, "axis": "y", "origin": [1.5, -3.9, -1.15]},
			"faces": {
				"north": {"uv": [8.5, 6, 15.5, 7], "texture": "#glass black"},
				"east": {"uv": [7.5, 6, 8.5, 7], "texture": "#glass black"},
				"south": {"uv": [0.5, 6, 7.5, 7], "texture": "#glass black"},
				"west": {"uv": [1, 6, 2, 7], "texture": "#glass black"},
				"up": {"uv": [0.5, 7.5, 7.5, 8.5], "texture": "#glass black"},
				"down": {"uv": [15.5, 8.5, 8.5, 7.5], "texture": "#glass black"}
			}
		},
		{
			"from": [-7.275, 6.175, 7.85],
			"to": [-7, 6.825, 8.1],
			"rotation": {"angle": -22.5, "axis": "z", "origin": [1.5, -3.9, -0.4]},
			"faces": {
				"north": {"uv": [8.5, 6, 15.5, 7], "texture": "#glass black"},
				"east": {"uv": [7.5, 6, 8.5, 7], "texture": "#glass black"},
				"south": {"uv": [0.5, 6, 7.5, 7], "texture": "#glass black"},
				"west": {"uv": [1, 6, 2, 7], "texture": "#glass black"},
				"up": {"uv": [0.5, 7.5, 7.5, 8.5], "texture": "#glass black"},
				"down": {"uv": [15.5, 8.5, 8.5, 7.5], "texture": "#glass black"}
			}
		},
		{
			"from": [-2.5, 8.775, 7.525],
			"to": [-2, 9.1, 7.675],
			"rotation": {"angle": 0, "axis": "y", "origin": [1.5, -3.9, -0.4]},
			"faces": {
				"north": {"uv": [8.5, 6, 15.5, 7], "texture": "#glass black"},
				"east": {"uv": [7.5, 6, 8.5, 7], "texture": "#glass black"},
				"south": {"uv": [0.5, 6, 7.5, 7], "texture": "#glass black"},
				"west": {"uv": [1, 6, 2, 7], "texture": "#glass black"},
				"up": {"uv": [0.5, 7.5, 7.5, 8.5], "texture": "#glass black"},
				"down": {"uv": [15.5, 8.5, 8.5, 7.5], "texture": "#glass black"}
			}
		},
		{
			"from": [-3, 7.5, 7.1],
			"to": [10.75, 8.05, 8.1],
			"rotation": {"angle": 0, "axis": "y", "origin": [1.25, -4, -0.4]},
			"faces": {
				"north": {"uv": [8.5, 6, 15.5, 7], "texture": "#glass black"},
				"east": {"uv": [7.5, 6, 8.5, 7], "texture": "#glass black"},
				"south": {"uv": [0.5, 6, 7.5, 7], "texture": "#glass black"},
				"west": {"uv": [1, 6, 2, 7], "texture": "#glass black"},
				"up": {"uv": [0.5, 7.5, 7.5, 8.5], "texture": "#glass black"},
				"down": {"uv": [15.5, 8.5, 8.5, 7.5], "texture": "#glass black"}
			}
		},
		{
			"from": [-1.4, 8.05, 7.1],
			"to": [-1.15, 8.3, 8.1],
			"rotation": {"angle": 0, "axis": "y", "origin": [1.25, -4, -0.4]},
			"faces": {
				"north": {"uv": [8.5, 6, 9.5, 7], "texture": "#glass black"},
				"east": {"uv": [7.5, 6, 8.5, 7], "texture": "#glass black"},
				"south": {"uv": [6.5, 6, 7.5, 7], "texture": "#glass black"},
				"west": {"uv": [1, 6, 2, 7], "texture": "#glass black"},
				"up": {"uv": [0.5, 7.5, 1.5, 8.5], "texture": "#glass black"},
				"down": {"uv": [15.5, 8.5, 14.5, 7.5], "texture": "#glass black"}
			}
		},
		{
			"from": [6.1, 8.05, 7.1],
			"to": [6.35, 8.3, 8.1],
			"rotation": {"angle": 0, "axis": "y", "origin": [1.25, -4, -0.4]},
			"faces": {
				"north": {"uv": [8.5, 6, 9.5, 7], "texture": "#glass black"},
				"east": {"uv": [7.5, 6, 8.5, 7], "texture": "#glass black"},
				"south": {"uv": [6.5, 6, 7.5, 7], "texture": "#glass black"},
				"west": {"uv": [1, 6, 2, 7], "texture": "#glass black"},
				"up": {"uv": [0.5, 7.5, 1.5, 8.5], "texture": "#glass black"},
				"down": {"uv": [15.5, 8.5, 14.5, 7.5], "texture": "#glass black"}
			}
		},
		{
			"from": [5.6, 8.05, 7.1],
			"to": [5.85, 8.3, 8.1],
			"rotation": {"angle": 0, "axis": "y", "origin": [1.25, -4, -0.4]},
			"faces": {
				"north": {"uv": [8.5, 6, 9.5, 7], "texture": "#glass black"},
				"east": {"uv": [7.5, 6, 8.5, 7], "texture": "#glass black"},
				"south": {"uv": [6.5, 6, 7.5, 7], "texture": "#glass black"},
				"west": {"uv": [1, 6, 2, 7], "texture": "#glass black"},
				"up": {"uv": [0.5, 7.5, 1.5, 8.5], "texture": "#glass black"},
				"down": {"uv": [15.5, 8.5, 14.5, 7.5], "texture": "#glass black"}
			}
		},
		{
			"from": [5.1, 8.05, 7.1],
			"to": [5.35, 8.3, 8.1],
			"rotation": {"angle": 0, "axis": "y", "origin": [1.25, -4, -0.4]},
			"faces": {
				"north": {"uv": [8.5, 6, 9.5, 7], "texture": "#glass black"},
				"east": {"uv": [7.5, 6, 8.5, 7], "texture": "#glass black"},
				"south": {"uv": [6.5, 6, 7.5, 7], "texture": "#glass black"},
				"west": {"uv": [1, 6, 2, 7], "texture": "#glass black"},
				"up": {"uv": [0.5, 7.5, 1.5, 8.5], "texture": "#glass black"},
				"down": {"uv": [15.5, 8.5, 14.5, 7.5], "texture": "#glass black"}
			}
		},
		{
			"from": [4.6, 8.05, 7.1],
			"to": [4.85, 8.3, 8.1],
			"rotation": {"angle": 0, "axis": "y", "origin": [1.25, -4, -0.4]},
			"faces": {
				"north": {"uv": [8.5, 6, 9.5, 7], "texture": "#glass black"},
				"east": {"uv": [7.5, 6, 8.5, 7], "texture": "#glass black"},
				"south": {"uv": [6.5, 6, 7.5, 7], "texture": "#glass black"},
				"west": {"uv": [1, 6, 2, 7], "texture": "#glass black"},
				"up": {"uv": [0.5, 7.5, 1.5, 8.5], "texture": "#glass black"},
				"down": {"uv": [15.5, 8.5, 14.5, 7.5], "texture": "#glass black"}
			}
		},
		{
			"from": [4.1, 8.05, 7.1],
			"to": [4.35, 8.3, 8.1],
			"rotation": {"angle": 0, "axis": "y", "origin": [1.25, -4, -0.4]},
			"faces": {
				"north": {"uv": [8.5, 6, 9.5, 7], "texture": "#glass black"},
				"east": {"uv": [7.5, 6, 8.5, 7], "texture": "#glass black"},
				"south": {"uv": [6.5, 6, 7.5, 7], "texture": "#glass black"},
				"west": {"uv": [1, 6, 2, 7], "texture": "#glass black"},
				"up": {"uv": [0.5, 7.5, 1.5, 8.5], "texture": "#glass black"},
				"down": {"uv": [15.5, 8.5, 14.5, 7.5], "texture": "#glass black"}
			}
		},
		{
			"from": [3.6, 8.05, 7.1],
			"to": [3.85, 8.3, 8.1],
			"rotation": {"angle": 0, "axis": "y", "origin": [1.25, -4, -0.4]},
			"faces": {
				"north": {"uv": [8.5, 6, 9.5, 7], "texture": "#glass black"},
				"east": {"uv": [7.5, 6, 8.5, 7], "texture": "#glass black"},
				"south": {"uv": [6.5, 6, 7.5, 7], "texture": "#glass black"},
				"west": {"uv": [1, 6, 2, 7], "texture": "#glass black"},
				"up": {"uv": [0.5, 7.5, 1.5, 8.5], "texture": "#glass black"},
				"down": {"uv": [15.5, 8.5, 14.5, 7.5], "texture": "#glass black"}
			}
		},
		{
			"from": [3.1, 8.05, 7.1],
			"to": [3.35, 8.3, 8.1],
			"rotation": {"angle": 0, "axis": "y", "origin": [1.25, -4, -0.4]},
			"faces": {
				"north": {"uv": [8.5, 6, 9.5, 7], "texture": "#glass black"},
				"east": {"uv": [7.5, 6, 8.5, 7], "texture": "#glass black"},
				"south": {"uv": [6.5, 6, 7.5, 7], "texture": "#glass black"},
				"west": {"uv": [1, 6, 2, 7], "texture": "#glass black"},
				"up": {"uv": [0.5, 7.5, 1.5, 8.5], "texture": "#glass black"},
				"down": {"uv": [15.5, 8.5, 14.5, 7.5], "texture": "#glass black"}
			}
		},
		{
			"from": [2.6, 8.05, 7.1],
			"to": [2.85, 8.3, 8.1],
			"rotation": {"angle": 0, "axis": "y", "origin": [1.25, -4, -0.4]},
			"faces": {
				"north": {"uv": [8.5, 6, 9.5, 7], "texture": "#glass black"},
				"east": {"uv": [7.5, 6, 8.5, 7], "texture": "#glass black"},
				"south": {"uv": [6.5, 6, 7.5, 7], "texture": "#glass black"},
				"west": {"uv": [1, 6, 2, 7], "texture": "#glass black"},
				"up": {"uv": [0.5, 7.5, 1.5, 8.5], "texture": "#glass black"},
				"down": {"uv": [15.5, 8.5, 14.5, 7.5], "texture": "#glass black"}
			}
		},
		{
			"from": [9.1, 8.05, 7.1],
			"to": [10.35, 8.3, 8.1],
			"rotation": {"angle": 0, "axis": "y", "origin": [1.25, -4, -0.4]},
			"faces": {
				"north": {"uv": [8.5, 6, 9.5, 7], "texture": "#glass black"},
				"east": {"uv": [7.5, 6, 8.5, 7], "texture": "#glass black"},
				"south": {"uv": [6.5, 6, 7.5, 7], "texture": "#glass black"},
				"west": {"uv": [1, 6, 2, 7], "texture": "#glass black"},
				"up": {"uv": [0.5, 7.5, 1.5, 8.5], "texture": "#glass black"},
				"down": {"uv": [15.5, 8.5, 14.5, 7.5], "texture": "#glass black"}
			}
		},
		{
			"from": [8.6, 8.05, 7.1],
			"to": [8.85, 8.3, 8.1],
			"rotation": {"angle": 0, "axis": "y", "origin": [1.25, -4, -0.4]},
			"faces": {
				"north": {"uv": [8.5, 6, 9.5, 7], "texture": "#glass black"},
				"east": {"uv": [7.5, 6, 8.5, 7], "texture": "#glass black"},
				"south": {"uv": [6.5, 6, 7.5, 7], "texture": "#glass black"},
				"west": {"uv": [1, 6, 2, 7], "texture": "#glass black"},
				"up": {"uv": [0.5, 7.5, 1.5, 8.5], "texture": "#glass black"},
				"down": {"uv": [15.5, 8.5, 14.5, 7.5], "texture": "#glass black"}
			}
		},
		{
			"from": [8.1, 8.05, 7.1],
			"to": [8.35, 8.3, 8.1],
			"rotation": {"angle": 0, "axis": "y", "origin": [1.25, -4, -0.4]},
			"faces": {
				"north": {"uv": [8.5, 6, 9.5, 7], "texture": "#glass black"},
				"east": {"uv": [7.5, 6, 8.5, 7], "texture": "#glass black"},
				"south": {"uv": [6.5, 6, 7.5, 7], "texture": "#glass black"},
				"west": {"uv": [1, 6, 2, 7], "texture": "#glass black"},
				"up": {"uv": [0.5, 7.5, 1.5, 8.5], "texture": "#glass black"},
				"down": {"uv": [15.5, 8.5, 14.5, 7.5], "texture": "#glass black"}
			}
		},
		{
			"from": [7.6, 8.05, 7.1],
			"to": [7.85, 8.3, 8.1],
			"rotation": {"angle": 0, "axis": "y", "origin": [1.25, -4, -0.4]},
			"faces": {
				"north": {"uv": [8.5, 6, 9.5, 7], "texture": "#glass black"},
				"east": {"uv": [7.5, 6, 8.5, 7], "texture": "#glass black"},
				"south": {"uv": [6.5, 6, 7.5, 7], "texture": "#glass black"},
				"west": {"uv": [1, 6, 2, 7], "texture": "#glass black"},
				"up": {"uv": [0.5, 7.5, 1.5, 8.5], "texture": "#glass black"},
				"down": {"uv": [15.5, 8.5, 14.5, 7.5], "texture": "#glass black"}
			}
		},
		{
			"from": [7.1, 8.05, 7.1],
			"to": [7.35, 8.3, 8.1],
			"rotation": {"angle": 0, "axis": "y", "origin": [1.25, -4, -0.4]},
			"faces": {
				"north": {"uv": [8.5, 6, 9.5, 7], "texture": "#glass black"},
				"east": {"uv": [7.5, 6, 8.5, 7], "texture": "#glass black"},
				"south": {"uv": [6.5, 6, 7.5, 7], "texture": "#glass black"},
				"west": {"uv": [1, 6, 2, 7], "texture": "#glass black"},
				"up": {"uv": [0.5, 7.5, 1.5, 8.5], "texture": "#glass black"},
				"down": {"uv": [15.5, 8.5, 14.5, 7.5], "texture": "#glass black"}
			}
		},
		{
			"from": [6.6, 8.05, 7.1],
			"to": [6.85, 8.3, 8.1],
			"rotation": {"angle": 0, "axis": "y", "origin": [1.25, -4, -0.4]},
			"faces": {
				"north": {"uv": [8.5, 6, 9.5, 7], "texture": "#glass black"},
				"east": {"uv": [7.5, 6, 8.5, 7], "texture": "#glass black"},
				"south": {"uv": [6.5, 6, 7.5, 7], "texture": "#glass black"},
				"west": {"uv": [1, 6, 2, 7], "texture": "#glass black"},
				"up": {"uv": [0.5, 7.5, 1.5, 8.5], "texture": "#glass black"},
				"down": {"uv": [15.5, 8.5, 14.5, 7.5], "texture": "#glass black"}
			}
		},
		{
			"from": [2.1, 8.05, 7.1],
			"to": [2.35, 8.3, 8.1],
			"rotation": {"angle": 0, "axis": "y", "origin": [1.25, -4, -0.4]},
			"faces": {
				"north": {"uv": [8.5, 6, 9.5, 7], "texture": "#glass black"},
				"east": {"uv": [7.5, 6, 8.5, 7], "texture": "#glass black"},
				"south": {"uv": [6.5, 6, 7.5, 7], "texture": "#glass black"},
				"west": {"uv": [1, 6, 2, 7], "texture": "#glass black"},
				"up": {"uv": [0.5, 7.5, 1.5, 8.5], "texture": "#glass black"},
				"down": {"uv": [15.5, 8.5, 14.5, 7.5], "texture": "#glass black"}
			}
		},
		{
			"from": [1.6, 8.05, 7.1],
			"to": [1.85, 8.3, 8.1],
			"rotation": {"angle": 0, "axis": "y", "origin": [1.25, -4, -0.4]},
			"faces": {
				"north": {"uv": [8.5, 6, 9.5, 7], "texture": "#glass black"},
				"east": {"uv": [7.5, 6, 8.5, 7], "texture": "#glass black"},
				"south": {"uv": [6.5, 6, 7.5, 7], "texture": "#glass black"},
				"west": {"uv": [1, 6, 2, 7], "texture": "#glass black"},
				"up": {"uv": [0.5, 7.5, 1.5, 8.5], "texture": "#glass black"},
				"down": {"uv": [15.5, 8.5, 14.5, 7.5], "texture": "#glass black"}
			}
		},
		{
			"from": [1.1, 8.05, 7.1],
			"to": [1.35, 8.3, 8.1],
			"rotation": {"angle": 0, "axis": "y", "origin": [1.25, -4, -0.4]},
			"faces": {
				"north": {"uv": [8.5, 6, 9.5, 7], "texture": "#glass black"},
				"east": {"uv": [7.5, 6, 8.5, 7], "texture": "#glass black"},
				"south": {"uv": [6.5, 6, 7.5, 7], "texture": "#glass black"},
				"west": {"uv": [1, 6, 2, 7], "texture": "#glass black"},
				"up": {"uv": [0.5, 7.5, 1.5, 8.5], "texture": "#glass black"},
				"down": {"uv": [15.5, 8.5, 14.5, 7.5], "texture": "#glass black"}
			}
		},
		{
			"from": [0.6, 8.05, 7.1],
			"to": [0.85, 8.3, 8.1],
			"rotation": {"angle": 0, "axis": "y", "origin": [1.25, -4, -0.4]},
			"faces": {
				"north": {"uv": [8.5, 6, 9.5, 7], "texture": "#glass black"},
				"east": {"uv": [7.5, 6, 8.5, 7], "texture": "#glass black"},
				"south": {"uv": [6.5, 6, 7.5, 7], "texture": "#glass black"},
				"west": {"uv": [1, 6, 2, 7], "texture": "#glass black"},
				"up": {"uv": [0.5, 7.5, 1.5, 8.5], "texture": "#glass black"},
				"down": {"uv": [15.5, 8.5, 14.5, 7.5], "texture": "#glass black"}
			}
		},
		{
			"from": [0.1, 8.05, 7.1],
			"to": [0.35, 8.3, 8.1],
			"rotation": {"angle": 0, "axis": "y", "origin": [1.25, -4, -0.4]},
			"faces": {
				"north": {"uv": [8.5, 6, 9.5, 7], "texture": "#glass black"},
				"east": {"uv": [7.5, 6, 8.5, 7], "texture": "#glass black"},
				"south": {"uv": [6.5, 6, 7.5, 7], "texture": "#glass black"},
				"west": {"uv": [1, 6, 2, 7], "texture": "#glass black"},
				"up": {"uv": [0.5, 7.5, 1.5, 8.5], "texture": "#glass black"},
				"down": {"uv": [15.5, 8.5, 14.5, 7.5], "texture": "#glass black"}
			}
		},
		{
			"from": [-0.4, 8.05, 7.1],
			"to": [-0.15, 8.3, 8.1],
			"rotation": {"angle": 0, "axis": "y", "origin": [1.25, -4, -0.4]},
			"faces": {
				"north": {"uv": [8.5, 6, 9.5, 7], "texture": "#glass black"},
				"east": {"uv": [7.5, 6, 8.5, 7], "texture": "#glass black"},
				"south": {"uv": [6.5, 6, 7.5, 7], "texture": "#glass black"},
				"west": {"uv": [1, 6, 2, 7], "texture": "#glass black"},
				"up": {"uv": [0.5, 7.5, 1.5, 8.5], "texture": "#glass black"},
				"down": {"uv": [15.5, 8.5, 14.5, 7.5], "texture": "#glass black"}
			}
		},
		{
			"from": [-0.9, 8.05, 7.1],
			"to": [-0.65, 8.3, 8.1],
			"rotation": {"angle": 0, "axis": "y", "origin": [1.25, -4, -0.4]},
			"faces": {
				"north": {"uv": [8.5, 6, 9.5, 7], "texture": "#glass black"},
				"east": {"uv": [7.5, 6, 8.5, 7], "texture": "#glass black"},
				"south": {"uv": [6.5, 6, 7.5, 7], "texture": "#glass black"},
				"west": {"uv": [1, 6, 2, 7], "texture": "#glass black"},
				"up": {"uv": [0.5, 7.5, 1.5, 8.5], "texture": "#glass black"},
				"down": {"uv": [15.5, 8.5, 14.5, 7.5], "texture": "#glass black"}
			}
		},
		{
			"from": [-3.375, 6.75, 6.675],
			"to": [11.25, 7.65, 8.5],
			"rotation": {"angle": 0, "axis": "y", "origin": [1.25, -4, -0.4]},
			"faces": {
				"north": {"uv": [8.5, 6, 15.5, 7], "texture": "#glass black"},
				"east": {"uv": [7.5, 6, 8.5, 7], "texture": "#glass black"},
				"south": {"uv": [0.5, 6, 7.5, 7], "texture": "#glass black"},
				"west": {"uv": [1, 6, 2, 7], "texture": "#glass black"},
				"up": {"uv": [0.5, 7.5, 7.5, 8.5], "texture": "#glass black"},
				"down": {"uv": [15.5, 8.5, 8.5, 7.5], "texture": "#glass black"}
			}
		},
		{
			"from": [11.25, 9.5, 7.35],
			"to": [11.5, 9.75, 7.85],
			"rotation": {"angle": 0, "axis": "y", "origin": [1.25, -4, -0.4]},
			"faces": {
				"north": {"uv": [8.5, 6, 15.5, 7], "texture": "#glass black"},
				"east": {"uv": [7.5, 6, 8.5, 7], "texture": "#glass black"},
				"south": {"uv": [0.5, 6, 7.5, 7], "texture": "#glass black"},
				"west": {"uv": [1, 6, 2, 7], "texture": "#glass black"},
				"up": {"uv": [0.5, 7.5, 7.5, 8.5], "texture": "#glass black"},
				"down": {"uv": [15.5, 8.5, 8.5, 7.5], "texture": "#glass black"}
			}
		},
		{
			"from": [11.25, 9, 7.1],
			"to": [11.5, 9.5, 7.35],
			"rotation": {"angle": 0, "axis": "y", "origin": [1.25, -4, -0.4]},
			"faces": {
				"north": {"uv": [8.5, 6, 15.5, 7], "texture": "#glass black"},
				"east": {"uv": [7.5, 6, 8.5, 7], "texture": "#glass black"},
				"south": {"uv": [0.5, 6, 7.5, 7], "texture": "#glass black"},
				"west": {"uv": [1, 6, 2, 7], "texture": "#glass black"},
				"up": {"uv": [0.5, 7.5, 7.5, 8.5], "texture": "#glass black"},
				"down": {"uv": [15.5, 8.5, 8.5, 7.5], "texture": "#glass black"}
			}
		},
		{
			"from": [11.25, 9, 7.85],
			"to": [11.5, 9.5, 8.1],
			"rotation": {"angle": 0, "axis": "y", "origin": [1.25, -4, -0.4]},
			"faces": {
				"north": {"uv": [8.5, 6, 15.5, 7], "texture": "#glass black"},
				"east": {"uv": [7.5, 6, 8.5, 7], "texture": "#glass black"},
				"south": {"uv": [0.5, 6, 7.5, 7], "texture": "#glass black"},
				"west": {"uv": [1, 6, 2, 7], "texture": "#glass black"},
				"up": {"uv": [0.5, 7.5, 7.5, 8.5], "texture": "#glass black"},
				"down": {"uv": [15.5, 8.5, 8.5, 7.5], "texture": "#glass black"}
			}
		},
		{
			"from": [-2.5, 8.775, 7.85],
			"to": [-1.65, 9.375, 8.1],
			"rotation": {"angle": 0, "axis": "y", "origin": [1.5, -3.9, -0.4]},
			"faces": {
				"north": {"uv": [8.5, 6, 15.5, 7], "texture": "#glass black"},
				"east": {"uv": [7.5, 6, 8.5, 7], "texture": "#glass black"},
				"south": {"uv": [0.5, 6, 7.5, 7], "texture": "#glass black"},
				"west": {"uv": [1, 6, 2, 7], "texture": "#glass black"},
				"up": {"uv": [0.5, 7.5, 7.5, 8.5], "texture": "#glass black"},
				"down": {"uv": [15.5, 8.5, 8.5, 7.5], "texture": "#glass black"}
			}
		},
		{
			"from": [11, 7.75, 7.1],
			"to": [12, 8.75, 8.1],
			"rotation": {"angle": 0, "axis": "y", "origin": [1.25, -4, -0.4]},
			"faces": {
				"north": {"uv": [8.5, 6, 15.5, 7], "texture": "#glass black"},
				"east": {"uv": [7.5, 6, 8.5, 7], "texture": "#glass black"},
				"south": {"uv": [0.5, 6, 7.5, 7], "texture": "#glass black"},
				"west": {"uv": [1, 6, 2, 7], "texture": "#glass black"},
				"up": {"uv": [0.5, 7.5, 7.5, 8.5], "texture": "#glass black"},
				"down": {"uv": [15.5, 8.5, 8.5, 7.5], "texture": "#glass black"}
			}
		},
		{
			"from": [-2.75, 8.05, 7.1],
			"to": [-1.65, 8.775, 8.1],
			"rotation": {"angle": 0, "axis": "y", "origin": [1.5, -3.9, -0.4]},
			"faces": {
				"north": {"uv": [8.5, 6, 15.5, 7], "texture": "#glass black"},
				"east": {"uv": [7.5, 6, 8.5, 7], "texture": "#glass black"},
				"south": {"uv": [0.5, 6, 7.5, 7], "texture": "#glass black"},
				"west": {"uv": [1, 6, 2, 7], "texture": "#glass black"},
				"up": {"uv": [0.5, 7.5, 7.5, 8.5], "texture": "#glass black"},
				"down": {"uv": [15.5, 8.5, 8.5, 7.5], "texture": "#glass black"}
			}
		},
		{
			"from": [12.4, -2.475, 7],
			"to": [12.825, -2.225, 8.2],
			"rotation": {"angle": 0, "axis": "y", "origin": [1.25, -5, -0.4]},
			"faces": {
				"north": {"uv": [6.2, 8.2, 6.7, 8.7], "texture": "#glass black", "cullface": "east"},
				"east": {"uv": [6.2, 8.1, 6.7, 8.8], "texture": "#glass black", "cullface": "east"},
				"south": {"uv": [6.7, 8.1, 6, 8.8], "texture": "#glass black", "cullface": "east"},
				"west": {"uv": [6, 8, 7, 9], "texture": "#glass black"},
				"up": {"uv": [6, 8, 7, 9], "texture": "#glass black"},
				"down": {"uv": [6.1, 8.9, 6.8, 8.1], "texture": "#glass black", "cullface": "east"}
			}
		},
		{
			"from": [12.65, -1.475, 7],
			"to": [13.075, -1.225, 8.2],
			"rotation": {"angle": 0, "axis": "y", "origin": [1.25, -5, -0.4]},
			"faces": {
				"north": {"uv": [6.7, 8.2, 6.2, 8.7], "texture": "#glass black", "cullface": "east"},
				"east": {"uv": [6.2, 8.1, 6.7, 8.8], "texture": "#glass black", "cullface": "east"},
				"south": {"uv": [6.7, 8.1, 6, 8.8], "texture": "#glass black", "cullface": "east"},
				"west": {"uv": [6, 8, 7, 9], "texture": "#glass black"},
				"up": {"uv": [6, 8, 7, 9], "texture": "#glass black"},
				"down": {"uv": [6.1, 8.9, 6.8, 8.1], "texture": "#glass black", "cullface": "east"}
			}
		},
		{
			"from": [12.9, -0.225, 7],
			"to": [13.225, 0.025, 8.2],
			"rotation": {"angle": 0, "axis": "y", "origin": [1.25, -5, -0.4]},
			"faces": {
				"north": {"uv": [6.2, 8.2, 6.7, 8.7], "texture": "#glass black", "cullface": "east"},
				"east": {"uv": [6.2, 8.1, 6.7, 8.8], "texture": "#glass black", "cullface": "east"},
				"south": {"uv": [6.7, 8.1, 6, 8.8], "texture": "#glass black", "cullface": "east"},
				"west": {"uv": [6, 8, 7, 9], "texture": "#glass black"},
				"up": {"uv": [6, 8, 7, 9], "texture": "#glass black"},
				"down": {"uv": [6.1, 8.9, 6.8, 8.1], "texture": "#glass black", "cullface": "east"}
			}
		},
		{
			"from": [12.75, 8.15, 6.925],
			"to": [14.25, 8.4, 8.25],
			"rotation": {"angle": 0, "axis": "y", "origin": [1.25, -4, -0.4]},
			"faces": {
				"north": {"uv": [8.5, 6, 15.5, 7], "texture": "#glass black"},
				"east": {"uv": [7.5, 6, 8.5, 7], "texture": "#glass black"},
				"south": {"uv": [0.5, 6, 7.5, 7], "texture": "#glass black"},
				"west": {"uv": [0, 0, 0, 0], "texture": "#glass black"},
				"up": {"uv": [0.5, 7.5, 7.5, 8.5], "texture": "#glass black"},
				"down": {"uv": [15.5, 8.5, 8.5, 7.5], "texture": "#glass black"}
			}
		},
		{
			"from": [12.75, 7.65, 6.675],
			"to": [15, 8.15, 8.5],
			"rotation": {"angle": 0, "axis": "y", "origin": [1.25, -4, -0.4]},
			"faces": {
				"north": {"uv": [8.5, 6, 15.5, 7], "texture": "#glass black"},
				"east": {"uv": [7.5, 6, 8.5, 7], "texture": "#glass black"},
				"south": {"uv": [0.5, 6, 7.5, 7], "texture": "#glass black"},
				"west": {"uv": [0, 0, 0, 0], "texture": "#glass black"},
				"up": {"uv": [0.5, 7.5, 7.5, 8.5], "texture": "#glass black"},
				"down": {"uv": [15.5, 8.5, 8.5, 7.5], "texture": "#glass black"}
			}
		},
		{
			"from": [12.5, 6.75, 6.425],
			"to": [15.5, 7.75, 8.75],
			"rotation": {"angle": 0, "axis": "y", "origin": [1.25, -4, -0.4]},
			"faces": {
				"north": {"uv": [8.5, 6, 15.5, 7], "texture": "#glass black"},
				"east": {"uv": [7.5, 6, 8.5, 7], "texture": "#glass black"},
				"south": {"uv": [0.5, 6, 7.5, 7], "texture": "#glass black"},
				"west": {"uv": [0, 0, 0, 0], "texture": "#glass black"},
				"up": {"uv": [0.5, 7.5, 7.5, 8.5], "texture": "#glass black"},
				"down": {"uv": [15.5, 8.5, 8.5, 7.5], "texture": "#glass black"}
			}
		},
		{
			"from": [11.5, 8.75, 7.1],
			"to": [11.75, 8.875, 8.1],
			"rotation": {"angle": 0, "axis": "y", "origin": [4.25, -4, -0.4]},
			"faces": {
				"north": {"uv": [8.5, 6, 15.5, 7], "texture": "#glass black"},
				"east": {"uv": [7.5, 6, 8.5, 7], "texture": "#glass black"},
				"south": {"uv": [0.5, 6, 7.5, 7], "texture": "#glass black"},
				"west": {"uv": [0, 0, 0, 0], "texture": "#glass black"},
				"up": {"uv": [0.5, 7.5, 7.5, 8.5], "texture": "#glass black"},
				"down": {"uv": [15.5, 8.5, 8.5, 7.5], "texture": "#glass black"}
			}
		}
	],
	"gui_light": "front",
	"display": {
		"thirdperson_righthand": {
			"rotation": [0, -102, 0],
			"translation": [-0.25, 2.75, 0.75],
			"scale": [0.67, 0.67, 0.67]
		},
		"thirdperson_lefthand": {
			"rotation": [0, 78, 0],
			"translation": [0.25, 2.75, 0.75],
			"scale": [0.67, 0.67, 0.67]
		},
		"firstperson_righthand": {
			"rotation": [180, -79.97, 180],
			"translation": [0.912, 7.1, 0.1],
			"scale": [0.97, 0.97, 0.99]
		},
		"firstperson_lefthand": {
			"rotation": [0, 80.15, 0],
			"translation": [1.54, 5.55, 0.25],
			"scale": [0.97, 0.97, 0.99]
		},
		"ground": {
			"translation": [0.25, 6, 0],
			"scale": [0.85, 0.85, 0.85]
		},
		"gui": {
			"rotation": [0, 0, -45],
			"translation": [1.25, 1.5, 0],
			"scale": [0.59, 0.59, 0.64]
		},
		"fixed": {
			"rotation": [0, 180, -45],
			"translation": [-1.25, 2.25, -1.1],
			"scale": [0.84, 0.84, 0.84]
		}
	}
}