{
	"credit": "Made by SrDarmith - YouTube: Mainclay",
	"textures": {
		"particle": "item/anvil_1",
		"texture": "item/anvil_1"
	},
	"elements": [
		{
			"from": [0.725, 5.5, 6.6],
			"to": [8.225, 6.75, 8.6],
			"rotation": {"angle": 0, "axis": "y", "origin": [3.75, -2.25, -0.4]},
			"faces": {
				"north": {"uv": [0, 16, 4, 14], "texture": "#texture", "cullface": "west"},
				"east": {"uv": [4, 16, 0, 14], "texture": "#texture", "cullface": "west"},
				"south": {"uv": [4, 16, 0, 14], "texture": "#texture", "cullface": "west"},
				"west": {"uv": [4, 16, 0, 14], "texture": "#texture", "cullface": "west"},
				"up": {"uv": [4, 16, 0, 14], "texture": "#texture", "cullface": "west"},
				"down": {"uv": [0, 14, 4, 16], "texture": "#texture", "cullface": "west"}
			}
		},
		{
			"from": [0.725, 5.225, 6.6],
			"to": [8.225, 5.5, 8.6],
			"rotation": {"angle": 0, "axis": "y", "origin": [3.75, -2.25, -0.4]},
			"faces": {
				"north": {"uv": [0, 16, 4, 14], "texture": "#texture", "cullface": "west"},
				"east": {"uv": [4, 16, 0, 14], "texture": "#texture", "cullface": "west"},
				"south": {"uv": [4, 16, 0, 14], "texture": "#texture", "cullface": "west"},
				"west": {"uv": [4, 16, 0, 14], "texture": "#texture", "cullface": "west"},
				"down": {"uv": [0, 14, 4, 16], "texture": "#texture", "cullface": "west"}
			}
		},
		{
			"from": [0.725, 5, 6.75],
			"to": [0.975, 5.25, 8.45],
			"rotation": {"angle": 0, "axis": "y", "origin": [3.75, -2.25, -0.4]},
			"faces": {
				"north": {"uv": [0, 16, 4, 14], "texture": "#texture", "cullface": "west"},
				"east": {"uv": [4, 16, 0, 14], "texture": "#texture", "cullface": "west"},
				"south": {"uv": [4, 16, 0, 14], "texture": "#texture", "cullface": "west"},
				"west": {"uv": [4, 16, 0, 14], "texture": "#texture", "cullface": "west"},
				"down": {"uv": [0, 14, 4, 16], "texture": "#texture", "cullface": "west"}
			}
		},
		{
			"from": [0.5, 5.75, 7.1],
			"to": [5.5, 6.65, 8.1],
			"rotation": {"angle": 0, "axis": "y", "origin": [3.75, -2.25, -0.4]},
			"faces": {
				"north": {"uv": [13.5, 7.5, 16, 7.75], "texture": "#texture", "cullface": "west"},
				"east": {"uv": [7.25, 7.5, 8.75, 7.75], "texture": "#texture", "cullface": "west"},
				"south": {"uv": [0, 7.5, 2.5, 7.75], "texture": "#texture", "cullface": "west"},
				"west": {"uv": [7.25, 7.5, 8.75, 7.75], "texture": "#texture", "cullface": "west"},
				"up": {"uv": [0, 7.25, 2.5, 8.75], "texture": "#texture", "cullface": "west"}
			}
		},
		{
			"from": [0.75, 6.25, 6.85],
			"to": [6.25, 6.5, 8.35],
			"rotation": {"angle": 0, "axis": "y", "origin": [3.75, -2.25, -0.4]},
			"faces": {
				"north": {"uv": [0, 16, 4, 14], "texture": "#texture", "cullface": "west"},
				"east": {"uv": [4, 16, 0, 14], "texture": "#texture", "cullface": "west"},
				"south": {"uv": [4, 16, 0, 14], "texture": "#texture", "cullface": "west"},
				"west": {"uv": [4, 16, 0, 14], "texture": "#texture", "cullface": "west"}
			}
		},
		{
			"from": [0.75, 5.25, 6.85],
			"to": [12.25, 7.25, 8.35],
			"rotation": {"angle": 0, "axis": "y", "origin": [3.75, -2.25, -0.4]},
			"faces": {
				"north": {"uv": [4, 16, 0, 14], "texture": "#texture"},
				"east": {"uv": [4, 16, 0, 14], "texture": "#texture"},
				"south": {"uv": [4, 16, 0, 14], "texture": "#texture"},
				"west": {"uv": [4, 16, 0, 14], "texture": "#texture"},
				"up": {"uv": [4, 16, 0, 14], "texture": "#texture"},
				"down": {"uv": [0, 14, 4, 16], "texture": "#texture"}
			}
		},
		{
			"from": [8.575, 5, 6.85],
			"to": [10.375, 5.25, 8.35],
			"rotation": {"angle": 0, "axis": "y", "origin": [3.75, -2.25, -0.4]},
			"faces": {
				"north": {"uv": [4, 16, 0, 14], "texture": "#texture"},
				"east": {"uv": [4, 16, 0, 14], "texture": "#texture"},
				"south": {"uv": [4, 16, 0, 14], "texture": "#texture"},
				"west": {"uv": [4, 16, 0, 14], "texture": "#texture"},
				"down": {"uv": [0, 14, 4, 16], "texture": "#texture"}
			}
		},
		{
			"from": [9.975, 4.85, 7.1],
			"to": [10.2, 5.025, 8.1],
			"rotation": {"angle": 0, "axis": "y", "origin": [3.75, -2.25, -0.4]},
			"faces": {
				"north": {"uv": [16, 12, 15, 11], "texture": "#texture"},
				"east": {"uv": [16, 12, 15, 11], "texture": "#texture"},
				"south": {"uv": [16, 12, 15, 11], "texture": "#texture"},
				"west": {"uv": [16, 12, 15, 11], "texture": "#texture"},
				"down": {"uv": [16, 12, 15, 11], "texture": "#texture"}
			}
		},
		{
			"from": [8.275, 4.05, 7.35],
			"to": [8.525, 5.55, 7.85],
			"rotation": {"angle": -22.5, "axis": "z", "origin": [8.5, 5.5, 7.35]},
			"faces": {
				"north": {"uv": [11.75, 8.75, 12.25, 9.75], "texture": "#texture"},
				"east": {"uv": [7.75, 8.75, 8.25, 9.75], "texture": "#texture"},
				"south": {"uv": [3.75, 8.75, 4.25, 9.75], "texture": "#texture"},
				"west": {"uv": [7.75, 8.75, 8.25, 9.75], "texture": "#texture"},
				"up": {"uv": [3.75, 7.75, 4.25, 8.25], "texture": "#texture"},
				"down": {"uv": [12.25, 8.25, 11.75, 7.75], "texture": "#texture"}
			}
		},
		{
			"from": [8.15, 2.675, 7.1],
			"to": [8.25, 2.925, 8.1],
			"rotation": {"angle": 22.5, "axis": "z", "origin": [5.45, 5.5, 7.1]},
			"faces": {
				"north": {"uv": [16, 12, 15, 11], "texture": "#texture"},
				"east": {"uv": [15, 12, 16, 11], "texture": "#texture"},
				"south": {"uv": [15, 12, 16, 11], "texture": "#texture"},
				"west": {"uv": [15, 12, 16, 11], "texture": "#texture"},
				"up": {"uv": [15, 12, 16, 11], "texture": "#texture"},
				"down": {"uv": [15, 12, 16, 11], "texture": "#texture"}
			}
		},
		{
			"from": [8.15, 1.175, 7.1],
			"to": [8.25, 1.425, 8.1],
			"rotation": {"angle": 22.5, "axis": "z", "origin": [5.45, 5.5, 7.1]},
			"faces": {
				"north": {"uv": [16, 12, 15, 11], "texture": "#texture"},
				"east": {"uv": [15, 12, 16, 11], "texture": "#texture"},
				"south": {"uv": [15, 12, 16, 11], "texture": "#texture"},
				"west": {"uv": [15, 12, 16, 11], "texture": "#texture"},
				"up": {"uv": [15, 12, 16, 11], "texture": "#texture"},
				"down": {"uv": [15, 12, 16, 11], "texture": "#texture"}
			}
		},
		{
			"from": [8.15, 1.925, 7.1],
			"to": [8.25, 2.175, 8.1],
			"rotation": {"angle": 22.5, "axis": "z", "origin": [5.45, 5.5, 7.1]},
			"faces": {
				"north": {"uv": [16, 12, 15, 11], "texture": "#texture"},
				"east": {"uv": [15, 12, 16, 11], "texture": "#texture"},
				"south": {"uv": [15, 12, 16, 11], "texture": "#texture"},
				"west": {"uv": [15, 12, 16, 11], "texture": "#texture"},
				"up": {"uv": [15, 12, 16, 11], "texture": "#texture"},
				"down": {"uv": [15, 12, 16, 11], "texture": "#texture"}
			}
		},
		{
			"from": [5.5, 2.1, 7.2],
			"to": [5.75, 6.325, 8],
			"rotation": {"angle": 22.5, "axis": "z", "origin": [5.45, 6.15, 7.1]},
			"faces": {
				"north": {"uv": [2, 16, 0, 14], "texture": "#texture"},
				"east": {"uv": [2, 16, 0, 14], "texture": "#texture"},
				"south": {"uv": [2, 16, 0, 14], "texture": "#texture"},
				"west": {"uv": [2, 16, 0, 14], "texture": "#texture"},
				"down": {"uv": [2, 16, 0, 14], "texture": "#texture"}
			}
		},
		{
			"from": [5.05, 4.75, 7.2],
			"to": [5.55, 5.25, 8],
			"rotation": {"angle": 45, "axis": "z", "origin": [5.45, 6.15, 7.1]},
			"faces": {
				"north": {"uv": [2, 16, 0, 14], "texture": "#texture"},
				"east": {"uv": [2, 16, 0, 14], "texture": "#texture"},
				"south": {"uv": [2, 16, 0, 14], "texture": "#texture"},
				"west": {"uv": [2, 16, 0, 14], "texture": "#texture"},
				"down": {"uv": [2, 16, 0, 14], "texture": "#texture"}
			}
		},
		{
			"from": [8.35, 3.325, 7.2],
			"to": [9.775, 3.575, 8],
			"rotation": {"angle": -22.5, "axis": "z", "origin": [5.45, 6.15, 7.1]},
			"faces": {
				"north": {"uv": [2, 16, 0, 14], "rotation": 90, "texture": "#texture"},
				"east": {"uv": [2, 16, 0, 14], "rotation": 270, "texture": "#texture"},
				"south": {"uv": [2, 16, 0, 14], "rotation": 270, "texture": "#texture"},
				"up": {"uv": [2, 16, 0, 14], "rotation": 270, "texture": "#texture"},
				"down": {"uv": [2, 16, 0, 14], "rotation": 270, "texture": "#texture"}
			}
		},
		{
			"from": [9.925, 1.9, 7.1],
			"to": [10.1, 3.55, 8.1],
			"rotation": {"angle": 22.5, "axis": "z", "origin": [8.7, 5.25, 7.1]},
			"faces": {
				"north": {"uv": [15, 12, 16, 11], "texture": "#texture"},
				"east": {"uv": [15, 12, 16, 11], "texture": "#texture"},
				"south": {"uv": [15, 12, 16, 11], "texture": "#texture"},
				"west": {"uv": [15, 12, 16, 11], "texture": "#texture"},
				"up": {"uv": [15, 12, 16, 11], "texture": "#texture"},
				"down": {"uv": [16, 12, 15, 11], "texture": "#texture"}
			}
		},
		{
			"from": [8.6, 1.65, 7.1],
			"to": [9.925, 5.3, 8.1],
			"rotation": {"angle": 22.5, "axis": "z", "origin": [8.7, 5.25, 7.1]},
			"faces": {
				"north": {"uv": [15, 12, 16, 11], "texture": "#texture"},
				"east": {"uv": [15, 12, 16, 11], "texture": "#texture"},
				"south": {"uv": [15, 12, 16, 11], "texture": "#texture"},
				"west": {"uv": [15, 12, 16, 11], "texture": "#texture"},
				"down": {"uv": [16, 12, 15, 11], "texture": "#texture"}
			}
		},
		{
			"from": [8.375, 1.9, 7.2],
			"to": [10, 2.15, 8],
			"rotation": {"angle": 0, "axis": "z", "origin": [9.7, 5.25, 7.1]},
			"faces": {
				"north": {"uv": [2, 16, 0, 14], "rotation": 270, "texture": "#texture"},
				"south": {"uv": [2, 16, 0, 14], "rotation": 90, "texture": "#texture"},
				"west": {"uv": [2, 16, 0, 14], "rotation": 90, "texture": "#texture"},
				"up": {"uv": [2, 16, 0, 14], "rotation": 90, "texture": "#texture"},
				"down": {"uv": [2, 16, 0, 14], "rotation": 90, "texture": "#texture"}
			}
		},
		{
			"from": [6, 7.25, 7.425],
			"to": [6.2, 8.35, 7.775],
			"rotation": {"angle": 0, "axis": "y", "origin": [3.5, -2.25, -0.4]},
			"faces": {
				"north": {"uv": [11.5, 6, 12, 6.5], "texture": "#texture"},
				"east": {"uv": [8, 6, 8.5, 6.5], "texture": "#texture"},
				"south": {"uv": [4, 6, 4.5, 6.5], "texture": "#texture"},
				"west": {"uv": [7.5, 6, 8, 6.5], "texture": "#texture"},
				"up": {"uv": [4, 7.5, 4.5, 8], "texture": "#texture"}
			}
		},
		{
			"from": [5.75, 7.25, 7.425],
			"to": [6, 7.35, 7.775],
			"rotation": {"angle": 0, "axis": "y", "origin": [3.5, -2.25, -0.4]},
			"faces": {
				"north": {"uv": [11.5, 6, 12, 6.5], "texture": "#texture"},
				"east": {"uv": [8, 6, 8.5, 6.5], "texture": "#texture"},
				"south": {"uv": [4, 6, 4.5, 6.5], "texture": "#texture"},
				"west": {"uv": [7.5, 6, 8, 6.5], "texture": "#texture"},
				"up": {"uv": [4, 7.5, 4.5, 8], "texture": "#texture"}
			}
		},
		{
			"from": [5.825, 8.125, 7.425],
			"to": [6, 8.35, 7.775],
			"rotation": {"angle": 0, "axis": "y", "origin": [3.5, -2.25, -0.4]},
			"faces": {
				"north": {"uv": [11.5, 6, 12, 6.5], "texture": "#texture"},
				"east": {"uv": [8, 6, 8.5, 6.5], "texture": "#texture"},
				"south": {"uv": [4, 6, 4.5, 6.5], "texture": "#texture"},
				"west": {"uv": [7.5, 6, 8, 6.5], "texture": "#texture"},
				"up": {"uv": [4, 7.5, 4.5, 8], "texture": "#texture"},
				"down": {"uv": [0, 0, 0, 0], "texture": "#texture"}
			}
		},
		{
			"from": [6.2, 7.25, 7.425],
			"to": [6.4, 8.075, 7.775],
			"rotation": {"angle": 0, "axis": "y", "origin": [3.5, -2.25, -0.4]},
			"faces": {
				"north": {"uv": [11.25, 6.25, 11.5, 6.5], "texture": "#texture"},
				"east": {"uv": [8, 6.25, 8.5, 6.5], "texture": "#texture"},
				"south": {"uv": [4.5, 6.25, 4.75, 6.5], "texture": "#texture"},
				"up": {"uv": [4.5, 7.5, 4.75, 8], "texture": "#texture"}
			}
		},
		{
			"from": [1.075, 9.05, 7.85],
			"to": [11.825, 9.35, 8.1],
			"rotation": {"angle": 0, "axis": "y", "origin": [3.75, -2.25, -0.4]},
			"faces": {
				"north": {"uv": [4, 16, 0, 15], "texture": "#texture"},
				"east": {"uv": [4, 16, 0, 15], "texture": "#texture"},
				"south": {"uv": [4, 16, 0, 15], "texture": "#texture"},
				"west": {"uv": [4, 16, 0, 15], "texture": "#texture"},
				"up": {"uv": [4, 16, 0, 15], "texture": "#texture"},
				"down": {"uv": [0, 15, 4, 16], "texture": "#texture"}
			}
		},
		{
			"from": [6.25, 9.3, 7.1],
			"to": [11.675, 9.5, 7.35],
			"rotation": {"angle": 0, "axis": "y", "origin": [3.75, -2.25, -0.4]},
			"faces": {
				"north": {"uv": [4, 16, 0, 15], "texture": "#texture"},
				"east": {"uv": [4, 16, 0, 15], "texture": "#texture"},
				"south": {"uv": [4, 16, 0, 15], "texture": "#texture"},
				"west": {"uv": [4, 16, 0, 15], "texture": "#texture"},
				"up": {"uv": [4, 16, 0, 15], "texture": "#texture"},
				"down": {"uv": [0, 15, 4, 16], "texture": "#texture"}
			}
		},
		{
			"from": [6.25, 9.35, 7.85],
			"to": [11.65, 9.55, 8.1],
			"rotation": {"angle": 0, "axis": "y", "origin": [3.75, -2.25, -0.4]},
			"faces": {
				"north": {"uv": [4, 16, 0, 15], "texture": "#texture"},
				"east": {"uv": [4, 16, 0, 15], "texture": "#texture"},
				"south": {"uv": [4, 16, 0, 15], "texture": "#texture"},
				"west": {"uv": [4, 16, 0, 15], "texture": "#texture"},
				"up": {"uv": [4, 16, 0, 15], "texture": "#texture"},
				"down": {"uv": [0, 15, 4, 16], "texture": "#texture"}
			}
		},
		{
			"from": [1.075, 9.05, 7.1],
			"to": [11.8, 9.35, 7.35],
			"rotation": {"angle": 0, "axis": "y", "origin": [3.75, -2.25, -0.4]},
			"faces": {
				"north": {"uv": [4, 16, 0, 15], "texture": "#texture"},
				"east": {"uv": [4, 16, 0, 15], "texture": "#texture"},
				"south": {"uv": [4, 16, 0, 15], "texture": "#texture"},
				"west": {"uv": [4, 16, 0, 15], "texture": "#texture"},
				"up": {"uv": [4, 16, 0, 15], "texture": "#texture"},
				"down": {"uv": [0, 15, 4, 16], "texture": "#texture"}
			}
		},
		{
			"from": [12.25, 4.75, 6.725],
			"to": [19.75, 6.25, 8.475],
			"rotation": {"angle": 0, "axis": "y", "origin": [3.75, -2.25, -0.4]},
			"faces": {
				"north": {"uv": [0, 14, 2, 16], "texture": "#texture"},
				"south": {"uv": [0, 14, 2, 16], "texture": "#texture"},
				"west": {"uv": [0, 14, 2, 16], "texture": "#texture"},
				"up": {"uv": [0, 14, 2, 16], "texture": "#texture"},
				"down": {"uv": [0, 16, 2, 14], "texture": "#texture"}
			}
		},
		{
			"from": [12.75, 4, 6.725],
			"to": [13.5, 4.75, 8.475],
			"rotation": {"angle": 0, "axis": "y", "origin": [3.75, -2.25, -0.4]},
			"faces": {
				"north": {"uv": [1, 15, 0, 16], "texture": "#texture"},
				"east": {"uv": [1, 15, 0, 16], "texture": "#texture"},
				"south": {"uv": [1, 15, 0, 16], "texture": "#texture"},
				"west": {"uv": [1, 15, 0, 16], "texture": "#texture"},
				"up": {"uv": [1, 15, 0, 16], "texture": "#texture"},
				"down": {"uv": [0, 16, 1, 15], "texture": "#texture"}
			}
		},
		{
			"from": [13, 3.5, 6.725],
			"to": [13.5, 4, 8.475],
			"rotation": {"angle": 0, "axis": "y", "origin": [3.75, -2.25, -0.4]},
			"faces": {
				"north": {"uv": [1, 15, 0, 16], "texture": "#texture"},
				"east": {"uv": [1, 15, 0, 16], "texture": "#texture"},
				"south": {"uv": [1, 15, 0, 16], "texture": "#texture"},
				"west": {"uv": [1, 15, 0, 16], "texture": "#texture"},
				"up": {"uv": [1, 15, 0, 16], "texture": "#texture"},
				"down": {"uv": [0, 16, 1, 15], "texture": "#texture"}
			}
		},
		{
			"from": [14.575, 0.575, 7.125],
			"to": [15.75, 0.85, 8.075],
			"rotation": {"angle": 0, "axis": "y", "origin": [3, -3.9, -0.4]},
			"faces": {
				"north": {"uv": [0.175, 8.2, 3.65, 8.7], "texture": "#texture", "cullface": "east"},
				"east": {"uv": [6.1, 8.1, 6.7, 8.8], "texture": "#texture", "cullface": "east"},
				"south": {"uv": [3.5, 8.1, 0, 8.8], "texture": "#texture", "cullface": "east"},
				"west": {"uv": [6, 8, 7, 9], "texture": "#texture"},
				"down": {"uv": [6.1, 8.9, 6.8, 8.1], "texture": "#texture", "cullface": "east"}
			}
		},
		{
			"from": [13.5, 0.85, 7.125],
			"to": [15.75, 6.125, 8.075],
			"rotation": {"angle": 0, "axis": "y", "origin": [3, -3.9, -0.4]},
			"faces": {
				"north": {"uv": [0.2, 8.2, 6.8, 8.7], "texture": "#texture", "cullface": "east"},
				"east": {"uv": [6.1, 8.1, 6.7, 8.8], "texture": "#texture", "cullface": "east"},
				"south": {"uv": [6.7, 8.1, 0, 8.8], "texture": "#texture", "cullface": "east"},
				"west": {"uv": [6, 8, 7, 9], "texture": "#texture"},
				"down": {"uv": [6.1, 8.9, 6.8, 8.1], "texture": "#texture", "cullface": "east"}
			}
		},
		{
			"from": [12, 6.75, 6.725],
			"to": [19.75, 7.275, 8.475],
			"rotation": {"angle": 0, "axis": "y", "origin": [3.75, -2.25, -0.4]},
			"faces": {
				"north": {"uv": [0, 15, 2, 16], "texture": "#texture"},
				"south": {"uv": [0, 15, 2, 16], "texture": "#texture"},
				"west": {"uv": [0, 15, 2, 16], "texture": "#texture"},
				"up": {"uv": [0, 15, 2, 16], "texture": "#texture"}
			}
		},
		{
			"from": [12, 6.25, 6.725],
			"to": [19.75, 6.75, 8.475],
			"rotation": {"angle": 0, "axis": "y", "origin": [3.75, -2.25, -0.4]},
			"faces": {
				"north": {"uv": [0, 15, 2, 16], "texture": "#texture"},
				"south": {"uv": [0, 15, 2, 16], "texture": "#texture"},
				"west": {"uv": [0, 15, 2, 16], "texture": "#texture"},
				"up": {"uv": [0, 15, 2, 16], "texture": "#texture"},
				"down": {"uv": [0, 15, 1, 16], "texture": "#texture"}
			}
		},
		{
			"from": [14.25, 4, 6.85],
			"to": [15, 4.75, 8.35],
			"rotation": {"angle": 0, "axis": "y", "origin": [3.75, -2.25, -0.4]},
			"faces": {
				"north": {"uv": [2, 14, 1, 16], "texture": "#texture"},
				"east": {"uv": [2, 14, 1, 16], "texture": "#texture"},
				"south": {"uv": [2, 14, 1, 16], "texture": "#texture"},
				"west": {"uv": [2, 14, 1, 16], "texture": "#texture"},
				"down": {"uv": [1, 16, 2, 14], "texture": "#texture"}
			}
		},
		{
			"from": [13.5, 3.75, 6.85],
			"to": [14.25, 4.75, 8.35],
			"rotation": {"angle": 0, "axis": "y", "origin": [3.75, -2.25, -0.4]},
			"faces": {
				"north": {"uv": [2, 14, 1, 16], "texture": "#texture"},
				"east": {"uv": [2, 14, 1, 16], "texture": "#texture"},
				"south": {"uv": [2, 14, 1, 16], "texture": "#texture"},
				"west": {"uv": [2, 14, 1, 16], "texture": "#texture"},
				"down": {"uv": [1, 16, 2, 14], "texture": "#texture"}
			}
		},
		{
			"from": [15, 4.25, 6.85],
			"to": [15.9, 4.75, 8.35],
			"rotation": {"angle": 0, "axis": "y", "origin": [3.75, -2.25, -0.4]},
			"faces": {
				"north": {"uv": [2, 14, 1, 16], "texture": "#texture"},
				"east": {"uv": [2, 14, 1, 16], "texture": "#texture"},
				"south": {"uv": [2, 14, 1, 16], "texture": "#texture"},
				"west": {"uv": [2, 14, 1, 16], "texture": "#texture"},
				"down": {"uv": [1, 16, 2, 14], "texture": "#texture"}
			}
		},
		{
			"from": [19.75, 3.75, 6.725],
			"to": [20.25, 7.775, 8.475],
			"rotation": {"angle": 0, "axis": "y", "origin": [3.75, -2.25, -0.4]},
			"faces": {
				"north": {"uv": [16, 12, 15, 11], "texture": "#texture"},
				"east": {"uv": [16, 12, 15, 11], "texture": "#texture"},
				"south": {"uv": [16, 12, 15, 11], "texture": "#texture"},
				"west": {"uv": [16, 12, 15, 11], "texture": "#texture"},
				"up": {"uv": [16, 12, 15, 11], "texture": "#texture"},
				"down": {"uv": [16, 12, 15, 11], "texture": "#texture"}
			}
		},
		{
			"from": [11, 7.25, 7.1],
			"to": [12.05, 8.75, 8.1],
			"rotation": {"angle": 0, "axis": "y", "origin": [3.75, -2.25, -0.4]},
			"faces": {
				"north": {"uv": [1, 14, 0, 16], "texture": "#texture"},
				"east": {"uv": [1, 16, 0, 14], "texture": "#texture"},
				"south": {"uv": [1, 16, 0, 14], "texture": "#texture"},
				"west": {"uv": [1, 16, 0, 14], "texture": "#texture"},
				"up": {"uv": [1, 16, 0, 14], "texture": "#texture"}
			}
		},
		{
			"from": [0.75, 7.25, 7.1],
			"to": [1.75, 8.75, 8.1],
			"rotation": {"angle": 0, "axis": "y", "origin": [3.75, -2.25, -0.4]},
			"faces": {
				"north": {"uv": [3, 16, 0, 14], "texture": "#texture"},
				"east": {"uv": [3, 16, 0, 14], "texture": "#texture"},
				"south": {"uv": [0, 16, 3, 14], "texture": "#texture"},
				"west": {"uv": [3, 16, 0, 14], "texture": "#texture"},
				"up": {"uv": [3, 16, 0, 14], "texture": "#texture"}
			}
		},
		{
			"from": [0.875, 8.75, 7.1],
			"to": [11.975, 9.05, 8.1],
			"rotation": {"angle": 0, "axis": "y", "origin": [3.775, -2.25, -0.4]},
			"faces": {
				"north": {"uv": [4, 16, 0, 15], "texture": "#texture"},
				"east": {"uv": [4, 16, 0, 15], "texture": "#texture"},
				"south": {"uv": [4, 16, 0, 15], "texture": "#texture"},
				"west": {"uv": [4, 16, 0, 15], "texture": "#texture"},
				"up": {"uv": [4, 16, 0, 15], "texture": "#texture"},
				"down": {"uv": [0, 15, 4, 16], "texture": "#texture"}
			}
		},
		{
			"from": [17, 7.275, 6.725],
			"to": [19.75, 7.525, 8.475],
			"rotation": {"angle": 0, "axis": "y", "origin": [3.75, -2.25, -0.4]},
			"faces": {
				"north": {"uv": [0, 14, 2, 15], "texture": "#texture"},
				"south": {"uv": [0, 14, 2, 15], "texture": "#texture"},
				"west": {"uv": [0, 14, 2, 15], "texture": "#texture"},
				"up": {"uv": [0, 14, 2, 15], "texture": "#texture"}
			}
		},
		{
			"from": [17.25, 7.525, 6.725],
			"to": [19.75, 7.775, 8.475],
			"rotation": {"angle": 0, "axis": "y", "origin": [3.75, -2.25, -0.4]},
			"faces": {
				"north": {"uv": [0, 14, 2, 15], "texture": "#texture"},
				"south": {"uv": [0, 14, 2, 15], "texture": "#texture"},
				"west": {"uv": [0, 14, 2, 15], "texture": "#texture"},
				"up": {"uv": [0, 14, 2, 15], "texture": "#texture"}
			}
		},
		{
			"from": [16.25, 4.5, 6.725],
			"to": [19.75, 4.75, 8.475],
			"rotation": {"angle": 0, "axis": "y", "origin": [3.75, -2.25, -0.4]},
			"faces": {
				"north": {"uv": [0, 15, 2, 16], "texture": "#texture"},
				"south": {"uv": [0, 15, 2, 16], "texture": "#texture"},
				"west": {"uv": [0, 15, 2, 16], "texture": "#texture"},
				"down": {"uv": [0, 16, 2, 15], "texture": "#texture"}
			}
		},
		{
			"from": [17, 4.25, 6.725],
			"to": [19.75, 4.5, 8.475],
			"rotation": {"angle": 0, "axis": "y", "origin": [3.75, -2.25, -0.4]},
			"faces": {
				"north": {"uv": [0, 15, 2, 16], "texture": "#texture"},
				"south": {"uv": [0, 15, 2, 16], "texture": "#texture"},
				"west": {"uv": [0, 15, 2, 16], "texture": "#texture"},
				"down": {"uv": [0, 16, 2, 15], "texture": "#texture"}
			}
		},
		{
			"from": [18.5, 3.75, 6.725],
			"to": [19.75, 4, 8.475],
			"rotation": {"angle": 0, "axis": "y", "origin": [3.75, -2.25, -0.4]},
			"faces": {
				"north": {"uv": [0, 15, 2, 16], "texture": "#texture"},
				"south": {"uv": [0, 15, 2, 16], "texture": "#texture"},
				"west": {"uv": [0, 15, 2, 16], "texture": "#texture"},
				"down": {"uv": [0, 16, 2, 15], "texture": "#texture"}
			}
		},
		{
			"from": [17.75, 4, 6.725],
			"to": [19.75, 4.25, 8.475],
			"rotation": {"angle": 0, "axis": "y", "origin": [3.75, -2.25, -0.4]},
			"faces": {
				"north": {"uv": [0, 15, 2, 16], "texture": "#texture"},
				"south": {"uv": [0, 15, 2, 16], "texture": "#texture"},
				"west": {"uv": [0, 15, 2, 16], "texture": "#texture"},
				"down": {"uv": [0, 16, 2, 15], "texture": "#texture"}
			}
		},
		{
			"from": [-2.75, 6.45, 7.35],
			"to": [5.25, 6.575, 7.85],
			"rotation": {"angle": 0, "axis": "y", "origin": [3.75, -2.25, -0.4]},
			"faces": {
				"north": {"uv": [0, 14, 2, 16], "texture": "#texture", "cullface": "west"},
				"south": {"uv": [0, 14, 2, 16], "texture": "#texture", "cullface": "west"},
				"west": {"uv": [0, 14, 2, 16], "texture": "#texture", "cullface": "west"},
				"up": {"uv": [0, 14, 2, 16], "texture": "#texture", "cullface": "west"},
				"down": {"uv": [2, 16, 0, 14], "texture": "#texture", "cullface": "west"}
			}
		},
		{
			"from": [-4.75, 5.7, 7.35],
			"to": [-2.75, 5.95, 7.85],
			"rotation": {"angle": 0, "axis": "y", "origin": [3.75, -2.25, -0.4]},
			"faces": {
				"north": {"uv": [4, 15, 5, 16], "texture": "#texture", "cullface": "west"},
				"east": {"uv": [4, 15, 5, 16], "texture": "#texture"},
				"south": {"uv": [4, 15, 5, 16], "texture": "#texture", "cullface": "west"},
				"west": {"uv": [4, 15, 5, 16], "texture": "#texture", "cullface": "west"},
				"up": {"uv": [4, 15, 5, 16], "texture": "#texture", "cullface": "west"},
				"down": {"uv": [5, 16, 4, 15], "texture": "#texture", "cullface": "west"}
			}
		},
		{
			"from": [-4.75, 5.95, 7.85],
			"to": [-2.75, 6.45, 8.1],
			"rotation": {"angle": 0, "axis": "y", "origin": [3.75, -2.25, -0.4]},
			"faces": {
				"north": {"uv": [4, 15, 5, 16], "texture": "#texture", "cullface": "west"},
				"east": {"uv": [4, 15, 5, 16], "texture": "#texture"},
				"south": {"uv": [4, 15, 5, 16], "texture": "#texture", "cullface": "west"},
				"west": {"uv": [4, 15, 5, 16], "texture": "#texture", "cullface": "west"},
				"up": {"uv": [4, 15, 5, 16], "texture": "#texture", "cullface": "west"},
				"down": {"uv": [5, 16, 4, 15], "texture": "#texture", "cullface": "west"}
			}
		},
		{
			"from": [-4.75, 5.95, 7.1],
			"to": [-2.75, 6.45, 7.35],
			"rotation": {"angle": 0, "axis": "y", "origin": [3.75, -2.25, -0.4]},
			"faces": {
				"north": {"uv": [4, 15, 5, 16], "texture": "#texture", "cullface": "west"},
				"east": {"uv": [4, 15, 5, 16], "texture": "#texture"},
				"south": {"uv": [4, 15, 5, 16], "texture": "#texture", "cullface": "west"},
				"west": {"uv": [4, 15, 5, 16], "texture": "#texture", "cullface": "west"},
				"up": {"uv": [4, 15, 5, 16], "texture": "#texture", "cullface": "west"},
				"down": {"uv": [5, 16, 4, 15], "texture": "#texture", "cullface": "west"}
			}
		},
		{
			"from": [-4.75, 6.45, 7.35],
			"to": [-2.75, 6.7, 7.85],
			"rotation": {"angle": 0, "axis": "y", "origin": [3.75, -2.25, -0.4]},
			"faces": {
				"north": {"uv": [4, 15, 5, 16], "texture": "#texture", "cullface": "west"},
				"east": {"uv": [4, 15, 5, 16], "texture": "#texture"},
				"south": {"uv": [4, 15, 5, 16], "texture": "#texture", "cullface": "west"},
				"west": {"uv": [4, 15, 5, 16], "texture": "#texture", "cullface": "west"},
				"up": {"uv": [4, 15, 5, 16], "texture": "#texture", "cullface": "west"},
				"down": {"uv": [5, 16, 4, 15], "texture": "#texture", "cullface": "west"}
			}
		},
		{
			"from": [-2.75, 5.95, 7.225],
			"to": [5.25, 6.45, 7.35],
			"rotation": {"angle": 0, "axis": "y", "origin": [3.75, -2.25, -0.4]},
			"faces": {
				"north": {"uv": [0, 14, 2, 16], "texture": "#texture", "cullface": "west"},
				"south": {"uv": [0, 14, 2, 16], "texture": "#texture", "cullface": "west"},
				"west": {"uv": [0, 14, 2, 16], "texture": "#texture", "cullface": "west"},
				"up": {"uv": [0, 14, 2, 16], "texture": "#texture", "cullface": "west"},
				"down": {"uv": [2, 16, 0, 14], "texture": "#texture", "cullface": "west"}
			}
		},
		{
			"from": [-2.75, 5.95, 7.85],
			"to": [5.25, 6.45, 7.975],
			"rotation": {"angle": 0, "axis": "y", "origin": [3.75, -2.25, -0.4]},
			"faces": {
				"north": {"uv": [0, 14, 2, 16], "texture": "#texture", "cullface": "west"},
				"south": {"uv": [0, 14, 2, 16], "texture": "#texture", "cullface": "west"},
				"west": {"uv": [0, 14, 2, 16], "texture": "#texture", "cullface": "west"},
				"up": {"uv": [0, 14, 2, 16], "texture": "#texture", "cullface": "west"},
				"down": {"uv": [2, 16, 0, 14], "texture": "#texture", "cullface": "west"}
			}
		},
		{
			"from": [-2.75, 5.825, 7.35],
			"to": [5.25, 5.95, 7.85],
			"rotation": {"angle": 0, "axis": "y", "origin": [3.75, -2.25, -0.4]},
			"faces": {
				"north": {"uv": [0, 14, 2, 16], "texture": "#texture", "cullface": "west"},
				"south": {"uv": [0, 14, 2, 16], "texture": "#texture", "cullface": "west"},
				"west": {"uv": [0, 14, 2, 16], "texture": "#texture", "cullface": "west"},
				"up": {"uv": [0, 14, 2, 16], "texture": "#texture", "cullface": "west"},
				"down": {"uv": [2, 16, 0, 14], "texture": "#texture", "cullface": "west"}
			}
		}
	],
	"gui_light": "front",
	"display": {
		"thirdperson_righthand": {
			"rotation": [0, -102, 0],
			"translation": [-0.25, 2.75, -0.25],
			"scale": [0.96, 0.96, 0.9]
		},
		"thirdperson_lefthand": {
			"rotation": [0, 78, 0],
			"translation": [0.5, 2.75, -0.25],
			"scale": [0.96, 0.96, 0.9]
		},
		"firstperson_righthand": {
			"rotation": [180, -79.97, 180],
			"translation": [0.912, 7.1, 0.1],
			"scale": [0.97, 0.97, 0.99]
		},
		"firstperson_lefthand": {
			"rotation": [0, 80.15, 0],
			"translation": [1.54, 5.55, 0.25],
			"scale": [0.97, 0.97, 0.99]
		},
		"ground": {
			"translation": [0, 3.75, 0],
			"scale": [1.1, 1.1, 1.1]
		},
		"gui": {
			"rotation": [0, 0, -45],
			"translation": [1, 1.5, 0],
			"scale": [0.8, 0.8, 1]
		},
		"head": {
			"translation": [0, 7.5, 0]
		},
		"fixed": {
			"rotation": [0, 180, -45],
			"translation": [-1.15, 2.3, -1.1],
			"scale": [1.23, 1.23, 1.18]
		}
	}
}