{
	"credit": "Made by SrDarmith - YouTube: Mainclay",
	"textures": {
		"1": "item/coal_block",
		"particle": "item/anvil_1",
		"texture": "item/anvil_1"
	},
	"elements": [
		{
			"from": [-2.5, 7.175, 7.05],
			"to": [8.25, 7.75, 8.15],
			"rotation": {"angle": 0, "axis": "y", "origin": [-1.5, -3.575, -0.4]},
			"faces": {
				"north": {"uv": [15, 11, 16, 12], "texture": "#texture", "cullface": "west"},
				"east": {"uv": [15, 11, 16, 12], "texture": "#texture", "cullface": "west"},
				"south": {"uv": [15, 11, 16, 12], "texture": "#texture", "cullface": "west"},
				"west": {"uv": [15, 11, 16, 12], "texture": "#texture", "cullface": "west"},
				"up": {"uv": [15, 11, 16, 12], "texture": "#texture", "cullface": "west"},
				"down": {"uv": [16, 12, 15, 11], "texture": "#texture", "cullface": "west"}
			}
		},
		{
			"from": [-2.5, 7.975, 6.9],
			"to": [0.4, 8.45, 8.3],
			"rotation": {"angle": 0, "axis": "y", "origin": [-1.5, -3.575, -0.4]},
			"faces": {
				"north": {"uv": [6.5, 5, 16, 5.5], "texture": "#texture", "cullface": "west"},
				"east": {"uv": [7.25, 5, 8.75, 5.5], "texture": "#texture", "cullface": "west"},
				"south": {"uv": [0, 5, 9.5, 5.5], "texture": "#texture", "cullface": "west"},
				"west": {"uv": [7.25, 5, 8.75, 5.5], "texture": "#texture", "cullface": "west"},
				"up": {"uv": [0, 7.25, 9.5, 8.75], "texture": "#texture", "cullface": "west"},
				"down": {"uv": [16, 8.75, 6.5, 7.25], "texture": "#texture", "cullface": "west"}
			}
		},
		{
			"from": [-2.3, 7.75, 7.2],
			"to": [0.1, 8.05, 7.9],
			"rotation": {"angle": 0, "axis": "y", "origin": [-1.5, -3.575, -0.4]},
			"faces": {
				"north": {"uv": [6.5, 5, 16, 5.5], "texture": "#texture", "cullface": "west"},
				"east": {"uv": [7.25, 5, 8.75, 5.5], "texture": "#texture", "cullface": "west"},
				"south": {"uv": [0, 5, 9.5, 5.5], "texture": "#texture", "cullface": "west"},
				"west": {"uv": [7.25, 5, 8.75, 5.5], "texture": "#texture", "cullface": "west"},
				"up": {"uv": [0, 7.25, 9.5, 8.75], "texture": "#texture", "cullface": "west"},
				"down": {"uv": [16, 8.75, 6.5, 7.25], "texture": "#texture", "cullface": "west"}
			}
		},
		{
			"from": [-1.75, 5.175, 6.85],
			"to": [8.25, 6.175, 8.35],
			"rotation": {"angle": 0, "axis": "y", "origin": [-1.5, -3.575, -0.4]},
			"faces": {
				"north": {"uv": [15, 11, 16, 12], "texture": "#texture", "cullface": "west"},
				"east": {"uv": [15, 11, 16, 12], "texture": "#texture"},
				"south": {"uv": [15, 11, 16, 12], "texture": "#texture", "cullface": "west"},
				"west": {"uv": [15, 11, 16, 12], "texture": "#texture", "cullface": "west"},
				"up": {"uv": [15, 11, 16, 12], "texture": "#texture", "cullface": "west"},
				"down": {"uv": [16, 12, 15, 11], "texture": "#texture", "cullface": "west"}
			}
		},
		{
			"from": [-1.75, 4.925, 7.1],
			"to": [8.25, 5.175, 8.1],
			"rotation": {"angle": 0, "axis": "y", "origin": [-1.5, -3.575, -0.4]},
			"faces": {
				"north": {"uv": [15, 11, 16, 12], "texture": "#texture", "cullface": "west"},
				"east": {"uv": [15, 11, 16, 12], "texture": "#texture"},
				"south": {"uv": [15, 11, 16, 12], "texture": "#texture", "cullface": "west"},
				"west": {"uv": [15, 11, 16, 12], "texture": "#texture", "cullface": "west"},
				"up": {"uv": [15, 11, 16, 12], "texture": "#texture", "cullface": "west"},
				"down": {"uv": [16, 12, 15, 11], "texture": "#texture", "cullface": "west"}
			}
		},
		{
			"from": [-4.8, 4.675, 7.1],
			"to": [7.75, 4.925, 8.1],
			"rotation": {"angle": 0, "axis": "y", "origin": [-1, -3.825, -0.4]},
			"faces": {
				"north": {"uv": [7.25, 7.25, 16, 7.5], "texture": "#texture", "cullface": "west"},
				"east": {"uv": [7.5, 7.25, 8.5, 7.5], "texture": "#texture", "cullface": "west"},
				"south": {"uv": [0, 7.25, 8.75, 7.5], "texture": "#texture", "cullface": "west"},
				"west": {"uv": [7.5, 7.25, 8.5, 7.5], "texture": "#texture", "cullface": "west"},
				"up": {"uv": [0, 7.5, 8.75, 8.5], "texture": "#texture", "cullface": "west"},
				"down": {"uv": [16, 8.5, 7.25, 7.5], "texture": "#texture", "cullface": "west"}
			}
		},
		{
			"from": [-4.8, 3.425, 6.6],
			"to": [6.25, 4.425, 6.85],
			"rotation": {"angle": 0, "axis": "y", "origin": [-1, -3.825, -0.4]},
			"faces": {
				"north": {"uv": [8.75, 7.75, 16, 8.75], "texture": "#texture", "cullface": "west"},
				"east": {"uv": [8.75, 7.75, 9, 8.75], "texture": "#texture", "cullface": "west"},
				"south": {"uv": [0, 7.75, 7.25, 8.75], "texture": "#texture", "cullface": "west"},
				"west": {"uv": [7, 7.75, 7.25, 8.75], "texture": "#texture", "cullface": "west"},
				"up": {"uv": [0, 7, 7.25, 7.25], "texture": "#texture", "cullface": "west"},
				"down": {"uv": [16, 7.25, 8.75, 7], "texture": "#texture", "cullface": "west"}
			}
		},
		{
			"from": [-4.8, 4.425, 8.1],
			"to": [7.25, 4.675, 8.35],
			"rotation": {"angle": 0, "axis": "y", "origin": [-1, -3.825, -0.4]},
			"faces": {
				"north": {"uv": [7.75, 7.5, 16, 8], "texture": "#texture", "cullface": "west"},
				"east": {"uv": [7.25, 7.5, 7.5, 8], "texture": "#texture", "cullface": "west"},
				"south": {"uv": [0, 7.5, 8.25, 8], "texture": "#texture", "cullface": "west"},
				"west": {"uv": [8.5, 7.5, 8.75, 8], "texture": "#texture", "cullface": "west"},
				"up": {"uv": [0, 8.5, 8.25, 8.75], "texture": "#texture", "cullface": "west"},
				"down": {"uv": [16, 8.75, 7.75, 8.5], "texture": "#texture", "cullface": "west"}
			}
		},
		{
			"from": [-4.8, 2.925, 7.1],
			"to": [6.25, 3.175, 8.1],
			"rotation": {"angle": 0, "axis": "y", "origin": [-1, -3.825, -0.4]},
			"faces": {
				"north": {"uv": [8.75, 9, 16, 9.25], "texture": "#texture", "cullface": "west"},
				"east": {"uv": [7.5, 9, 8.5, 9.25], "texture": "#texture", "cullface": "west"},
				"south": {"uv": [0, 9, 7.25, 9.25], "texture": "#texture", "cullface": "west"},
				"west": {"uv": [7.5, 9, 8.5, 9.25], "texture": "#texture", "cullface": "west"},
				"up": {"uv": [0, 7.5, 7.25, 8.5], "texture": "#texture", "cullface": "west"},
				"down": {"uv": [16, 8.5, 8.75, 7.5], "texture": "#texture", "cullface": "west"}
			}
		},
		{
			"from": [-4.8, 3.175, 6.85],
			"to": [6.25, 3.425, 7.1],
			"rotation": {"angle": 0, "axis": "y", "origin": [-1, -3.825, -0.4]},
			"faces": {
				"north": {"uv": [8.75, 8.75, 16, 9], "texture": "#texture", "cullface": "west"},
				"east": {"uv": [8.5, 8.75, 8.75, 9], "texture": "#texture", "cullface": "west"},
				"south": {"uv": [0, 8.75, 7.25, 9], "texture": "#texture", "cullface": "west"},
				"west": {"uv": [7.25, 8.75, 7.5, 9], "texture": "#texture", "cullface": "west"},
				"up": {"uv": [0, 7.25, 7.25, 7.5], "texture": "#texture", "cullface": "west"},
				"down": {"uv": [16, 7.5, 8.75, 7.25], "texture": "#texture", "cullface": "west"}
			}
		},
		{
			"from": [-4.8, 3.175, 8.1],
			"to": [6.25, 3.425, 8.35],
			"rotation": {"angle": 0, "axis": "y", "origin": [-1, -3.825, -0.4]},
			"faces": {
				"north": {"uv": [8.75, 8.75, 16, 9.5], "texture": "#texture", "cullface": "west"},
				"east": {"uv": [7.25, 8.75, 7.5, 9.5], "texture": "#texture", "cullface": "west"},
				"south": {"uv": [0, 8.75, 7.25, 9.5], "texture": "#texture", "cullface": "west"},
				"west": {"uv": [8.5, 8.75, 8.75, 9.5], "texture": "#texture", "cullface": "west"},
				"up": {"uv": [0, 8.5, 7.25, 8.75], "texture": "#texture", "cullface": "west"},
				"down": {"uv": [16, 8.75, 8.75, 8.5], "texture": "#texture", "cullface": "west"}
			}
		},
		{
			"from": [-4.8, 4.425, 6.85],
			"to": [7.25, 4.675, 7.1],
			"rotation": {"angle": 0, "axis": "y", "origin": [-1, -3.825, -0.4]},
			"faces": {
				"north": {"uv": [7.75, 7.5, 16, 7.75], "texture": "#texture", "cullface": "west"},
				"east": {"uv": [8.5, 7.5, 8.75, 7.75], "texture": "#texture", "cullface": "west"},
				"south": {"uv": [0, 7.5, 8.25, 7.75], "texture": "#texture", "cullface": "west"},
				"west": {"uv": [7.25, 7.5, 7.5, 7.75], "texture": "#texture", "cullface": "west"},
				"up": {"uv": [0, 7.25, 8.25, 7.5], "texture": "#texture", "cullface": "west"},
				"down": {"uv": [16, 7.5, 7.75, 7.25], "texture": "#texture", "cullface": "west"}
			}
		},
		{
			"from": [-4.8, 3.425, 8.35],
			"to": [6.5, 4.425, 8.6],
			"rotation": {"angle": 0, "axis": "y", "origin": [-1, -3.825, -0.4]},
			"faces": {
				"north": {"uv": [8.5, 7.75, 16, 8.75], "texture": "#texture", "cullface": "west"},
				"east": {"uv": [7, 7.75, 7.25, 8.75], "texture": "#texture", "cullface": "west"},
				"south": {"uv": [0, 7.75, 7.5, 8.75], "texture": "#texture", "cullface": "west"},
				"west": {"uv": [8.75, 7.75, 9, 8.75], "texture": "#texture", "cullface": "west"},
				"up": {"uv": [0, 8.75, 7.5, 9], "texture": "#texture", "cullface": "west"},
				"down": {"uv": [16, 9, 8.5, 8.75], "texture": "#texture", "cullface": "west"}
			}
		},
		{
			"from": [0.75, 3.175, 6.35],
			"to": [6, 4.775, 8.85],
			"rotation": {"angle": 0, "axis": "y", "origin": [-1, -3.825, -0.4]},
			"faces": {
				"north": {"uv": [15.15, 11.1, 16, 12], "texture": "#texture"},
				"east": {"uv": [15.5, 11.5, 16, 12], "texture": "#texture"},
				"south": {"uv": [15.05, 11.1, 16, 12], "texture": "#texture"},
				"west": {"uv": [15.5, 11.5, 16, 12], "texture": "#texture"},
				"up": {"uv": [15.15, 11.15, 16, 11.95], "texture": "#texture"},
				"down": {"uv": [16, 11.95, 15.15, 11.15], "texture": "#texture"}
			}
		},
		{
			"from": [5.05, 2.575, 6.75],
			"to": [5.6, 2.825, 8.45],
			"rotation": {"angle": 0, "axis": "y", "origin": [-1, -3.825, -0.4]},
			"faces": {
				"north": {"uv": [15.15, 11.25, 16, 11.8], "texture": "#texture"},
				"east": {"uv": [15.2, 11.25, 16, 11.9], "texture": "#texture"},
				"south": {"uv": [15.25, 11.25, 16, 11.9], "texture": "#texture"},
				"west": {"uv": [15.3, 11.25, 16, 11.7], "texture": "#texture"},
				"down": {"uv": [16, 11.75, 15.25, 11.25], "texture": "#texture"}
			}
		},
		{
			"from": [5.05, 2.825, 6.5],
			"to": [5.6, 3.075, 8.7],
			"rotation": {"angle": 0, "axis": "y", "origin": [-1, -3.825, -0.4]},
			"faces": {
				"north": {"uv": [15.15, 11, 16, 11.75], "texture": "#texture"},
				"east": {"uv": [15.2, 11, 16, 11.75], "texture": "#texture"},
				"south": {"uv": [15.15, 11, 16, 11.75], "texture": "#texture"},
				"west": {"uv": [15.2, 11, 16, 11.75], "texture": "#texture"},
				"down": {"uv": [16, 11.9, 15.15, 10.9], "texture": "#texture"}
			}
		},
		{
			"from": [5.05, 3.075, 6.25],
			"to": [5.6, 4.475, 8.95],
			"rotation": {"angle": 0, "axis": "y", "origin": [-1, -3.825, -0.4]},
			"faces": {
				"north": {"uv": [15.15, 11.1, 16, 12], "texture": "#texture"},
				"east": {"uv": [15.5, 11.5, 16, 12], "texture": "#texture"},
				"south": {"uv": [15.05, 11.1, 16, 12], "texture": "#texture"},
				"west": {"uv": [15.5, 11.5, 16, 12], "texture": "#texture"},
				"up": {"uv": [15.15, 11.15, 16, 11.95], "texture": "#texture"},
				"down": {"uv": [16, 11.95, 15.15, 11.15], "texture": "#texture"}
			}
		},
		{
			"from": [4.05, 2.575, 6.75],
			"to": [4.6, 2.825, 8.45],
			"rotation": {"angle": 0, "axis": "y", "origin": [-1, -3.825, -0.4]},
			"faces": {
				"north": {"uv": [15.15, 11.25, 16, 11.8], "texture": "#texture"},
				"east": {"uv": [15.2, 11.25, 16, 11.9], "texture": "#texture"},
				"south": {"uv": [15.25, 11.25, 16, 11.9], "texture": "#texture"},
				"west": {"uv": [15.3, 11.25, 16, 11.7], "texture": "#texture"},
				"down": {"uv": [16, 11.75, 15.25, 11.25], "texture": "#texture"}
			}
		},
		{
			"from": [4.05, 2.825, 6.5],
			"to": [4.6, 3.075, 8.7],
			"rotation": {"angle": 0, "axis": "y", "origin": [-1, -3.825, -0.4]},
			"faces": {
				"north": {"uv": [15.15, 11, 16, 11.75], "texture": "#texture"},
				"east": {"uv": [15.2, 11, 16, 11.75], "texture": "#texture"},
				"south": {"uv": [15.15, 11, 16, 11.75], "texture": "#texture"},
				"west": {"uv": [15.2, 11, 16, 11.75], "texture": "#texture"},
				"down": {"uv": [16, 11.9, 15.15, 10.9], "texture": "#texture"}
			}
		},
		{
			"from": [4.05, 3.075, 6.25],
			"to": [4.6, 4.475, 8.95],
			"rotation": {"angle": 0, "axis": "y", "origin": [-1, -3.825, -0.4]},
			"faces": {
				"north": {"uv": [15.15, 11.1, 16, 12], "texture": "#texture"},
				"east": {"uv": [15.5, 11.5, 16, 12], "texture": "#texture"},
				"south": {"uv": [15.05, 11.1, 16, 12], "texture": "#texture"},
				"west": {"uv": [15.5, 11.5, 16, 12], "texture": "#texture"},
				"up": {"uv": [15.15, 11.15, 16, 11.95], "texture": "#texture"},
				"down": {"uv": [16, 11.95, 15.15, 11.15], "texture": "#texture"}
			}
		},
		{
			"from": [3.05, 2.575, 6.75],
			"to": [3.6, 2.825, 8.45],
			"rotation": {"angle": 0, "axis": "y", "origin": [-1, -3.825, -0.4]},
			"faces": {
				"north": {"uv": [15.15, 11.25, 16, 11.8], "texture": "#texture"},
				"east": {"uv": [15.2, 11.25, 16, 11.9], "texture": "#texture"},
				"south": {"uv": [15.25, 11.25, 16, 11.9], "texture": "#texture"},
				"west": {"uv": [15.3, 11.25, 16, 11.7], "texture": "#texture"},
				"down": {"uv": [16, 11.75, 15.25, 11.25], "texture": "#texture"}
			}
		},
		{
			"from": [3.05, 2.825, 6.5],
			"to": [3.6, 3.075, 8.7],
			"rotation": {"angle": 0, "axis": "y", "origin": [-1, -3.825, -0.4]},
			"faces": {
				"north": {"uv": [15.15, 11, 16, 11.75], "texture": "#texture"},
				"east": {"uv": [15.2, 11, 16, 11.75], "texture": "#texture"},
				"south": {"uv": [15.15, 11, 16, 11.75], "texture": "#texture"},
				"west": {"uv": [15.2, 11, 16, 11.75], "texture": "#texture"},
				"down": {"uv": [16, 11.9, 15.15, 10.9], "texture": "#texture"}
			}
		},
		{
			"from": [3.05, 3.075, 6.25],
			"to": [3.6, 4.475, 8.95],
			"rotation": {"angle": 0, "axis": "y", "origin": [-1, -3.825, -0.4]},
			"faces": {
				"north": {"uv": [15.15, 11.1, 16, 12], "texture": "#texture"},
				"east": {"uv": [15.5, 11.5, 16, 12], "texture": "#texture"},
				"south": {"uv": [15.05, 11.1, 16, 12], "texture": "#texture"},
				"west": {"uv": [15.5, 11.5, 16, 12], "texture": "#texture"},
				"up": {"uv": [15.15, 11.15, 16, 11.95], "texture": "#texture"},
				"down": {"uv": [16, 11.95, 15.15, 11.15], "texture": "#texture"}
			}
		},
		{
			"from": [2.05, 2.575, 6.75],
			"to": [2.6, 2.825, 8.45],
			"rotation": {"angle": 0, "axis": "y", "origin": [-1, -3.825, -0.4]},
			"faces": {
				"north": {"uv": [15.15, 11.25, 16, 11.8], "texture": "#texture"},
				"east": {"uv": [15.2, 11.25, 16, 11.9], "texture": "#texture"},
				"south": {"uv": [15.25, 11.25, 16, 11.9], "texture": "#texture"},
				"west": {"uv": [15.3, 11.25, 16, 11.7], "texture": "#texture"},
				"down": {"uv": [16, 11.75, 15.25, 11.25], "texture": "#texture"}
			}
		},
		{
			"from": [2.05, 2.825, 6.5],
			"to": [2.6, 3.075, 8.7],
			"rotation": {"angle": 0, "axis": "y", "origin": [-1, -3.825, -0.4]},
			"faces": {
				"north": {"uv": [15.15, 11, 16, 11.75], "texture": "#texture"},
				"east": {"uv": [15.2, 11, 16, 11.75], "texture": "#texture"},
				"south": {"uv": [15.15, 11, 16, 11.75], "texture": "#texture"},
				"west": {"uv": [15.2, 11, 16, 11.75], "texture": "#texture"},
				"down": {"uv": [16, 11.9, 15.15, 10.9], "texture": "#texture"}
			}
		},
		{
			"from": [2.05, 3.075, 6.25],
			"to": [2.6, 4.475, 8.95],
			"rotation": {"angle": 0, "axis": "y", "origin": [-1, -3.825, -0.4]},
			"faces": {
				"north": {"uv": [15.15, 11.1, 16, 12], "texture": "#texture"},
				"east": {"uv": [15.5, 11.5, 16, 12], "texture": "#texture"},
				"south": {"uv": [15.05, 11.1, 16, 12], "texture": "#texture"},
				"west": {"uv": [15.5, 11.5, 16, 12], "texture": "#texture"},
				"up": {"uv": [15.15, 11.15, 16, 11.95], "texture": "#texture"},
				"down": {"uv": [16, 11.95, 15.15, 11.15], "texture": "#texture"}
			}
		},
		{
			"from": [1.05, 2.575, 6.75],
			"to": [1.6, 2.825, 8.45],
			"rotation": {"angle": 0, "axis": "y", "origin": [-1, -3.825, -0.4]},
			"faces": {
				"north": {"uv": [15.15, 11.25, 16, 11.8], "texture": "#texture"},
				"east": {"uv": [15.2, 11.25, 16, 11.9], "texture": "#texture"},
				"south": {"uv": [15.25, 11.25, 16, 11.9], "texture": "#texture"},
				"west": {"uv": [15.3, 11.25, 16, 11.7], "texture": "#texture"},
				"down": {"uv": [16, 11.75, 15.25, 11.25], "texture": "#texture"}
			}
		},
		{
			"from": [1.05, 2.825, 6.5],
			"to": [1.6, 3.075, 8.7],
			"rotation": {"angle": 0, "axis": "y", "origin": [-1, -3.825, -0.4]},
			"faces": {
				"north": {"uv": [15.15, 11, 16, 11.75], "texture": "#texture"},
				"east": {"uv": [15.2, 11, 16, 11.75], "texture": "#texture"},
				"south": {"uv": [15.15, 11, 16, 11.75], "texture": "#texture"},
				"west": {"uv": [15.2, 11, 16, 11.75], "texture": "#texture"},
				"down": {"uv": [16, 11.9, 15.15, 10.9], "texture": "#texture"}
			}
		},
		{
			"from": [1.05, 3.075, 6.25],
			"to": [1.6, 4.475, 8.95],
			"rotation": {"angle": 0, "axis": "y", "origin": [-1, -3.825, -0.4]},
			"faces": {
				"north": {"uv": [15.15, 11.1, 16, 12], "texture": "#texture"},
				"east": {"uv": [15.5, 11.5, 16, 12], "texture": "#texture"},
				"south": {"uv": [15.05, 11.1, 16, 12], "texture": "#texture"},
				"west": {"uv": [15.5, 11.5, 16, 12], "texture": "#texture"},
				"up": {"uv": [15.15, 11.15, 16, 11.95], "texture": "#texture"},
				"down": {"uv": [16, 11.95, 15.15, 11.15], "texture": "#texture"}
			}
		},
		{
			"from": [0.75, 2.925, 6.6],
			"to": [6, 3.175, 8.6],
			"rotation": {"angle": 0, "axis": "y", "origin": [-1, -3.825, -0.4]},
			"faces": {
				"north": {"uv": [15.15, 11, 16, 11.75], "texture": "#texture"},
				"east": {"uv": [15.2, 11, 16, 11.75], "texture": "#texture"},
				"south": {"uv": [15.15, 11, 16, 11.75], "texture": "#texture"},
				"west": {"uv": [15.2, 11, 16, 11.75], "texture": "#texture"},
				"down": {"uv": [16, 11.9, 15.15, 10.9], "texture": "#texture"}
			}
		},
		{
			"from": [0.75, 2.675, 6.85],
			"to": [6, 2.925, 8.35],
			"rotation": {"angle": 0, "axis": "y", "origin": [-1, -3.825, -0.4]},
			"faces": {
				"north": {"uv": [15.15, 11.25, 16, 11.8], "texture": "#texture"},
				"east": {"uv": [15.2, 11.25, 16, 11.9], "texture": "#texture"},
				"south": {"uv": [15.25, 11.25, 16, 11.9], "texture": "#texture"},
				"west": {"uv": [15.3, 11.25, 16, 11.7], "texture": "#texture"},
				"down": {"uv": [16, 11.75, 15.25, 11.25], "texture": "#texture"}
			}
		},
		{
			"from": [6.25, 4.175, 6.6],
			"to": [6.75, 4.425, 8.6],
			"rotation": {"angle": 0, "axis": "y", "origin": [-1, -3.825, -0.4]},
			"faces": {
				"north": {"uv": [8.25, 7.75, 8.75, 8], "texture": "#texture"},
				"east": {"uv": [7, 7.75, 9, 8], "texture": "#texture"},
				"south": {"uv": [7.25, 7.75, 7.75, 8], "texture": "#texture"},
				"west": {"uv": [7, 7.75, 9, 8], "texture": "#texture"},
				"up": {"uv": [7.25, 7, 7.75, 9], "texture": "#texture"},
				"down": {"uv": [8.75, 9, 8.25, 7], "texture": "#texture"}
			}
		},
		{
			"from": [6.25, 3.925, 6.6],
			"to": [6.5, 4.175, 8.6],
			"rotation": {"angle": 0, "axis": "y", "origin": [-1, -3.825, -0.4]},
			"faces": {
				"north": {"uv": [8.5, 8, 8.75, 8.25], "texture": "#texture"},
				"east": {"uv": [7, 8, 9, 8.25], "texture": "#texture"},
				"south": {"uv": [7.25, 8, 7.5, 8.25], "texture": "#texture"},
				"west": {"uv": [7, 8, 9, 8.25], "texture": "#texture"},
				"down": {"uv": [8.75, 9, 8.5, 7], "texture": "#texture"}
			}
		},
		{
			"from": [6.25, 3.675, 7.1],
			"to": [9, 4.925, 8.1],
			"rotation": {"angle": 0, "axis": "y", "origin": [-1, -3.825, -0.4]},
			"faces": {
				"north": {"uv": [6, 7.25, 8.75, 8.5], "texture": "#texture"},
				"east": {"uv": [7.5, 7.25, 8.5, 8.5], "texture": "#texture"},
				"south": {"uv": [7.25, 7.25, 10, 8.5], "texture": "#texture"},
				"west": {"uv": [7.5, 7.25, 8.5, 8.5], "texture": "#texture"},
				"up": {"uv": [7.25, 7.5, 10, 8.5], "texture": "#texture"},
				"down": {"uv": [8.75, 8.5, 6, 7.5], "texture": "#texture"}
			}
		},
		{
			"from": [6, 3.425, 6.85],
			"to": [6.25, 3.925, 8.35],
			"rotation": {"angle": 0, "axis": "y", "origin": [-1, -3.825, -0.4]},
			"faces": {
				"east": {"uv": [7.25, 8.25, 8.75, 8.75], "texture": "#texture"},
				"up": {"uv": [7, 7.25, 7.25, 8.75], "texture": "#texture"},
				"down": {"uv": [9, 8.75, 8.75, 7.25], "texture": "#texture"}
			}
		},
		{
			"from": [6, 4.675, 6.85],
			"to": [7.75, 4.925, 8.35],
			"rotation": {"angle": 0, "axis": "y", "origin": [-1, -3.825, -0.4]},
			"faces": {
				"north": {"uv": [7.25, 7, 9, 7.5], "texture": "#texture"},
				"east": {"uv": [7.25, 7, 8.75, 7.5], "texture": "#texture"},
				"south": {"uv": [7, 7, 8.75, 7.5], "texture": "#texture"},
				"west": {"uv": [7.25, 7, 8.75, 7.5], "texture": "#texture"},
				"down": {"uv": [9, 8.75, 7.25, 7.25], "texture": "#texture"}
			}
		},
		{
			"from": [6, 3.425, 7.1],
			"to": [9, 3.675, 8.1],
			"rotation": {"angle": 0, "axis": "y", "origin": [-1, -3.825, -0.4]},
			"faces": {
				"north": {"uv": [6.75, 8.5, 9, 8.75], "texture": "#texture"},
				"east": {"uv": [7.5, 8.5, 8.5, 8.75], "texture": "#texture"},
				"south": {"uv": [7, 8.5, 9.25, 8.75], "texture": "#texture"},
				"up": {"uv": [7, 7.5, 9.25, 8.5], "texture": "#texture"},
				"down": {"uv": [9, 8.5, 6.75, 7.5], "texture": "#texture"}
			}
		},
		{
			"from": [6, 3.175, 7.1],
			"to": [7.25, 3.425, 8.1],
			"rotation": {"angle": 0, "axis": "y", "origin": [-1, -3.825, -0.4]},
			"faces": {
				"north": {"uv": [7.75, 8.75, 9, 9], "texture": "#texture"},
				"east": {"uv": [7.5, 8.75, 8.5, 9], "texture": "#texture"},
				"south": {"uv": [7, 8.75, 8.25, 9], "texture": "#texture"},
				"down": {"uv": [9, 8.5, 7.75, 7.5], "texture": "#texture"}
			}
		},
		{
			"from": [6.675, 1.85, 7.35],
			"to": [6.925, 3.6, 7.85],
			"rotation": {"angle": 22.5, "axis": "z", "origin": [6.75, 3.175, 7.35]},
			"faces": {
				"north": {"uv": [7.75, 9, 8, 10], "texture": "#texture"},
				"east": {"uv": [7.75, 9, 8.25, 10], "texture": "#texture"},
				"south": {"uv": [8, 9, 8.25, 10], "texture": "#texture"},
				"west": {"uv": [7.75, 9, 8.25, 10], "texture": "#texture"},
				"down": {"uv": [8, 8.25, 7.75, 7.75], "texture": "#texture"}
			}
		},
		{
			"from": [7.2, 1.925, 7.35],
			"to": [8.75, 2.175, 7.85],
			"rotation": {"angle": 0, "axis": "y", "origin": [-1, -3.825, -0.4]},
			"faces": {
				"north": {"uv": [5.75, 9.75, 7.5, 10], "texture": "#texture"},
				"east": {"uv": [7.75, 9.75, 8.25, 10], "texture": "#texture"},
				"south": {"uv": [8.5, 9.75, 10.25, 10], "texture": "#texture"},
				"west": {"uv": [7.75, 9.75, 8.25, 10], "texture": "#texture"},
				"up": {"uv": [8.5, 7.75, 10.25, 8.25], "texture": "#texture"},
				"down": {"uv": [7.5, 8.25, 5.75, 7.75], "texture": "#texture"}
			}
		},
		{
			"from": [8.55, 2.525, 7.35],
			"to": [8.8, 3.775, 7.85],
			"rotation": {"angle": -22.5, "axis": "z", "origin": [8.75, 3.925, 7.35]},
			"faces": {
				"north": {"uv": [8.25, 0, 8.5, 1], "texture": "#texture"},
				"east": {"uv": [7.75, 0, 8.25, 1], "texture": "#texture"},
				"south": {"uv": [7.5, 0, 7.75, 1], "texture": "#texture"},
				"west": {"uv": [7.75, 0, 8.25, 1], "texture": "#texture"},
				"up": {"uv": [7.5, 7.75, 7.75, 8.25], "texture": "#texture"},
				"down": {"uv": [8.5, 8.25, 8.25, 7.75], "texture": "#texture"}
			}
		},
		{
			"from": [9.275, 2.075, 7.35],
			"to": [9.525, 3.825, 7.85],
			"rotation": {"angle": -22.5, "axis": "z", "origin": [8.75, 3.925, 7.35]},
			"faces": {
				"north": {"uv": [8.25, 0, 8.5, 1], "texture": "#texture"},
				"east": {"uv": [7.75, 0, 8.25, 1], "texture": "#texture"},
				"south": {"uv": [7.5, 0, 7.75, 1], "texture": "#texture"},
				"west": {"uv": [7.75, 0, 8.25, 1], "texture": "#texture"},
				"up": {"uv": [7.5, 7.75, 7.75, 8.25], "texture": "#texture"},
				"down": {"uv": [8.5, 8.25, 8.25, 7.75], "texture": "#texture"}
			}
		},
		{
			"from": [-2, 6.425, 6.65],
			"to": [-1.5, 6.675, 8.55],
			"rotation": {"angle": 0, "axis": "y", "origin": [-1.5, -3.575, -0.4]},
			"faces": {
				"north": {"uv": [15, 11, 16, 12], "texture": "#texture", "cullface": "west"},
				"south": {"uv": [15, 11, 16, 12], "texture": "#texture", "cullface": "west"},
				"west": {"uv": [15, 11, 16, 12], "texture": "#texture", "cullface": "west"},
				"up": {"uv": [15, 11, 16, 12], "texture": "#texture", "cullface": "west"},
				"down": {"uv": [16, 12, 15, 11], "texture": "#texture", "cullface": "west"}
			}
		},
		{
			"from": [-1.25, 6.175, 7.1],
			"to": [8.25, 6.65, 8.1],
			"rotation": {"angle": 0, "axis": "y", "origin": [-1.5, -3.575, -0.4]},
			"faces": {
				"north": {"uv": [9.2, 11, 10, 11.8], "texture": "#1", "cullface": "west"},
				"south": {"uv": [9.2, 11, 10, 11.9], "texture": "#1", "cullface": "west"},
				"west": {"uv": [9.4, 11.2, 10, 11.5], "texture": "#1", "cullface": "west"},
				"up": {"uv": [9.2, 11.05, 10, 11.85], "texture": "#1", "cullface": "west"},
				"down": {"uv": [10, 11.85, 9.2, 11.05], "texture": "#1", "cullface": "west"}
			}
		},
		{
			"from": [-2.5, 6.175, 6.9],
			"to": [-1.5, 6.675, 8.3],
			"rotation": {"angle": 0, "axis": "y", "origin": [-1.5, -3.575, -0.4]},
			"faces": {
				"north": {"uv": [15, 11, 16, 12], "texture": "#texture", "cullface": "west"},
				"south": {"uv": [15, 11, 16, 12], "texture": "#texture", "cullface": "west"},
				"west": {"uv": [15, 11, 16, 12], "texture": "#texture", "cullface": "west"},
				"up": {"uv": [15, 11, 16, 12], "texture": "#texture", "cullface": "west"},
				"down": {"uv": [16, 12, 15, 11], "texture": "#texture", "cullface": "west"}
			}
		},
		{
			"from": [-2.5, 6.675, 6.95],
			"to": [-2, 7.175, 8.25],
			"rotation": {"angle": 0, "axis": "y", "origin": [-1.5, -3.575, -0.4]},
			"faces": {
				"north": {"uv": [15, 11, 16, 12], "texture": "#texture", "cullface": "west"},
				"south": {"uv": [15, 11, 16, 12], "texture": "#texture", "cullface": "west"},
				"west": {"uv": [15, 11, 16, 12], "texture": "#texture", "cullface": "west"},
				"up": {"uv": [15, 11, 16, 12], "texture": "#texture", "cullface": "west"},
				"down": {"uv": [16, 12, 15, 11], "texture": "#texture", "cullface": "west"}
			}
		},
		{
			"from": [-2, 6.675, 6.8],
			"to": [-1.75, 7.175, 8.4],
			"rotation": {"angle": 0, "axis": "y", "origin": [-1.5, -3.575, -0.4]},
			"faces": {
				"north": {"uv": [15, 11, 16, 12], "texture": "#texture", "cullface": "west"},
				"east": {"uv": [15, 11, 16, 12], "texture": "#texture", "cullface": "west"},
				"south": {"uv": [15, 11, 16, 12], "texture": "#texture", "cullface": "west"},
				"west": {"uv": [15, 11, 16, 12], "texture": "#texture", "cullface": "west"},
				"up": {"uv": [15, 11, 16, 12], "texture": "#texture", "cullface": "west"},
				"down": {"uv": [16, 12, 15, 11], "texture": "#texture", "cullface": "west"}
			}
		},
		{
			"from": [6.25, 6.675, 6.8],
			"to": [8.25, 7.175, 8.4],
			"rotation": {"angle": 0, "axis": "y", "origin": [-1.5, -3.575, -0.4]},
			"faces": {
				"north": {"uv": [15, 11, 16, 12], "texture": "#texture", "cullface": "west"},
				"east": {"uv": [15, 11, 16, 12], "texture": "#texture"},
				"south": {"uv": [15, 11, 16, 12], "texture": "#texture", "cullface": "west"},
				"west": {"uv": [15, 11, 16, 12], "texture": "#texture", "cullface": "west"},
				"up": {"uv": [15, 11, 16, 12], "texture": "#texture", "cullface": "west"},
				"down": {"uv": [16, 12, 15, 11], "texture": "#texture", "cullface": "west"}
			}
		},
		{
			"from": [-1.25, 6.675, 6.8],
			"to": [-0.25, 7.175, 8.4],
			"rotation": {"angle": 0, "axis": "y", "origin": [-1.5, -3.575, -0.4]},
			"faces": {
				"north": {"uv": [15, 11, 16, 12], "texture": "#texture", "cullface": "west"},
				"east": {"uv": [15, 11, 16, 12], "texture": "#texture"},
				"south": {"uv": [15, 11, 16, 12], "texture": "#texture", "cullface": "west"},
				"west": {"uv": [15, 11, 16, 12], "texture": "#texture", "cullface": "west"},
				"up": {"uv": [15, 11, 16, 12], "texture": "#texture", "cullface": "west"},
				"down": {"uv": [16, 12, 15, 11], "texture": "#texture", "cullface": "west"}
			}
		},
		{
			"from": [0.25, 6.675, 6.8],
			"to": [1.25, 7.175, 8.4],
			"rotation": {"angle": 0, "axis": "y", "origin": [-1.5, -3.575, -0.4]},
			"faces": {
				"north": {"uv": [15, 11, 16, 12], "texture": "#texture", "cullface": "west"},
				"east": {"uv": [15, 11, 16, 12], "texture": "#texture"},
				"south": {"uv": [15, 11, 16, 12], "texture": "#texture", "cullface": "west"},
				"west": {"uv": [15, 11, 16, 12], "texture": "#texture", "cullface": "west"},
				"up": {"uv": [15, 11, 16, 12], "texture": "#texture", "cullface": "west"},
				"down": {"uv": [16, 12, 15, 11], "texture": "#texture", "cullface": "west"}
			}
		},
		{
			"from": [1.75, 6.675, 6.8],
			"to": [2.75, 7.175, 8.4],
			"rotation": {"angle": 0, "axis": "y", "origin": [-1.5, -3.575, -0.4]},
			"faces": {
				"north": {"uv": [15, 11, 16, 12], "texture": "#texture", "cullface": "west"},
				"east": {"uv": [15, 11, 16, 12], "texture": "#texture"},
				"south": {"uv": [15, 11, 16, 12], "texture": "#texture", "cullface": "west"},
				"west": {"uv": [15, 11, 16, 12], "texture": "#texture", "cullface": "west"},
				"up": {"uv": [15, 11, 16, 12], "texture": "#texture", "cullface": "west"},
				"down": {"uv": [16, 12, 15, 11], "texture": "#texture", "cullface": "west"}
			}
		},
		{
			"from": [3.25, 6.675, 6.8],
			"to": [4.25, 7.175, 8.4],
			"rotation": {"angle": 0, "axis": "y", "origin": [-1.5, -3.575, -0.4]},
			"faces": {
				"north": {"uv": [15, 11, 16, 12], "texture": "#texture", "cullface": "west"},
				"east": {"uv": [15, 11, 16, 12], "texture": "#texture"},
				"south": {"uv": [15, 11, 16, 12], "texture": "#texture", "cullface": "west"},
				"west": {"uv": [15, 11, 16, 12], "texture": "#texture", "cullface": "west"},
				"up": {"uv": [15, 11, 16, 12], "texture": "#texture", "cullface": "west"},
				"down": {"uv": [16, 12, 15, 11], "texture": "#texture", "cullface": "west"}
			}
		},
		{
			"from": [4.75, 6.675, 6.8],
			"to": [5.75, 7.175, 8.4],
			"rotation": {"angle": 0, "axis": "y", "origin": [-1.5, -3.575, -0.4]},
			"faces": {
				"north": {"uv": [15, 11, 16, 12], "texture": "#texture", "cullface": "west"},
				"east": {"uv": [15, 11, 16, 12], "texture": "#texture"},
				"south": {"uv": [15, 11, 16, 12], "texture": "#texture", "cullface": "west"},
				"west": {"uv": [15, 11, 16, 12], "texture": "#texture", "cullface": "west"},
				"up": {"uv": [15, 11, 16, 12], "texture": "#texture", "cullface": "west"},
				"down": {"uv": [16, 12, 15, 11], "texture": "#texture", "cullface": "west"}
			}
		},
		{
			"from": [-1.675, 6.175, 6.6],
			"to": [-1, 6.675, 8.6],
			"rotation": {"angle": 0, "axis": "y", "origin": [-1.5, -3.575, -0.4]},
			"faces": {
				"north": {"uv": [15, 11, 16, 12], "texture": "#texture", "cullface": "west"},
				"east": {"uv": [15, 11, 16, 12], "texture": "#texture"},
				"south": {"uv": [15, 11, 16, 12], "texture": "#texture", "cullface": "west"},
				"west": {"uv": [15, 11, 16, 12], "texture": "#texture", "cullface": "west"},
				"up": {"uv": [15, 11, 16, 12], "texture": "#texture", "cullface": "west"},
				"down": {"uv": [16, 12, 15, 11], "texture": "#texture", "cullface": "west"}
			}
		},
		{
			"from": [-0.5, 6.175, 6.6],
			"to": [0.5, 6.675, 8.6],
			"rotation": {"angle": 0, "axis": "y", "origin": [-1.5, -3.575, -0.4]},
			"faces": {
				"north": {"uv": [15, 11, 16, 12], "texture": "#texture", "cullface": "west"},
				"east": {"uv": [15, 11, 16, 12], "texture": "#texture"},
				"south": {"uv": [15, 11, 16, 12], "texture": "#texture", "cullface": "west"},
				"west": {"uv": [15, 11, 16, 12], "texture": "#texture", "cullface": "west"},
				"up": {"uv": [15, 11, 16, 12], "texture": "#texture", "cullface": "west"},
				"down": {"uv": [16, 12, 15, 11], "texture": "#texture", "cullface": "west"}
			}
		},
		{
			"from": [1, 6.175, 6.6],
			"to": [2, 6.675, 8.6],
			"rotation": {"angle": 0, "axis": "y", "origin": [-1.5, -3.575, -0.4]},
			"faces": {
				"north": {"uv": [15, 11, 16, 12], "texture": "#texture", "cullface": "west"},
				"east": {"uv": [15, 11, 16, 12], "texture": "#texture"},
				"south": {"uv": [15, 11, 16, 12], "texture": "#texture", "cullface": "west"},
				"west": {"uv": [15, 11, 16, 12], "texture": "#texture", "cullface": "west"},
				"up": {"uv": [15, 11, 16, 12], "texture": "#texture", "cullface": "west"},
				"down": {"uv": [16, 12, 15, 11], "texture": "#texture", "cullface": "west"}
			}
		},
		{
			"from": [2.5, 6.175, 6.6],
			"to": [3.5, 6.675, 8.6],
			"rotation": {"angle": 0, "axis": "y", "origin": [-1.5, -3.575, -0.4]},
			"faces": {
				"north": {"uv": [15, 11, 16, 12], "texture": "#texture", "cullface": "west"},
				"east": {"uv": [15, 11, 16, 12], "texture": "#texture"},
				"south": {"uv": [15, 11, 16, 12], "texture": "#texture", "cullface": "west"},
				"west": {"uv": [15, 11, 16, 12], "texture": "#texture", "cullface": "west"},
				"up": {"uv": [15, 11, 16, 12], "texture": "#texture", "cullface": "west"},
				"down": {"uv": [16, 12, 15, 11], "texture": "#texture", "cullface": "west"}
			}
		},
		{
			"from": [4, 6.175, 6.6],
			"to": [5, 6.675, 8.6],
			"rotation": {"angle": 0, "axis": "y", "origin": [-1.5, -3.575, -0.4]},
			"faces": {
				"north": {"uv": [15, 11, 16, 12], "texture": "#texture", "cullface": "west"},
				"east": {"uv": [15, 11, 16, 12], "texture": "#texture"},
				"south": {"uv": [15, 11, 16, 12], "texture": "#texture", "cullface": "west"},
				"west": {"uv": [15, 11, 16, 12], "texture": "#texture", "cullface": "west"},
				"up": {"uv": [15, 11, 16, 12], "texture": "#texture", "cullface": "west"},
				"down": {"uv": [16, 12, 15, 11], "texture": "#texture", "cullface": "west"}
			}
		},
		{
			"from": [5.5, 6.175, 6.6],
			"to": [6.5, 6.675, 8.6],
			"rotation": {"angle": 0, "axis": "y", "origin": [-1.5, -3.575, -0.4]},
			"faces": {
				"north": {"uv": [15, 11, 16, 12], "texture": "#texture", "cullface": "west"},
				"east": {"uv": [15, 11, 16, 12], "texture": "#texture"},
				"south": {"uv": [15, 11, 16, 12], "texture": "#texture", "cullface": "west"},
				"west": {"uv": [15, 11, 16, 12], "texture": "#texture", "cullface": "west"},
				"up": {"uv": [15, 11, 16, 12], "texture": "#texture", "cullface": "west"},
				"down": {"uv": [16, 12, 15, 11], "texture": "#texture", "cullface": "west"}
			}
		},
		{
			"from": [7, 6.175, 6.6],
			"to": [8.25, 6.675, 8.6],
			"rotation": {"angle": 0, "axis": "y", "origin": [-1.5, -3.575, -0.4]},
			"faces": {
				"north": {"uv": [15, 11, 16, 12], "texture": "#texture", "cullface": "west"},
				"east": {"uv": [15, 11, 16, 12], "texture": "#texture"},
				"south": {"uv": [15, 11, 16, 12], "texture": "#texture", "cullface": "west"},
				"west": {"uv": [15, 11, 16, 12], "texture": "#texture", "cullface": "west"},
				"up": {"uv": [15, 11, 16, 12], "texture": "#texture", "cullface": "west"},
				"down": {"uv": [16, 12, 15, 11], "texture": "#texture", "cullface": "west"}
			}
		},
		{
			"from": [-1.675, 5.425, 6.6],
			"to": [8.25, 6.175, 8.6],
			"rotation": {"angle": 0, "axis": "y", "origin": [-1.5, -3.575, -0.4]},
			"faces": {
				"north": {"uv": [15, 11, 16, 12], "texture": "#texture", "cullface": "west"},
				"east": {"uv": [15, 11, 16, 12], "texture": "#texture"},
				"south": {"uv": [15, 11, 16, 12], "texture": "#texture", "cullface": "west"},
				"west": {"uv": [15, 11, 16, 12], "texture": "#texture", "cullface": "west"},
				"up": {"uv": [15, 11, 16, 12], "texture": "#texture", "cullface": "west"},
				"down": {"uv": [16, 12, 15, 11], "texture": "#texture", "cullface": "west"}
			}
		},
		{
			"from": [25.9, 1.8, 7],
			"to": [26.15, 7.05, 8.2],
			"rotation": {"angle": 0, "axis": "y", "origin": [-1.1, -3.45, -0.4]},
			"faces": {
				"north": {"uv": [0, 5.25, 1, 7], "texture": "#texture", "cullface": "east"},
				"east": {"uv": [7.25, 5.25, 8.75, 7], "texture": "#texture", "cullface": "east"},
				"south": {"uv": [13, 5.25, 12, 7], "texture": "#texture", "cullface": "east"},
				"up": {"uv": [16, 7.25, 15, 8.75], "texture": "#texture", "cullface": "east"},
				"down": {"uv": [0, 8.75, 1, 7.25], "texture": "#texture", "cullface": "east"}
			}
		},
		{
			"from": [17.15, 5.05, 7],
			"to": [25.9, 7.05, 8.2],
			"rotation": {"angle": 0, "axis": "y", "origin": [-1.1, -3.45, -0.4]},
			"faces": {
				"north": {"uv": [16, 6.25, 15, 7], "texture": "#texture", "cullface": "east"},
				"east": {"uv": [15.5, 6.25, 16, 7], "texture": "#texture", "cullface": "east"},
				"south": {"uv": [16, 6.25, 15, 7], "texture": "#texture", "cullface": "east"},
				"west": {"uv": [15, 6, 16, 7], "texture": "#texture"},
				"up": {"uv": [16, 6.25, 15, 6.75], "texture": "#texture", "cullface": "east"},
				"down": {"uv": [16, 6.75, 15, 6.25], "texture": "#texture", "cullface": "east"}
			}
		},
		{
			"from": [18.375, 4.8, 7],
			"to": [25.9, 5.05, 8.2],
			"rotation": {"angle": 0, "axis": "y", "origin": [-1.1, -3.95, -0.4]},
			"faces": {
				"north": {"uv": [16, 6, 15, 6.25], "texture": "#texture", "cullface": "east"},
				"east": {"uv": [15.5, 6, 16, 6.25], "texture": "#texture", "cullface": "east"},
				"south": {"uv": [15, 6, 16, 6.25], "texture": "#texture", "cullface": "east"},
				"west": {"uv": [15.5, 6, 16, 6.25], "texture": "#texture", "cullface": "east"},
				"down": {"uv": [16, 6.75, 15, 6.25], "texture": "#texture", "cullface": "east"}
			}
		},
		{
			"from": [17.7, 4.8, 7],
			"to": [26.4, 5.05, 8.2],
			"rotation": {"angle": -22.5, "axis": "z", "origin": [18.4, 5.05, 6.85]},
			"faces": {
				"north": {"uv": [16, 6.25, 15.2, 6.9], "texture": "#texture", "cullface": "east"},
				"east": {"uv": [15.3, 6.25, 16, 6.7], "texture": "#texture", "cullface": "east"},
				"south": {"uv": [16, 6.15, 15.1, 6.7], "texture": "#texture", "cullface": "east"},
				"west": {"uv": [15.1, 6.25, 16, 6.7], "texture": "#texture", "cullface": "east"},
				"up": {"uv": [15, 6.25, 16, 6.75], "texture": "#texture", "cullface": "east"},
				"down": {"uv": [16, 6.75, 15.1, 6.35], "texture": "#texture", "cullface": "east"}
			}
		},
		{
			"from": [19.025, 4.55, 7],
			"to": [25.9, 4.8, 8.2],
			"rotation": {"angle": 0, "axis": "y", "origin": [-1.1, -3.95, -0.4]},
			"faces": {
				"north": {"uv": [16, 6.25, 15, 6.5], "texture": "#texture", "cullface": "east"},
				"east": {"uv": [15.5, 6.25, 16, 6.5], "texture": "#texture", "cullface": "east"},
				"south": {"uv": [16, 6.25, 15, 6.5], "texture": "#texture", "cullface": "east"},
				"west": {"uv": [15.5, 6.25, 16, 6.5], "texture": "#texture", "cullface": "east"},
				"down": {"uv": [16, 6.75, 15, 6.25], "texture": "#texture", "cullface": "east"}
			}
		},
		{
			"from": [19.65, 4.3, 7],
			"to": [25.9, 4.55, 8.2],
			"rotation": {"angle": 0, "axis": "y", "origin": [-1.1, -3.95, -0.4]},
			"faces": {
				"north": {"uv": [16, 6.5, 15, 6.75], "texture": "#texture", "cullface": "east"},
				"east": {"uv": [15.5, 6.5, 16, 6.75], "texture": "#texture", "cullface": "east"},
				"south": {"uv": [16, 6.5, 15, 6.75], "texture": "#texture", "cullface": "east"},
				"west": {"uv": [15.5, 6.5, 16, 6.75], "texture": "#texture", "cullface": "east"},
				"down": {"uv": [16, 6.75, 15, 6.25], "texture": "#texture", "cullface": "east"}
			}
		},
		{
			"from": [20.15, 4.05, 7],
			"to": [25.9, 4.3, 8.2],
			"rotation": {"angle": 0, "axis": "y", "origin": [-1.1, -3.95, -0.4]},
			"faces": {
				"north": {"uv": [16, 6.15, 15.1, 6.7], "texture": "#texture", "cullface": "east"},
				"east": {"uv": [15.5, 6.25, 16, 6.5], "texture": "#texture", "cullface": "east"},
				"south": {"uv": [16, 6.75, 15, 6], "texture": "#texture", "cullface": "east"},
				"west": {"uv": [15.1, 6.25, 16, 6.6], "texture": "#texture", "cullface": "east"},
				"down": {"uv": [15.1, 6.75, 16, 6.15], "texture": "#texture", "cullface": "east"}
			}
		},
		{
			"from": [20.825, 3.8, 7],
			"to": [25.9, 4.05, 8.2],
			"rotation": {"angle": 0, "axis": "y", "origin": [-1.1, -3.95, -0.4]},
			"faces": {
				"north": {"uv": [16, 6.5, 15.2, 6.75], "texture": "#texture", "cullface": "east"},
				"east": {"uv": [15.4, 6.5, 16, 6.55], "texture": "#texture", "cullface": "east"},
				"south": {"uv": [16, 6.2, 15.1, 6.75], "texture": "#texture", "cullface": "east"},
				"west": {"uv": [15.4, 6.3, 16, 6.65], "texture": "#texture", "cullface": "east"},
				"down": {"uv": [16, 6.75, 15.1, 6.25], "texture": "#texture", "cullface": "east"}
			}
		},
		{
			"from": [21.4, 3.55, 7],
			"to": [25.9, 3.8, 8.2],
			"rotation": {"angle": 0, "axis": "y", "origin": [-1.1, -3.95, -0.4]},
			"faces": {
				"north": {"uv": [16, 6.25, 15.2, 6.8], "texture": "#texture", "cullface": "east"},
				"east": {"uv": [15.2, 6.25, 16, 6.6], "texture": "#texture", "cullface": "east"},
				"south": {"uv": [16, 6.75, 15.2, 6.2], "texture": "#texture", "cullface": "east"},
				"west": {"uv": [15.3, 6.45, 16, 6.6], "texture": "#texture", "cullface": "east"},
				"down": {"uv": [16, 6.75, 15.2, 6.25], "texture": "#texture", "cullface": "east"}
			}
		},
		{
			"from": [22, 3.3, 7],
			"to": [25.9, 3.55, 8.2],
			"rotation": {"angle": 0, "axis": "y", "origin": [-1.1, -3.95, -0.4]},
			"faces": {
				"north": {"uv": [15.3, 6.5, 16, 6.75], "texture": "#texture", "cullface": "east"},
				"east": {"uv": [15.4, 6.3, 16, 6.75], "texture": "#texture", "cullface": "east"},
				"south": {"uv": [16, 6.8, 15.2, 6.25], "texture": "#texture", "cullface": "east"},
				"west": {"uv": [15.4, 6.3, 16, 6.75], "texture": "#texture", "cullface": "east"},
				"down": {"uv": [16, 6.75, 15.2, 6.25], "texture": "#texture", "cullface": "east"}
			}
		},
		{
			"from": [22.65, 3.05, 7],
			"to": [25.9, 3.3, 8.2],
			"rotation": {"angle": 0, "axis": "y", "origin": [-1.1, -3.95, -0.4]},
			"faces": {
				"north": {"uv": [15.3, 11.25, 16, 11.6], "texture": "#texture", "cullface": "east"},
				"east": {"uv": [15.2, 11.15, 16, 12], "texture": "#texture", "cullface": "east"},
				"south": {"uv": [15.95, 11.15, 15.15, 12], "rotation": 180, "texture": "#texture", "cullface": "east"},
				"west": {"uv": [15.1, 11.15, 16, 12], "texture": "#texture", "cullface": "east"},
				"down": {"uv": [16, 11.75, 15.1, 11.35], "texture": "#texture", "cullface": "east"}
			}
		},
		{
			"from": [23.15, 2.8, 7],
			"to": [25.9, 3.05, 8.2],
			"rotation": {"angle": 0, "axis": "y", "origin": [-1.1, -3.95, -0.4]},
			"faces": {
				"north": {"uv": [15.9, 11.3, 15.3, 11.75], "texture": "#texture", "cullface": "east"},
				"east": {"uv": [15.2, 11.3, 16, 11.85], "texture": "#texture", "cullface": "east"},
				"south": {"uv": [16, 11.2, 15.1, 11.95], "texture": "#texture", "cullface": "east"},
				"west": {"uv": [15.2, 11.3, 16, 11.85], "texture": "#texture", "cullface": "east"},
				"down": {"uv": [16, 11.75, 15.2, 11.35], "texture": "#texture", "cullface": "east"}
			}
		},
		{
			"from": [23.9, 2.55, 7],
			"to": [25.9, 2.8, 8.2],
			"rotation": {"angle": 0, "axis": "y", "origin": [-1.1, -3.95, -0.4]},
			"faces": {
				"north": {"uv": [16, 11.25, 15.3, 11.8], "texture": "#texture", "cullface": "east"},
				"east": {"uv": [15.2, 11.25, 16, 11.5], "texture": "#texture", "cullface": "east"},
				"south": {"uv": [16, 11.15, 15.2, 11.9], "texture": "#texture", "cullface": "east"},
				"west": {"uv": [15.3, 11.35, 16, 11.5], "texture": "#texture", "cullface": "east"},
				"down": {"uv": [16, 11.75, 15.2, 11.35], "texture": "#texture", "cullface": "east"}
			}
		},
		{
			"from": [24.4, 2.3, 7],
			"to": [25.9, 2.55, 8.2],
			"rotation": {"angle": 0, "axis": "y", "origin": [-1.1, -3.95, -0.4]},
			"faces": {
				"north": {"uv": [16, 11.5, 15.4, 11.75], "texture": "#texture", "cullface": "east"},
				"east": {"uv": [15.4, 11.5, 16, 11.75], "texture": "#texture", "cullface": "east"},
				"south": {"uv": [16, 11.2, 15.1, 11.95], "texture": "#texture", "cullface": "east"},
				"west": {"uv": [15.2, 11.5, 15.75, 11.8], "rotation": 270, "texture": "#texture", "cullface": "east"},
				"down": {"uv": [16, 11.75, 15.2, 11.35], "texture": "#texture", "cullface": "east"}
			}
		},
		{
			"from": [25.05, 2.05, 7],
			"to": [25.9, 2.3, 8.2],
			"rotation": {"angle": 0, "axis": "y", "origin": [-1.1, -3.95, -0.4]},
			"faces": {
				"north": {"uv": [15.35, 11.75, 16, 11.35], "rotation": 90, "texture": "#texture", "cullface": "east"},
				"east": {"uv": [15.3, 11.35, 16, 11.9], "texture": "#texture", "cullface": "east"},
				"south": {"uv": [16, 11.25, 15.1, 11.6], "texture": "#texture", "cullface": "east"},
				"west": {"uv": [15.1, 11.45, 16, 11.5], "texture": "#texture", "cullface": "east"},
				"down": {"uv": [16, 11.75, 15.2, 11.35], "texture": "#texture", "cullface": "east"}
			}
		},
		{
			"from": [25.65, 1.775, 7],
			"to": [25.9, 2.05, 8.2],
			"rotation": {"angle": 0, "axis": "y", "origin": [-1.1, -3.95, -0.4]},
			"faces": {
				"north": {"uv": [0, 11.4, 0.8, 11.75], "texture": "#texture", "cullface": "east"},
				"east": {"uv": [15.4, 11.4, 16, 11.65], "texture": "#texture", "cullface": "east"},
				"south": {"uv": [16, 11.3, 15.1, 11.85], "texture": "#texture", "cullface": "east"},
				"west": {"uv": [15.2, 11.3, 16, 11.75], "texture": "#texture", "cullface": "east"},
				"down": {"uv": [0.8, 11.75, 0, 11.25], "texture": "#texture", "cullface": "east"}
			}
		},
		{
			"from": [14.5, 7.825, 7.1],
			"to": [15.75, 9.325, 7.4],
			"rotation": {"angle": 0, "axis": "y", "origin": [-1.5, -3.675, -0.4]},
			"faces": {
				"north": {"uv": [1, 3, 0, 4.5], "texture": "#texture", "cullface": "east"},
				"east": {"uv": [7.5, 3, 8.5, 4.5], "texture": "#texture", "cullface": "east"},
				"south": {"uv": [15, 3, 16, 4.5], "texture": "#texture", "cullface": "east"},
				"west": {"uv": [7.5, 3, 8.5, 4.5], "texture": "#texture", "cullface": "east"},
				"up": {"uv": [15, 7.5, 16, 8.5], "texture": "#texture", "cullface": "east"}
			}
		},
		{
			"from": [8.25, 5.725, 6.85],
			"to": [9, 7.25, 8.35],
			"rotation": {"angle": 0, "axis": "y", "origin": [-1.25, 12.325, -0.4]},
			"faces": {
				"north": {"uv": [5.75, 5.25, 6.5, 7], "texture": "#texture"},
				"east": {"uv": [7.25, 5.25, 8.75, 7], "texture": "#texture"},
				"south": {"uv": [9.5, 5.25, 10.25, 7], "texture": "#texture"},
				"up": {"uv": [9.5, 7.25, 10.25, 8.75], "texture": "#texture"},
				"down": {"uv": [6.5, 8.75, 5.75, 7.25], "texture": "#texture"}
			}
		},
		{
			"from": [-2.825, 6.25, 7],
			"to": [-2.575, 6.9, 8.175],
			"rotation": {"angle": 0, "axis": "y", "origin": [-6, -3.225, -0.4]},
			"faces": {
				"north": {"uv": [14.5, 5.5, 14.75, 6.5], "texture": "#texture"},
				"east": {"uv": [7.75, 3.5, 8.25, 6.5], "texture": "#texture"},
				"south": {"uv": [1.25, 5.5, 1.5, 6.5], "texture": "#texture"},
				"west": {"uv": [7.75, 3.5, 8.25, 6.5], "texture": "#texture"},
				"up": {"uv": [1.25, 7.75, 1.5, 8.25], "texture": "#texture"},
				"down": {"uv": [14.75, 8.25, 14.5, 7.75], "texture": "#texture"}
			}
		},
		{
			"from": [-4.75, 6.25, 7],
			"to": [-4.5, 6.9, 8.175],
			"rotation": {"angle": 0, "axis": "y", "origin": [-6, -3.225, -0.4]},
			"faces": {
				"north": {"uv": [14.5, 5.5, 14.75, 6.5], "texture": "#texture"},
				"east": {"uv": [7.75, 3.5, 8.25, 6.5], "texture": "#texture"},
				"south": {"uv": [1.25, 5.5, 1.5, 6.5], "texture": "#texture"},
				"west": {"uv": [7.75, 3.5, 8.25, 6.5], "texture": "#texture"},
				"up": {"uv": [1.25, 7.75, 1.5, 8.25], "texture": "#texture"},
				"down": {"uv": [14.75, 8.25, 14.5, 7.75], "texture": "#texture"}
			}
		},
		{
			"from": [-9.325, 6.075, 7.35],
			"to": [-2.075, 6.325, 7.85],
			"rotation": {"angle": 0, "axis": "y", "origin": [-6.075, -3.325, -0.4]},
			"faces": {
				"north": {"uv": [14.5, 7.5, 16, 7.75], "texture": "#texture", "cullface": "west"},
				"south": {"uv": [0, 7.5, 1.5, 7.75], "texture": "#texture", "cullface": "west"},
				"west": {"uv": [7.75, 7.5, 8.25, 7.75], "texture": "#texture", "cullface": "west"},
				"up": {"uv": [0, 7.75, 1.5, 8.25], "texture": "#texture", "cullface": "west"},
				"down": {"uv": [16, 8.25, 14.5, 7.75], "texture": "#texture", "cullface": "west"}
			}
		},
		{
			"from": [-9.325, 6.325, 7.85],
			"to": [-2.075, 6.825, 8.1],
			"rotation": {"angle": 0, "axis": "y", "origin": [-6.075, -3.325, -0.4]},
			"faces": {
				"north": {"uv": [14.5, 7, 16, 7.5], "texture": "#texture", "cullface": "west"},
				"south": {"uv": [0, 7, 1.5, 7.5], "texture": "#texture", "cullface": "west"},
				"west": {"uv": [8.25, 7, 8.5, 7.5], "texture": "#texture", "cullface": "west"},
				"up": {"uv": [0, 8.25, 1.5, 8.5], "texture": "#texture", "cullface": "west"},
				"down": {"uv": [16, 8.5, 14.5, 8.25], "texture": "#texture", "cullface": "west"}
			}
		},
		{
			"from": [-9.325, 6.325, 7.1],
			"to": [-2.075, 6.825, 7.35],
			"rotation": {"angle": 0, "axis": "y", "origin": [-6.075, -3.325, -0.4]},
			"faces": {
				"north": {"uv": [14.5, 7, 16, 7.5], "texture": "#texture", "cullface": "west"},
				"south": {"uv": [0, 7, 1.5, 7.5], "texture": "#texture", "cullface": "west"},
				"west": {"uv": [7.5, 7, 7.75, 7.5], "texture": "#texture", "cullface": "west"},
				"up": {"uv": [0, 7.5, 1.5, 7.75], "texture": "#texture", "cullface": "west"},
				"down": {"uv": [16, 7.75, 14.5, 7.5], "texture": "#texture", "cullface": "west"}
			}
		},
		{
			"from": [-9.325, 6.825, 7.35],
			"to": [-2.075, 7.075, 7.85],
			"rotation": {"angle": 0, "axis": "y", "origin": [-6.075, -3.325, -0.4]},
			"faces": {
				"north": {"uv": [13.5, 6.75, 15, 7], "texture": "#texture", "cullface": "west"},
				"south": {"uv": [0, 6.75, 1.5, 7], "texture": "#texture", "cullface": "west"},
				"west": {"uv": [7.75, 6.75, 8.25, 7], "texture": "#texture", "cullface": "west"},
				"up": {"uv": [0, 7.75, 1.5, 8.25], "texture": "#texture", "cullface": "west"},
				"down": {"uv": [16, 8.25, 14.5, 7.75], "texture": "#texture", "cullface": "west"}
			}
		},
		{
			"from": [-10.825, 6, 7.275],
			"to": [-9.075, 6.325, 7.925],
			"rotation": {"angle": 0, "axis": "y", "origin": [-6.075, -3.325, -0.4]},
			"faces": {
				"north": {"uv": [14.5, 7.5, 16, 7.75], "texture": "#texture", "cullface": "west"},
				"east": {"uv": [5, 7, 6, 8], "texture": "#texture"},
				"south": {"uv": [0, 7.5, 1.5, 7.75], "texture": "#texture", "cullface": "west"},
				"west": {"uv": [7.75, 7.5, 8.25, 7.75], "texture": "#texture", "cullface": "west"},
				"up": {"uv": [0, 7.75, 1.5, 8.25], "texture": "#texture", "cullface": "west"},
				"down": {"uv": [16, 8.25, 14.5, 7.75], "texture": "#texture", "cullface": "west"}
			}
		},
		{
			"from": [-10.825, 6.25, 7.85],
			"to": [-9.075, 6.9, 8.175],
			"rotation": {"angle": 0, "axis": "y", "origin": [-6.075, -3.325, -0.4]},
			"faces": {
				"north": {"uv": [14.5, 7, 16, 7.5], "texture": "#texture", "cullface": "west"},
				"east": {"uv": [5, 7, 6, 8], "texture": "#texture"},
				"south": {"uv": [0, 7, 1.5, 7.5], "texture": "#texture", "cullface": "west"},
				"west": {"uv": [8.25, 7, 8.5, 7.5], "texture": "#texture", "cullface": "west"},
				"up": {"uv": [0, 8.25, 1.5, 8.5], "texture": "#texture", "cullface": "west"},
				"down": {"uv": [16, 8.5, 14.5, 8.25], "texture": "#texture", "cullface": "west"}
			}
		},
		{
			"from": [-10.825, 6.25, 7.025],
			"to": [-9.075, 6.9, 7.35],
			"rotation": {"angle": 0, "axis": "y", "origin": [-6.075, -3.325, -0.4]},
			"faces": {
				"north": {"uv": [14.5, 7, 16, 7.5], "texture": "#texture", "cullface": "west"},
				"east": {"uv": [5, 7, 6, 8], "texture": "#texture"},
				"south": {"uv": [0, 7, 1.5, 7.5], "texture": "#texture", "cullface": "west"},
				"west": {"uv": [7.5, 7, 7.75, 7.5], "texture": "#texture", "cullface": "west"},
				"up": {"uv": [0, 7.5, 1.5, 7.75], "texture": "#texture", "cullface": "west"},
				"down": {"uv": [16, 7.75, 14.5, 7.5], "texture": "#texture", "cullface": "west"}
			}
		},
		{
			"from": [-10.825, 6.825, 7.275],
			"to": [-9.075, 7.15, 7.925],
			"rotation": {"angle": 0, "axis": "y", "origin": [-6.075, -3.325, -0.4]},
			"faces": {
				"north": {"uv": [13.5, 6.75, 15, 7], "texture": "#texture", "cullface": "west"},
				"east": {"uv": [5, 7, 6, 8], "texture": "#texture"},
				"south": {"uv": [0, 6.75, 1.5, 7], "texture": "#texture", "cullface": "west"},
				"west": {"uv": [7.75, 6.75, 8.25, 7], "texture": "#texture", "cullface": "west"},
				"up": {"uv": [0, 7.75, 1.5, 8.25], "texture": "#texture", "cullface": "west"},
				"down": {"uv": [16, 8.25, 14.5, 7.75], "texture": "#texture", "cullface": "west"}
			}
		},
		{
			"from": [-2.575, 5.925, 6.98],
			"to": [-2.475, 7.45, 8.23],
			"rotation": {"angle": 0, "axis": "y", "origin": [-5.825, -3.325, -0.4]},
			"faces": {
				"north": {"uv": [12.75, 5.25, 13.25, 7], "texture": "#texture"},
				"south": {"uv": [2.75, 5.25, 3.25, 7], "texture": "#texture"},
				"west": {"uv": [7, 5.25, 9, 7], "texture": "#texture"},
				"up": {"uv": [2.75, 7, 3.25, 9], "texture": "#texture"},
				"down": {"uv": [13.25, 9, 12.75, 7], "texture": "#texture"}
			}
		},
		{
			"from": [9, 5.725, 7.1],
			"to": [9.25, 7.25, 8.1],
			"rotation": {"angle": 0, "axis": "y", "origin": [-1.25, 12.325, -0.4]},
			"faces": {
				"north": {"uv": [5.5, 5.5, 5.75, 6.75], "texture": "#texture"},
				"south": {"uv": [10.25, 5.5, 10.5, 6.75], "texture": "#texture"},
				"up": {"uv": [10.25, 7.5, 10.5, 8.5], "texture": "#texture"},
				"down": {"uv": [5.75, 8.5, 5.5, 7.5], "texture": "#texture"}
			}
		},
		{
			"from": [8.25, 5.475, 7.1],
			"to": [9, 7.5, 8.1],
			"rotation": {"angle": 0, "axis": "y", "origin": [-1.25, 12.325, -0.4]},
			"faces": {
				"north": {"uv": [5.75, 5.25, 6.5, 7], "texture": "#texture"},
				"east": {"uv": [7.25, 5.25, 8.75, 7], "texture": "#texture"},
				"south": {"uv": [9.5, 5.25, 10.25, 7], "texture": "#texture"},
				"up": {"uv": [9.5, 7.25, 10.25, 8.75], "texture": "#texture"},
				"down": {"uv": [6.5, 8.75, 5.75, 7.25], "texture": "#texture"}
			}
		},
		{
			"from": [-4.75, 7.25, 7.4],
			"to": [-2.75, 7.45, 7.8],
			"rotation": {"angle": 0, "axis": "y", "origin": [-6, -3.225, -0.4]},
			"faces": {
				"north": {"uv": [13.25, 5.25, 14.75, 5.5], "texture": "#texture"},
				"south": {"uv": [1.25, 5.25, 2.75, 5.5], "texture": "#texture"},
				"up": {"uv": [1.25, 7.75, 2.75, 8.25], "texture": "#texture"},
				"down": {"uv": [14.75, 8.25, 13.25, 7.75], "texture": "#texture"}
			}
		},
		{
			"from": [-2.825, 5.75, 7.3],
			"to": [-2.575, 7.65, 7.9],
			"rotation": {"angle": 0, "axis": "y", "origin": [-6, -3.225, -0.4]},
			"faces": {
				"north": {"uv": [14.5, 3.5, 14.75, 6.5], "texture": "#texture"},
				"east": {"uv": [7.75, 3.5, 8.25, 6.5], "texture": "#texture"},
				"south": {"uv": [1.25, 3.5, 1.5, 6.5], "texture": "#texture"},
				"west": {"uv": [7.75, 3.5, 8.25, 6.5], "texture": "#texture"},
				"up": {"uv": [1.25, 7.75, 1.5, 8.25], "texture": "#texture"},
				"down": {"uv": [14.75, 8.25, 14.5, 7.75], "texture": "#texture"}
			}
		},
		{
			"from": [-4.25, 8.775, 7.3],
			"to": [-4, 9.275, 7.475],
			"rotation": {"angle": 45, "axis": "z", "origin": [-4.25, 9.025, 7.35]},
			"faces": {
				"north": {"uv": [14, 3.25, 14.5, 4], "texture": "#texture"},
				"east": {"uv": [7.5, 5.25, 8.5, 6], "texture": "#texture"},
				"south": {"uv": [1, 3.25, 1.5, 4], "texture": "#texture"},
				"west": {"uv": [7.5, 5.25, 8.5, 6], "texture": "#texture"},
				"up": {"uv": [0, 7.5, 0.5, 8.5], "texture": "#texture"},
				"down": {"uv": [16, 8.5, 15.5, 7.5], "texture": "#texture"}
			}
		},
		{
			"from": [-4.25, 8.775, 7.725],
			"to": [-4, 9.275, 7.9],
			"rotation": {"angle": 45, "axis": "z", "origin": [-4.25, 9.025, 7.35]},
			"faces": {
				"north": {"uv": [14, 3.25, 14.5, 4], "texture": "#texture"},
				"east": {"uv": [7.5, 5.25, 8.5, 6], "texture": "#texture"},
				"south": {"uv": [1, 3.25, 1.5, 4], "texture": "#texture"},
				"west": {"uv": [7.5, 5.25, 8.5, 6], "texture": "#texture"},
				"up": {"uv": [0, 7.5, 0.5, 8.5], "texture": "#texture"},
				"down": {"uv": [16, 8.5, 15.5, 7.5], "texture": "#texture"}
			}
		},
		{
			"from": [-4.25, 6.425, 7.3],
			"to": [-4, 8.775, 7.9],
			"rotation": {"angle": 45, "axis": "z", "origin": [-4.25, 9.025, 7.35]},
			"faces": {
				"north": {"uv": [14, 3.25, 14.5, 5.25], "texture": "#texture"},
				"east": {"uv": [7.5, 5.25, 8.5, 7.25], "texture": "#texture"},
				"south": {"uv": [1, 3.25, 1.5, 5.25], "texture": "#texture"},
				"west": {"uv": [7.5, 5.25, 8.5, 7.25], "texture": "#texture"},
				"up": {"uv": [0, 7.5, 0.5, 8.5], "texture": "#texture"},
				"down": {"uv": [16, 8.5, 15.5, 7.5], "texture": "#texture"}
			}
		},
		{
			"from": [-3.9, 8.525, 7.3],
			"to": [-3.75, 8.675, 7.9],
			"rotation": {"angle": 0, "axis": "y", "origin": [-6, -3.225, -0.4]},
			"faces": {
				"north": {"uv": [14, 3.5, 14.5, 4], "texture": "#texture"},
				"east": {"uv": [7.75, 3.5, 8.25, 4], "texture": "#texture"},
				"south": {"uv": [1.5, 3.5, 2, 4], "texture": "#texture"},
				"up": {"uv": [1.5, 7.75, 2, 8.25], "texture": "#texture"},
				"down": {"uv": [14.5, 8.25, 14, 7.75], "texture": "#texture"}
			}
		},
		{
			"from": [-4.5, 8.525, 7.3],
			"to": [-3.9, 9.025, 7.9],
			"rotation": {"angle": 0, "axis": "y", "origin": [-6, -3.225, -0.4]},
			"faces": {
				"north": {"uv": [14, 3.5, 14.5, 4], "texture": "#texture"},
				"east": {"uv": [7.75, 3.5, 8.25, 4], "texture": "#texture"},
				"south": {"uv": [1.5, 3.5, 2, 4], "texture": "#texture"},
				"up": {"uv": [1.5, 7.75, 2, 8.25], "texture": "#texture"},
				"down": {"uv": [14.5, 8.25, 14, 7.75], "texture": "#texture"}
			}
		},
		{
			"from": [-4.5, 8.175, 7.3],
			"to": [-4.25, 8.675, 7.9],
			"rotation": {"angle": 0, "axis": "y", "origin": [-6, -3.225, -0.4]},
			"faces": {
				"north": {"uv": [14, 3.5, 14.5, 4], "texture": "#texture"},
				"east": {"uv": [7.75, 3.5, 8.25, 4], "texture": "#texture"},
				"south": {"uv": [1.5, 3.5, 2, 4], "texture": "#texture"},
				"up": {"uv": [1.5, 7.75, 2, 8.25], "texture": "#texture"},
				"down": {"uv": [14.5, 8.25, 14, 7.75], "texture": "#texture"}
			}
		},
		{
			"from": [-4.5, 8.675, 7.725],
			"to": [-4.25, 9.375, 7.9],
			"rotation": {"angle": 0, "axis": "y", "origin": [-20, -3.225, -0.4]},
			"faces": {
				"north": {"uv": [14, 3.5, 14.5, 4], "texture": "#texture"},
				"east": {"uv": [7.75, 3.5, 8.25, 4], "texture": "#texture"},
				"south": {"uv": [1.5, 3.5, 2, 4], "texture": "#texture"},
				"up": {"uv": [1.5, 7.75, 2, 8.25], "texture": "#texture"},
				"down": {"uv": [14.5, 8.25, 14, 7.75], "texture": "#texture"}
			}
		},
		{
			"from": [-4.5, 8.675, 7.3],
			"to": [-4.25, 9.375, 7.475],
			"rotation": {"angle": 0, "axis": "y", "origin": [-20, -3.225, -0.4]},
			"faces": {
				"north": {"uv": [14, 3.5, 14.5, 4], "texture": "#texture"},
				"east": {"uv": [7.75, 3.5, 8.25, 4], "texture": "#texture"},
				"south": {"uv": [1.5, 3.5, 2, 4], "texture": "#texture"},
				"up": {"uv": [1.5, 7.75, 2, 8.25], "texture": "#texture"},
				"down": {"uv": [14.5, 8.25, 14, 7.75], "texture": "#texture"}
			}
		},
		{
			"from": [-4.75, 5.775, 7.475],
			"to": [-4.5, 9.025, 7.725],
			"rotation": {"angle": 0, "axis": "y", "origin": [-6, -3.225, -0.4]},
			"faces": {
				"north": {"uv": [14.5, 3.5, 14.75, 6.5], "texture": "#texture"},
				"east": {"uv": [7.75, 3.5, 8.25, 6.5], "texture": "#texture"},
				"south": {"uv": [1.25, 3.5, 1.5, 6.5], "texture": "#texture"},
				"west": {"uv": [7.75, 3.5, 8.25, 10], "texture": "#texture"},
				"up": {"uv": [1.25, 7.75, 1.5, 8.25], "texture": "#texture"},
				"down": {"uv": [14.75, 8.25, 14.5, 7.75], "texture": "#texture"}
			}
		},
		{
			"from": [-4.75, 5.775, 7.3],
			"to": [-4.5, 9.375, 7.475],
			"rotation": {"angle": 0, "axis": "y", "origin": [-6, -3.225, -0.4]},
			"faces": {
				"north": {"uv": [14.5, 3.5, 14.75, 6.5], "texture": "#texture"},
				"east": {"uv": [7.75, 3.5, 8.25, 6.5], "texture": "#texture"},
				"south": {"uv": [1.25, 3.5, 1.5, 6.5], "texture": "#texture"},
				"west": {"uv": [7.75, 3.5, 8.25, 6.5], "texture": "#texture"},
				"up": {"uv": [1.25, 7.75, 1.5, 8.25], "texture": "#texture"},
				"down": {"uv": [14.75, 8.25, 14.5, 7.75], "texture": "#texture"}
			}
		},
		{
			"from": [-4.75, 5.775, 7.725],
			"to": [-4.5, 9.375, 7.9],
			"rotation": {"angle": 0, "axis": "y", "origin": [-6, -3.225, -0.4]},
			"faces": {
				"north": {"uv": [14.5, 3.5, 14.75, 6.5], "texture": "#texture"},
				"east": {"uv": [7.75, 3.5, 8.25, 6.5], "texture": "#texture"},
				"south": {"uv": [1.25, 3.5, 1.5, 6.5], "texture": "#texture"},
				"west": {"uv": [7.75, 3.5, 8.25, 6.5], "texture": "#texture"},
				"up": {"uv": [1.25, 7.75, 1.5, 8.25], "texture": "#texture"},
				"down": {"uv": [14.75, 8.25, 14.5, 7.75], "texture": "#texture"}
			}
		},
		{
			"from": [14.5, 7.825, 7.8],
			"to": [15.75, 9.325, 8.1],
			"rotation": {"angle": 0, "axis": "y", "origin": [-1.5, -3.675, -0.4]},
			"faces": {
				"north": {"uv": [0, 3, 1, 4.5], "texture": "#texture", "cullface": "east"},
				"east": {"uv": [7.5, 3, 8.5, 4.5], "texture": "#texture", "cullface": "east"},
				"south": {"uv": [15, 3, 16, 4.5], "texture": "#texture", "cullface": "east"},
				"west": {"uv": [7.5, 3, 8.5, 4.5], "texture": "#texture", "cullface": "east"},
				"up": {"uv": [16, 7.5, 15, 8.5], "texture": "#texture", "cullface": "east"}
			}
		},
		{
			"from": [14.5, 7.825, 7.4],
			"to": [15.75, 9.075, 7.8],
			"rotation": {"angle": 0, "axis": "y", "origin": [-1.5, -3.675, -0.4]},
			"faces": {
				"north": {"uv": [0, 3, 1, 4.5], "texture": "#texture", "cullface": "east"},
				"east": {"uv": [7.5, 3, 8.5, 4.5], "texture": "#texture", "cullface": "east"},
				"south": {"uv": [16, 3, 15, 4.5], "texture": "#texture", "cullface": "east"},
				"west": {"uv": [7.5, 3, 8.5, 4.5], "texture": "#texture", "cullface": "east"},
				"up": {"uv": [16, 7.5, 15, 8.5], "texture": "#texture", "cullface": "east"}
			}
		},
		{
			"from": [13.5, 9.325, 7.1],
			"to": [15.475, 9.575, 7.4],
			"rotation": {"angle": 0, "axis": "y", "origin": [-1.5, -3.675, -0.4]},
			"faces": {
				"north": {"uv": [0, 3, 1, 4.5], "texture": "#texture", "cullface": "east"},
				"east": {"uv": [7.5, 3, 8.5, 4.5], "texture": "#texture", "cullface": "east"},
				"south": {"uv": [16, 3, 15, 4.5], "texture": "#texture", "cullface": "east"},
				"west": {"uv": [7.5, 3, 8.5, 4.5], "texture": "#texture", "cullface": "east"},
				"up": {"uv": [16, 7.5, 15, 8.5], "texture": "#texture", "cullface": "east"}
			}
		},
		{
			"from": [13.5, 9.325, 7.8],
			"to": [15.475, 9.575, 8.1],
			"rotation": {"angle": 0, "axis": "y", "origin": [-1.5, -3.675, -0.4]},
			"faces": {
				"north": {"uv": [0, 3, 1, 4.5], "texture": "#texture", "cullface": "east"},
				"east": {"uv": [7.5, 3, 8.5, 4.5], "texture": "#texture", "cullface": "east"},
				"south": {"uv": [16, 3, 15, 3.5], "texture": "#texture", "cullface": "east"},
				"west": {"uv": [7.5, 3, 8.5, 4.5], "texture": "#texture", "cullface": "east"},
				"up": {"uv": [16, 7.5, 15, 8.5], "texture": "#texture", "cullface": "east"}
			}
		},
		{
			"from": [15.75, 7.825, 7.1],
			"to": [16, 8.825, 8.1],
			"rotation": {"angle": 0, "axis": "y", "origin": [-1.5, -3.675, -0.4]},
			"faces": {
				"north": {"uv": [1, 3.25, 0, 4.5], "texture": "#texture", "cullface": "east"},
				"east": {"uv": [7.5, 3.25, 8.5, 4.5], "texture": "#texture", "cullface": "east"},
				"south": {"uv": [15, 3.25, 16, 4.5], "texture": "#texture", "cullface": "east"},
				"up": {"uv": [15, 7.5, 16, 8.5], "texture": "#texture", "cullface": "east"}
			}
		},
		{
			"from": [16, 7.825, 7.1],
			"to": [16.25, 8.35, 8.1],
			"rotation": {"angle": 0, "axis": "y", "origin": [-1.5, -3.675, -0.4]},
			"faces": {
				"north": {"uv": [0, 4, 1, 4.5], "texture": "#texture", "cullface": "east"},
				"east": {"uv": [7.5, 4, 8.5, 4.5], "texture": "#texture", "cullface": "east"},
				"south": {"uv": [15, 4, 16, 4.5], "texture": "#texture", "cullface": "east"},
				"up": {"uv": [16, 7.5, 15, 8.5], "texture": "#texture", "cullface": "east"}
			}
		},
		{
			"from": [9.5, 8.825, 7.1],
			"to": [14.5, 9.075, 8.1],
			"rotation": {"angle": 0, "axis": "y", "origin": [-1.5, -3.675, -0.4]},
			"faces": {
				"north": {"uv": [0, 3.25, 5, 3.5], "texture": "#texture", "cullface": "east"},
				"south": {"uv": [11, 3.25, 16, 3.5], "texture": "#texture", "cullface": "east"},
				"west": {"uv": [7.5, 3.25, 8.5, 3.5], "texture": "#texture", "cullface": "east"},
				"up": {"uv": [11, 7.5, 16, 8.5], "texture": "#texture", "cullface": "east"},
				"down": {"uv": [5, 8.5, 0, 7.5], "texture": "#texture", "cullface": "east"}
			}
		},
		{
			"from": [11.225, 9.075, 7.1],
			"to": [14.5, 9.325, 7.4],
			"rotation": {"angle": 0, "axis": "y", "origin": [-1.5, -3.675, -0.4]},
			"faces": {
				"north": {"uv": [0, 3, 2, 3.25], "texture": "#texture", "cullface": "east"},
				"south": {"uv": [14, 3, 16, 3.25], "texture": "#texture", "cullface": "east"},
				"west": {"uv": [7.5, 3, 8.5, 3.25], "texture": "#texture", "cullface": "east"},
				"up": {"uv": [14, 7.5, 16, 8.5], "texture": "#texture", "cullface": "east"}
			}
		},
		{
			"from": [11.225, 9.075, 7.8],
			"to": [14.5, 9.325, 8.1],
			"rotation": {"angle": 0, "axis": "y", "origin": [-1.5, -3.675, -0.4]},
			"faces": {
				"north": {"uv": [0, 3, 2, 3.25], "texture": "#texture", "cullface": "east"},
				"south": {"uv": [14, 3, 16, 3.25], "texture": "#texture", "cullface": "east"},
				"west": {"uv": [7.5, 3, 8.5, 3.25], "texture": "#texture", "cullface": "east"},
				"up": {"uv": [14, 7.5, 16, 8.5], "texture": "#texture", "cullface": "east"}
			}
		},
		{
			"from": [9.25, 7.825, 7.1],
			"to": [9.5, 8.825, 8.1],
			"rotation": {"angle": 0, "axis": "y", "origin": [-1.5, -3.675, -0.4]},
			"faces": {
				"north": {"uv": [5, 3.5, 5.25, 4.5], "texture": "#texture"},
				"east": {"uv": [7.5, 3.5, 8.5, 4.5], "texture": "#texture"},
				"south": {"uv": [10.75, 3.5, 11, 4.5], "texture": "#texture"},
				"west": {"uv": [7.5, 3.5, 8.5, 4.5], "texture": "#texture"},
				"up": {"uv": [10.75, 7.5, 11, 8.5], "texture": "#texture"}
			}
		},
		{
			"from": [9.25, 7.325, 7.1],
			"to": [14.5, 7.825, 8.1],
			"rotation": {"angle": 0, "axis": "y", "origin": [-1.5, -3.675, -0.4]},
			"faces": {
				"north": {"uv": [0, 4.5, 5.25, 5], "texture": "#texture", "cullface": "east"},
				"east": {"uv": [7.25, 4.5, 8.75, 5], "texture": "#texture", "cullface": "east"},
				"south": {"uv": [10.75, 4.5, 15, 5], "texture": "#texture", "cullface": "east"},
				"west": {"uv": [7.25, 4.5, 8.75, 5], "texture": "#texture", "cullface": "east"},
				"up": {"uv": [10.75, 7.25, 16, 8.75], "texture": "#texture", "cullface": "east"}
			}
		},
		{
			"from": [14.5, 7.325, 7.1],
			"to": [16.5, 7.825, 8.1],
			"rotation": {"angle": 0, "axis": "y", "origin": [-1.5, -3.675, -0.4]},
			"faces": {
				"north": {"uv": [0, 4.5, 5.25, 5], "texture": "#texture", "cullface": "east"},
				"east": {"uv": [7.25, 4.5, 8.75, 5], "texture": "#texture", "cullface": "east"},
				"south": {"uv": [14.75, 3.5, 16, 4], "texture": "#texture", "cullface": "east"},
				"west": {"uv": [7.25, 4.5, 8.75, 5], "texture": "#texture", "cullface": "east"},
				"up": {"uv": [10.75, 7.25, 16, 8.75], "texture": "#texture", "cullface": "east"}
			}
		},
		{
			"from": [-2, 7.175, 6.8],
			"to": [8.25, 7.475, 8.4],
			"rotation": {"angle": 0, "axis": "y", "origin": [-1.5, -3.575, -0.4]},
			"faces": {
				"north": {"uv": [15, 11, 16, 12], "texture": "#texture", "cullface": "west"},
				"east": {"uv": [15, 11, 16, 12], "texture": "#texture"},
				"south": {"uv": [15, 11, 16, 12], "texture": "#texture", "cullface": "west"},
				"west": {"uv": [15, 11, 16, 12], "texture": "#texture", "cullface": "west"},
				"up": {"uv": [15, 11, 16, 12], "texture": "#texture", "cullface": "west"},
				"down": {"uv": [16, 12, 15, 11], "texture": "#texture", "cullface": "west"}
			}
		},
		{
			"from": [9.25, 5.825, 6.75],
			"to": [16.9, 6.7, 8.45],
			"rotation": {"angle": 0, "axis": "y", "origin": [-1.5, -3.675, -0.4]},
			"faces": {
				"north": {"uv": [0, 5, 5.5, 7], "texture": "#texture", "cullface": "east"},
				"east": {"uv": [7, 5, 9, 7.25], "texture": "#texture", "cullface": "east"},
				"south": {"uv": [9.5, 5, 15, 7], "texture": "#texture", "cullface": "east"},
				"west": {"uv": [7, 5, 9, 7.25], "texture": "#texture", "cullface": "east"},
				"up": {"uv": [10.5, 7, 16, 9], "texture": "#texture", "cullface": "east"},
				"down": {"uv": [5.5, 9, 0, 7], "texture": "#texture", "cullface": "east"}
			}
		},
		{
			"from": [9.25, 4.825, 7],
			"to": [17.15, 7.175, 8.2],
			"rotation": {"angle": 0, "axis": "y", "origin": [-1.5, -3.675, -0.4]},
			"faces": {
				"north": {"uv": [0, 5, 5.5, 7.25], "texture": "#texture", "cullface": "east"},
				"east": {"uv": [7, 5, 9, 7.25], "texture": "#texture", "cullface": "east"},
				"south": {"uv": [9.5, 5, 15, 7.25], "texture": "#texture", "cullface": "east"},
				"west": {"uv": [7, 5, 9, 7.25], "texture": "#texture", "cullface": "east"},
				"up": {"uv": [10.5, 7, 16, 9], "texture": "#texture", "cullface": "east"},
				"down": {"uv": [5.5, 9, 0, 7], "texture": "#texture", "cullface": "east"}
			}
		},
		{
			"from": [9.5, 3.325, 6.925],
			"to": [11, 5.825, 8.275],
			"rotation": {"angle": 0, "axis": "y", "origin": [-1.25, -3.675, -0.4]},
			"faces": {
				"north": {"uv": [1.75, 6.25, 3.25, 8], "texture": "#texture"},
				"south": {"uv": [10.75, 7.25, 12.25, 9], "texture": "#texture"},
				"west": {"uv": [7, 7.25, 9, 9], "texture": "#texture"},
				"down": {"uv": [5.25, 9, 3.75, 7], "texture": "#texture"}
			}
		},
		{
			"from": [11, 3.075, 6.925],
			"to": [12.5, 5.825, 8.275],
			"rotation": {"angle": 0, "axis": "y", "origin": [-1.25, -3.675, -0.4]},
			"faces": {
				"north": {"uv": [0.25, 6.25, 1.75, 8.25], "texture": "#texture"},
				"east": {"uv": [7, 7.25, 9, 9.25], "texture": "#texture"},
				"south": {"uv": [12.25, 7.25, 13.75, 9.25], "texture": "#texture"},
				"west": {"uv": [7, 7.25, 9, 9.25], "texture": "#texture"},
				"down": {"uv": [3.75, 9, 2.25, 7], "texture": "#texture"}
			}
		},
		{
			"from": [12.5, 4.575, 7],
			"to": [16.6, 4.825, 8.2],
			"rotation": {"angle": 0, "axis": "y", "origin": [-1.5, -3.675, -0.4]},
			"faces": {
				"north": {"uv": [0, 7.25, 2.25, 7.75], "texture": "#texture", "cullface": "east"},
				"east": {"uv": [7, 7.25, 9, 7.75], "texture": "#texture", "cullface": "east"},
				"south": {"uv": [13.75, 7.25, 16, 7.75], "texture": "#texture", "cullface": "east"},
				"down": {"uv": [2.25, 9, 0, 7], "texture": "#texture", "cullface": "east"}
			}
		},
		{
			"from": [12.5, 3.075, 7.175],
			"to": [12.75, 3.575, 8.025],
			"rotation": {"angle": 0, "axis": "y", "origin": [-1.5, -3.675, -0.4]},
			"faces": {
				"north": {"uv": [1.75, 8.75, 2.25, 9.25], "texture": "#texture"},
				"east": {"uv": [7.5, 8.75, 8.5, 9.25], "texture": "#texture"},
				"south": {"uv": [13.75, 8.75, 14.25, 9.25], "texture": "#texture"},
				"up": {"uv": [13.75, 7.5, 14.25, 8.5], "texture": "#texture"},
				"down": {"uv": [2.25, 8.5, 1.75, 7.5], "texture": "#texture"}
			}
		},
		{
			"from": [12.75, 3.075, 7.225],
			"to": [14.5, 3.325, 7.975],
			"rotation": {"angle": 0, "axis": "y", "origin": [-1.5, -3.675, -0.4]},
			"faces": {
				"north": {"uv": [0, 9, 1.75, 9.25], "texture": "#texture"},
				"south": {"uv": [14.25, 9, 16, 9.25], "texture": "#texture"},
				"up": {"uv": [14.25, 7.75, 16, 8.25], "texture": "#texture"},
				"down": {"uv": [1.75, 8.25, 0, 7.75], "texture": "#texture"}
			}
		},
		{
			"from": [12.5, 4.325, 7.175],
			"to": [12.75, 4.575, 8.025],
			"rotation": {"angle": 0, "axis": "y", "origin": [-1.5, -3.675, -0.4]},
			"faces": {
				"north": {"uv": [1.75, 7.75, 2.25, 8.25], "texture": "#texture"},
				"east": {"uv": [7.5, 7.75, 8.5, 8.25], "texture": "#texture"},
				"south": {"uv": [13.75, 7.75, 14.25, 8.25], "texture": "#texture"},
				"down": {"uv": [2.25, 8.5, 1.75, 7.5], "texture": "#texture"}
			}
		},
		{
			"from": [14.5, 3.075, 7.175],
			"to": [15, 3.575, 8.025],
			"rotation": {"angle": 0, "axis": "y", "origin": [-1.5, -3.675, -0.4]},
			"faces": {
				"north": {"uv": [0, 8.75, 1, 9.25], "texture": "#texture", "cullface": "east"},
				"south": {"uv": [16, 8.75, 15, 9.25], "texture": "#texture", "cullface": "east"},
				"west": {"uv": [7.5, 8.75, 8.5, 9.25], "texture": "#texture", "cullface": "east"},
				"up": {"uv": [16, 7.5, 15, 8.5], "texture": "#texture", "cullface": "east"},
				"down": {"uv": [0, 8.5, 1, 7.5], "texture": "#texture", "cullface": "east"}
			}
		},
		{
			"from": [14.5, 4.325, 7.175],
			"to": [15, 4.575, 8.025],
			"rotation": {"angle": 0, "axis": "y", "origin": [-1.5, -3.675, -0.4]},
			"faces": {
				"north": {"uv": [0, 7.75, 1, 8.25], "texture": "#texture", "cullface": "east"},
				"south": {"uv": [16, 7.75, 15, 8.25], "texture": "#texture", "cullface": "east"},
				"west": {"uv": [7.5, 7.75, 8.5, 8.25], "texture": "#texture", "cullface": "east"},
				"down": {"uv": [0, 8.5, 1, 7.5], "texture": "#texture", "cullface": "east"}
			}
		},
		{
			"from": [14.75, 3.575, 7.175],
			"to": [15, 4.325, 8.025],
			"rotation": {"angle": 0, "axis": "y", "origin": [-1.5, -3.675, -0.4]},
			"faces": {
				"north": {"uv": [0, 8.25, 1, 8.75], "texture": "#texture", "cullface": "east"},
				"south": {"uv": [16, 8.25, 15, 8.75], "texture": "#texture", "cullface": "east"},
				"west": {"uv": [7.5, 8.25, 8.5, 8.75], "texture": "#texture", "cullface": "east"}
			}
		},
		{
			"from": [14.125, 3.65, 7.425],
			"to": [14.375, 4.9, 7.775],
			"rotation": {"angle": -22.5, "axis": "z", "origin": [14, 4.825, 7.35]},
			"faces": {
				"north": {"uv": [8.25, 0, 8.5, 1.25], "texture": "#texture"},
				"east": {"uv": [7.75, 0, 8.25, 1.25], "texture": "#texture"},
				"south": {"uv": [7.5, 0, 7.75, 1.25], "texture": "#texture"},
				"west": {"uv": [7.75, 0, 8.25, 1.25], "texture": "#texture"},
				"up": {"uv": [7.5, 7.75, 7.75, 8.25], "texture": "#texture"},
				"down": {"uv": [8.5, 8.25, 8.25, 7.75], "texture": "#texture"}
			}
		},
		{
			"from": [15, 3.075, 7],
			"to": [16.325, 4.575, 8.2],
			"rotation": {"angle": 0, "axis": "y", "origin": [-1.5, -3.675, -0.4]},
			"faces": {
				"north": {"uv": [0, 11.15, 0.8, 11.65], "texture": "#texture", "cullface": "east"},
				"east": {"uv": [0, 11.15, 0.8, 11.85], "texture": "#texture", "cullface": "east"},
				"south": {"uv": [0.9, 11.85, 0, 11.15], "texture": "#texture", "cullface": "east"},
				"west": {"uv": [0, 11.8, 0.7, 11.35], "texture": "#texture", "cullface": "east"},
				"down": {"uv": [0.8, 11.75, 0, 11.25], "texture": "#texture", "cullface": "east"}
			}
		},
		{
			"from": [15, -0.175, 7],
			"to": [16.425, 3.575, 8.2],
			"rotation": {"angle": 22.5, "axis": "z", "origin": [15, 3.575, 6.85]},
			"faces": {
				"north": {"uv": [0, 11.25, 0.9, 11.9], "texture": "#texture", "cullface": "east"},
				"east": {"uv": [0, 11.25, 0.9, 11.9], "texture": "#texture", "cullface": "east"},
				"south": {"uv": [1, 11.65, 0, 11.9], "texture": "#texture", "cullface": "east"},
				"west": {"uv": [0, 11.2, 0.9, 11.9], "texture": "#texture", "cullface": "east"},
				"up": {"uv": [0, 11.25, 0.9, 11.85], "texture": "#texture", "cullface": "east"},
				"down": {"uv": [0, 11.75, 0.9, 11.25], "texture": "#texture", "cullface": "east"}
			}
		},
		{
			"from": [14.75, -0.2, 7.175],
			"to": [15.25, 3.2, 8.025],
			"rotation": {"angle": 22.5, "axis": "z", "origin": [15, 3.075, 6.85]},
			"faces": {
				"north": {"uv": [0, 11.15, 0.9, 11.8], "texture": "#texture", "cullface": "east"},
				"east": {"uv": [0, 11.15, 0.9, 11.9], "texture": "#texture", "cullface": "east"},
				"south": {"uv": [1, 11.85, 0, 11.2], "texture": "#texture", "cullface": "east"},
				"west": {"uv": [0, 11.2, 0.9, 11.9], "texture": "#texture", "cullface": "east"},
				"down": {"uv": [0, 11.65, 1, 11.35], "texture": "#texture", "cullface": "east"}
			}
		},
		{
			"from": [15.825, -6.65, 7.375],
			"to": [15.975, -6.225, 7.825],
			"rotation": {"angle": 22.5, "axis": "z", "origin": [-0.675, -3.275, -0.4]},
			"faces": {
				"north": {"uv": [0, 11.75, 0, 12], "rotation": 270, "texture": "#texture", "cullface": "east"},
				"south": {"uv": [0.8, 11.25, 0, 11.9], "rotation": 90, "texture": "#texture", "cullface": "east"},
				"west": {"uv": [0, 11.3, 0.6, 11.7], "rotation": 90, "texture": "#texture", "cullface": "east"},
				"up": {"uv": [0, 11.75, 1, 12], "rotation": 90, "texture": "#texture", "cullface": "east"},
				"down": {"uv": [0, 11.45, 1, 11.7], "rotation": 90, "texture": "#texture", "cullface": "east"}
			}
		},
		{
			"from": [15.825, -4.65, 7.375],
			"to": [15.975, -4.225, 7.825],
			"rotation": {"angle": 22.5, "axis": "z", "origin": [-0.675, -3.275, -0.4]},
			"faces": {
				"north": {"uv": [0, 11.75, 0, 12], "rotation": 270, "texture": "#texture", "cullface": "east"},
				"south": {"uv": [0.8, 11.25, 0, 11.9], "rotation": 90, "texture": "#texture", "cullface": "east"},
				"west": {"uv": [0, 11.3, 0.6, 11.6], "rotation": 90, "texture": "#texture", "cullface": "east"},
				"up": {"uv": [0, 11.75, 1, 12], "rotation": 90, "texture": "#texture", "cullface": "east"},
				"down": {"uv": [0, 11.45, 1, 11.7], "rotation": 90, "texture": "#texture", "cullface": "east"}
			}
		},
		{
			"from": [9.25, 7.175, 7.2],
			"to": [16.925, 7.425, 8],
			"rotation": {"angle": 0, "axis": "y", "origin": [-1.5, -3.925, -0.4]},
			"faces": {
				"north": {"uv": [13, 5.25, 14, 5.75], "texture": "#texture"},
				"east": {"uv": [7.5, 5.25, 8.5, 5.75], "texture": "#texture"},
				"south": {"uv": [2, 5.25, 3, 5.75], "texture": "#texture"},
				"west": {"uv": [7.5, 5.25, 8.5, 5.75], "texture": "#texture"},
				"up": {"uv": [2, 7.5, 3, 8.5], "texture": "#texture"},
				"down": {"uv": [2, 7, 3, 8], "texture": "#texture"}
			}
		},
		{
			"from": [9.75, 5.975, 6.725],
			"to": [12.625, 6.725, 7.25],
			"rotation": {"angle": 0, "axis": "y", "origin": [2.5, -3.025, -0.4]},
			"faces": {
				"north": {"uv": [15, 11.25, 16, 11.5], "texture": "#texture", "cullface": "east"},
				"east": {"uv": [15, 11.25, 16, 11.5], "texture": "#texture", "cullface": "east"},
				"south": {"uv": [15, 11.25, 16, 11.5], "texture": "#texture", "cullface": "east"},
				"west": {"uv": [15, 11, 16, 12], "texture": "#texture"},
				"up": {"uv": [15, 11.25, 16, 11.75], "texture": "#texture", "cullface": "east"},
				"down": {"uv": [15, 11, 16, 12], "texture": "#texture"}
			}
		},
		{
			"from": [9.65, 1.85, 7.125],
			"to": [12.4, 4.35, 8.075],
			"rotation": {"angle": 0, "axis": "y", "origin": [-1.5, -4.675, -0.4]},
			"faces": {
				"north": {"uv": [0, 8.2, 6.6, 8.7], "texture": "#texture", "cullface": "east"},
				"east": {"uv": [6.1, 8.1, 6.7, 8.8], "texture": "#texture", "cullface": "east"},
				"south": {"uv": [6.7, 8.1, 0, 8.8], "texture": "#texture", "cullface": "east"},
				"west": {"uv": [6, 8, 7, 9], "texture": "#texture"},
				"down": {"uv": [6.1, 8.9, 6.8, 8.1], "texture": "#texture", "cullface": "east"}
			}
		},
		{
			"from": [9.5, 0.6, 7.125],
			"to": [12.25, 1.85, 8.075],
			"rotation": {"angle": 0, "axis": "y", "origin": [-1.5, -4.675, -0.4]},
			"faces": {
				"north": {"uv": [0, 8.2, 6.5, 8.7], "texture": "#texture", "cullface": "east"},
				"east": {"uv": [6.2, 8.1, 6.7, 8.8], "texture": "#texture", "cullface": "east"},
				"south": {"uv": [6.7, 8.1, 0, 8.8], "texture": "#texture", "cullface": "east"},
				"west": {"uv": [6, 8, 7, 9], "texture": "#texture"},
				"up": {"uv": [6, 8, 7, 9], "texture": "#texture"},
				"down": {"uv": [6.1, 8.9, 6.8, 8.1], "texture": "#texture", "cullface": "east"}
			}
		},
		{
			"from": [9.5, 1.85, 7.125],
			"to": [9.9, 2.1, 8.075],
			"rotation": {"angle": 0, "axis": "y", "origin": [-1.5, -4.675, -0.4]},
			"faces": {
				"north": {"uv": [6, 8.2, 6.5, 8.7], "texture": "#texture", "cullface": "east"},
				"east": {"uv": [6.2, 8.1, 6.7, 8.8], "texture": "#texture", "cullface": "east"},
				"south": {"uv": [6.7, 8.1, 6, 8.8], "texture": "#texture", "cullface": "east"},
				"west": {"uv": [6, 8, 7, 9], "texture": "#texture"},
				"up": {"uv": [6, 8, 7, 9], "texture": "#texture"},
				"down": {"uv": [6.1, 8.9, 6.8, 8.1], "texture": "#texture", "cullface": "east"}
			}
		},
		{
			"from": [9.25, 0.6, 7.125],
			"to": [9.5, 0.85, 8.075],
			"rotation": {"angle": 0, "axis": "y", "origin": [-1.5, -4.675, -0.4]},
			"faces": {
				"north": {"uv": [6.5, 8.2, 6, 8.7], "texture": "#texture", "cullface": "east"},
				"east": {"uv": [6.2, 8.1, 6.7, 8.8], "texture": "#texture", "cullface": "east"},
				"south": {"uv": [6.7, 8.1, 6, 8.8], "texture": "#texture", "cullface": "east"},
				"west": {"uv": [6, 8, 7, 9], "texture": "#texture"},
				"up": {"uv": [6, 8, 7, 9], "texture": "#texture"},
				"down": {"uv": [6.1, 8.9, 6.8, 8.1], "texture": "#texture", "cullface": "east"}
			}
		},
		{
			"from": [9.25, -0.4, 7.125],
			"to": [12, 0.6, 8.075],
			"rotation": {"angle": 0, "axis": "y", "origin": [-1.5, -4.675, -0.4]},
			"faces": {
				"north": {"uv": [0, 8.2, 6.5, 8.7], "texture": "#texture", "cullface": "east"},
				"east": {"uv": [6.2, 8.1, 6.7, 8.8], "texture": "#texture", "cullface": "east"},
				"south": {"uv": [6.7, 8.1, 0, 8.8], "texture": "#texture", "cullface": "east"},
				"west": {"uv": [6, 8, 7, 9], "texture": "#texture"},
				"up": {"uv": [6, 8, 7, 9], "texture": "#texture"},
				"down": {"uv": [6.1, 8.9, 6.8, 8.1], "texture": "#texture", "cullface": "east"}
			}
		},
		{
			"from": [10.35, -1.4, 7.125],
			"to": [11.75, -1.15, 8.075],
			"rotation": {"angle": 0, "axis": "y", "origin": [-1.5, -4.675, -0.4]},
			"faces": {
				"north": {"uv": [0, 8.2, 6.5, 8.7], "texture": "#texture", "cullface": "east"},
				"east": {"uv": [6.2, 8.1, 6.7, 8.8], "texture": "#texture", "cullface": "east"},
				"south": {"uv": [2.7, 8.1, 0, 8.8], "texture": "#texture", "cullface": "east"},
				"west": {"uv": [6, 8, 7, 9], "texture": "#texture"},
				"up": {"uv": [6, 8, 7, 9], "texture": "#texture"},
				"down": {"uv": [6.1, 8.9, 6.8, 8.1], "texture": "#texture", "cullface": "east"}
			}
		},
		{
			"from": [9, -1.15, 7.125],
			"to": [11.75, -0.4, 8.075],
			"rotation": {"angle": 0, "axis": "y", "origin": [-1.5, -4.675, -0.4]},
			"faces": {
				"north": {"uv": [0, 8.2, 6.5, 8.7], "texture": "#texture", "cullface": "east"},
				"east": {"uv": [6.2, 8.1, 6.7, 8.8], "texture": "#texture", "cullface": "east"},
				"south": {"uv": [6.7, 8.1, 0, 8.8], "texture": "#texture", "cullface": "east"},
				"west": {"uv": [6, 8, 7, 9], "texture": "#texture"},
				"up": {"uv": [6, 8, 7, 9], "texture": "#texture"},
				"down": {"uv": [6.1, 8.9, 6.8, 8.1], "texture": "#texture", "cullface": "east"}
			}
		},
		{
			"from": [9, -0.4, 7.125],
			"to": [9.25, -0.15, 8.075],
			"rotation": {"angle": 0, "axis": "y", "origin": [-1.5, -4.675, -0.4]},
			"faces": {
				"north": {"uv": [6, 8.2, 6.5, 8.7], "texture": "#texture", "cullface": "east"},
				"east": {"uv": [6.2, 8.1, 6.7, 8.8], "texture": "#texture", "cullface": "east"},
				"south": {"uv": [6.7, 8.1, 6, 8.8], "texture": "#texture", "cullface": "east"},
				"west": {"uv": [6, 8, 7, 9], "texture": "#texture"},
				"up": {"uv": [6, 8, 7, 9], "texture": "#texture"},
				"down": {"uv": [6.1, 8.9, 6.8, 8.1], "texture": "#texture", "cullface": "east"}
			}
		}
	],
	"gui_light": "front",
	"display": {
		"thirdperson_righthand": {
			"rotation": [0, -102, 0],
			"translation": [0.75, 2.75, -4.25],
			"scale": [0.8, 0.8, 0.8]
		},
		"thirdperson_lefthand": {
			"rotation": [0, 78, 0],
			"translation": [1.5, 2.75, -4.25],
			"scale": [0.8, 0.8, 0.8]
		},
		"firstperson_righthand": {
			"rotation": [180, -79.97, 180],
			"translation": [0.912, 7.1, 0.1],
			"scale": [0.97, 0.97, 0.99]
		},
		"firstperson_lefthand": {
			"rotation": [0, 80.15, 0],
			"translation": [1.54, 5.55, 0.25],
			"scale": [0.97, 0.97, 0.99]
		},
		"ground": {
			"translation": [-0.5, 6, 0]
		},
		"gui": {
			"rotation": [0, 0, -45],
			"translation": [0.75, 1.25, 0],
			"scale": [0.55, 0.55, 1]
		},
		"fixed": {
			"rotation": [0, 180, -45],
			"translation": [-1.25, 2.6, -1.1]
		}
	}
}