{
	"credit": "Made by SrDarmith - YouTube: Mainclay",
	"textures": {
		"1": "item/sandstone_smooth",
		"particle": "item/anvil_1",
		"texture": "item/anvil_1"
	},
	"elements": [
		{
			"from": [2.025, 5.45, 6.425],
			"to": [6.575, 6.45, 8.775],
			"rotation": {"angle": 0, "axis": "y", "origin": [-1.5, -3.8, -0.4]},
			"faces": {
				"north": {"uv": [0, 5, 5.5, 7.25], "texture": "#texture", "cullface": "east"},
				"east": {"uv": [7, 5, 9, 7.25], "texture": "#texture", "cullface": "east"},
				"south": {"uv": [10.5, 5, 16, 7.25], "texture": "#texture", "cullface": "east"},
				"west": {"uv": [7, 5, 9, 7.25], "texture": "#texture", "cullface": "east"},
				"up": {"uv": [10.5, 7, 16, 9], "texture": "#texture", "cullface": "east"},
				"down": {"uv": [5.5, 9, 0, 7], "texture": "#texture", "cullface": "east"}
			}
		},
		{
			"from": [9.75, 3.2, 6.85],
			"to": [11.25, 5.2, 8.35],
			"rotation": {"angle": 0, "axis": "y", "origin": [-1, -3.8, -0.4]},
			"faces": {
				"north": {"uv": [3.75, 7.25, 5.25, 9], "texture": "#1"},
				"south": {"uv": [10.75, 7.25, 12.25, 9], "texture": "#1"},
				"west": {"uv": [7, 7.25, 9, 9], "texture": "#1"},
				"down": {"uv": [5.25, 9, 3.75, 7], "texture": "#1"}
			}
		},
		{
			"from": [11.25, 2.95, 6.85],
			"to": [12.75, 5.2, 8.35],
			"rotation": {"angle": 0, "axis": "y", "origin": [-1, -3.8, -0.4]},
			"faces": {
				"north": {"uv": [2.25, 7.25, 3.75, 9.25], "texture": "#1"},
				"east": {"uv": [7, 7.25, 9, 9.25], "texture": "#1"},
				"south": {"uv": [12.25, 7.25, 13.75, 9.25], "texture": "#1"},
				"west": {"uv": [7, 7.25, 9, 9.25], "texture": "#1"},
				"down": {"uv": [3.75, 9, 2.25, 7], "texture": "#1"}
			}
		},
		{
			"from": [12.75, 4.45, 6.85],
			"to": [16.75, 5.2, 8.35],
			"rotation": {"angle": 0, "axis": "y", "origin": [-1.5, -3.8, -0.4]},
			"faces": {
				"north": {"uv": [0, 7.25, 2.25, 7.75], "texture": "#1", "cullface": "east"},
				"east": {"uv": [7, 7.25, 9, 7.75], "texture": "#1", "cullface": "east"},
				"south": {"uv": [13.75, 7.25, 16, 7.75], "texture": "#1", "cullface": "east"},
				"down": {"uv": [2.25, 9, 0, 7], "texture": "#1", "cullface": "east"}
			}
		},
		{
			"from": [12.75, 2.95, 7.15],
			"to": [14.75, 3.2, 8.05],
			"rotation": {"angle": 0, "axis": "y", "origin": [-1.5, -3.8, -0.4]},
			"faces": {
				"north": {"uv": [0, 9, 1.75, 9.25], "texture": "#1"},
				"south": {"uv": [14.25, 9, 16, 9.25], "texture": "#1"},
				"up": {"uv": [14.25, 7.75, 16, 8.25], "texture": "#1"},
				"down": {"uv": [1.75, 8.25, 0, 7.75], "texture": "#1"}
			}
		},
		{
			"from": [14.75, 2.95, 7.1],
			"to": [15, 3.45, 8.1],
			"rotation": {"angle": 0, "axis": "y", "origin": [-1.5, -3.8, -0.4]},
			"faces": {
				"north": {"uv": [0, 8.75, 1, 9.25], "texture": "#1", "cullface": "east"},
				"south": {"uv": [16, 8.75, 15, 9.25], "texture": "#1", "cullface": "east"},
				"west": {"uv": [7.5, 8.75, 8.5, 9.25], "texture": "#1", "cullface": "east"},
				"up": {"uv": [16, 7.5, 15, 8.5], "texture": "#1", "cullface": "east"},
				"down": {"uv": [0, 8.5, 1, 7.5], "texture": "#1", "cullface": "east"}
			}
		},
		{
			"from": [14.75, 3.95, 7.1],
			"to": [15, 4.45, 8.1],
			"rotation": {"angle": 0, "axis": "y", "origin": [-1.5, -3.8, -0.4]},
			"faces": {
				"north": {"uv": [0, 7.75, 1, 8.25], "texture": "#1", "cullface": "east"},
				"south": {"uv": [16, 7.75, 15, 8.25], "texture": "#1", "cullface": "east"},
				"west": {"uv": [7.5, 7.75, 8.5, 8.25], "texture": "#1", "cullface": "east"},
				"down": {"uv": [0, 8.5, 1, 7.5], "texture": "#1", "cullface": "east"}
			}
		},
		{
			"from": [14.75, 3.45, 7.1],
			"to": [15, 3.95, 8.1],
			"rotation": {"angle": 0, "axis": "y", "origin": [-1.5, -3.8, -0.4]},
			"faces": {
				"north": {"uv": [0, 8.25, 1, 8.75], "texture": "#1", "cullface": "east"},
				"south": {"uv": [16, 8.25, 15, 8.75], "texture": "#1", "cullface": "east"},
				"west": {"uv": [7.5, 8.25, 8.5, 8.75], "texture": "#1", "cullface": "east"}
			}
		},
		{
			"from": [14.25, 3.55, 7.35],
			"to": [14.5, 4.8, 7.85],
			"rotation": {"angle": -22.5, "axis": "z", "origin": [14, 4.7, 7.35]},
			"faces": {
				"north": {"uv": [8.25, 0, 8.5, 1.25], "texture": "#texture"},
				"east": {"uv": [7.75, 0, 8.25, 1.25], "texture": "#texture"},
				"south": {"uv": [7.5, 0, 7.75, 1.25], "texture": "#texture"},
				"west": {"uv": [7.75, 0, 8.25, 1.25], "texture": "#texture"},
				"up": {"uv": [7.5, 7.75, 7.75, 8.25], "texture": "#texture"},
				"down": {"uv": [8.5, 8.25, 8.25, 7.75], "texture": "#texture"}
			}
		},
		{
			"from": [15, 2.95, 6.85],
			"to": [16.375, 4.45, 8.35],
			"rotation": {"angle": 0, "axis": "y", "origin": [-1.5, -3.8, -0.4]},
			"faces": {
				"north": {"uv": [0, 7.75, 1, 9.25], "texture": "#1", "cullface": "east"},
				"east": {"uv": [7.25, 7.75, 8.75, 9.25], "texture": "#1", "cullface": "east"},
				"south": {"uv": [16, 7.75, 15, 9.25], "texture": "#1", "cullface": "east"},
				"west": {"uv": [7.25, 7.75, 8.75, 9.25], "texture": "#1", "cullface": "east"},
				"down": {"uv": [0, 8.75, 1, 7.25], "texture": "#1", "cullface": "east"}
			}
		},
		{
			"from": [15.05, -0.3, 6.85],
			"to": [16.5, 3.45, 8.35],
			"rotation": {"angle": 22.5, "axis": "z", "origin": [15, 3.45, 6.85]},
			"faces": {
				"north": {"uv": [0, 9.25, 1, 13], "texture": "#1", "cullface": "east"},
				"east": {"uv": [7.25, 9.25, 8.75, 13], "texture": "#1", "cullface": "east"},
				"south": {"uv": [16, 9.25, 15, 13], "texture": "#1", "cullface": "east"},
				"west": {"uv": [7.25, 9.25, 8.75, 13], "texture": "#1", "cullface": "east"},
				"up": {"uv": [16, 7.25, 15, 8.75], "texture": "#1", "cullface": "east"},
				"down": {"uv": [0, 8.75, 1, 7.25], "texture": "#1", "cullface": "east"}
			}
		},
		{
			"from": [14.8, -0.325, 7.1],
			"to": [15.3, 3.075, 8.1],
			"rotation": {"angle": 22.5, "axis": "z", "origin": [15, 2.95, 6.85]},
			"faces": {
				"north": {"uv": [0, 9.25, 1, 12.5], "texture": "#1", "cullface": "east"},
				"east": {"uv": [7.25, 9.25, 8.75, 12.5], "texture": "#1", "cullface": "east"},
				"south": {"uv": [16, 9.25, 15, 12.5], "texture": "#1", "cullface": "east"},
				"west": {"uv": [7.25, 9.25, 8.75, 12.5], "texture": "#1", "cullface": "east"},
				"down": {"uv": [0, 8.75, 1, 7.25], "texture": "#1", "cullface": "east"}
			}
		},
		{
			"from": [17.125, 4.825, 6.575],
			"to": [17.8, 8, 8.625],
			"rotation": {"angle": 0, "axis": "y", "origin": [-0.85, -3.8, -0.4]},
			"faces": {
				"north": {"uv": [0, 5.25, 1, 7], "texture": "#1", "cullface": "east"},
				"east": {"uv": [0, 0, 1, 1], "texture": "#1"},
				"south": {"uv": [16, 5.25, 15, 7], "texture": "#1", "cullface": "east"},
				"west": {"uv": [0, 0, 1, 1], "texture": "#1"},
				"up": {"uv": [16, 7.25, 15, 8.75], "texture": "#1", "cullface": "east"},
				"down": {"uv": [0, 8.75, 1, 7.25], "texture": "#1", "cullface": "east"}
			}
		},
		{
			"from": [15.9, -6.775, 7.3],
			"to": [16.05, -6.35, 7.9],
			"rotation": {"angle": 22.5, "axis": "z", "origin": [-0.675, -3.4, -0.4]},
			"faces": {
				"north": {"uv": [0, 8.75, 1, 9], "rotation": 270, "texture": "#1", "cullface": "east"},
				"south": {"uv": [16, 8.75, 15, 9], "rotation": 90, "texture": "#1", "cullface": "east"},
				"west": {"uv": [0, 8.5, 1, 7.5], "rotation": 90, "texture": "#1", "cullface": "east"},
				"up": {"uv": [7.5, 8.75, 9.5, 9], "rotation": 90, "texture": "#1", "cullface": "east"},
				"down": {"uv": [7.5, 8.75, 9.5, 9], "rotation": 90, "texture": "#1", "cullface": "east"}
			}
		},
		{
			"from": [15.9, -4.775, 7.3],
			"to": [16.05, -4.35, 7.9],
			"rotation": {"angle": 22.5, "axis": "z", "origin": [-0.675, -3.4, -0.4]},
			"faces": {
				"north": {"uv": [0, 8.75, 1, 9], "rotation": 270, "texture": "#1", "cullface": "east"},
				"south": {"uv": [16, 8.75, 15, 9], "rotation": 90, "texture": "#1", "cullface": "east"},
				"west": {"uv": [0, 8.5, 1, 7.5], "rotation": 90, "texture": "#1", "cullface": "east"},
				"up": {"uv": [7.5, 8.75, 9.5, 9], "rotation": 90, "texture": "#1", "cullface": "east"},
				"down": {"uv": [7.5, 8.75, 9.5, 9], "rotation": 90, "texture": "#1", "cullface": "east"}
			}
		},
		{
			"from": [10, 8.05, 7.1],
			"to": [10.25, 8.3, 8.1],
			"rotation": {"angle": 0, "axis": "y", "origin": [-1.5, -3.8, -0.4]},
			"faces": {
				"north": {"uv": [4.25, 4.75, 4.5, 5], "texture": "#texture"},
				"east": {"uv": [7.25, 4.75, 8.75, 5], "texture": "#texture"},
				"south": {"uv": [11.5, 4.75, 11.75, 5], "texture": "#texture"},
				"west": {"uv": [7.25, 4.75, 8.75, 5], "texture": "#texture"},
				"up": {"uv": [11.5, 7.25, 11.75, 8.75], "texture": "#texture"}
			}
		},
		{
			"from": [10.5, 8.05, 7.1],
			"to": [10.75, 8.3, 8.1],
			"rotation": {"angle": 0, "axis": "y", "origin": [-1.5, -3.8, -0.4]},
			"faces": {
				"north": {"uv": [3.75, 4.75, 4, 5], "texture": "#texture"},
				"east": {"uv": [7.25, 4.75, 8.75, 5], "texture": "#texture"},
				"south": {"uv": [12, 4.75, 12.25, 5], "texture": "#texture"},
				"west": {"uv": [7.25, 4.75, 8.75, 5], "texture": "#texture"},
				"up": {"uv": [12, 7.25, 12.25, 8.75], "texture": "#texture"}
			}
		},
		{
			"from": [15.25, 8.55, 7.2],
			"to": [15.5, 9.525, 7.45],
			"rotation": {"angle": 0, "axis": "y", "origin": [-1.5, -3.8, -0.4]},
			"faces": {
				"north": {"uv": [0, 3.25, 1, 4.25], "texture": "#texture", "cullface": "east"},
				"east": {"uv": [8.25, 3.25, 8.5, 4.25], "texture": "#texture", "cullface": "east"},
				"south": {"uv": [16, 3.25, 15, 4.25], "texture": "#texture", "cullface": "east"},
				"west": {"uv": [7.5, 3.25, 7.75, 4.25], "texture": "#texture", "cullface": "east"},
				"up": {"uv": [16, 7.5, 15, 7.75], "texture": "#texture", "cullface": "east"}
			}
		},
		{
			"from": [14.75, 8.05, 7.1],
			"to": [16, 8.55, 8.1],
			"rotation": {"angle": 0, "axis": "y", "origin": [-1.5, -3.8, -0.4]},
			"faces": {
				"north": {"uv": [0, 4.25, 1, 4.75], "texture": "#texture", "cullface": "east"},
				"east": {"uv": [7.5, 4.25, 8.5, 4.75], "texture": "#texture", "cullface": "east"},
				"south": {"uv": [16, 4.25, 15, 4.75], "texture": "#texture", "cullface": "east"},
				"west": {"uv": [7.5, 4.25, 8.5, 4.75], "texture": "#texture", "cullface": "east"},
				"up": {"uv": [16, 7.5, 15, 8.5], "texture": "#texture", "cullface": "east"}
			}
		},
		{
			"from": [14, 8.05, 7.1],
			"to": [14.25, 8.3, 8.1],
			"rotation": {"angle": 0, "axis": "y", "origin": [-1.5, -3.8, -0.4]},
			"faces": {
				"north": {"uv": [0.25, 4.75, 0.5, 5], "texture": "#texture"},
				"east": {"uv": [7.25, 4.75, 8.75, 5], "texture": "#texture"},
				"south": {"uv": [15.5, 4.75, 15.75, 5], "texture": "#texture"},
				"west": {"uv": [7.25, 4.75, 8.75, 5], "texture": "#texture"},
				"up": {"uv": [15.5, 7.25, 15.75, 8.75], "texture": "#texture"}
			}
		},
		{
			"from": [16.45, 8.05, 7.1],
			"to": [16.7, 8.3, 8.1],
			"rotation": {"angle": 0, "axis": "y", "origin": [-1.5, -3.8, -0.4]},
			"faces": {
				"north": {"uv": [0.25, 4.75, 0.5, 5], "texture": "#texture"},
				"east": {"uv": [7.25, 4.75, 8.75, 5], "texture": "#texture"},
				"south": {"uv": [15.5, 4.75, 15.75, 5], "texture": "#texture"},
				"west": {"uv": [7.25, 4.75, 8.75, 5], "texture": "#texture"},
				"up": {"uv": [15.5, 7.25, 15.75, 8.75], "texture": "#texture"}
			}
		},
		{
			"from": [13.5, 8.05, 7.1],
			"to": [13.75, 8.3, 8.1],
			"rotation": {"angle": 0, "axis": "y", "origin": [-1.5, -3.8, -0.4]},
			"faces": {
				"north": {"uv": [0.75, 4.75, 1, 5], "texture": "#texture"},
				"east": {"uv": [7.25, 4.75, 8.75, 5], "texture": "#texture"},
				"south": {"uv": [15, 4.75, 15.25, 5], "texture": "#texture"},
				"west": {"uv": [7.25, 4.75, 8.75, 5], "texture": "#texture"},
				"up": {"uv": [15, 7.25, 15.25, 8.75], "texture": "#texture"}
			}
		},
		{
			"from": [13, 8.05, 7.1],
			"to": [13.25, 8.3, 8.1],
			"rotation": {"angle": 0, "axis": "y", "origin": [-1.5, -3.8, -0.4]},
			"faces": {
				"north": {"uv": [1.25, 4.75, 1.5, 5], "texture": "#texture"},
				"east": {"uv": [7.25, 4.75, 8.75, 5], "texture": "#texture"},
				"south": {"uv": [14.5, 4.75, 14.75, 5], "texture": "#texture"},
				"west": {"uv": [7.25, 4.75, 8.75, 5], "texture": "#texture"},
				"up": {"uv": [14.5, 7.25, 14.75, 8.75], "texture": "#texture"}
			}
		},
		{
			"from": [12.5, 8.05, 7.1],
			"to": [12.75, 8.3, 8.1],
			"rotation": {"angle": 0, "axis": "y", "origin": [-1.5, -3.8, -0.4]},
			"faces": {
				"north": {"uv": [1.75, 4.75, 2, 5], "texture": "#texture"},
				"east": {"uv": [7.25, 4.75, 8.75, 5], "texture": "#texture"},
				"south": {"uv": [14, 4.75, 14.25, 5], "texture": "#texture"},
				"west": {"uv": [7.25, 4.75, 8.75, 5], "texture": "#texture"},
				"up": {"uv": [14, 7.25, 14.25, 8.75], "texture": "#texture"}
			}
		},
		{
			"from": [12, 8.05, 7.1],
			"to": [12.25, 8.3, 8.1],
			"rotation": {"angle": 0, "axis": "y", "origin": [-1.5, -3.8, -0.4]},
			"faces": {
				"north": {"uv": [2.25, 4.75, 2.5, 5], "texture": "#texture"},
				"east": {"uv": [7.25, 4.75, 8.75, 5], "texture": "#texture"},
				"south": {"uv": [13.5, 4.75, 13.75, 5], "texture": "#texture"},
				"west": {"uv": [7.25, 4.75, 8.75, 5], "texture": "#texture"},
				"up": {"uv": [13.5, 7.25, 13.75, 8.75], "texture": "#texture"}
			}
		},
		{
			"from": [11.5, 8.05, 7.1],
			"to": [11.75, 8.3, 8.1],
			"rotation": {"angle": 0, "axis": "y", "origin": [-1.5, -3.8, -0.4]},
			"faces": {
				"north": {"uv": [2.75, 4.75, 3, 5], "texture": "#texture"},
				"east": {"uv": [7.25, 4.75, 8.75, 5], "texture": "#texture"},
				"south": {"uv": [13, 4.75, 13.25, 5], "texture": "#texture"},
				"west": {"uv": [7.25, 4.75, 8.75, 5], "texture": "#texture"},
				"up": {"uv": [13, 7.25, 13.25, 8.75], "texture": "#texture"}
			}
		},
		{
			"from": [11, 8.05, 7.1],
			"to": [11.25, 8.3, 8.1],
			"rotation": {"angle": 0, "axis": "y", "origin": [-1.5, -3.8, -0.4]},
			"faces": {
				"north": {"uv": [3.25, 4.75, 3.5, 5], "texture": "#texture"},
				"east": {"uv": [7.25, 4.75, 8.75, 5], "texture": "#texture"},
				"south": {"uv": [12.5, 4.75, 12.75, 5], "texture": "#texture"},
				"west": {"uv": [7.25, 4.75, 8.75, 5], "texture": "#texture"},
				"up": {"uv": [12.5, 7.25, 12.75, 8.75], "texture": "#texture"}
			}
		},
		{
			"from": [15.25, 8.55, 7.75],
			"to": [15.5, 9.525, 8],
			"rotation": {"angle": 0, "axis": "y", "origin": [-1.5, -3.8, -0.4]},
			"faces": {
				"north": {"uv": [0, 3.25, 1, 4.25], "texture": "#texture", "cullface": "east"},
				"east": {"uv": [7.5, 3.25, 7.75, 4.25], "texture": "#texture", "cullface": "east"},
				"south": {"uv": [16, 3.25, 15, 4.25], "texture": "#texture", "cullface": "east"},
				"west": {"uv": [8.25, 3.25, 8.5, 4.25], "texture": "#texture", "cullface": "east"},
				"up": {"uv": [16, 8.25, 15, 8.5], "texture": "#texture", "cullface": "east"}
			}
		},
		{
			"from": [11.5, 8.05, 7.1],
			"to": [11.75, 8.3, 8.1],
			"rotation": {"angle": 0, "axis": "y", "origin": [-1.5, -3.8, -0.4]},
			"faces": {
				"north": {"uv": [2.75, 4.75, 3, 5], "texture": "#texture"},
				"east": {"uv": [7.25, 4.75, 8.75, 5], "texture": "#texture"},
				"south": {"uv": [13, 4.75, 13.25, 5], "texture": "#texture"},
				"west": {"uv": [7.25, 4.75, 8.75, 5], "texture": "#texture"},
				"up": {"uv": [13, 7.25, 13.25, 8.75], "texture": "#texture"}
			}
		},
		{
			"from": [15.25, 8.55, 7.45],
			"to": [15.5, 8.95, 7.75],
			"rotation": {"angle": 0, "axis": "y", "origin": [-1.5, -3.8, -0.4]},
			"faces": {
				"east": {"uv": [7.75, 3.75, 8.25, 4.25], "texture": "#texture", "cullface": "east"},
				"west": {"uv": [7.75, 3.75, 8.25, 4.25], "texture": "#texture", "cullface": "east"},
				"up": {"uv": [16, 7.75, 15, 8.25], "texture": "#texture", "cullface": "east"}
			}
		},
		{
			"from": [9.75, 7.425, 6.825],
			"to": [12.9, 7.675, 8.375],
			"rotation": {"angle": 0, "axis": "y", "origin": [-1.5, -3.8, -0.4]},
			"faces": {
				"north": {"uv": [0, 5, 5.5, 7.25], "texture": "#texture", "cullface": "east"},
				"east": {"uv": [7, 5, 9, 7.25], "texture": "#texture", "cullface": "east"},
				"south": {"uv": [10.5, 5, 16, 7.25], "texture": "#texture", "cullface": "east"},
				"west": {"uv": [7, 5, 9, 7.25], "texture": "#texture", "cullface": "east"},
				"up": {"uv": [10.5, 7, 16, 9], "texture": "#texture", "cullface": "east"},
				"down": {"uv": [5.5, 9, 0, 7], "texture": "#texture", "cullface": "east"}
			}
		},
		{
			"from": [2, 7.95, 6.925],
			"to": [17.15, 8.05, 8.275],
			"rotation": {"angle": 0, "axis": "y", "origin": [-1.5, -3.8, -0.4]},
			"faces": {
				"north": {"uv": [0, 5, 5.5, 7.25], "texture": "#texture", "cullface": "east"},
				"east": {"uv": [7, 5, 9, 7.25], "texture": "#texture", "cullface": "east"},
				"south": {"uv": [10.5, 5, 16, 7.25], "texture": "#texture", "cullface": "east"},
				"west": {"uv": [7, 5, 9, 7.25], "texture": "#texture", "cullface": "east"},
				"up": {"uv": [10.5, 7, 16, 9], "texture": "#texture", "cullface": "east"},
				"down": {"uv": [5.5, 9, 0, 7], "texture": "#texture", "cullface": "east"}
			}
		},
		{
			"from": [16, 8.05, 7.1],
			"to": [16.25, 8.3, 8.1],
			"rotation": {"angle": 0, "axis": "y", "origin": [-1.5, -3.8, -0.4]},
			"faces": {
				"north": {"uv": [0.25, 4.75, 0.5, 5], "texture": "#texture"},
				"east": {"uv": [7.25, 4.75, 8.75, 5], "texture": "#texture"},
				"south": {"uv": [15.5, 4.75, 15.75, 5], "texture": "#texture"},
				"west": {"uv": [7.25, 4.75, 8.75, 5], "texture": "#texture"},
				"up": {"uv": [15.5, 7.25, 15.75, 8.75], "texture": "#texture"}
			}
		},
		{
			"from": [14.5, 8.05, 7.1],
			"to": [14.75, 8.3, 8.1],
			"rotation": {"angle": 0, "axis": "y", "origin": [-1.5, -3.8, -0.4]},
			"faces": {
				"north": {"uv": [1.75, 4.75, 2, 5], "texture": "#texture"},
				"east": {"uv": [7.25, 4.75, 8.75, 5], "texture": "#texture"},
				"south": {"uv": [14, 4.75, 14.25, 5], "texture": "#texture"},
				"west": {"uv": [7.25, 4.75, 8.75, 5], "texture": "#texture"},
				"up": {"uv": [14, 7.25, 14.25, 8.75], "texture": "#texture"}
			}
		},
		{
			"from": [2, 5.075, 6.85],
			"to": [9.425, 5.2, 8.35],
			"rotation": {"angle": 0, "axis": "y", "origin": [-1.5, -3.8, -0.4]},
			"faces": {
				"north": {"uv": [0, 5, 5.5, 7.25], "texture": "#texture", "cullface": "east"},
				"east": {"uv": [7, 5, 9, 7.25], "texture": "#texture", "cullface": "east"},
				"south": {"uv": [10.5, 5, 16, 7.25], "texture": "#texture", "cullface": "east"},
				"west": {"uv": [7, 5, 9, 7.25], "texture": "#texture", "cullface": "east"},
				"up": {"uv": [10.5, 7, 16, 9], "texture": "#texture", "cullface": "east"},
				"down": {"uv": [5.5, 9, 0, 7], "texture": "#texture", "cullface": "east"}
			}
		},
		{
			"from": [-5.25, 6.3, 7.35],
			"to": [2.75, 6.55, 7.85],
			"rotation": {"angle": 0, "axis": "y", "origin": [-1.5, -3.8, -0.4]},
			"faces": {
				"north": {"uv": [14.5, 6.75, 16, 7], "texture": "#texture", "cullface": "west"},
				"south": {"uv": [0, 6.75, 1.5, 7], "texture": "#texture", "cullface": "west"},
				"west": {"uv": [7.75, 6.75, 8.25, 7], "texture": "#texture", "cullface": "west"},
				"up": {"uv": [0, 7.75, 1.5, 8.25], "texture": "#texture", "cullface": "west"},
				"down": {"uv": [16, 8.25, 14.5, 7.75], "texture": "#texture", "cullface": "west"}
			}
		},
		{
			"from": [-5.25, 5.8, 7.1],
			"to": [2.75, 6.3, 7.35],
			"rotation": {"angle": 0, "axis": "y", "origin": [-1.5, -3.8, -0.4]},
			"faces": {
				"north": {"uv": [14.5, 7, 16, 7.5], "texture": "#texture", "cullface": "west"},
				"south": {"uv": [0, 7, 1.5, 7.5], "texture": "#texture", "cullface": "west"},
				"west": {"uv": [7.5, 7, 7.75, 7.5], "texture": "#texture", "cullface": "west"},
				"up": {"uv": [0, 7.5, 1.5, 7.75], "texture": "#texture", "cullface": "west"},
				"down": {"uv": [16, 7.75, 14.5, 7.5], "texture": "#texture", "cullface": "west"}
			}
		},
		{
			"from": [-5.25, 5.8, 7.85],
			"to": [2.75, 6.3, 8.1],
			"rotation": {"angle": 0, "axis": "y", "origin": [-1.5, -3.8, -0.4]},
			"faces": {
				"north": {"uv": [14.5, 7, 16, 7.5], "texture": "#texture", "cullface": "west"},
				"south": {"uv": [0, 7, 1.5, 7.5], "texture": "#texture", "cullface": "west"},
				"west": {"uv": [8.25, 7, 8.5, 7.5], "texture": "#texture", "cullface": "west"},
				"up": {"uv": [0, 8.25, 1.5, 8.5], "texture": "#texture", "cullface": "west"},
				"down": {"uv": [16, 8.5, 14.5, 8.25], "texture": "#texture", "cullface": "west"}
			}
		},
		{
			"from": [-5.25, 5.55, 7.35],
			"to": [2.75, 5.8, 7.85],
			"rotation": {"angle": 0, "axis": "y", "origin": [-1.5, -3.8, -0.4]},
			"faces": {
				"north": {"uv": [14.5, 7.5, 16, 7.75], "texture": "#texture", "cullface": "west"},
				"south": {"uv": [0, 7.5, 1.5, 7.75], "texture": "#texture", "cullface": "west"},
				"west": {"uv": [7.75, 7.5, 8.25, 7.75], "texture": "#texture", "cullface": "west"},
				"up": {"uv": [0, 7.75, 1.5, 8.25], "texture": "#texture", "cullface": "west"},
				"down": {"uv": [16, 8.25, 14.5, 7.75], "texture": "#texture", "cullface": "west"}
			}
		},
		{
			"from": [0.35, 6.625, 7.35],
			"to": [1.5, 7.4, 7.85],
			"rotation": {"angle": 0, "axis": "y", "origin": [-1.5, -3.8, -0.4]},
			"faces": {
				"north": {"uv": [16, 6, 15, 6.75], "texture": "#texture", "cullface": "west"},
				"east": {"uv": [7.75, 6, 8.25, 6.75], "texture": "#texture", "cullface": "west"},
				"south": {"uv": [0, 6, 1, 6.75], "texture": "#texture", "cullface": "west"},
				"west": {"uv": [7.75, 6, 8.25, 6.75], "texture": "#texture", "cullface": "west"},
				"up": {"uv": [0, 7.75, 1, 8.25], "texture": "#texture", "cullface": "west"}
			}
		},
		{
			"from": [0.75, 8.15, 7.35],
			"to": [1.5, 8.75, 7.85],
			"rotation": {"angle": 0, "axis": "y", "origin": [-1.5, -3.8, -0.4]},
			"faces": {
				"north": {"uv": [16, 5.5, 15, 6], "texture": "#texture", "cullface": "west"},
				"east": {"uv": [7.75, 5.5, 8.25, 6], "texture": "#texture", "cullface": "west"},
				"south": {"uv": [0, 5.5, 1, 6], "texture": "#texture", "cullface": "west"},
				"west": {"uv": [7.75, 5.5, 8.25, 6], "texture": "#texture", "cullface": "west"},
				"up": {"uv": [0, 7.75, 1, 8.25], "texture": "#texture", "cullface": "west"}
			}
		},
		{
			"from": [0.75, 9, 7.1],
			"to": [1.5, 9.5, 7.35],
			"rotation": {"angle": 0, "axis": "y", "origin": [-1.5, -3.8, -0.4]},
			"faces": {
				"north": {"uv": [16, 5, 15, 5.5], "texture": "#texture", "cullface": "west"},
				"east": {"uv": [8.25, 5, 8.5, 5.5], "texture": "#texture", "cullface": "west"},
				"south": {"uv": [0, 5, 1, 5.5], "texture": "#texture", "cullface": "west"},
				"west": {"uv": [7.5, 5, 7.75, 5.5], "texture": "#texture", "cullface": "west"},
				"up": {"uv": [0, 7.5, 1, 7.75], "texture": "#texture", "cullface": "west"},
				"down": {"uv": [16, 7.75, 15, 7.5], "texture": "#texture", "cullface": "west"}
			}
		},
		{
			"from": [0.75, 9, 7.85],
			"to": [1.5, 9.5, 8.1],
			"rotation": {"angle": 0, "axis": "y", "origin": [-1.5, -3.8, -0.4]},
			"faces": {
				"north": {"uv": [16, 5, 15, 5.5], "texture": "#texture", "cullface": "west"},
				"east": {"uv": [7.5, 5, 7.75, 5.5], "texture": "#texture", "cullface": "west"},
				"south": {"uv": [0, 5, 1, 5.5], "texture": "#texture", "cullface": "west"},
				"west": {"uv": [8.25, 5, 8.5, 5.5], "texture": "#texture", "cullface": "west"},
				"up": {"uv": [0, 8.25, 1, 8.5], "texture": "#texture", "cullface": "west"},
				"down": {"uv": [16, 8.5, 15, 8.25], "texture": "#texture", "cullface": "west"}
			}
		},
		{
			"from": [0.75, 9.5, 7.35],
			"to": [1.5, 9.75, 7.85],
			"rotation": {"angle": 0, "axis": "y", "origin": [-1.5, -3.8, -0.4]},
			"faces": {
				"north": {"uv": [16, 4.75, 15, 5], "texture": "#texture", "cullface": "west"},
				"east": {"uv": [7.75, 4.75, 8.25, 5], "texture": "#texture", "cullface": "west"},
				"south": {"uv": [0, 4.75, 1, 5], "texture": "#texture", "cullface": "west"},
				"west": {"uv": [7.75, 4.75, 8.25, 5], "texture": "#texture", "cullface": "west"},
				"up": {"uv": [0, 7.75, 1, 8.25], "texture": "#texture", "cullface": "west"},
				"down": {"uv": [16, 8.25, 15, 7.75], "texture": "#texture", "cullface": "west"}
			}
		},
		{
			"from": [0.75, 8.75, 7.35],
			"to": [1.5, 9, 7.85],
			"rotation": {"angle": 0, "axis": "y", "origin": [-1.5, -3.8, -0.4]},
			"faces": {
				"north": {"uv": [16, 4.75, 15, 5], "texture": "#texture", "cullface": "west"},
				"east": {"uv": [7.75, 4.75, 8.25, 5], "texture": "#texture", "cullface": "west"},
				"south": {"uv": [0, 4.75, 1, 5], "texture": "#texture", "cullface": "west"},
				"west": {"uv": [7.75, 4.75, 8.25, 5], "texture": "#texture", "cullface": "west"},
				"up": {"uv": [0, 7.75, 1, 8.25], "texture": "#texture", "cullface": "west"},
				"down": {"uv": [16, 8.25, 15, 7.75], "texture": "#texture", "cullface": "west"}
			}
		},
		{
			"from": [0.25, 5.45, 7],
			"to": [1.5, 6.65, 8.2],
			"rotation": {"angle": 0, "axis": "y", "origin": [-1.5, -3.8, -0.4]},
			"faces": {
				"north": {"uv": [16, 6.75, 15, 7.75], "texture": "#texture", "cullface": "west"},
				"east": {"uv": [7.5, 6.75, 8.5, 7.75], "texture": "#texture", "cullface": "west"},
				"south": {"uv": [0, 6.75, 1, 7.75], "texture": "#texture", "cullface": "west"},
				"west": {"uv": [7.5, 6.75, 8.5, 7.75], "texture": "#texture", "cullface": "west"},
				"up": {"uv": [0, 7.5, 1, 8.5], "texture": "#texture", "cullface": "west"},
				"down": {"uv": [16, 8.5, 15, 7.5], "texture": "#texture", "cullface": "west"}
			}
		},
		{
			"from": [0.75, 7.4, 7.35],
			"to": [1.5, 8.15, 7.85],
			"rotation": {"angle": 0, "axis": "y", "origin": [-1.5, -3.8, -0.4]},
			"faces": {
				"north": {"uv": [16, 6, 15, 6.75], "texture": "#texture", "cullface": "west"},
				"east": {"uv": [7.75, 6, 8.25, 6.75], "texture": "#texture", "cullface": "west"},
				"south": {"uv": [0, 6, 1, 6.75], "texture": "#texture", "cullface": "west"},
				"west": {"uv": [7.75, 6, 8.25, 6.75], "texture": "#texture", "cullface": "west"},
				"up": {"uv": [0, 7.75, 1, 8.25], "texture": "#texture", "cullface": "west"}
			}
		},
		{
			"from": [5, 8.05, 7.1],
			"to": [5.25, 8.3, 8.1],
			"rotation": {"angle": 0, "axis": "y", "origin": [-1.5, -3.8, -0.4]},
			"faces": {
				"north": {"uv": [4.25, 4.75, 4.5, 5], "texture": "#texture"},
				"east": {"uv": [7.25, 4.75, 8.75, 5], "texture": "#texture"},
				"south": {"uv": [11.5, 4.75, 11.75, 5], "texture": "#texture"},
				"west": {"uv": [7.25, 4.75, 8.75, 5], "texture": "#texture"},
				"up": {"uv": [11.5, 7.25, 11.75, 8.75], "texture": "#texture"}
			}
		},
		{
			"from": [5.5, 8.05, 7.1],
			"to": [5.75, 8.3, 8.1],
			"rotation": {"angle": 0, "axis": "y", "origin": [-1.5, -3.8, -0.4]},
			"faces": {
				"north": {"uv": [3.75, 4.75, 4, 5], "texture": "#texture"},
				"east": {"uv": [7.25, 4.75, 8.75, 5], "texture": "#texture"},
				"south": {"uv": [12, 4.75, 12.25, 5], "texture": "#texture"},
				"west": {"uv": [7.25, 4.75, 8.75, 5], "texture": "#texture"},
				"up": {"uv": [12, 7.25, 12.25, 8.75], "texture": "#texture"}
			}
		},
		{
			"from": [9, 8.05, 7.1],
			"to": [9.25, 8.3, 8.1],
			"rotation": {"angle": 0, "axis": "y", "origin": [-1.5, -3.8, -0.4]},
			"faces": {
				"north": {"uv": [0.25, 4.75, 0.5, 5], "texture": "#texture"},
				"east": {"uv": [7.25, 4.75, 8.75, 5], "texture": "#texture"},
				"south": {"uv": [15.5, 4.75, 15.75, 5], "texture": "#texture"},
				"west": {"uv": [7.25, 4.75, 8.75, 5], "texture": "#texture"},
				"up": {"uv": [15.5, 7.25, 15.75, 8.75], "texture": "#texture"}
			}
		},
		{
			"from": [8.5, 8.05, 7.1],
			"to": [8.75, 8.3, 8.1],
			"rotation": {"angle": 0, "axis": "y", "origin": [-1.5, -3.8, -0.4]},
			"faces": {
				"north": {"uv": [0.75, 4.75, 1, 5], "texture": "#texture"},
				"east": {"uv": [7.25, 4.75, 8.75, 5], "texture": "#texture"},
				"south": {"uv": [15, 4.75, 15.25, 5], "texture": "#texture"},
				"west": {"uv": [7.25, 4.75, 8.75, 5], "texture": "#texture"},
				"up": {"uv": [15, 7.25, 15.25, 8.75], "texture": "#texture"}
			}
		},
		{
			"from": [8, 8.05, 7.1],
			"to": [8.25, 8.3, 8.1],
			"rotation": {"angle": 0, "axis": "y", "origin": [-1.5, -3.8, -0.4]},
			"faces": {
				"north": {"uv": [1.25, 4.75, 1.5, 5], "texture": "#texture"},
				"east": {"uv": [7.25, 4.75, 8.75, 5], "texture": "#texture"},
				"south": {"uv": [14.5, 4.75, 14.75, 5], "texture": "#texture"},
				"west": {"uv": [7.25, 4.75, 8.75, 5], "texture": "#texture"},
				"up": {"uv": [14.5, 7.25, 14.75, 8.75], "texture": "#texture"}
			}
		},
		{
			"from": [7.5, 8.05, 7.1],
			"to": [7.75, 8.3, 8.1],
			"rotation": {"angle": 0, "axis": "y", "origin": [-1.5, -3.8, -0.4]},
			"faces": {
				"north": {"uv": [1.75, 4.75, 2, 5], "texture": "#texture"},
				"east": {"uv": [7.25, 4.75, 8.75, 5], "texture": "#texture"},
				"south": {"uv": [14, 4.75, 14.25, 5], "texture": "#texture"},
				"west": {"uv": [7.25, 4.75, 8.75, 5], "texture": "#texture"},
				"up": {"uv": [14, 7.25, 14.25, 8.75], "texture": "#texture"}
			}
		},
		{
			"from": [7, 8.05, 7.1],
			"to": [7.25, 8.3, 8.1],
			"rotation": {"angle": 0, "axis": "y", "origin": [-1.5, -3.8, -0.4]},
			"faces": {
				"north": {"uv": [2.25, 4.75, 2.5, 5], "texture": "#texture"},
				"east": {"uv": [7.25, 4.75, 8.75, 5], "texture": "#texture"},
				"south": {"uv": [13.5, 4.75, 13.75, 5], "texture": "#texture"},
				"west": {"uv": [7.25, 4.75, 8.75, 5], "texture": "#texture"},
				"up": {"uv": [13.5, 7.25, 13.75, 8.75], "texture": "#texture"}
			}
		},
		{
			"from": [6.5, 8.05, 7.1],
			"to": [6.75, 8.3, 8.1],
			"rotation": {"angle": 0, "axis": "y", "origin": [-1.5, -3.8, -0.4]},
			"faces": {
				"north": {"uv": [2.75, 4.75, 3, 5], "texture": "#texture"},
				"east": {"uv": [7.25, 4.75, 8.75, 5], "texture": "#texture"},
				"south": {"uv": [13, 4.75, 13.25, 5], "texture": "#texture"},
				"west": {"uv": [7.25, 4.75, 8.75, 5], "texture": "#texture"},
				"up": {"uv": [13, 7.25, 13.25, 8.75], "texture": "#texture"}
			}
		},
		{
			"from": [6, 8.05, 7.1],
			"to": [6.25, 8.3, 8.1],
			"rotation": {"angle": 0, "axis": "y", "origin": [-1.5, -3.8, -0.4]},
			"faces": {
				"north": {"uv": [3.25, 4.75, 3.5, 5], "texture": "#texture"},
				"east": {"uv": [7.25, 4.75, 8.75, 5], "texture": "#texture"},
				"south": {"uv": [12.5, 4.75, 12.75, 5], "texture": "#texture"},
				"west": {"uv": [7.25, 4.75, 8.75, 5], "texture": "#texture"},
				"up": {"uv": [12.5, 7.25, 12.75, 8.75], "texture": "#texture"}
			}
		},
		{
			"from": [6.5, 8.05, 7.1],
			"to": [6.75, 8.3, 8.1],
			"rotation": {"angle": 0, "axis": "y", "origin": [-1.5, -3.8, -0.4]},
			"faces": {
				"north": {"uv": [2.75, 4.75, 3, 5], "texture": "#texture"},
				"east": {"uv": [7.25, 4.75, 8.75, 5], "texture": "#texture"},
				"south": {"uv": [13, 4.75, 13.25, 5], "texture": "#texture"},
				"west": {"uv": [7.25, 4.75, 8.75, 5], "texture": "#texture"},
				"up": {"uv": [13, 7.25, 13.25, 8.75], "texture": "#texture"}
			}
		},
		{
			"from": [9.5, 8.05, 7.1],
			"to": [9.75, 8.3, 8.1],
			"rotation": {"angle": 0, "axis": "y", "origin": [-1.5, -3.8, -0.4]},
			"faces": {
				"north": {"uv": [1.75, 4.75, 2, 5], "texture": "#texture"},
				"east": {"uv": [7.25, 4.75, 8.75, 5], "texture": "#texture"},
				"south": {"uv": [14, 4.75, 14.25, 5], "texture": "#texture"},
				"west": {"uv": [7.25, 4.75, 8.75, 5], "texture": "#texture"},
				"up": {"uv": [14, 7.25, 14.25, 8.75], "texture": "#texture"}
			}
		},
		{
			"from": [3, 8.05, 7.1],
			"to": [3.25, 8.3, 8.1],
			"rotation": {"angle": 0, "axis": "y", "origin": [-1.5, -3.8, -0.4]},
			"faces": {
				"north": {"uv": [4.25, 4.75, 4.5, 5], "texture": "#texture"},
				"east": {"uv": [7.25, 4.75, 8.75, 5], "texture": "#texture"},
				"south": {"uv": [11.5, 4.75, 11.75, 5], "texture": "#texture"},
				"west": {"uv": [7.25, 4.75, 8.75, 5], "texture": "#texture"},
				"up": {"uv": [11.5, 7.25, 11.75, 8.75], "texture": "#texture"}
			}
		},
		{
			"from": [3.5, 8.05, 7.1],
			"to": [3.75, 8.3, 8.1],
			"rotation": {"angle": 0, "axis": "y", "origin": [-1.5, -3.8, -0.4]},
			"faces": {
				"north": {"uv": [3.75, 4.75, 4, 5], "texture": "#texture"},
				"east": {"uv": [7.25, 4.75, 8.75, 5], "texture": "#texture"},
				"south": {"uv": [12, 4.75, 12.25, 5], "texture": "#texture"},
				"west": {"uv": [7.25, 4.75, 8.75, 5], "texture": "#texture"},
				"up": {"uv": [12, 7.25, 12.25, 8.75], "texture": "#texture"}
			}
		},
		{
			"from": [4.5, 8.05, 7.1],
			"to": [4.75, 8.3, 8.1],
			"rotation": {"angle": 0, "axis": "y", "origin": [-1.5, -3.8, -0.4]},
			"faces": {
				"north": {"uv": [2.75, 4.75, 3, 5], "texture": "#texture"},
				"east": {"uv": [7.25, 4.75, 8.75, 5], "texture": "#texture"},
				"south": {"uv": [13, 4.75, 13.25, 5], "texture": "#texture"},
				"west": {"uv": [7.25, 4.75, 8.75, 5], "texture": "#texture"},
				"up": {"uv": [13, 7.25, 13.25, 8.75], "texture": "#texture"}
			}
		},
		{
			"from": [4, 8.05, 7.1],
			"to": [4.25, 8.3, 8.1],
			"rotation": {"angle": 0, "axis": "y", "origin": [-1.5, -3.8, -0.4]},
			"faces": {
				"north": {"uv": [3.25, 4.75, 3.5, 5], "texture": "#texture"},
				"east": {"uv": [7.25, 4.75, 8.75, 5], "texture": "#texture"},
				"south": {"uv": [12.5, 4.75, 12.75, 5], "texture": "#texture"},
				"west": {"uv": [7.25, 4.75, 8.75, 5], "texture": "#texture"},
				"up": {"uv": [12.5, 7.25, 12.75, 8.75], "texture": "#texture"}
			}
		},
		{
			"from": [4.5, 8.05, 7.1],
			"to": [4.75, 8.3, 8.1],
			"rotation": {"angle": 0, "axis": "y", "origin": [-1.5, -3.8, -0.4]},
			"faces": {
				"north": {"uv": [2.75, 4.75, 3, 5], "texture": "#texture"},
				"east": {"uv": [7.25, 4.75, 8.75, 5], "texture": "#texture"},
				"south": {"uv": [13, 4.75, 13.25, 5], "texture": "#texture"},
				"west": {"uv": [7.25, 4.75, 8.75, 5], "texture": "#texture"},
				"up": {"uv": [13, 7.25, 13.25, 8.75], "texture": "#texture"}
			}
		},
		{
			"from": [5, 4.825, 7.1],
			"to": [5.25, 5.075, 8.1],
			"rotation": {"angle": 0, "axis": "y", "origin": [-1.5, -3.8, -0.4]},
			"faces": {
				"north": {"uv": [4.25, 4.75, 4.5, 5], "texture": "#texture"},
				"east": {"uv": [7.25, 4.75, 8.75, 5], "texture": "#texture"},
				"south": {"uv": [11.5, 4.75, 11.75, 5], "texture": "#texture"},
				"west": {"uv": [7.25, 4.75, 8.75, 5], "texture": "#texture"},
				"up": {"uv": [11.5, 7.25, 11.75, 8.75], "texture": "#texture"},
				"down": {"uv": [7, 5, 8, 6], "texture": "#texture"}
			}
		},
		{
			"from": [5.5, 4.825, 7.1],
			"to": [5.75, 5.075, 8.1],
			"rotation": {"angle": 0, "axis": "y", "origin": [-1.5, -3.8, -0.4]},
			"faces": {
				"north": {"uv": [3.75, 4.75, 4, 5], "texture": "#texture"},
				"east": {"uv": [7.25, 4.75, 8.75, 5], "texture": "#texture"},
				"south": {"uv": [12, 4.75, 12.25, 5], "texture": "#texture"},
				"west": {"uv": [7.25, 4.75, 8.75, 5], "texture": "#texture"},
				"up": {"uv": [12, 7.25, 12.25, 8.75], "texture": "#texture"},
				"down": {"uv": [7, 5, 8, 6], "texture": "#texture"}
			}
		},
		{
			"from": [9, 4.825, 7.1],
			"to": [9.25, 5.075, 8.1],
			"rotation": {"angle": 0, "axis": "y", "origin": [-1.5, -3.8, -0.4]},
			"faces": {
				"north": {"uv": [0.25, 4.75, 0.5, 5], "texture": "#texture"},
				"east": {"uv": [7.25, 4.75, 8.75, 5], "texture": "#texture"},
				"south": {"uv": [15.5, 4.75, 15.75, 5], "texture": "#texture"},
				"west": {"uv": [7.25, 4.75, 8.75, 5], "texture": "#texture"},
				"up": {"uv": [15.5, 7.25, 15.75, 8.75], "texture": "#texture"},
				"down": {"uv": [7, 5, 8, 6], "texture": "#texture"}
			}
		},
		{
			"from": [8.5, 4.825, 7.1],
			"to": [8.75, 5.075, 8.1],
			"rotation": {"angle": 0, "axis": "y", "origin": [-1.5, -3.8, -0.4]},
			"faces": {
				"north": {"uv": [0.75, 4.75, 1, 5], "texture": "#texture"},
				"east": {"uv": [7.25, 4.75, 8.75, 5], "texture": "#texture"},
				"south": {"uv": [15, 4.75, 15.25, 5], "texture": "#texture"},
				"west": {"uv": [7.25, 4.75, 8.75, 5], "texture": "#texture"},
				"up": {"uv": [15, 7.25, 15.25, 8.75], "texture": "#texture"},
				"down": {"uv": [7, 5, 8, 6], "texture": "#texture"}
			}
		},
		{
			"from": [8, 4.825, 7.1],
			"to": [8.25, 5.075, 8.1],
			"rotation": {"angle": 0, "axis": "y", "origin": [-1.5, -3.8, -0.4]},
			"faces": {
				"north": {"uv": [1.25, 4.75, 1.5, 5], "texture": "#texture"},
				"east": {"uv": [7.25, 4.75, 8.75, 5], "texture": "#texture"},
				"south": {"uv": [14.5, 4.75, 14.75, 5], "texture": "#texture"},
				"west": {"uv": [7.25, 4.75, 8.75, 5], "texture": "#texture"},
				"up": {"uv": [14.5, 7.25, 14.75, 8.75], "texture": "#texture"},
				"down": {"uv": [7, 5, 8, 6], "texture": "#texture"}
			}
		},
		{
			"from": [7.5, 4.825, 7.1],
			"to": [7.75, 5.075, 8.1],
			"rotation": {"angle": 0, "axis": "y", "origin": [-1.5, -3.8, -0.4]},
			"faces": {
				"north": {"uv": [1.75, 4.75, 2, 5], "texture": "#texture"},
				"east": {"uv": [7.25, 4.75, 8.75, 5], "texture": "#texture"},
				"south": {"uv": [14, 4.75, 14.25, 5], "texture": "#texture"},
				"west": {"uv": [7.25, 4.75, 8.75, 5], "texture": "#texture"},
				"up": {"uv": [14, 7.25, 14.25, 8.75], "texture": "#texture"},
				"down": {"uv": [7, 5, 8, 6], "texture": "#texture"}
			}
		},
		{
			"from": [7, 4.825, 7.1],
			"to": [7.25, 5.075, 8.1],
			"rotation": {"angle": 0, "axis": "y", "origin": [-1.5, -3.8, -0.4]},
			"faces": {
				"north": {"uv": [2.25, 4.75, 2.5, 5], "texture": "#texture"},
				"east": {"uv": [7.25, 4.75, 8.75, 5], "texture": "#texture"},
				"south": {"uv": [13.5, 4.75, 13.75, 5], "texture": "#texture"},
				"west": {"uv": [7.25, 4.75, 8.75, 5], "texture": "#texture"},
				"up": {"uv": [13.5, 7.25, 13.75, 8.75], "texture": "#texture"},
				"down": {"uv": [7, 5, 8, 6], "texture": "#texture"}
			}
		},
		{
			"from": [6.5, 4.825, 7.1],
			"to": [6.75, 5.075, 8.1],
			"rotation": {"angle": 0, "axis": "y", "origin": [-1.5, -3.8, -0.4]},
			"faces": {
				"north": {"uv": [2.75, 4.75, 3, 5], "texture": "#texture"},
				"east": {"uv": [7.25, 4.75, 8.75, 5], "texture": "#texture"},
				"south": {"uv": [13, 4.75, 13.25, 5], "texture": "#texture"},
				"west": {"uv": [7.25, 4.75, 8.75, 5], "texture": "#texture"},
				"up": {"uv": [13, 7.25, 13.25, 8.75], "texture": "#texture"},
				"down": {"uv": [7, 5, 8, 6], "texture": "#texture"}
			}
		},
		{
			"from": [6, 4.825, 7.1],
			"to": [6.25, 5.075, 8.1],
			"rotation": {"angle": 0, "axis": "y", "origin": [-1.5, -3.8, -0.4]},
			"faces": {
				"north": {"uv": [3.25, 4.75, 3.5, 5], "texture": "#texture"},
				"east": {"uv": [7.25, 4.75, 8.75, 5], "texture": "#texture"},
				"south": {"uv": [12.5, 4.75, 12.75, 5], "texture": "#texture"},
				"west": {"uv": [7.25, 4.75, 8.75, 5], "texture": "#texture"},
				"up": {"uv": [12.5, 7.25, 12.75, 8.75], "texture": "#texture"},
				"down": {"uv": [7, 5, 8, 6], "texture": "#texture"}
			}
		},
		{
			"from": [6.5, 4.825, 7.1],
			"to": [6.75, 5.075, 8.1],
			"rotation": {"angle": 0, "axis": "y", "origin": [-1.5, -3.8, -0.4]},
			"faces": {
				"north": {"uv": [2.75, 4.75, 3, 5], "texture": "#texture"},
				"east": {"uv": [7.25, 4.75, 8.75, 5], "texture": "#texture"},
				"south": {"uv": [13, 4.75, 13.25, 5], "texture": "#texture"},
				"west": {"uv": [7.25, 4.75, 8.75, 5], "texture": "#texture"},
				"up": {"uv": [13, 7.25, 13.25, 8.75], "texture": "#texture"},
				"down": {"uv": [7, 5, 8, 6], "texture": "#texture"}
			}
		},
		{
			"from": [3, 4.825, 7.1],
			"to": [3.25, 5.075, 8.1],
			"rotation": {"angle": 0, "axis": "y", "origin": [-1.5, -3.8, -0.4]},
			"faces": {
				"north": {"uv": [4.25, 4.75, 4.5, 5], "texture": "#texture"},
				"east": {"uv": [7.25, 4.75, 8.75, 5], "texture": "#texture"},
				"south": {"uv": [11.5, 4.75, 11.75, 5], "texture": "#texture"},
				"west": {"uv": [7.25, 4.75, 8.75, 5], "texture": "#texture"},
				"up": {"uv": [11.5, 7.25, 11.75, 8.75], "texture": "#texture"},
				"down": {"uv": [7, 5, 8, 6], "texture": "#texture"}
			}
		},
		{
			"from": [3.5, 4.825, 7.1],
			"to": [3.75, 5.075, 8.1],
			"rotation": {"angle": 0, "axis": "y", "origin": [-1.5, -3.8, -0.4]},
			"faces": {
				"north": {"uv": [3.75, 4.75, 4, 5], "texture": "#texture"},
				"east": {"uv": [7.25, 4.75, 8.75, 5], "texture": "#texture"},
				"south": {"uv": [12, 4.75, 12.25, 5], "texture": "#texture"},
				"west": {"uv": [7.25, 4.75, 8.75, 5], "texture": "#texture"},
				"up": {"uv": [12, 7.25, 12.25, 8.75], "texture": "#texture"},
				"down": {"uv": [7, 5, 8, 6], "texture": "#texture"}
			}
		},
		{
			"from": [4.5, 4.825, 7.1],
			"to": [4.75, 5.075, 8.1],
			"rotation": {"angle": 0, "axis": "y", "origin": [-1.5, -3.8, -0.4]},
			"faces": {
				"north": {"uv": [2.75, 4.75, 3, 5], "texture": "#texture"},
				"east": {"uv": [7.25, 4.75, 8.75, 5], "texture": "#texture"},
				"south": {"uv": [13, 4.75, 13.25, 5], "texture": "#texture"},
				"west": {"uv": [7.25, 4.75, 8.75, 5], "texture": "#texture"},
				"up": {"uv": [13, 7.25, 13.25, 8.75], "texture": "#texture"},
				"down": {"uv": [7, 5, 8, 6], "texture": "#texture"}
			}
		},
		{
			"from": [4, 4.825, 7.1],
			"to": [4.25, 5.075, 8.1],
			"rotation": {"angle": 0, "axis": "y", "origin": [-1.5, -3.8, -0.4]},
			"faces": {
				"north": {"uv": [3.25, 4.75, 3.5, 5], "texture": "#texture"},
				"east": {"uv": [7.25, 4.75, 8.75, 5], "texture": "#texture"},
				"south": {"uv": [12.5, 4.75, 12.75, 5], "texture": "#texture"},
				"west": {"uv": [7.25, 4.75, 8.75, 5], "texture": "#texture"},
				"up": {"uv": [12.5, 7.25, 12.75, 8.75], "texture": "#texture"},
				"down": {"uv": [7, 5, 8, 6], "texture": "#texture"}
			}
		},
		{
			"from": [4.5, 4.825, 7.1],
			"to": [4.75, 5.075, 8.1],
			"rotation": {"angle": 0, "axis": "y", "origin": [-1.5, -3.8, -0.4]},
			"faces": {
				"north": {"uv": [2.75, 4.75, 3, 5], "texture": "#texture"},
				"east": {"uv": [7.25, 4.75, 8.75, 5], "texture": "#texture"},
				"south": {"uv": [13, 4.75, 13.25, 5], "texture": "#texture"},
				"west": {"uv": [7.25, 4.75, 8.75, 5], "texture": "#texture"},
				"up": {"uv": [13, 7.25, 13.25, 8.75], "texture": "#texture"},
				"down": {"uv": [7, 5, 8, 6], "texture": "#texture"}
			}
		},
		{
			"from": [2, 8.05, 7.1],
			"to": [2.25, 8.3, 8.1],
			"rotation": {"angle": 0, "axis": "y", "origin": [-1.5, -3.8, -0.4]},
			"faces": {
				"north": {"uv": [4.25, 4.75, 4.5, 5], "texture": "#texture"},
				"east": {"uv": [7.25, 4.75, 8.75, 5], "texture": "#texture"},
				"south": {"uv": [11.5, 4.75, 11.75, 5], "texture": "#texture"},
				"west": {"uv": [7.25, 4.75, 8.75, 5], "texture": "#texture"},
				"up": {"uv": [11.5, 7.25, 11.75, 8.75], "texture": "#texture"}
			}
		},
		{
			"from": [2.5, 8.05, 7.1],
			"to": [2.75, 8.3, 8.1],
			"rotation": {"angle": 0, "axis": "y", "origin": [-1.5, -3.8, -0.4]},
			"faces": {
				"north": {"uv": [3.75, 4.75, 4, 5], "texture": "#texture"},
				"east": {"uv": [7.25, 4.75, 8.75, 5], "texture": "#texture"},
				"south": {"uv": [12, 4.75, 12.25, 5], "texture": "#texture"},
				"west": {"uv": [7.25, 4.75, 8.75, 5], "texture": "#texture"},
				"up": {"uv": [12, 7.25, 12.25, 8.75], "texture": "#texture"}
			}
		},
		{
			"from": [2, 4.825, 7.1],
			"to": [2.25, 5.075, 8.1],
			"rotation": {"angle": 0, "axis": "y", "origin": [-1.5, -3.8, -0.4]},
			"faces": {
				"north": {"uv": [4.25, 4.75, 4.5, 5], "texture": "#texture"},
				"east": {"uv": [7.25, 4.75, 8.75, 5], "texture": "#texture"},
				"south": {"uv": [11.5, 4.75, 11.75, 5], "texture": "#texture"},
				"west": {"uv": [7.25, 4.75, 8.75, 5], "texture": "#texture"},
				"up": {"uv": [11.5, 7.25, 11.75, 8.75], "texture": "#texture"},
				"down": {"uv": [7, 5, 8, 6], "texture": "#texture"}
			}
		},
		{
			"from": [2.05, 5.575, 6.225],
			"to": [2.3, 6.325, 8.975],
			"rotation": {"angle": 0, "axis": "y", "origin": [-1.5, -3.8, -0.4]},
			"faces": {
				"north": {"uv": [4.25, 4.75, 4.5, 5], "texture": "#texture"},
				"east": {"uv": [7.25, 4.75, 8.75, 5], "texture": "#texture"},
				"south": {"uv": [11.5, 4.75, 11.75, 5], "texture": "#texture"},
				"west": {"uv": [7.25, 4.75, 8.75, 5], "texture": "#texture"},
				"up": {"uv": [11.5, 7.25, 11.75, 8.75], "texture": "#texture"},
				"down": {"uv": [11, 7, 12, 8], "texture": "#texture"}
			}
		},
		{
			"from": [2.55, 5.575, 6.225],
			"to": [2.8, 6.325, 8.975],
			"rotation": {"angle": 0, "axis": "y", "origin": [-1.5, -3.8, -0.4]},
			"faces": {
				"north": {"uv": [4.25, 4.75, 4.5, 5], "texture": "#texture"},
				"east": {"uv": [7.25, 4.75, 8.75, 5], "texture": "#texture"},
				"south": {"uv": [11.5, 4.75, 11.75, 5], "texture": "#texture"},
				"west": {"uv": [7.25, 4.75, 8.75, 5], "texture": "#texture"},
				"up": {"uv": [11.5, 7.25, 11.75, 8.75], "texture": "#texture"},
				"down": {"uv": [11, 7, 12, 8], "texture": "#texture"}
			}
		},
		{
			"from": [3.05, 5.575, 6.225],
			"to": [3.3, 6.325, 8.975],
			"rotation": {"angle": 0, "axis": "y", "origin": [-1.5, -3.8, -0.4]},
			"faces": {
				"north": {"uv": [4.25, 4.75, 4.5, 5], "texture": "#texture"},
				"east": {"uv": [7.25, 4.75, 8.75, 5], "texture": "#texture"},
				"south": {"uv": [11.5, 4.75, 11.75, 5], "texture": "#texture"},
				"west": {"uv": [7.25, 4.75, 8.75, 5], "texture": "#texture"},
				"up": {"uv": [11.5, 7.25, 11.75, 8.75], "texture": "#texture"},
				"down": {"uv": [11, 7, 12, 8], "texture": "#texture"}
			}
		},
		{
			"from": [3.55, 5.575, 6.225],
			"to": [3.8, 6.325, 8.975],
			"rotation": {"angle": 0, "axis": "y", "origin": [-1.5, -3.8, -0.4]},
			"faces": {
				"north": {"uv": [4.25, 4.75, 4.5, 5], "texture": "#texture"},
				"east": {"uv": [7.25, 4.75, 8.75, 5], "texture": "#texture"},
				"south": {"uv": [11.5, 4.75, 11.75, 5], "texture": "#texture"},
				"west": {"uv": [7.25, 4.75, 8.75, 5], "texture": "#texture"},
				"up": {"uv": [11.5, 7.25, 11.75, 8.75], "texture": "#texture"},
				"down": {"uv": [11, 7, 12, 8], "texture": "#texture"}
			}
		},
		{
			"from": [4.05, 5.575, 6.225],
			"to": [4.3, 6.325, 8.975],
			"rotation": {"angle": 0, "axis": "y", "origin": [-1.5, -3.8, -0.4]},
			"faces": {
				"north": {"uv": [4.25, 4.75, 4.5, 5], "texture": "#texture"},
				"east": {"uv": [7.25, 4.75, 8.75, 5], "texture": "#texture"},
				"south": {"uv": [11.5, 4.75, 11.75, 5], "texture": "#texture"},
				"west": {"uv": [7.25, 4.75, 8.75, 5], "texture": "#texture"},
				"up": {"uv": [11.5, 7.25, 11.75, 8.75], "texture": "#texture"},
				"down": {"uv": [11, 7, 12, 8], "texture": "#texture"}
			}
		},
		{
			"from": [4.55, 5.575, 6.225],
			"to": [4.8, 6.325, 8.975],
			"rotation": {"angle": 0, "axis": "y", "origin": [-1.5, -3.8, -0.4]},
			"faces": {
				"north": {"uv": [4.25, 4.75, 4.5, 5], "texture": "#texture"},
				"east": {"uv": [7.25, 4.75, 8.75, 5], "texture": "#texture"},
				"south": {"uv": [11.5, 4.75, 11.75, 5], "texture": "#texture"},
				"west": {"uv": [7.25, 4.75, 8.75, 5], "texture": "#texture"},
				"up": {"uv": [11.5, 7.25, 11.75, 8.75], "texture": "#texture"},
				"down": {"uv": [11, 7, 12, 8], "texture": "#texture"}
			}
		},
		{
			"from": [5.05, 5.575, 6.225],
			"to": [5.3, 6.325, 8.975],
			"rotation": {"angle": 0, "axis": "y", "origin": [-1.5, -3.8, -0.4]},
			"faces": {
				"north": {"uv": [4.25, 4.75, 4.5, 5], "texture": "#texture"},
				"east": {"uv": [7.25, 4.75, 8.75, 5], "texture": "#texture"},
				"south": {"uv": [11.5, 4.75, 11.75, 5], "texture": "#texture"},
				"west": {"uv": [7.25, 4.75, 8.75, 5], "texture": "#texture"},
				"up": {"uv": [11.5, 7.25, 11.75, 8.75], "texture": "#texture"},
				"down": {"uv": [11, 7, 12, 8], "texture": "#texture"}
			}
		},
		{
			"from": [5.55, 5.575, 6.225],
			"to": [5.8, 6.325, 8.975],
			"rotation": {"angle": 0, "axis": "y", "origin": [-1.5, -3.8, -0.4]},
			"faces": {
				"north": {"uv": [4.25, 4.75, 4.5, 5], "texture": "#texture"},
				"east": {"uv": [7.25, 4.75, 8.75, 5], "texture": "#texture"},
				"south": {"uv": [11.5, 4.75, 11.75, 5], "texture": "#texture"},
				"west": {"uv": [7.25, 4.75, 8.75, 5], "texture": "#texture"},
				"up": {"uv": [11.5, 7.25, 11.75, 8.75], "texture": "#texture"},
				"down": {"uv": [11, 7, 12, 8], "texture": "#texture"}
			}
		},
		{
			"from": [6.05, 5.575, 6.225],
			"to": [6.3, 6.325, 8.975],
			"rotation": {"angle": 0, "axis": "y", "origin": [-1.5, -3.8, -0.4]},
			"faces": {
				"north": {"uv": [4.25, 4.75, 4.5, 5], "texture": "#texture"},
				"east": {"uv": [7.25, 4.75, 8.75, 5], "texture": "#texture"},
				"south": {"uv": [11.5, 4.75, 11.75, 5], "texture": "#texture"},
				"west": {"uv": [7.25, 4.75, 8.75, 5], "texture": "#texture"},
				"up": {"uv": [11.5, 7.25, 11.75, 8.75], "texture": "#texture"},
				"down": {"uv": [11, 7, 12, 8], "texture": "#texture"}
			}
		},
		{
			"from": [2.5, 4.825, 7.1],
			"to": [2.75, 5.075, 8.1],
			"rotation": {"angle": 0, "axis": "y", "origin": [-1.5, -3.8, -0.4]},
			"faces": {
				"north": {"uv": [3.75, 4.75, 4, 5], "texture": "#texture"},
				"east": {"uv": [7.25, 4.75, 8.75, 5], "texture": "#texture"},
				"south": {"uv": [12, 4.75, 12.25, 5], "texture": "#texture"},
				"west": {"uv": [7.25, 4.75, 8.75, 5], "texture": "#texture"},
				"up": {"uv": [12, 7.25, 12.25, 8.75], "texture": "#texture"},
				"down": {"uv": [7, 5, 8, 6], "texture": "#texture"}
			}
		},
		{
			"from": [16.75, 4.825, 6.85],
			"to": [17.15, 5.2, 8.35],
			"rotation": {"angle": 0, "axis": "y", "origin": [-1.5, -3.8, -0.4]},
			"faces": {
				"north": {"uv": [0, 7.25, 2.25, 7.75], "texture": "#1", "cullface": "east"},
				"east": {"uv": [7, 7.25, 9, 7.75], "texture": "#1", "cullface": "east"},
				"south": {"uv": [13.75, 7.25, 16, 7.75], "texture": "#1", "cullface": "east"},
				"down": {"uv": [2.25, 9, 0, 7], "texture": "#1", "cullface": "east"}
			}
		},
		{
			"from": [17.775, 6.325, 6.675],
			"to": [18.725, 7.825, 8.525],
			"rotation": {"angle": 0, "axis": "y", "origin": [-0.85, 7.2, -0.4]},
			"faces": {
				"north": {"uv": [0, 6.25, 1, 8], "texture": "#1", "cullface": "east"},
				"east": {"uv": [0, 0, 1, 1], "texture": "#1"},
				"south": {"uv": [16, 4.25, 15, 8], "texture": "#1", "cullface": "east"},
				"west": {"uv": [0, 0, 1, 1], "texture": "#1"},
				"up": {"uv": [15, 7.25, 16, 8.75], "texture": "#1", "cullface": "east"},
				"down": {"uv": [1, 8.75, 0, 7.25], "texture": "#1", "cullface": "east"}
			}
		},
		{
			"from": [22.975, 3.65, 6.85],
			"to": [24.175, 3.9, 8.375],
			"rotation": {"angle": 0, "axis": "y", "origin": [-0.325, -2.95, -0.4]},
			"faces": {
				"north": {"uv": [0, 8.75, 1, 9], "texture": "#1", "cullface": "east"},
				"east": {"uv": [7.5, 8.75, 8.5, 9], "texture": "#1", "cullface": "east"},
				"south": {"uv": [16, 7.75, 15, 9], "texture": "#1", "cullface": "east"},
				"west": {"uv": [7.5, 8.75, 8.5, 9], "texture": "#1", "cullface": "east"},
				"down": {"uv": [0, 8.5, 1, 7.5], "texture": "#1", "cullface": "east"}
			}
		},
		{
			"from": [22.725, 3.9, 6.85],
			"to": [24.175, 4.15, 8.375],
			"rotation": {"angle": 0, "axis": "y", "origin": [-0.875, -2.95, -0.4]},
			"faces": {
				"north": {"uv": [0, 8.5, 1, 8.75], "texture": "#1", "cullface": "east"},
				"east": {"uv": [7.5, 8.5, 8.5, 8.75], "texture": "#1", "cullface": "east"},
				"south": {"uv": [16, 7.5, 15, 8.75], "texture": "#1", "cullface": "east"},
				"west": {"uv": [7.5, 8.5, 8.5, 8.75], "texture": "#1", "cullface": "east"},
				"down": {"uv": [0, 8.5, 1, 7.5], "texture": "#1", "cullface": "east"}
			}
		},
		{
			"from": [23.475, 3.15, 6.85],
			"to": [24.175, 3.4, 8.375],
			"rotation": {"angle": 0, "axis": "y", "origin": [-0.325, -2.95, -0.4]},
			"faces": {
				"north": {"uv": [0, 8.75, 1, 9], "texture": "#1", "cullface": "east"},
				"east": {"uv": [7.5, 8.75, 8.5, 9], "texture": "#1", "cullface": "east"},
				"south": {"uv": [16, 7.75, 15, 9], "texture": "#1", "cullface": "east"},
				"west": {"uv": [7.5, 8.75, 8.5, 9], "texture": "#1", "cullface": "east"},
				"down": {"uv": [0, 8.5, 1, 7.5], "texture": "#1", "cullface": "east"}
			}
		},
		{
			"from": [23.675, 2.95, 6.85],
			"to": [24.175, 3.2, 8.375],
			"rotation": {"angle": 0, "axis": "y", "origin": [-0.325, -2.95, -0.4]},
			"faces": {
				"north": {"uv": [0, 8.75, 1, 9], "texture": "#1", "cullface": "east"},
				"east": {"uv": [7.5, 8.75, 8.5, 9], "texture": "#1", "cullface": "east"},
				"south": {"uv": [16, 7.75, 15, 9], "texture": "#1", "cullface": "east"},
				"west": {"uv": [7.5, 8.75, 8.5, 9], "texture": "#1", "cullface": "east"},
				"down": {"uv": [0, 8.5, 1, 7.5], "texture": "#1", "cullface": "east"}
			}
		},
		{
			"from": [23.225, 3.4, 6.85],
			"to": [24.175, 3.65, 8.375],
			"rotation": {"angle": 0, "axis": "y", "origin": [-0.875, -2.95, -0.4]},
			"faces": {
				"north": {"uv": [0, 8.5, 1, 8.75], "texture": "#1", "cullface": "east"},
				"east": {"uv": [7.5, 8.5, 8.5, 8.75], "texture": "#1", "cullface": "east"},
				"south": {"uv": [16, 7.5, 15, 8.75], "texture": "#1", "cullface": "east"},
				"west": {"uv": [7.5, 8.5, 8.5, 8.75], "texture": "#1", "cullface": "east"},
				"down": {"uv": [0, 8.5, 1, 7.5], "texture": "#1", "cullface": "east"}
			}
		},
		{
			"from": [24.175, 2.55, 6.75],
			"to": [24.925, 7.3, 8.475],
			"rotation": {"angle": 0, "axis": "y", "origin": [-0.85, 7.2, -0.4]},
			"faces": {
				"north": {"uv": [0, 5.25, 1, 10.25], "texture": "#texture", "cullface": "east"},
				"east": {"uv": [7.25, 5.25, 8.75, 10.25], "texture": "#texture", "cullface": "east"},
				"south": {"uv": [16, 5.25, 15, 10.25], "texture": "#texture", "cullface": "east"},
				"west": {"uv": [7.25, 5.25, 8.75, 10.25], "texture": "#texture", "cullface": "east"},
				"up": {"uv": [16, 7.25, 15, 8.75], "texture": "#texture", "cullface": "east"},
				"down": {"uv": [0, 8.75, 1, 7.25], "texture": "#texture", "cullface": "east"}
			}
		},
		{
			"from": [21.625, 5.175, 6.85],
			"to": [24.75, 5.425, 8.375],
			"rotation": {"angle": -45, "axis": "z", "origin": [21.3, 4.9, 7.1]},
			"faces": {
				"north": {"uv": [0, 8, 1, 8.25], "texture": "#1", "cullface": "east"},
				"east": {"uv": [7.5, 10, 8.5, 10.25], "texture": "#1", "cullface": "east"},
				"south": {"uv": [16, 8, 15, 6.25], "texture": "#1", "cullface": "east"},
				"west": {"uv": [7.5, 10, 8.5, 10.25], "texture": "#1", "cullface": "east"},
				"up": {"uv": [16, 7.5, 15, 8.5], "texture": "#1", "cullface": "east"},
				"down": {"uv": [0, 8.5, 1, 7.5], "texture": "#1", "cullface": "east"}
			}
		},
		{
			"from": [17.775, 4.825, 6.725],
			"to": [20.475, 6.325, 8.475],
			"rotation": {"angle": 0, "axis": "y", "origin": [-0.85, 7.2, -0.4]},
			"faces": {
				"north": {"uv": [0, 6.25, 1, 8], "texture": "#1", "cullface": "east"},
				"east": {"uv": [0, 0, 1, 1], "texture": "#1"},
				"south": {"uv": [16, 4.25, 15, 8], "texture": "#1", "cullface": "east"},
				"west": {"uv": [0, 0, 1, 1], "texture": "#1"},
				"up": {"uv": [15, 7.25, 16, 8.75], "texture": "#1", "cullface": "east"},
				"down": {"uv": [1, 8.75, 0, 7.25], "texture": "#1", "cullface": "east"}
			}
		},
		{
			"from": [17.775, 4.85, 6.85],
			"to": [24.475, 7.075, 8.375],
			"rotation": {"angle": 0, "axis": "y", "origin": [-0.85, 7.2, -0.4]},
			"faces": {
				"north": {"uv": [0, 6.25, 1, 8], "texture": "#1", "cullface": "east"},
				"east": {"uv": [0, 0, 1, 1], "texture": "#1"},
				"south": {"uv": [16, 4.25, 15, 8], "texture": "#1", "cullface": "east"},
				"west": {"uv": [0, 0, 1, 1], "texture": "#1"},
				"up": {"uv": [16, 7.25, 15, 8.75], "texture": "#1", "cullface": "east"},
				"down": {"uv": [0, 8.75, 1, 7.25], "texture": "#1", "cullface": "east"}
			}
		},
		{
			"from": [18.725, 6.325, 6.675],
			"to": [19.725, 7.575, 8.525],
			"rotation": {"angle": 0, "axis": "y", "origin": [-0.85, 7.2, -0.4]},
			"faces": {
				"north": {"uv": [0, 6.25, 1, 8], "texture": "#1", "cullface": "east"},
				"east": {"uv": [0, 0, 1, 1], "texture": "#1"},
				"south": {"uv": [16, 4.25, 15, 8], "texture": "#1", "cullface": "east"},
				"west": {"uv": [0, 0, 1, 1], "texture": "#1"},
				"up": {"uv": [16, 7.25, 15, 8.75], "texture": "#1", "cullface": "east"},
				"down": {"uv": [0, 8.75, 1, 7.25], "texture": "#1", "cullface": "east"}
			}
		},
		{
			"from": [19.725, 6.325, 6.675],
			"to": [20.725, 7.325, 8.525],
			"rotation": {"angle": 0, "axis": "y", "origin": [-0.85, 7.2, -0.4]},
			"faces": {
				"north": {"uv": [0, 6.25, 1, 8], "texture": "#1", "cullface": "east"},
				"east": {"uv": [0, 0, 1, 1], "texture": "#1"},
				"south": {"uv": [16, 4.25, 15, 8], "texture": "#1", "cullface": "east"},
				"west": {"uv": [0, 0, 1, 1], "texture": "#1"},
				"up": {"uv": [16, 7.25, 15, 8.75], "texture": "#1", "cullface": "east"},
				"down": {"uv": [0, 8.75, 1, 7.25], "texture": "#1", "cullface": "east"}
			}
		},
		{
			"from": [23.925, 2.65, 6.85],
			"to": [24.175, 3, 8.375],
			"rotation": {"angle": 0, "axis": "y", "origin": [-0.325, -2.95, -0.4]},
			"faces": {
				"north": {"uv": [0, 8.75, 1, 9], "texture": "#1", "cullface": "east"},
				"east": {"uv": [7.5, 8.75, 8.5, 9], "texture": "#1", "cullface": "east"},
				"south": {"uv": [16, 8.75, 15, 9], "texture": "#1", "cullface": "east"},
				"west": {"uv": [7.5, 8.75, 8.5, 9], "texture": "#1", "cullface": "east"},
				"down": {"uv": [0, 8.5, 1, 7.5], "texture": "#1", "cullface": "east"}
			}
		},
		{
			"from": [22.475, 4.15, 6.85],
			"to": [24.175, 4.4, 8.375],
			"rotation": {"angle": 0, "axis": "y", "origin": [-0.875, -2.95, -0.4]},
			"faces": {
				"north": {"uv": [0, 8.5, 1, 8.75], "texture": "#1", "cullface": "east"},
				"east": {"uv": [7.5, 8.5, 8.5, 8.75], "texture": "#1", "cullface": "east"},
				"south": {"uv": [16, 7.5, 15, 8.75], "texture": "#1", "cullface": "east"},
				"west": {"uv": [7.5, 8.5, 8.5, 8.75], "texture": "#1", "cullface": "east"},
				"down": {"uv": [0, 8.5, 1, 7.5], "texture": "#1", "cullface": "east"}
			}
		},
		{
			"from": [22.225, 4.4, 6.85],
			"to": [24.175, 4.65, 8.375],
			"rotation": {"angle": 0, "axis": "y", "origin": [-0.875, -2.95, -0.4]},
			"faces": {
				"north": {"uv": [0, 8.5, 1, 8.75], "texture": "#1", "cullface": "east"},
				"east": {"uv": [7.5, 8.5, 8.5, 8.75], "texture": "#1", "cullface": "east"},
				"south": {"uv": [16, 7.5, 15, 8.75], "texture": "#1", "cullface": "east"},
				"west": {"uv": [7.5, 8.5, 8.5, 8.75], "texture": "#1", "cullface": "east"},
				"down": {"uv": [0, 8.5, 1, 7.5], "texture": "#1", "cullface": "east"}
			}
		},
		{
			"from": [21.975, 4.65, 6.85],
			"to": [24.175, 4.85, 8.375],
			"rotation": {"angle": 0, "axis": "y", "origin": [-0.875, -2.95, -0.4]},
			"faces": {
				"north": {"uv": [0, 8.5, 1, 8.75], "texture": "#1", "cullface": "east"},
				"east": {"uv": [7.5, 8.5, 8.5, 8.75], "texture": "#1", "cullface": "east"},
				"south": {"uv": [16, 7.5, 15, 8.75], "texture": "#1", "cullface": "east"},
				"west": {"uv": [7.5, 8.5, 8.5, 8.75], "texture": "#1", "cullface": "east"},
				"down": {"uv": [0, 8.5, 1, 7.5], "texture": "#1", "cullface": "east"}
			}
		},
		{
			"from": [2, 5.375, 6.6],
			"to": [17.15, 7.2, 8.6],
			"rotation": {"angle": 0, "axis": "y", "origin": [-1.5, -3.8, -0.4]},
			"faces": {
				"north": {"uv": [0, 5, 5.5, 7.25], "texture": "#1", "cullface": "east"},
				"east": {"uv": [7, 5, 9, 7.25], "texture": "#1", "cullface": "east"},
				"south": {"uv": [10.5, 5, 16, 7.25], "texture": "#1", "cullface": "east"},
				"west": {"uv": [7, 5, 9, 7.25], "texture": "#1", "cullface": "east"},
				"up": {"uv": [10.5, 7, 16, 9], "texture": "#1", "cullface": "east"},
				"down": {"uv": [5.5, 9, 0, 7], "texture": "#1", "cullface": "east"}
			}
		},
		{
			"from": [2, 5.2, 6.85],
			"to": [17.15, 7.95, 8.35],
			"rotation": {"angle": 0, "axis": "y", "origin": [-1.5, -3.8, -0.4]},
			"faces": {
				"north": {"uv": [0, 5, 5.5, 7.25], "texture": "#1", "cullface": "east"},
				"east": {"uv": [7, 5, 9, 7.25], "texture": "#1", "cullface": "east"},
				"south": {"uv": [10.5, 5, 16, 7.25], "texture": "#1", "cullface": "east"},
				"west": {"uv": [7, 5, 9, 7.25], "texture": "#1", "cullface": "east"},
				"up": {"uv": [10.5, 7, 16, 9], "texture": "#1", "cullface": "east"},
				"down": {"uv": [5.5, 9, 0, 7], "texture": "#1", "cullface": "east"}
			}
		},
		{
			"from": [-6.25, 6.3, 7.3],
			"to": [-4.5, 6.625, 7.9],
			"rotation": {"angle": 0, "axis": "y", "origin": [-1.5, -3.8, -0.4]},
			"faces": {
				"north": {"uv": [14.5, 6.75, 16, 7], "texture": "#texture", "cullface": "west"},
				"east": {"uv": [4, 7, 5, 8], "texture": "#texture"},
				"south": {"uv": [0, 6.75, 1.5, 7], "texture": "#texture", "cullface": "west"},
				"west": {"uv": [7.75, 6.75, 8.25, 7], "texture": "#texture", "cullface": "west"},
				"up": {"uv": [0, 7.75, 1.5, 8.25], "texture": "#texture", "cullface": "west"},
				"down": {"uv": [16, 8.25, 14.5, 7.75], "texture": "#texture", "cullface": "west"}
			}
		},
		{
			"from": [-6.25, 5.75, 7.025],
			"to": [-4.5, 6.35, 7.35],
			"rotation": {"angle": 0, "axis": "y", "origin": [-1.5, -3.8, -0.4]},
			"faces": {
				"north": {"uv": [14.5, 7, 16, 7.5], "texture": "#texture", "cullface": "west"},
				"east": {"uv": [4, 7, 5, 8], "texture": "#texture"},
				"south": {"uv": [0, 7, 1.5, 7.5], "texture": "#texture", "cullface": "west"},
				"west": {"uv": [7.5, 7, 7.75, 7.5], "texture": "#texture", "cullface": "west"},
				"up": {"uv": [0, 7.5, 1.5, 7.75], "texture": "#texture", "cullface": "west"},
				"down": {"uv": [16, 7.75, 14.5, 7.5], "texture": "#texture", "cullface": "west"}
			}
		},
		{
			"from": [-6.25, 5.75, 7.85],
			"to": [-4.5, 6.35, 8.175],
			"rotation": {"angle": 0, "axis": "y", "origin": [-1.5, -3.8, -0.4]},
			"faces": {
				"north": {"uv": [14.5, 7, 16, 7.5], "texture": "#texture", "cullface": "west"},
				"east": {"uv": [4, 7, 5, 8], "texture": "#texture"},
				"south": {"uv": [0, 7, 1.5, 7.5], "texture": "#texture", "cullface": "west"},
				"west": {"uv": [8.25, 7, 8.5, 7.5], "texture": "#texture", "cullface": "west"},
				"up": {"uv": [0, 8.25, 1.5, 8.5], "texture": "#texture", "cullface": "west"},
				"down": {"uv": [16, 8.5, 14.5, 8.25], "texture": "#texture", "cullface": "west"}
			}
		},
		{
			"from": [-6.25, 5.475, 7.3],
			"to": [-4.5, 5.8, 7.9],
			"rotation": {"angle": 0, "axis": "y", "origin": [-1.5, -3.8, -0.4]},
			"faces": {
				"north": {"uv": [14.5, 7.5, 16, 7.75], "texture": "#texture", "cullface": "west"},
				"east": {"uv": [4, 7, 5, 8], "texture": "#texture"},
				"south": {"uv": [0, 7.5, 1.5, 7.75], "texture": "#texture", "cullface": "west"},
				"west": {"uv": [7.75, 7.5, 8.25, 7.75], "texture": "#texture", "cullface": "west"},
				"up": {"uv": [0, 7.75, 1.5, 8.25], "texture": "#texture", "cullface": "west"},
				"down": {"uv": [16, 8.25, 14.5, 7.75], "texture": "#texture", "cullface": "west"}
			}
		},
		{
			"from": [9.85, 1.725, 7.125],
			"to": [12.6, 4.225, 8.075],
			"rotation": {"angle": 0, "axis": "y", "origin": [-1.5, -4.8, -0.4]},
			"faces": {
				"north": {"uv": [0.2, 8.2, 6.8, 8.7], "texture": "#texture", "cullface": "east"},
				"east": {"uv": [6.1, 8.1, 6.7, 8.8], "texture": "#texture", "cullface": "east"},
				"south": {"uv": [6.7, 8.1, 0, 8.8], "texture": "#texture", "cullface": "east"},
				"west": {"uv": [6, 8, 7, 9], "texture": "#texture"},
				"down": {"uv": [6.1, 8.9, 6.8, 8.1], "texture": "#texture", "cullface": "east"}
			}
		},
		{
			"from": [9.7, 0.475, 7.125],
			"to": [12.45, 1.725, 8.075],
			"rotation": {"angle": 0, "axis": "y", "origin": [-1.5, -4.8, -0.4]},
			"faces": {
				"north": {"uv": [0.2, 8.2, 6.7, 8.7], "texture": "#texture", "cullface": "east"},
				"east": {"uv": [6.2, 8.1, 6.7, 8.8], "texture": "#texture", "cullface": "east"},
				"south": {"uv": [6.7, 8.1, 0, 8.8], "texture": "#texture", "cullface": "east"},
				"west": {"uv": [6, 8, 7, 9], "texture": "#texture"},
				"up": {"uv": [6, 8, 7, 9], "texture": "#texture"},
				"down": {"uv": [6.1, 8.9, 6.8, 8.1], "texture": "#texture", "cullface": "east"}
			}
		},
		{
			"from": [9.45, 0.475, 7.125],
			"to": [9.7, 0.725, 8.075],
			"rotation": {"angle": 0, "axis": "y", "origin": [-1.5, -4.8, -0.4]},
			"faces": {
				"north": {"uv": [6.7, 8.2, 6.2, 8.7], "texture": "#texture", "cullface": "east"},
				"east": {"uv": [6.2, 8.1, 6.7, 8.8], "texture": "#texture", "cullface": "east"},
				"south": {"uv": [6.7, 8.1, 6, 8.8], "texture": "#texture", "cullface": "east"},
				"west": {"uv": [6, 8, 7, 9], "texture": "#texture"},
				"up": {"uv": [6, 8, 7, 9], "texture": "#texture"},
				"down": {"uv": [6.1, 8.9, 6.8, 8.1], "texture": "#texture", "cullface": "east"}
			}
		},
		{
			"from": [10.55, -1.525, 7.125],
			"to": [11.95, -1.275, 8.075],
			"rotation": {"angle": 0, "axis": "y", "origin": [-1.5, -4.8, -0.4]},
			"faces": {
				"north": {"uv": [0.2, 8.2, 6.7, 8.7], "texture": "#texture", "cullface": "east"},
				"east": {"uv": [6.2, 8.1, 6.7, 8.8], "texture": "#texture", "cullface": "east"},
				"south": {"uv": [2.7, 8.1, 0, 8.8], "texture": "#texture", "cullface": "east"},
				"west": {"uv": [6, 8, 7, 9], "texture": "#texture"},
				"up": {"uv": [6, 8, 7, 9], "texture": "#texture"},
				"down": {"uv": [6.1, 8.9, 6.8, 8.1], "texture": "#texture", "cullface": "east"}
			}
		},
		{
			"from": [9.2, -1.275, 7.125],
			"to": [11.95, -0.525, 8.075],
			"rotation": {"angle": 0, "axis": "y", "origin": [-1.5, -4.8, -0.4]},
			"faces": {
				"north": {"uv": [0.2, 8.2, 6.7, 8.7], "texture": "#texture", "cullface": "east"},
				"east": {"uv": [6.2, 8.1, 6.7, 8.8], "texture": "#texture", "cullface": "east"},
				"south": {"uv": [6.7, 8.1, 0, 8.8], "texture": "#texture", "cullface": "east"},
				"west": {"uv": [6, 8, 7, 9], "texture": "#texture"},
				"up": {"uv": [6, 8, 7, 9], "texture": "#texture"},
				"down": {"uv": [6.1, 8.9, 6.8, 8.1], "texture": "#texture", "cullface": "east"}
			}
		},
		{
			"from": [9.2, -0.525, 7.125],
			"to": [9.45, -0.275, 8.075],
			"rotation": {"angle": 0, "axis": "y", "origin": [-1.5, -4.8, -0.4]},
			"faces": {
				"north": {"uv": [6.2, 8.2, 6.7, 8.7], "texture": "#texture", "cullface": "east"},
				"east": {"uv": [6.2, 8.1, 6.7, 8.8], "texture": "#texture", "cullface": "east"},
				"south": {"uv": [6.7, 8.1, 6, 8.8], "texture": "#texture", "cullface": "east"},
				"west": {"uv": [6, 8, 7, 9], "texture": "#texture"},
				"up": {"uv": [6, 8, 7, 9], "texture": "#texture"},
				"down": {"uv": [6.1, 8.9, 6.8, 8.1], "texture": "#texture", "cullface": "east"}
			}
		},
		{
			"from": [9.45, -0.525, 7.125],
			"to": [12.2, 0.475, 8.075],
			"rotation": {"angle": 0, "axis": "y", "origin": [-1.5, -4.8, -0.4]},
			"faces": {
				"north": {"uv": [0.2, 8.2, 6.7, 8.7], "texture": "#texture", "cullface": "east"},
				"east": {"uv": [6.2, 8.1, 6.7, 8.8], "texture": "#texture", "cullface": "east"},
				"south": {"uv": [6.7, 8.1, 0, 8.8], "texture": "#texture", "cullface": "east"},
				"west": {"uv": [6, 8, 7, 9], "texture": "#texture"},
				"up": {"uv": [6, 8, 7, 9], "texture": "#texture"},
				"down": {"uv": [6.1, 8.9, 6.8, 8.1], "texture": "#texture", "cullface": "east"}
			}
		},
		{
			"from": [9.7, 1.725, 7.125],
			"to": [10.1, 1.975, 8.075],
			"rotation": {"angle": 0, "axis": "y", "origin": [-1.5, -4.8, -0.4]},
			"faces": {
				"north": {"uv": [6.2, 8.2, 6.7, 8.7], "texture": "#texture", "cullface": "east"},
				"east": {"uv": [6.2, 8.1, 6.7, 8.8], "texture": "#texture", "cullface": "east"},
				"south": {"uv": [6.7, 8.1, 6, 8.8], "texture": "#texture", "cullface": "east"},
				"west": {"uv": [6, 8, 7, 9], "texture": "#texture"},
				"up": {"uv": [6, 8, 7, 9], "texture": "#texture"},
				"down": {"uv": [6.1, 8.9, 6.8, 8.1], "texture": "#texture", "cullface": "east"}
			}
		}
	],
	"gui_light": "front",
	"display": {
		"thirdperson_righthand": {
			"rotation": [0, -102, 0],
			"translation": [0.75, 2.75, -4.5],
			"scale": [0.8, 0.8, 0.8]
		},
		"thirdperson_lefthand": {
			"rotation": [0, 78, 0],
			"translation": [1.5, 2.75, -4.5],
			"scale": [0.8, 0.8, 0.8]
		},
		"firstperson_righthand": {
			"rotation": [180, -79.97, 180],
			"translation": [0.912, 7.1, 0.1],
			"scale": [0.97, 0.97, 0.99]
		},
		"firstperson_lefthand": {
			"rotation": [0, 80.15, 0],
			"translation": [1.54, 5.55, 0.25],
			"scale": [0.97, 0.97, 0.99]
		},
		"ground": {
			"translation": [-3, 5.75, 0]
		},
		"gui": {
			"rotation": [0, 0, -45],
			"translation": [0.25, 2.25, 0],
			"scale": [0.66, 0.66, 1]
		},
		"fixed": {
			"rotation": [0, 180, -45],
			"translation": [0, 3.35, -1.1]
		}
	}
}