{
	"credit": "Made by SrDarmith - YouTube: Mainclay",
	"textures": {
		"1": "item/infinity_gauntlet",
		"particle": "item/infinity_gauntlet"
	},
	"elements": [
		{
			"from": [5.5, 0, 4],
			"to": [6.00391, 5, 6],
			"rotation": {"angle": 0, "axis": "y", "origin": [5.75, 2.75, 5.5]},
			"faces": {
				"north": {"uv": [13, 10.5, 14, 10.75], "rotation": 270, "texture": "#1"},
				"east": {"uv": [13, 10.5, 14, 10.75], "rotation": 270, "texture": "#1"},
				"south": {"uv": [13, 10.5, 14, 10.75], "rotation": 270, "texture": "#1"},
				"west": {"uv": [13, 10.25, 14, 10.75], "rotation": 270, "texture": "#1"},
				"up": {"uv": [13.5, 10.25, 14, 10.5], "rotation": 270, "texture": "#1"},
				"down": {"uv": [12, 10.25, 12.5, 10.5], "rotation": 270, "texture": "#1"}
			}
		},
		{
			"from": [9.99609, 0, 4],
			"to": [10.5, 5, 6],
			"rotation": {"angle": 0, "axis": "y", "origin": [10.25, 1.5, 4.5]},
			"faces": {
				"north": {"uv": [12.25, 10.75, 11, 10.5], "rotation": 270, "texture": "#1"},
				"east": {"uv": [14, 10.75, 12.75, 10.25], "rotation": 270, "texture": "#1"},
				"south": {"uv": [12.25, 10.75, 11, 10.5], "rotation": 270, "texture": "#1"},
				"west": {"uv": [12.25, 10.75, 11, 10.5], "rotation": 270, "texture": "#1"},
				"up": {"uv": [13.25, 10.75, 12.75, 10.5], "rotation": 270, "texture": "#1"},
				"down": {"uv": [11.5, 10.5, 11, 10.25], "rotation": 270, "texture": "#1"}
			}
		},
		{
			"from": [6, 0, 4],
			"to": [10, 0.5, 6],
			"faces": {
				"north": {"uv": [12, 10.5, 13, 10.75], "texture": "#1"},
				"east": {"uv": [12, 10.5, 13, 10.75], "texture": "#1"},
				"south": {"uv": [12, 10.5, 13, 10.75], "texture": "#1"},
				"west": {"uv": [12, 10.5, 13, 10.75], "texture": "#1"},
				"up": {"uv": [12, 10.5, 13, 10.75], "texture": "#1"},
				"down": {"uv": [11.5, 10.25, 12.5, 10.75], "rotation": 180, "texture": "#1"}
			}
		},
		{
			"from": [6, 4.49609, 4],
			"to": [10, 5, 6],
			"faces": {
				"north": {"uv": [10, 10.5, 11, 10.75], "texture": "#1"},
				"east": {"uv": [10, 10.5, 11, 10.75], "texture": "#1"},
				"south": {"uv": [10, 10.5, 11, 10.75], "texture": "#1"},
				"west": {"uv": [10, 10.5, 11, 10.75], "texture": "#1"},
				"up": {"uv": [11.25, 10.25, 12.25, 10.75], "texture": "#1"},
				"down": {"uv": [10, 10.5, 11, 10.75], "texture": "#1"}
			}
		},
		{
			"from": [5.75, 2.5, 10],
			"to": [6, 4.5, 11],
			"rotation": {"angle": 0, "axis": "y", "origin": [16, 0, 0]},
			"faces": {
				"north": {"uv": [11, 7.25, 11.5, 7.5], "rotation": 270, "texture": "#1"},
				"east": {"uv": [11.75, 7, 12, 7.5], "texture": "#1"},
				"south": {"uv": [11, 7.25, 11.5, 7.5], "rotation": 270, "texture": "#1"},
				"west": {"uv": [11, 7.25, 11.5, 7.5], "rotation": 270, "texture": "#1"},
				"up": {"uv": [11.75, 7, 12, 7.25], "texture": "#1"},
				"down": {"uv": [11.75, 7.25, 12, 7.5], "texture": "#1"}
			}
		},
		{
			"from": [5.75, 0.5, 9],
			"to": [6, 1.5, 11],
			"rotation": {"angle": 0, "axis": "y", "origin": [16, 0, 0]},
			"faces": {
				"north": {"uv": [13, 8, 13.25, 7.5], "rotation": 270, "texture": "#1"},
				"east": {"uv": [13, 8, 13.25, 7.5], "rotation": 270, "texture": "#1"},
				"south": {"uv": [13, 7.75, 13.25, 7.5], "rotation": 270, "texture": "#1"},
				"west": {"uv": [13, 8, 13.25, 7.5], "rotation": 270, "texture": "#1"},
				"up": {"uv": [13.25, 7.5, 13, 8], "rotation": 180, "texture": "#1"},
				"down": {"uv": [13.25, 7.5, 13, 8], "texture": "#1"}
			}
		},
		{
			"from": [5.75, 0.5, 8],
			"to": [6, 4.5, 9],
			"rotation": {"angle": 0, "axis": "y", "origin": [16, 0, 0]},
			"faces": {
				"north": {"uv": [11, 7.25, 12, 7.5], "rotation": 270, "texture": "#1"},
				"east": {"uv": [11, 7.25, 12, 7.5], "rotation": 270, "texture": "#1"},
				"south": {"uv": [11, 7.25, 12, 7.5], "rotation": 270, "texture": "#1"},
				"west": {"uv": [11, 7.25, 12, 7.5], "rotation": 270, "texture": "#1"},
				"up": {"uv": [11.75, 7.25, 12, 7.5], "rotation": 270, "texture": "#1"},
				"down": {"uv": [11, 7.25, 11.25, 7.5], "rotation": 270, "texture": "#1"}
			}
		},
		{
			"from": [5.75, 0.5, 5.75],
			"to": [6, 4.5, 6.75],
			"rotation": {"angle": 0, "axis": "y", "origin": [16, 0, 0]},
			"faces": {
				"north": {"uv": [11, 7.25, 12, 7.5], "rotation": 270, "texture": "#1"},
				"east": {"uv": [11, 7.25, 12, 7.5], "rotation": 270, "texture": "#1"},
				"south": {"uv": [11, 7.25, 12, 7.5], "rotation": 270, "texture": "#1"},
				"west": {"uv": [11, 7.25, 12, 7.5], "rotation": 270, "texture": "#1"},
				"up": {"uv": [11.75, 7.25, 12, 7.5], "rotation": 270, "texture": "#1"},
				"down": {"uv": [11, 7.25, 11.25, 7.5], "rotation": 270, "texture": "#1"}
			}
		},
		{
			"from": [10, 0.5, 10],
			"to": [10.25, 1.5, 11],
			"rotation": {"angle": 0, "axis": "y", "origin": [16, 0, 0]},
			"faces": {
				"north": {"uv": [13, 8, 13.25, 7.5], "rotation": 270, "texture": "#1"},
				"east": {"uv": [13, 8, 13.25, 7.5], "rotation": 270, "texture": "#1"},
				"south": {"uv": [13, 7.75, 13.25, 7.5], "rotation": 270, "texture": "#1"},
				"west": {"uv": [13, 8, 13.25, 7.5], "rotation": 270, "texture": "#1"},
				"up": {"uv": [13.25, 7.5, 13, 8], "rotation": 180, "texture": "#1"},
				"down": {"uv": [13.25, 7.5, 13, 8], "texture": "#1"}
			}
		},
		{
			"from": [10, 0.5, 9],
			"to": [10.25, 1.5, 10],
			"rotation": {"angle": 0, "axis": "y", "origin": [16, 0, 0]},
			"faces": {
				"north": {"uv": [13, 8, 13.25, 7.5], "rotation": 270, "texture": "#1"},
				"east": {"uv": [13, 8, 13.25, 7.5], "rotation": 270, "texture": "#1"},
				"south": {"uv": [13, 7.75, 13.25, 7.5], "rotation": 270, "texture": "#1"},
				"west": {"uv": [13, 8, 13.25, 7.5], "rotation": 270, "texture": "#1"},
				"up": {"uv": [13.25, 7.5, 13, 8], "rotation": 180, "texture": "#1"},
				"down": {"uv": [13.25, 7.5, 13, 8], "texture": "#1"}
			}
		},
		{
			"from": [10, 0.6, 9],
			"to": [10.375, 1.425, 10],
			"rotation": {"angle": 0, "axis": "y", "origin": [16, 0, 0]},
			"faces": {
				"north": {"uv": [11.75, 11.75, 12, 11.5], "rotation": 270, "texture": "#1"},
				"east": {"uv": [11.75, 11.75, 12, 11.5], "rotation": 270, "texture": "#1"},
				"south": {"uv": [11.75, 11.75, 12, 11.5], "rotation": 270, "texture": "#1"},
				"west": {"uv": [11.75, 11.75, 12, 11.5], "rotation": 270, "texture": "#1"},
				"up": {"uv": [12, 11.5, 11.75, 11.75], "rotation": 180, "texture": "#1"},
				"down": {"uv": [12, 11.5, 11.75, 11.75], "texture": "#1"}
			}
		},
		{
			"from": [10, 2.5, 10],
			"to": [10.25, 4.5, 11],
			"rotation": {"angle": 0, "axis": "y", "origin": [16, 0, 0]},
			"faces": {
				"north": {"uv": [13, 7.25, 13.5, 7.5], "rotation": 270, "texture": "#1"},
				"east": {"uv": [13.75, 7, 14, 7.5], "texture": "#1"},
				"south": {"uv": [13, 7.25, 13.5, 7.5], "rotation": 270, "texture": "#1"},
				"west": {"uv": [13, 7.25, 13.5, 7.5], "rotation": 270, "texture": "#1"},
				"up": {"uv": [13.75, 7, 14, 7.25], "texture": "#1"},
				"down": {"uv": [13.75, 7.25, 14, 7.5], "texture": "#1"}
			}
		},
		{
			"from": [10, 3.5, 9],
			"to": [10.25, 4.75, 10],
			"rotation": {"angle": 0, "axis": "y", "origin": [16, 0, 0]},
			"faces": {
				"north": {"uv": [13.75, 7.25, 14, 7.5], "texture": "#1"},
				"east": {"uv": [13.75, 7.25, 14, 7.5], "texture": "#1"},
				"south": {"uv": [13.75, 7.25, 14, 7.5], "texture": "#1"},
				"west": {"uv": [13.75, 7.25, 14, 7.5], "texture": "#1"},
				"up": {"uv": [13.75, 7.25, 14, 7.5], "texture": "#1"},
				"down": {"uv": [13.75, 7.25, 14, 7.5], "texture": "#1"}
			}
		},
		{
			"from": [10, 0.5, 8],
			"to": [10.25, 4.5, 9],
			"rotation": {"angle": 0, "axis": "y", "origin": [16, 0, 0]},
			"faces": {
				"north": {"uv": [13, 7.25, 14, 7.5], "rotation": 270, "texture": "#1"},
				"east": {"uv": [13, 7.25, 14, 7.5], "rotation": 270, "texture": "#1"},
				"south": {"uv": [13, 7.25, 14, 7.5], "rotation": 270, "texture": "#1"},
				"west": {"uv": [13, 7.25, 14, 7.5], "rotation": 270, "texture": "#1"},
				"up": {"uv": [13.75, 7.25, 14, 7.5], "rotation": 270, "texture": "#1"},
				"down": {"uv": [13, 7.25, 13.25, 7.5], "rotation": 270, "texture": "#1"}
			}
		},
		{
			"from": [10, 0.5, 5.75],
			"to": [10.25, 4.5, 6.75],
			"rotation": {"angle": 0, "axis": "y", "origin": [16, 0, 0]},
			"faces": {
				"north": {"uv": [13, 7.25, 14, 7.5], "rotation": 270, "texture": "#1"},
				"east": {"uv": [13, 7.25, 14, 7.5], "rotation": 270, "texture": "#1"},
				"south": {"uv": [13, 7.25, 14, 7.5], "rotation": 270, "texture": "#1"},
				"west": {"uv": [13, 7.25, 14, 7.5], "rotation": 270, "texture": "#1"},
				"up": {"uv": [13.75, 7.25, 14, 7.5], "rotation": 270, "texture": "#1"},
				"down": {"uv": [13, 7.25, 13.25, 7.5], "rotation": 270, "texture": "#1"}
			}
		},
		{
			"from": [5.75, 3.5, 9],
			"to": [6, 4.75, 10],
			"rotation": {"angle": 0, "axis": "y", "origin": [16, 0, 0]},
			"faces": {
				"north": {"uv": [11.75, 7.25, 12, 7.5], "texture": "#1"},
				"east": {"uv": [11.75, 7.25, 12, 7.5], "texture": "#1"},
				"south": {"uv": [11.75, 7.25, 12, 7.5], "texture": "#1"},
				"west": {"uv": [11.75, 7.25, 12, 7.5], "texture": "#1"},
				"up": {"uv": [11.75, 7.25, 12, 7.5], "texture": "#1"},
				"down": {"uv": [11.75, 7.25, 12, 7.5], "texture": "#1"}
			}
		},
		{
			"from": [9.5, 4.5, 8],
			"to": [10.25, 4.75, 9.25],
			"rotation": {"angle": 0, "axis": "y", "origin": [16, 0, 0]},
			"faces": {
				"north": {"uv": [10.75, 7.25, 11, 7.5], "texture": "#1"},
				"east": {"uv": [10.75, 7.25, 11, 7.5], "texture": "#1"},
				"south": {"uv": [10.75, 7.25, 11, 7.5], "texture": "#1"},
				"west": {"uv": [10.75, 7.25, 11, 7.5], "texture": "#1"},
				"up": {"uv": [10.75, 7.25, 11, 7.5], "texture": "#1"},
				"down": {"uv": [10.75, 7.25, 11, 7.5], "texture": "#1"}
			}
		},
		{
			"from": [5.75, 4.5, 8],
			"to": [6.5, 4.75, 9.25],
			"rotation": {"angle": 0, "axis": "y", "origin": [16, 0, 0]},
			"faces": {
				"north": {"uv": [10, 7.25, 10.25, 7.5], "texture": "#1"},
				"east": {"uv": [10, 7.25, 10.25, 7.5], "texture": "#1"},
				"south": {"uv": [10, 7.25, 10.25, 7.5], "texture": "#1"},
				"west": {"uv": [10, 7.25, 10.25, 7.5], "texture": "#1"},
				"up": {"uv": [10, 7.25, 10.25, 7.5], "texture": "#1"},
				"down": {"uv": [10, 7.25, 10.25, 7.5], "texture": "#1"}
			}
		},
		{
			"from": [9.75, 4.5, 10],
			"to": [10, 4.75, 11],
			"rotation": {"angle": 0, "axis": "y", "origin": [16, 0, 0]},
			"faces": {
				"north": {"uv": [10, 7.25, 10.25, 7.5], "texture": "#1"},
				"east": {"uv": [10, 7.25, 10.25, 7.5], "texture": "#1"},
				"south": {"uv": [10, 7.25, 10.25, 7.5], "texture": "#1"},
				"west": {"uv": [10, 7.25, 10.25, 7.5], "texture": "#1"},
				"up": {"uv": [10, 7.25, 10.25, 7.5], "texture": "#1"},
				"down": {"uv": [10, 7.25, 10.25, 7.5], "texture": "#1"}
			}
		},
		{
			"from": [6, 4.5, 10],
			"to": [6.25, 4.75, 11],
			"rotation": {"angle": 0, "axis": "y", "origin": [16, 0, 0]},
			"faces": {
				"north": {"uv": [10, 7.25, 10.25, 7.5], "texture": "#1"},
				"east": {"uv": [10, 7.25, 10.25, 7.5], "texture": "#1"},
				"south": {"uv": [10, 7.25, 10.25, 7.5], "texture": "#1"},
				"west": {"uv": [10, 7.25, 10.25, 7.5], "texture": "#1"},
				"up": {"uv": [10, 7.25, 10.25, 7.5], "texture": "#1"},
				"down": {"uv": [10, 7.25, 10.25, 7.5], "texture": "#1"}
			}
		},
		{
			"from": [6, 4.5, 9.25],
			"to": [10, 4.75, 10],
			"rotation": {"angle": 0, "axis": "y", "origin": [16, 0, 0]},
			"faces": {
				"north": {"uv": [10, 7.5, 11, 7.75], "texture": "#1"},
				"east": {"uv": [10.75, 7.5, 11, 7.75], "texture": "#1"},
				"south": {"uv": [10, 7.5, 11, 7.75], "texture": "#1"},
				"west": {"uv": [10, 7.5, 10.25, 7.75], "texture": "#1"},
				"up": {"uv": [10, 7.5, 11, 7.75], "texture": "#1"},
				"down": {"uv": [10, 7.5, 11, 7.75], "texture": "#1"}
			}
		},
		{
			"from": [6, 4.5, 5.75],
			"to": [10, 4.75, 6.75],
			"rotation": {"angle": 0, "axis": "y", "origin": [16, 0, 0]},
			"faces": {
				"north": {"uv": [10, 7.5, 11, 7.75], "texture": "#1"},
				"east": {"uv": [10.75, 7.5, 11, 7.75], "texture": "#1"},
				"south": {"uv": [10, 7.5, 11, 7.75], "texture": "#1"},
				"west": {"uv": [10, 7.5, 10.25, 7.75], "texture": "#1"},
				"up": {"uv": [10, 7.5, 11, 7.75], "texture": "#1"},
				"down": {"uv": [10, 7.5, 11, 7.75], "texture": "#1"}
			}
		},
		{
			"from": [6, 0.25, 5.75],
			"to": [10, 0.5, 6.75],
			"rotation": {"angle": 0, "axis": "y", "origin": [16, 0, 0]},
			"faces": {
				"north": {"uv": [10, 7.5, 11, 7.75], "texture": "#1"},
				"east": {"uv": [10.75, 7.5, 11, 7.75], "texture": "#1"},
				"south": {"uv": [10, 7.5, 11, 7.75], "texture": "#1"},
				"west": {"uv": [10, 7.5, 10.25, 7.75], "texture": "#1"},
				"up": {"uv": [10, 7.5, 11, 7.75], "texture": "#1"},
				"down": {"uv": [10, 7.5, 11, 7.75], "texture": "#1"}
			}
		},
		{
			"from": [6.25, 4.5, 10],
			"to": [9.75, 4.9, 11],
			"rotation": {"angle": 0, "axis": "y", "origin": [16, 0, 0]},
			"faces": {
				"north": {"uv": [11, 11.75, 10, 11.5], "texture": "#1"},
				"east": {"uv": [10.75, 11.5, 11, 11.75], "texture": "#1"},
				"south": {"uv": [10, 11.75, 11, 11.5], "texture": "#1"},
				"west": {"uv": [10, 11.5, 10.25, 11.75], "texture": "#1"},
				"up": {"uv": [10, 11.75, 11, 11.5], "texture": "#1"},
				"down": {"uv": [10, 11.5, 11, 11.75], "texture": "#1"}
			}
		},
		{
			"from": [7.25, 4.5, 7.25],
			"to": [8.75, 5, 8.75],
			"rotation": {"angle": 0, "axis": "y", "origin": [16, 0, 0]},
			"faces": {
				"north": {"uv": [10.25, 10.75, 10.75, 11.25], "texture": "#1"},
				"east": {"uv": [10.25, 10.75, 10.75, 11.25], "texture": "#1"},
				"south": {"uv": [10.25, 10.75, 10.75, 11.25], "texture": "#1"},
				"west": {"uv": [10.25, 10.75, 10.75, 11.25], "texture": "#1"},
				"up": {"uv": [10.25, 10.75, 10.75, 11.25], "texture": "#1"},
				"down": {"uv": [10.25, 10.75, 10.75, 11.25], "texture": "#1"}
			}
		},
		{
			"from": [6, 2.5, 11],
			"to": [10, 4.5, 11.5],
			"rotation": {"angle": 0, "axis": "y", "origin": [8, 2.5, 10.5]},
			"faces": {
				"north": {"uv": [12.25, 4, 12, 5], "rotation": 90, "texture": "#1"},
				"east": {"uv": [12.5, 4, 12, 4.25], "rotation": 270, "texture": "#1"},
				"south": {"uv": [12.5, 4, 12, 5], "rotation": 270, "texture": "#1"},
				"west": {"uv": [12.5, 4.75, 12, 5], "rotation": 270, "texture": "#1"},
				"up": {"uv": [12.25, 4, 12, 5], "rotation": 90, "texture": "#1"},
				"down": {"uv": [12.25, 4, 12, 5], "rotation": 90, "texture": "#1"}
			}
		},
		{
			"from": [6, 4.5, 11],
			"to": [10, 4.75, 11.25],
			"rotation": {"angle": 0, "axis": "y", "origin": [8, 2.5, 10.5]},
			"faces": {
				"north": {"uv": [10, 8, 11, 7.75], "texture": "#1"},
				"east": {"uv": [12.25, 4, 12, 4.25], "rotation": 270, "texture": "#1"},
				"south": {"uv": [10, 8, 11, 7.75], "rotation": 180, "texture": "#1"},
				"west": {"uv": [12.25, 4.75, 12, 5], "rotation": 270, "texture": "#1"},
				"up": {"uv": [11, 8, 10, 7.75], "texture": "#1"},
				"down": {"uv": [10, 8, 11, 7.75], "texture": "#1"}
			}
		},
		{
			"from": [6, 4.49219, 5],
			"to": [10, 4.50781, 11],
			"rotation": {"angle": 0, "axis": "y", "origin": [16, 0, 0]},
			"faces": {
				"north": {"uv": [10, 6.5, 11, 8], "texture": "#1"},
				"east": {"uv": [10, 6.5, 11, 8], "texture": "#1"},
				"south": {"uv": [10, 6.5, 11, 8], "texture": "#1"},
				"west": {"uv": [10, 6.5, 11, 8], "texture": "#1"},
				"up": {"uv": [10, 6.5, 11, 8], "texture": "#1"},
				"down": {"uv": [10, 6.5, 11, 8], "texture": "#1"}
			}
		},
		{
			"from": [6, 0.49219, 5],
			"to": [10, 0.50391, 11],
			"rotation": {"angle": 0, "axis": "y", "origin": [16, 0, 0]},
			"faces": {
				"north": {"uv": [12, 6.5, 13, 8], "rotation": 180, "texture": "#1"},
				"east": {"uv": [12, 6.5, 13, 8], "rotation": 180, "texture": "#1"},
				"south": {"uv": [12, 6.5, 13, 8], "rotation": 180, "texture": "#1"},
				"west": {"uv": [12, 6.5, 13, 8], "rotation": 180, "texture": "#1"},
				"up": {"uv": [12, 6.5, 13, 8], "rotation": 180, "texture": "#1"},
				"down": {"uv": [12, 6.5, 13, 8], "rotation": 180, "texture": "#1"}
			}
		},
		{
			"from": [9.99219, 0.5, 5],
			"to": [10.00781, 4.5, 11],
			"rotation": {"angle": 0, "axis": "y", "origin": [10.00391, 2.5, 8]},
			"faces": {
				"north": {"uv": [11, 6.5, 12, 8], "rotation": 90, "texture": "#1"},
				"east": {"uv": [11, 6.5, 12, 8], "rotation": 90, "texture": "#1"},
				"south": {"uv": [11, 6.5, 12, 8], "rotation": 90, "texture": "#1"},
				"west": {"uv": [11, 8, 12, 6.5], "rotation": 90, "texture": "#1"},
				"up": {"uv": [11, 6.5, 12, 8], "rotation": 90, "texture": "#1"},
				"down": {"uv": [11, 6.5, 12, 8], "rotation": 90, "texture": "#1"}
			}
		},
		{
			"from": [5.99219, 0.5, 5],
			"to": [6.00781, 4.5, 11],
			"rotation": {"angle": 0, "axis": "y", "origin": [5.99609, 2.5, 8]},
			"faces": {
				"north": {"uv": [13, 6.5, 14, 8], "rotation": 270, "texture": "#1"},
				"east": {"uv": [13, 8, 14, 6.5], "rotation": 270, "texture": "#1"},
				"south": {"uv": [13, 6.5, 14, 8], "rotation": 270, "texture": "#1"},
				"west": {"uv": [13, 6.5, 14, 8], "rotation": 270, "texture": "#1"},
				"up": {"uv": [13, 6.5, 14, 8], "rotation": 270, "texture": "#1"},
				"down": {"uv": [13, 6.5, 14, 8], "rotation": 270, "texture": "#1"}
			}
		},
		{
			"from": [6, 0.5, 10.93359],
			"to": [10, 4.5, 11],
			"rotation": {"angle": 0, "axis": "y", "origin": [8, 2.5, 10.5]},
			"faces": {
				"north": {"uv": [13, 4, 12, 5], "rotation": 270, "texture": "#1"},
				"east": {"uv": [13, 4, 12, 5], "rotation": 270, "texture": "#1"},
				"south": {"uv": [13, 4, 12, 5], "rotation": 270, "texture": "#1"},
				"west": {"uv": [13, 4, 12, 5], "rotation": 270, "texture": "#1"},
				"up": {"uv": [13, 4, 12, 5], "rotation": 270, "texture": "#1"},
				"down": {"uv": [13, 4, 12, 5], "rotation": 270, "texture": "#1"}
			}
		}
	],
	"display": {
		"thirdperson_righthand": {
			"rotation": [-180, 0, -90],
			"translation": [5.85, -2, 2.75],
			"scale": [1.02, 1.05, 1.02]
		},
		"thirdperson_lefthand": {
			"rotation": [-180, 0, -90],
			"translation": [5.85, -2, 2.75],
			"scale": [1.02, 1.05, 1.02]
		},
		"firstperson_righthand": {
			"rotation": [44, 165, 15],
			"translation": [0.25, 5.5, 3.75],
			"scale": [0.8, 0.8, 0.84]
		},
		"firstperson_lefthand": {
			"rotation": [44, 165, 15],
			"translation": [0.25, 5.5, 3.75],
			"scale": [0.8, 0.8, 0.84]
		},
		"ground": {
			"rotation": [-90, 0, 0],
			"translation": [0, 1, -5.5],
			"scale": [1.02, 1.05, 1.02]
		},
		"gui": {
			"rotation": [45, -139, 25],
			"translation": [2, 6.75, 0],
			"scale": [1.38, 1.38, 1.42]
		},
		"head": {
			"rotation": [-90, 0, 0],
			"translation": [0, 13, -18],
			"scale": [3.25, 3.25, 3.25]
		},
		"fixed": {
			"rotation": [-90, 45, 0],
			"translation": [0, 0.5, -12.75],
			"scale": [1.65, 1.65, 1.67]
		}
	},
	"groups": [
		{
			"name": "gauntlet",
			"origin": [8, 8, 8],
			"color": 0,
			"children": [0, 1, 2, 3, 4, 5, 6, 7, 8, 9, 10, 11, 12, 13, 14, 15, 16, 17, 18, 19, 20, 21, 22, 23, 24, 25, 26, 27, 28, 29, 30, 31]
		}
	]
}