{
	"credit": "Made by SrDarmith - YouTube: Mainclay",
	"textures": {
		"particle": "item/lightguntexture",
		"texture": "item/lightguntexture"
	},
	"elements": [
		{
			"from": [4.25, 8.725, 7.5],
			"to": [4.75, 10.225, 8.5],
			"faces": {
				"north": {"uv": [11, 12, 9, 10], "texture": "#texture"},
				"east": {"uv": [11, 12, 9, 10], "texture": "#texture"},
				"south": {"uv": [11, 12, 9, 10], "texture": "#texture"},
				"west": {"uv": [11, 12, 9, 10], "texture": "#texture"},
				"up": {"uv": [11, 12, 9, 10], "texture": "#texture"},
				"down": {"uv": [11, 10, 9, 12], "texture": "#texture"}
			}
		},
		{
			"from": [4.75, 10.125, 7.5],
			"to": [6, 10.625, 8.5],
			"faces": {
				"north": {"uv": [11, 12, 9, 10], "texture": "#texture"},
				"east": {"uv": [11, 12, 9, 10], "texture": "#texture"},
				"south": {"uv": [11, 12, 9, 10], "texture": "#texture"},
				"west": {"uv": [11, 12, 9, 10], "texture": "#texture"},
				"up": {"uv": [11, 12, 9, 10], "texture": "#texture"},
				"down": {"uv": [11, 10, 9, 12], "texture": "#texture"}
			}
		},
		{
			"from": [10, 10.125, 7.5],
			"to": [11.25, 10.625, 8.5],
			"faces": {
				"north": {"uv": [11, 12, 9, 10], "texture": "#texture"},
				"east": {"uv": [11, 12, 9, 10], "texture": "#texture"},
				"south": {"uv": [11, 12, 9, 10], "texture": "#texture"},
				"west": {"uv": [11, 12, 9, 10], "texture": "#texture"},
				"up": {"uv": [11, 12, 9, 10], "texture": "#texture"},
				"down": {"uv": [11, 10, 9, 12], "texture": "#texture"}
			}
		},
		{
			"from": [10, 8.225, 7.5],
			"to": [11.5, 8.725, 8.5],
			"faces": {
				"north": {"uv": [11, 12, 9, 11], "texture": "#texture"},
				"east": {"uv": [11, 12, 9, 11], "texture": "#texture"},
				"south": {"uv": [11, 12, 9, 11], "texture": "#texture"},
				"west": {"uv": [11, 12, 9, 11], "texture": "#texture"},
				"up": {"uv": [11, 12, 9, 11], "texture": "#texture"},
				"down": {"uv": [11, 11, 9, 12], "texture": "#texture"}
			}
		},
		{
			"from": [4.5, 8.225, 7.5],
			"to": [6, 8.725, 8.5],
			"faces": {
				"north": {"uv": [11, 12, 9, 11], "texture": "#texture"},
				"east": {"uv": [11, 12, 9, 11], "texture": "#texture"},
				"south": {"uv": [11, 12, 9, 11], "texture": "#texture"},
				"west": {"uv": [11, 12, 9, 11], "texture": "#texture"},
				"up": {"uv": [11, 12, 9, 11], "texture": "#texture"},
				"down": {"uv": [11, 11, 9, 12], "texture": "#texture"}
			}
		},
		{
			"from": [8.25, 10.5, 7.5],
			"to": [9.75, 11, 8.5],
			"faces": {
				"north": {"uv": [11, 12, 9, 10], "texture": "#texture"},
				"east": {"uv": [11, 12, 9, 10], "texture": "#texture"},
				"south": {"uv": [11, 12, 9, 10], "texture": "#texture"},
				"west": {"uv": [11, 12, 9, 10], "texture": "#texture"},
				"up": {"uv": [11, 12, 9, 10], "texture": "#texture"},
				"down": {"uv": [11, 10, 9, 12], "texture": "#texture"}
			}
		},
		{
			"from": [8.25, 8.625, 7.5],
			"to": [9.5, 9.125, 8.5],
			"faces": {
				"north": {"uv": [11, 12, 9, 11], "texture": "#texture"},
				"east": {"uv": [11, 12, 9, 11], "texture": "#texture"},
				"south": {"uv": [11, 12, 9, 11], "texture": "#texture"},
				"west": {"uv": [11, 12, 9, 11], "texture": "#texture"},
				"up": {"uv": [11, 12, 9, 11], "texture": "#texture"},
				"down": {"uv": [11, 11, 9, 12], "texture": "#texture"}
			}
		},
		{
			"from": [6.5, 8.625, 7.5],
			"to": [7.75, 9.125, 8.5],
			"faces": {
				"north": {"uv": [11, 12, 9, 11], "texture": "#texture"},
				"east": {"uv": [11, 12, 9, 11], "texture": "#texture"},
				"south": {"uv": [11, 12, 9, 11], "texture": "#texture"},
				"west": {"uv": [11, 12, 9, 11], "texture": "#texture"},
				"up": {"uv": [11, 12, 9, 11], "texture": "#texture"},
				"down": {"uv": [11, 11, 9, 12], "texture": "#texture"}
			}
		},
		{
			"from": [5.5, 7, 7.5],
			"to": [10.5, 7.5, 8.5],
			"faces": {
				"north": {"uv": [11, 12, 9, 11], "rotation": 180, "texture": "#texture"},
				"east": {"uv": [11, 12, 9, 11], "rotation": 180, "texture": "#texture"},
				"south": {"uv": [11, 12, 9, 11], "rotation": 180, "texture": "#texture"},
				"west": {"uv": [11, 12, 9, 11], "rotation": 180, "texture": "#texture"},
				"up": {"uv": [11, 12, 9, 11], "rotation": 180, "texture": "#texture"},
				"down": {"uv": [11, 11, 9, 12], "rotation": 180, "texture": "#texture"}
			}
		},
		{
			"from": [6.25, 10.5, 7.5],
			"to": [7.75, 11, 8.5],
			"faces": {
				"north": {"uv": [11, 12, 9, 10], "texture": "#texture"},
				"east": {"uv": [11, 12, 9, 10], "texture": "#texture"},
				"south": {"uv": [11, 12, 9, 10], "texture": "#texture"},
				"west": {"uv": [11, 12, 9, 10], "texture": "#texture"},
				"up": {"uv": [11, 12, 9, 10], "texture": "#texture"},
				"down": {"uv": [11, 10, 9, 12], "texture": "#texture"}
			}
		},
		{
			"from": [9.5, 7.5, 7.5],
			"to": [10, 10.5, 8.5],
			"faces": {
				"north": {"uv": [11, 11, 9, 10], "texture": "#texture"},
				"east": {"uv": [11, 11, 9, 10], "texture": "#texture"},
				"south": {"uv": [11, 11, 9, 10], "texture": "#texture"},
				"west": {"uv": [11, 11, 9, 10], "texture": "#texture"},
				"up": {"uv": [11, 11, 9, 10], "texture": "#texture"},
				"down": {"uv": [11, 10, 9, 11], "texture": "#texture"}
			}
		},
		{
			"from": [11.25, 8.725, 7.5],
			"to": [11.75, 10.225, 8.5],
			"faces": {
				"north": {"uv": [11, 12, 9, 10], "texture": "#texture"},
				"east": {"uv": [11, 12, 9, 10], "texture": "#texture"},
				"south": {"uv": [11, 12, 9, 10], "texture": "#texture"},
				"west": {"uv": [11, 12, 9, 10], "texture": "#texture"},
				"up": {"uv": [11, 12, 9, 10], "texture": "#texture"},
				"down": {"uv": [11, 10, 9, 12], "texture": "#texture"}
			}
		},
		{
			"from": [7.75, 8.8, 7.5],
			"to": [8.25, 10.75, 8.5],
			"faces": {
				"north": {"uv": [11, 11, 9, 10], "texture": "#texture"},
				"east": {"uv": [11, 11, 9, 10], "texture": "#texture"},
				"south": {"uv": [11, 11, 9, 10], "texture": "#texture"},
				"west": {"uv": [11, 11, 9, 10], "texture": "#texture"},
				"up": {"uv": [11, 11, 9, 10], "texture": "#texture"},
				"down": {"uv": [11, 10, 9, 11], "texture": "#texture"}
			}
		},
		{
			"from": [6, 7.5, 7.5],
			"to": [6.5, 10.5, 8.5],
			"faces": {
				"north": {"uv": [11, 11, 9, 10], "texture": "#texture"},
				"east": {"uv": [11, 11, 9, 10], "texture": "#texture"},
				"south": {"uv": [11, 11, 9, 10], "texture": "#texture"},
				"west": {"uv": [11, 11, 9, 10], "texture": "#texture"},
				"up": {"uv": [11, 11, 9, 10], "texture": "#texture"},
				"down": {"uv": [11, 10, 9, 11], "texture": "#texture"}
			}
		}
	],
	"gui_light": "front",
	"display": {
		"thirdperson_righthand": {
			"rotation": [0, -90, 90],
			"translation": [0, -2, 1.25],
			"scale": [0.7, 0.7, 0.7]
		},
		"thirdperson_lefthand": {
			"rotation": [0, 90, -90],
			"translation": [0, -2, 1.25],
			"scale": [0.7, 0.7, 0.7]
		},
		"firstperson_righthand": {
			"rotation": [131, -26, 180],
			"translation": [3, 0.5, -2.25],
			"scale": [0.9, 0.9, 0.9]
		},
		"firstperson_lefthand": {
			"rotation": [131, -26, 180],
			"translation": [3, 0.5, -2.25],
			"scale": [0.9, 0.9, 0.9]
		},
		"ground": {
			"translation": [0, 0.25, 0]
		},
		"gui": {
			"rotation": [0, 0, -45],
			"translation": [-1, -1.25, 0],
			"scale": [1.47, 1.47, 0.9]
		},
		"fixed": {
			"rotation": [0, 180, 45],
			"translation": [-1.15, -1.35, -1.1],
			"scale": [1.75, 1.75, 1.75]
		}
	}
}