{
	"credit": "Made by SrDarmith - YouTube: Mainclay",
	"textures": {
		"3": "item/anv1",
		"4": "item/anv2",
		"5": "item/anv3",
		"6": "item/anv4",
		"7": "item/iron1",
		"8": "item/iron2",
		"9": "item/iron3",
		"10": "item/iron4",
		"texture": "item/door_iron_lower",
		"anvil_1": "item/anvil_1",
		"particle": "item/iron_block"
	},
	"elements": [
		{
			"from": [7.625, 0.75, 7.5875],
			"to": [8.375, 6.25, 8.8375],
			"rotation": {"angle": 0, "axis": "y", "origin": [0.375, 0, -0.225]},
			"faces": {
				"north": {"uv": [8, 9.75, 8.75, 14.25], "texture": "#anvil_1"},
				"east": {"uv": [6.9375, 9.75, 8.1875, 14.25], "texture": "#anvil_1"},
				"south": {"uv": [7.25, 9.75, 8, 14.25], "texture": "#anvil_1"},
				"west": {"uv": [7.8125, 9.75, 9.0625, 14.25], "texture": "#anvil_1"},
				"up": {"uv": [2, 1.95, 3, 1.05], "texture": "#anvil_1"},
				"down": {"uv": [8.75, 9.0625, 8, 7.8125], "texture": "#anvil_1"}
			}
		},
		{
			"from": [7.875, 9.6875, 4.7],
			"to": [8.125, 9.9375, 4.95],
			"rotation": {"angle": 0, "axis": "z", "origin": [0.375, 0, -0.225]},
			"faces": {
				"north": {"uv": [9.75, 6.8125, 8, 4.5625], "texture": "#7"},
				"east": {"uv": [8.8125, 5.75, 8.0625, 7.25], "rotation": 270, "texture": "#7"},
				"south": {"uv": [3, 2, 1, 1], "rotation": 180, "texture": "#7"},
				"west": {"uv": [8.9375, 5.75, 8.1875, 7.25], "rotation": 90, "texture": "#7"},
				"up": {"uv": [8.25, 5.5, 10, 7.5], "rotation": 180, "texture": "#7"},
				"down": {"uv": [6, 3.75, 6.75, 6.25], "texture": "#7"}
			}
		},
		{
			"from": [7.875, 9.6875, 5.45],
			"to": [8.125, 9.9375, 5.7],
			"rotation": {"angle": 0, "axis": "z", "origin": [0.375, 0, -0.225]},
			"faces": {
				"north": {"uv": [9.75, 6.8125, 8, 4.5625], "texture": "#7"},
				"east": {"uv": [8.8125, 5.75, 8.0625, 7.25], "rotation": 270, "texture": "#7"},
				"south": {"uv": [3, 2, 1, 1], "rotation": 180, "texture": "#7"},
				"west": {"uv": [8.9375, 5.75, 8.1875, 7.25], "rotation": 90, "texture": "#7"},
				"up": {"uv": [8.25, 5.5, 10, 7.5], "rotation": 180, "texture": "#7"},
				"down": {"uv": [6, 3.75, 6.75, 6.25], "texture": "#7"}
			}
		},
		{
			"from": [8.125, 9.6875, 4.7],
			"to": [8.375, 9.9375, 5.7],
			"rotation": {"angle": 0, "axis": "z", "origin": [0.375, 0, -0.225]},
			"faces": {
				"north": {"uv": [9.75, 6.8125, 8, 4.5625], "texture": "#7"},
				"east": {"uv": [8.8125, 5.75, 8.0625, 7.25], "rotation": 270, "texture": "#7"},
				"south": {"uv": [3, 2, 1, 1], "rotation": 180, "texture": "#7"},
				"west": {"uv": [8.9375, 5.75, 8.1875, 7.25], "rotation": 90, "texture": "#7"},
				"up": {"uv": [8.25, 5.5, 10, 7.5], "rotation": 180, "texture": "#7"},
				"down": {"uv": [6, 3.75, 6.75, 6.25], "texture": "#7"}
			}
		},
		{
			"from": [7.375, 9.4375, -2.3],
			"to": [8.625, 10.1875, 3.2],
			"rotation": {"angle": 0, "axis": "z", "origin": [0.375, 0, -0.225]},
			"faces": {
				"north": {"uv": [12, 10.5625, 9.75, 8.8125], "texture": "#3"},
				"east": {"uv": [11.0625, 11.75, 9.8125, 15.25], "rotation": 270, "texture": "#3"},
				"south": {"uv": [3, 2, 1, 1], "rotation": 180, "texture": "#3"},
				"west": {"uv": [10.1875, 11.75, 8.9375, 15.25], "rotation": 90, "texture": "#3"},
				"up": {"uv": [9, 11.5, 11.25, 15.5], "rotation": 180, "texture": "#3"},
				"down": {"uv": [7.75, 9.75, 9, 14.25], "texture": "#3"}
			}
		},
		{
			"from": [7.375, 9.4375, 3.175],
			"to": [8.625, 10.1875, 4.675],
			"rotation": {"angle": 0, "axis": "z", "origin": [0.375, 0, -0.225]},
			"faces": {
				"north": {"uv": [11.75, 10.8125, 10, 8.5625], "texture": "#7"},
				"east": {"uv": [10.8125, 11.75, 10.0625, 15.25], "rotation": 270, "texture": "#7"},
				"south": {"uv": [3, 2, 1, 1], "rotation": 180, "texture": "#7"},
				"west": {"uv": [9.9375, 11.75, 9.1875, 15.25], "rotation": 90, "texture": "#7"},
				"up": {"uv": [9.25, 11.5, 11, 15.5], "rotation": 180, "texture": "#7"},
				"down": {"uv": [8, 9.75, 8.75, 14.25], "texture": "#7"}
			}
		},
		{
			"from": [7.625, 9.6875, 4.7],
			"to": [7.875, 9.9375, 5.7],
			"rotation": {"angle": 0, "axis": "z", "origin": [0.375, 0, -0.225]},
			"faces": {
				"north": {"uv": [9.75, 6.8125, 8, 4.5625], "texture": "#7"},
				"east": {"uv": [8.8125, 5.75, 8.0625, 7.25], "rotation": 270, "texture": "#7"},
				"south": {"uv": [3, 2, 1, 1], "rotation": 180, "texture": "#7"},
				"west": {"uv": [8.9375, 5.75, 8.1875, 7.25], "rotation": 90, "texture": "#7"},
				"up": {"uv": [8.25, 5.5, 10, 7.5], "rotation": 180, "texture": "#7"},
				"down": {"uv": [6, 3.75, 6.75, 6.25], "texture": "#7"}
			}
		},
		{
			"from": [7.625, 9.1875, 3.2],
			"to": [8.375, 10.4375, 4.7],
			"rotation": {"angle": 0, "axis": "z", "origin": [0.375, 0, -0.225]},
			"faces": {
				"north": {"uv": [11.75, 10.8125, 10, 8.5625], "texture": "#7"},
				"east": {"uv": [10.8125, 11.75, 10.0625, 15.25], "rotation": 270, "texture": "#7"},
				"south": {"uv": [3, 2, 1, 1], "rotation": 180, "texture": "#7"},
				"west": {"uv": [9.9375, 11.75, 9.1875, 15.25], "rotation": 90, "texture": "#7"},
				"up": {"uv": [9.25, 11.5, 11, 15.5], "rotation": 180, "texture": "#7"},
				"down": {"uv": [8, 9.75, 8.75, 14.25], "texture": "#7"}
			}
		},
		{
			"from": [7.625, 9.1875, -2.3],
			"to": [8.375, 10.4375, 3.2],
			"rotation": {"angle": 0, "axis": "z", "origin": [0.375, 0, -0.225]},
			"faces": {
				"north": {"uv": [11.75, 10.8125, 10, 8.5625], "texture": "#3"},
				"east": {"uv": [10.8125, 11.75, 10.0625, 15.25], "rotation": 270, "texture": "#3"},
				"south": {"uv": [3, 2, 1, 1], "rotation": 180, "texture": "#3"},
				"west": {"uv": [9.9375, 11.75, 9.1875, 15.25], "rotation": 90, "texture": "#3"},
				"up": {"uv": [9.25, 11.5, 11, 15.5], "rotation": 180, "texture": "#3"},
				"down": {"uv": [8, 9.75, 8.75, 14.25], "texture": "#3"}
			}
		},
		{
			"from": [7.625, 6.25, 7.5875],
			"to": [8.375, 7.75, 8.8375],
			"rotation": {"angle": 0, "axis": "y", "origin": [0.375, 0, -0.225]},
			"faces": {
				"north": {"uv": [8, 9.75, 8.75, 14.25], "texture": "#texture"},
				"east": {"uv": [6.9375, 9.75, 8.1875, 14.25], "texture": "#texture"},
				"south": {"uv": [7.25, 9.75, 8, 14.25], "texture": "#texture"},
				"west": {"uv": [7.8125, 9.75, 9.0625, 14.25], "texture": "#texture"},
				"up": {"uv": [2, 1.95, 3, 1.05], "texture": "#texture"},
				"down": {"uv": [8.75, 9.0625, 8, 7.8125], "texture": "#texture"}
			}
		},
		{
			"from": [8.125, 7.75, 8.0875],
			"to": [8.375, 8.75, 8.3375],
			"rotation": {"angle": 0, "axis": "y", "origin": [0.375, 0, -0.225]},
			"faces": {
				"north": {"uv": [8, 4.5, 9.75, 8], "texture": "#texture"},
				"east": {"uv": [8.9375, 5.75, 8.1875, 7.25], "texture": "#texture"},
				"south": {"uv": [9.25, 5.75, 8, 7.25], "texture": "#texture"},
				"west": {"uv": [8.8125, 5.75, 8.0625, 7.25], "texture": "#texture"},
				"up": {"uv": [2, 1.95, 3, 1.05], "texture": "#texture"},
				"down": {"uv": [6.75, 5.0625, 6, 3.8125], "texture": "#texture"}
			}
		},
		{
			"from": [5.225, 9.675, 8.1125],
			"to": [5.475, 9.925, 8.3375],
			"rotation": {"angle": 0, "axis": "y", "origin": [0.375, -7, -0.15]},
			"faces": {
				"north": {"uv": [8.25, 4.5, 10, 8], "rotation": 90, "texture": "#8"},
				"east": {"uv": [7.75, 6.0625, 9, 5.8125], "rotation": 90, "texture": "#8"},
				"south": {"uv": [9, 5.75, 7.75, 7.25], "rotation": 270, "texture": "#8"},
				"west": {"uv": [3, 2, 1, 1], "rotation": 90, "texture": "#8"},
				"up": {"uv": [7.8125, 5.5, 10.0625, 7.5], "rotation": 270, "texture": "#8"},
				"down": {"uv": [5.9375, 3.75, 7.1875, 6.25], "rotation": 270, "texture": "#8"}
			}
		},
		{
			"from": [5.225, 9.425, 8.1125],
			"to": [6.225, 9.675, 8.3375],
			"rotation": {"angle": 0, "axis": "y", "origin": [0.375, -7, -0.15]},
			"faces": {
				"north": {"uv": [8.25, 4.5, 10, 8], "rotation": 90, "texture": "#8"},
				"east": {"uv": [7.75, 6.0625, 9, 5.8125], "rotation": 90, "texture": "#8"},
				"south": {"uv": [9, 5.75, 7.75, 7.25], "rotation": 270, "texture": "#8"},
				"west": {"uv": [3, 2, 1, 1], "rotation": 90, "texture": "#8"},
				"up": {"uv": [7.8125, 5.5, 10.0625, 7.5], "rotation": 270, "texture": "#8"},
				"down": {"uv": [5.9375, 3.75, 7.1875, 6.25], "rotation": 270, "texture": "#8"}
			}
		},
		{
			"from": [5.975, 9.675, 8.1125],
			"to": [6.225, 9.925, 8.3375],
			"rotation": {"angle": 0, "axis": "y", "origin": [0.375, -7, -0.15]},
			"faces": {
				"north": {"uv": [8.25, 4.5, 10, 8], "rotation": 90, "texture": "#8"},
				"east": {"uv": [7.75, 6.0625, 9, 5.8125], "rotation": 90, "texture": "#8"},
				"south": {"uv": [9, 5.75, 7.75, 7.25], "rotation": 270, "texture": "#8"},
				"west": {"uv": [3, 2, 1, 1], "rotation": 90, "texture": "#8"},
				"up": {"uv": [7.8125, 5.5, 10.0625, 7.5], "rotation": 270, "texture": "#8"},
				"down": {"uv": [5.9375, 3.75, 7.1875, 6.25], "rotation": 270, "texture": "#8"}
			}
		},
		{
			"from": [5.225, 9.925, 8.1125],
			"to": [6.225, 10.175, 8.3375],
			"rotation": {"angle": 0, "axis": "y", "origin": [0.375, -7, -0.15]},
			"faces": {
				"north": {"uv": [8.25, 4.5, 10, 8], "rotation": 90, "texture": "#8"},
				"east": {"uv": [7.75, 6.0625, 9, 5.8125], "rotation": 90, "texture": "#8"},
				"south": {"uv": [9, 5.75, 7.75, 7.25], "rotation": 270, "texture": "#8"},
				"west": {"uv": [3, 2, 1, 1], "rotation": 90, "texture": "#8"},
				"up": {"uv": [7.8125, 5.5, 10.0625, 7.5], "rotation": 270, "texture": "#8"},
				"down": {"uv": [5.9375, 3.75, 7.1875, 6.25], "rotation": 270, "texture": "#8"}
			}
		},
		{
			"from": [5.25, 9.6875, 8.1],
			"to": [5.5, 9.9375, 8.35],
			"rotation": {"angle": 0, "axis": "y", "origin": [0.375, -7, -0.15]},
			"faces": {
				"north": {"uv": [7.8125, 4.5, 10.0625, 8], "rotation": 270, "texture": "#8"},
				"east": {"uv": [3, 2, 1, 1], "rotation": 180, "texture": "#8"},
				"south": {"uv": [8.9375, 5.75, 8.1875, 7.25], "rotation": 90, "texture": "#8"},
				"west": {"uv": [7.75, 6.0625, 9, 5.8125], "texture": "#8"},
				"up": {"uv": [8.25, 5.5, 10, 7.5], "rotation": 90, "texture": "#8"},
				"down": {"uv": [6, 3.75, 6.75, 6.25], "rotation": 90, "texture": "#8"}
			}
		},
		{
			"from": [4.5, 9.6875, 8.1],
			"to": [4.75, 9.9375, 8.35],
			"rotation": {"angle": 0, "axis": "y", "origin": [0.375, -7, -0.15]},
			"faces": {
				"north": {"uv": [7.8125, 4.5, 10.0625, 8], "rotation": 270, "texture": "#8"},
				"east": {"uv": [3, 2, 1, 1], "rotation": 180, "texture": "#8"},
				"south": {"uv": [8.9375, 5.75, 8.1875, 7.25], "rotation": 90, "texture": "#8"},
				"west": {"uv": [7.75, 6.0625, 9, 5.8125], "texture": "#8"},
				"up": {"uv": [8.25, 5.5, 10, 7.5], "rotation": 90, "texture": "#8"},
				"down": {"uv": [6, 3.75, 6.75, 6.25], "rotation": 90, "texture": "#8"}
			}
		},
		{
			"from": [4.5, 9.6875, 7.85],
			"to": [5.5, 9.9375, 8.1],
			"rotation": {"angle": 0, "axis": "y", "origin": [0.375, -7, -0.15]},
			"faces": {
				"north": {"uv": [7.8125, 4.5, 10.0625, 8], "rotation": 270, "texture": "#8"},
				"east": {"uv": [3, 2, 1, 1], "rotation": 180, "texture": "#8"},
				"south": {"uv": [8.9375, 5.75, 8.1875, 7.25], "rotation": 90, "texture": "#8"},
				"west": {"uv": [7.75, 6.0625, 9, 5.8125], "texture": "#8"},
				"up": {"uv": [8.25, 5.5, 10, 7.5], "rotation": 90, "texture": "#8"},
				"down": {"uv": [6, 3.75, 6.75, 6.25], "rotation": 90, "texture": "#8"}
			}
		},
		{
			"from": [-2.5, 9.4375, 7.6],
			"to": [3, 10.1875, 8.85],
			"rotation": {"angle": 0, "axis": "y", "origin": [0.375, -7, -0.15]},
			"faces": {
				"north": {"uv": [10.0625, 10.5, 11.8125, 16], "rotation": 270, "texture": "#4"},
				"east": {"uv": [3, 2, 1, 1], "rotation": 180, "texture": "#4"},
				"south": {"uv": [10.1875, 11.75, 8.9375, 15.25], "rotation": 90, "texture": "#4"},
				"west": {"uv": [10, 9.8125, 10.75, 10.0625], "texture": "#4"},
				"up": {"uv": [9, 11.5, 11.25, 15.5], "rotation": 90, "texture": "#4"},
				"down": {"uv": [7.75, 9.75, 9, 14.25], "rotation": 90, "texture": "#4"}
			}
		},
		{
			"from": [2.975, 9.4375, 7.6],
			"to": [4.475, 10.1875, 8.85],
			"rotation": {"angle": 0, "axis": "y", "origin": [0.375, -7, -0.15]},
			"faces": {
				"north": {"uv": [9.8125, 10.5, 12.0625, 16], "rotation": 270, "texture": "#8"},
				"east": {"uv": [3, 2, 1, 1], "rotation": 180, "texture": "#8"},
				"south": {"uv": [9.9375, 11.75, 9.1875, 15.25], "rotation": 90, "texture": "#8"},
				"west": {"uv": [9.75, 10.0625, 11, 9.8125], "texture": "#8"},
				"up": {"uv": [9.25, 11.5, 11, 15.5], "rotation": 90, "texture": "#8"},
				"down": {"uv": [8, 9.75, 8.75, 14.25], "rotation": 90, "texture": "#8"}
			}
		},
		{
			"from": [4.5, 9.6875, 8.35],
			"to": [5.5, 9.9375, 8.6],
			"rotation": {"angle": 0, "axis": "y", "origin": [0.375, -7, -0.15]},
			"faces": {
				"north": {"uv": [7.8125, 4.5, 10.0625, 8], "rotation": 270, "texture": "#8"},
				"east": {"uv": [3, 2, 1, 1], "rotation": 180, "texture": "#8"},
				"south": {"uv": [8.9375, 5.75, 8.1875, 7.25], "rotation": 90, "texture": "#8"},
				"west": {"uv": [7.75, 6.0625, 9, 5.8125], "texture": "#8"},
				"up": {"uv": [8.25, 5.5, 10, 7.5], "rotation": 90, "texture": "#8"},
				"down": {"uv": [6, 3.75, 6.75, 6.25], "rotation": 90, "texture": "#8"}
			}
		},
		{
			"from": [3, 9.1875, 7.85],
			"to": [4.5, 10.4375, 8.6],
			"rotation": {"angle": 0, "axis": "y", "origin": [0.375, -7, -0.15]},
			"faces": {
				"north": {"uv": [9.8125, 10.5, 12.0625, 16], "rotation": 270, "texture": "#8"},
				"east": {"uv": [3, 2, 1, 1], "rotation": 180, "texture": "#8"},
				"south": {"uv": [9.9375, 11.75, 9.1875, 15.25], "rotation": 90, "texture": "#8"},
				"west": {"uv": [9.75, 10.0625, 11, 9.8125], "texture": "#8"},
				"up": {"uv": [9.25, 11.5, 11, 15.5], "rotation": 90, "texture": "#8"},
				"down": {"uv": [8, 9.75, 8.75, 14.25], "rotation": 90, "texture": "#8"}
			}
		},
		{
			"from": [-2.5, 9.1875, 7.85],
			"to": [3, 10.4375, 8.6],
			"rotation": {"angle": 0, "axis": "y", "origin": [0.375, -7, -0.15]},
			"faces": {
				"north": {"uv": [9.8125, 10.5, 12.0625, 16], "rotation": 270, "texture": "#4"},
				"east": {"uv": [3, 2, 1, 1], "rotation": 180, "texture": "#4"},
				"south": {"uv": [9.9375, 11.75, 9.1875, 15.25], "rotation": 90, "texture": "#4"},
				"west": {"uv": [9.75, 10.0625, 11, 9.8125], "texture": "#4"},
				"up": {"uv": [9.25, 11.5, 11, 15.5], "rotation": 90, "texture": "#4"},
				"down": {"uv": [8, 9.75, 8.75, 14.25], "rotation": 90, "texture": "#4"}
			}
		},
		{
			"from": [6.7, 9.6875, 8.1],
			"to": [6.95, 9.9125, 8.35],
			"rotation": {"angle": 0, "axis": "y", "origin": [0.375, -7, -0.15]},
			"faces": {
				"north": {"uv": [7.9375, 4.5, 10.1875, 8], "rotation": 90, "texture": "#8"},
				"east": {"uv": [7.75, 6.0625, 9, 5.8125], "texture": "#8"},
				"south": {"uv": [8.8125, 5.75, 8.0625, 7.25], "rotation": 270, "texture": "#8"},
				"west": {"uv": [3, 2, 1, 1], "rotation": 180, "texture": "#8"},
				"up": {"uv": [8.25, 5.5, 10, 7.5], "rotation": 270, "texture": "#8"},
				"down": {"uv": [6, 3.75, 6.75, 6.25], "rotation": 270, "texture": "#8"}
			}
		},
		{
			"from": [5.95, 9.6875, 7.85],
			"to": [6.95, 9.9125, 8.1],
			"rotation": {"angle": 0, "axis": "y", "origin": [0.375, -7, -0.15]},
			"faces": {
				"north": {"uv": [7.9375, 4.5, 10.1875, 8], "rotation": 90, "texture": "#8"},
				"east": {"uv": [7.75, 6.0625, 9, 5.8125], "texture": "#8"},
				"south": {"uv": [8.8125, 5.75, 8.0625, 7.25], "rotation": 270, "texture": "#8"},
				"west": {"uv": [3, 2, 1, 1], "rotation": 180, "texture": "#8"},
				"up": {"uv": [8.25, 5.5, 10, 7.5], "rotation": 270, "texture": "#8"},
				"down": {"uv": [6, 3.75, 6.75, 6.25], "rotation": 270, "texture": "#8"}
			}
		},
		{
			"from": [5.95, 9.6875, 8.1],
			"to": [6.2, 9.9125, 8.35],
			"rotation": {"angle": 0, "axis": "y", "origin": [0.375, -7, -0.15]},
			"faces": {
				"north": {"uv": [7.9375, 4.5, 10.1875, 8], "rotation": 90, "texture": "#8"},
				"east": {"uv": [7.75, 6.0625, 9, 5.8125], "texture": "#8"},
				"south": {"uv": [8.8125, 5.75, 8.0625, 7.25], "rotation": 270, "texture": "#8"},
				"west": {"uv": [3, 2, 1, 1], "rotation": 180, "texture": "#8"},
				"up": {"uv": [8.25, 5.5, 10, 7.5], "rotation": 270, "texture": "#8"},
				"down": {"uv": [6, 3.75, 6.75, 6.25], "rotation": 270, "texture": "#8"}
			}
		},
		{
			"from": [5.95, 9.6875, 8.35],
			"to": [6.95, 9.9125, 8.6],
			"rotation": {"angle": 0, "axis": "y", "origin": [0.375, -7, -0.15]},
			"faces": {
				"north": {"uv": [7.9375, 4.5, 10.1875, 8], "rotation": 90, "texture": "#8"},
				"east": {"uv": [7.75, 6.0625, 9, 5.8125], "texture": "#8"},
				"south": {"uv": [8.8125, 5.75, 8.0625, 7.25], "rotation": 270, "texture": "#8"},
				"west": {"uv": [3, 2, 1, 1], "rotation": 180, "texture": "#8"},
				"up": {"uv": [8.25, 5.5, 10, 7.5], "rotation": 270, "texture": "#8"},
				"down": {"uv": [6, 3.75, 6.75, 6.25], "rotation": 270, "texture": "#8"}
			}
		},
		{
			"from": [6.675, 9.425, 8.1125],
			"to": [7.675, 9.675, 8.3375],
			"rotation": {"angle": 0, "axis": "y", "origin": [0.375, -7, -0.15]},
			"faces": {
				"north": {"uv": [8.25, 4.5, 10, 8], "rotation": 90, "texture": "#8"},
				"east": {"uv": [7.75, 6.0625, 9, 5.8125], "rotation": 90, "texture": "#8"},
				"south": {"uv": [9, 5.75, 7.75, 7.25], "rotation": 270, "texture": "#8"},
				"west": {"uv": [3, 2, 1, 1], "rotation": 90, "texture": "#8"},
				"up": {"uv": [7.8125, 5.5, 10.0625, 7.5], "rotation": 270, "texture": "#8"},
				"down": {"uv": [5.9375, 3.75, 7.1875, 6.25], "rotation": 270, "texture": "#8"}
			}
		},
		{
			"from": [7.425, 9.675, 8.1125],
			"to": [7.675, 9.925, 8.3375],
			"rotation": {"angle": 0, "axis": "y", "origin": [0.375, -7, -0.15]},
			"faces": {
				"north": {"uv": [8.25, 4.5, 10, 8], "rotation": 90, "texture": "#8"},
				"east": {"uv": [7.75, 6.0625, 9, 5.8125], "rotation": 90, "texture": "#8"},
				"south": {"uv": [9, 5.75, 7.75, 7.25], "rotation": 270, "texture": "#8"},
				"west": {"uv": [3, 2, 1, 1], "rotation": 90, "texture": "#8"},
				"up": {"uv": [7.8125, 5.5, 10.0625, 7.5], "rotation": 270, "texture": "#8"},
				"down": {"uv": [5.9375, 3.75, 7.1875, 6.25], "rotation": 270, "texture": "#8"}
			}
		},
		{
			"from": [6.675, 9.675, 8.1125],
			"to": [6.925, 9.925, 8.3375],
			"rotation": {"angle": 0, "axis": "y", "origin": [0.375, -7, -0.15]},
			"faces": {
				"north": {"uv": [8.25, 4.5, 10, 8], "rotation": 90, "texture": "#8"},
				"east": {"uv": [7.75, 6.0625, 9, 5.8125], "rotation": 90, "texture": "#8"},
				"south": {"uv": [9, 5.75, 7.75, 7.25], "rotation": 270, "texture": "#8"},
				"west": {"uv": [3, 2, 1, 1], "rotation": 90, "texture": "#8"},
				"up": {"uv": [7.8125, 5.5, 10.0625, 7.5], "rotation": 270, "texture": "#8"},
				"down": {"uv": [5.9375, 3.75, 7.1875, 6.25], "rotation": 270, "texture": "#8"}
			}
		},
		{
			"from": [6.675, 9.925, 8.1125],
			"to": [7.675, 10.175, 8.3375],
			"rotation": {"angle": 0, "axis": "y", "origin": [0.375, -7, -0.15]},
			"faces": {
				"north": {"uv": [8.25, 4.5, 10, 8], "rotation": 90, "texture": "#8"},
				"east": {"uv": [7.75, 6.0625, 9, 5.8125], "rotation": 90, "texture": "#8"},
				"south": {"uv": [9, 5.75, 7.75, 7.25], "rotation": 270, "texture": "#8"},
				"west": {"uv": [3, 2, 1, 1], "rotation": 90, "texture": "#8"},
				"up": {"uv": [7.8125, 5.5, 10.0625, 7.5], "rotation": 270, "texture": "#8"},
				"down": {"uv": [5.9375, 3.75, 7.1875, 6.25], "rotation": 270, "texture": "#8"}
			}
		},
		{
			"from": [17.0875, -0.25, 8.1],
			"to": [17.3125, 0, 8.35],
			"rotation": {"angle": 45, "axis": "z", "origin": [0.375, -7, -0.15]},
			"faces": {
				"north": {"uv": [7.9375, 4.5, 10.1875, 8], "texture": "#8"},
				"east": {"uv": [9.25, 5.75, 8, 7.25], "texture": "#8"},
				"south": {"uv": [8.8125, 5.75, 8.0625, 7.25], "texture": "#8"},
				"west": {"uv": [9, 5.75, 7.75, 7.25], "texture": "#8"},
				"up": {"uv": [2, 1.95, 3, 1.05], "rotation": 270, "texture": "#8"},
				"down": {"uv": [6.75, 5.0625, 6, 3.8125], "rotation": 90, "texture": "#8"}
			}
		},
		{
			"from": [17.0875, -1, 8.1],
			"to": [17.3125, -0.75, 8.35],
			"rotation": {"angle": 45, "axis": "z", "origin": [0.375, -7, -0.15]},
			"faces": {
				"north": {"uv": [7.9375, 4.5, 10.1875, 8], "texture": "#8"},
				"east": {"uv": [9.25, 5.75, 8, 7.25], "texture": "#8"},
				"south": {"uv": [8.8125, 5.75, 8.0625, 7.25], "texture": "#8"},
				"west": {"uv": [9, 5.75, 7.75, 7.25], "texture": "#8"},
				"up": {"uv": [2, 1.95, 3, 1.05], "rotation": 270, "texture": "#8"},
				"down": {"uv": [6.75, 5.0625, 6, 3.8125], "rotation": 90, "texture": "#8"}
			}
		},
		{
			"from": [17.0875, -1, 8.35],
			"to": [17.3125, 0, 8.6],
			"rotation": {"angle": 45, "axis": "z", "origin": [0.375, -7, -0.15]},
			"faces": {
				"north": {"uv": [7.9375, 4.5, 10.1875, 8], "texture": "#8"},
				"east": {"uv": [9.25, 5.75, 8, 7.25], "texture": "#8"},
				"south": {"uv": [8.8125, 5.75, 8.0625, 7.25], "texture": "#8"},
				"west": {"uv": [9, 5.75, 7.75, 7.25], "texture": "#8"},
				"up": {"uv": [2, 1.95, 3, 1.05], "rotation": 270, "texture": "#8"},
				"down": {"uv": [6.75, 5.0625, 6, 3.8125], "rotation": 90, "texture": "#8"}
			}
		},
		{
			"from": [17.0875, -1, 7.85],
			"to": [17.3125, 0, 8.1],
			"rotation": {"angle": 45, "axis": "z", "origin": [0.375, -7, -0.15]},
			"faces": {
				"north": {"uv": [7.9375, 4.5, 10.1875, 8], "texture": "#8"},
				"east": {"uv": [9.25, 5.75, 8, 7.25], "texture": "#8"},
				"south": {"uv": [8.8125, 5.75, 8.0625, 7.25], "texture": "#8"},
				"west": {"uv": [9, 5.75, 7.75, 7.25], "texture": "#8"},
				"up": {"uv": [2, 1.95, 3, 1.05], "rotation": 270, "texture": "#8"},
				"down": {"uv": [6.75, 5.0625, 6, 3.8125], "rotation": 90, "texture": "#8"}
			}
		},
		{
			"from": [10.525, 9.65, 8.1125],
			"to": [10.775, 9.9, 8.3375],
			"rotation": {"angle": 0, "axis": "z", "origin": [15.625, 9.575, 8.85]},
			"faces": {
				"north": {"uv": [8.25, 4.5, 10, 8], "rotation": 90, "texture": "#10"},
				"east": {"uv": [3, 2, 1, 1], "rotation": 90, "texture": "#10"},
				"south": {"uv": [9, 5.75, 7.75, 7.25], "rotation": 270, "texture": "#10"},
				"west": {"uv": [7.75, 6.0625, 9, 5.8125], "rotation": 90, "texture": "#10"},
				"up": {"uv": [7.9375, 5.5, 10.1875, 7.5], "rotation": 270, "texture": "#10"},
				"down": {"uv": [5.8125, 3.75, 7.0625, 6.25], "rotation": 270, "texture": "#10"}
			}
		},
		{
			"from": [9.775, 9.9, 8.1125],
			"to": [10.775, 10.15, 8.3375],
			"rotation": {"angle": 0, "axis": "z", "origin": [15.625, 9.575, 8.85]},
			"faces": {
				"north": {"uv": [8.25, 4.5, 10, 8], "rotation": 90, "texture": "#10"},
				"east": {"uv": [3, 2, 1, 1], "rotation": 90, "texture": "#10"},
				"south": {"uv": [9, 5.75, 7.75, 7.25], "rotation": 270, "texture": "#10"},
				"west": {"uv": [7.75, 6.0625, 9, 5.8125], "rotation": 90, "texture": "#10"},
				"up": {"uv": [7.9375, 5.5, 10.1875, 7.5], "rotation": 270, "texture": "#10"},
				"down": {"uv": [5.8125, 3.75, 7.0625, 6.25], "rotation": 270, "texture": "#10"}
			}
		},
		{
			"from": [9.775, 9.65, 8.1125],
			"to": [10.025, 9.9, 8.3375],
			"rotation": {"angle": 0, "axis": "z", "origin": [15.625, 9.575, 8.85]},
			"faces": {
				"north": {"uv": [8.25, 4.5, 10, 8], "rotation": 90, "texture": "#10"},
				"east": {"uv": [3, 2, 1, 1], "rotation": 90, "texture": "#10"},
				"south": {"uv": [9, 5.75, 7.75, 7.25], "rotation": 270, "texture": "#10"},
				"west": {"uv": [7.75, 6.0625, 9, 5.8125], "rotation": 90, "texture": "#10"},
				"up": {"uv": [7.9375, 5.5, 10.1875, 7.5], "rotation": 270, "texture": "#10"},
				"down": {"uv": [5.8125, 3.75, 7.0625, 6.25], "rotation": 270, "texture": "#10"}
			}
		},
		{
			"from": [9.775, 9.4, 8.1125],
			"to": [10.775, 9.65, 8.3375],
			"rotation": {"angle": 0, "axis": "z", "origin": [15.625, 9.575, 8.85]},
			"faces": {
				"north": {"uv": [8.25, 4.5, 10, 8], "rotation": 90, "texture": "#10"},
				"east": {"uv": [3, 2, 1, 1], "rotation": 90, "texture": "#10"},
				"south": {"uv": [9, 5.75, 7.75, 7.25], "rotation": 270, "texture": "#10"},
				"west": {"uv": [7.75, 6.0625, 9, 5.8125], "rotation": 90, "texture": "#10"},
				"up": {"uv": [7.9375, 5.5, 10.1875, 7.5], "rotation": 270, "texture": "#10"},
				"down": {"uv": [5.8125, 3.75, 7.0625, 6.25], "rotation": 270, "texture": "#10"}
			}
		},
		{
			"from": [10.5, 9.6375, 8.1],
			"to": [10.75, 9.8875, 8.35],
			"rotation": {"angle": 0, "axis": "z", "origin": [15.625, 9.575, 8.85]},
			"faces": {
				"north": {"uv": [7.8125, 4.5, 10.0625, 8], "rotation": 270, "texture": "#10"},
				"east": {"uv": [7.75, 6.0625, 9, 5.8125], "rotation": 180, "texture": "#10"},
				"south": {"uv": [8.9375, 5.75, 8.1875, 7.25], "rotation": 90, "texture": "#10"},
				"west": {"uv": [3, 2, 1, 1], "texture": "#10"},
				"up": {"uv": [8, 5.5, 9.75, 7.5], "rotation": 90, "texture": "#10"},
				"down": {"uv": [6.25, 3.75, 7, 6.25], "rotation": 90, "texture": "#10"}
			}
		},
		{
			"from": [11.25, 9.6375, 8.1],
			"to": [11.5, 9.8875, 8.35],
			"rotation": {"angle": 0, "axis": "z", "origin": [15.625, 9.575, 8.85]},
			"faces": {
				"north": {"uv": [7.8125, 4.5, 10.0625, 8], "rotation": 270, "texture": "#10"},
				"east": {"uv": [7.75, 6.0625, 9, 5.8125], "rotation": 180, "texture": "#10"},
				"south": {"uv": [8.9375, 5.75, 8.1875, 7.25], "rotation": 90, "texture": "#10"},
				"west": {"uv": [3, 2, 1, 1], "texture": "#10"},
				"up": {"uv": [8, 5.5, 9.75, 7.5], "rotation": 90, "texture": "#10"},
				"down": {"uv": [6.25, 3.75, 7, 6.25], "rotation": 90, "texture": "#10"}
			}
		},
		{
			"from": [10.5, 9.6375, 7.85],
			"to": [11.5, 9.8875, 8.1],
			"rotation": {"angle": 0, "axis": "z", "origin": [15.625, 9.575, 8.85]},
			"faces": {
				"north": {"uv": [7.8125, 4.5, 10.0625, 8], "rotation": 270, "texture": "#10"},
				"east": {"uv": [7.75, 6.0625, 9, 5.8125], "rotation": 180, "texture": "#10"},
				"south": {"uv": [8.9375, 5.75, 8.1875, 7.25], "rotation": 90, "texture": "#10"},
				"west": {"uv": [3, 2, 1, 1], "texture": "#10"},
				"up": {"uv": [8, 5.5, 9.75, 7.5], "rotation": 90, "texture": "#10"},
				"down": {"uv": [6.25, 3.75, 7, 6.25], "rotation": 90, "texture": "#10"}
			}
		},
		{
			"from": [13, 9.3875, 7.6],
			"to": [18.5, 10.1375, 8.85],
			"rotation": {"angle": 0, "axis": "z", "origin": [15.625, 9.575, 8.85]},
			"faces": {
				"north": {"uv": [10.0625, 10.5, 11.8125, 16], "rotation": 270, "texture": "#6"},
				"east": {"uv": [10, 9.8125, 10.75, 10.0625], "rotation": 180, "texture": "#6"},
				"south": {"uv": [10.1875, 11.75, 8.9375, 15.25], "rotation": 90, "texture": "#6"},
				"west": {"uv": [3, 2, 1, 1], "texture": "#6"},
				"up": {"uv": [9.75, 11.5, 12, 15.5], "rotation": 90, "texture": "#6"},
				"down": {"uv": [7, 9.75, 8.25, 14.25], "rotation": 90, "texture": "#6"}
			}
		},
		{
			"from": [11.525, 9.3875, 7.6],
			"to": [13.025, 10.1375, 8.85],
			"rotation": {"angle": 0, "axis": "z", "origin": [15.625, 9.575, 8.85]},
			"faces": {
				"north": {"uv": [9.8125, 10.5, 12.0625, 16], "rotation": 270, "texture": "#10"},
				"east": {"uv": [9.75, 10.0625, 11, 9.8125], "rotation": 180, "texture": "#10"},
				"south": {"uv": [9.9375, 11.75, 9.1875, 15.25], "rotation": 90, "texture": "#10"},
				"west": {"uv": [3, 2, 1, 1], "texture": "#10"},
				"up": {"uv": [10, 11.5, 11.75, 15.5], "rotation": 90, "texture": "#10"},
				"down": {"uv": [7.25, 9.75, 8, 14.25], "rotation": 90, "texture": "#10"}
			}
		},
		{
			"from": [10.5, 9.6375, 8.35],
			"to": [11.5, 9.8875, 8.6],
			"rotation": {"angle": 0, "axis": "z", "origin": [15.625, 9.575, 8.85]},
			"faces": {
				"north": {"uv": [7.8125, 4.5, 10.0625, 8], "rotation": 270, "texture": "#10"},
				"east": {"uv": [7.75, 6.0625, 9, 5.8125], "rotation": 180, "texture": "#10"},
				"south": {"uv": [8.9375, 5.75, 8.1875, 7.25], "rotation": 90, "texture": "#10"},
				"west": {"uv": [3, 2, 1, 1], "texture": "#10"},
				"up": {"uv": [8, 5.5, 9.75, 7.5], "rotation": 90, "texture": "#10"},
				"down": {"uv": [6.25, 3.75, 7, 6.25], "rotation": 90, "texture": "#10"}
			}
		},
		{
			"from": [11.5, 9.1375, 7.85],
			"to": [13, 10.3875, 8.6],
			"rotation": {"angle": 0, "axis": "z", "origin": [15.625, 9.575, 8.85]},
			"faces": {
				"north": {"uv": [9.8125, 10.5, 12.0625, 16], "rotation": 270, "texture": "#10"},
				"east": {"uv": [9.75, 10.0625, 11, 9.8125], "rotation": 180, "texture": "#10"},
				"south": {"uv": [9.9375, 11.75, 9.1875, 15.25], "rotation": 90, "texture": "#10"},
				"west": {"uv": [3, 2, 1, 1], "texture": "#10"},
				"up": {"uv": [10, 11.5, 11.75, 15.5], "rotation": 90, "texture": "#10"},
				"down": {"uv": [7.25, 9.75, 8, 14.25], "rotation": 90, "texture": "#10"}
			}
		},
		{
			"from": [13, 9.1375, 7.85],
			"to": [18.5, 10.3875, 8.6],
			"rotation": {"angle": 0, "axis": "z", "origin": [15.625, 9.575, 8.85]},
			"faces": {
				"north": {"uv": [9.8125, 10.5, 12.0625, 16], "rotation": 270, "texture": "#6"},
				"east": {"uv": [9.75, 10.0625, 11, 9.8125], "rotation": 180, "texture": "#6"},
				"south": {"uv": [9.9375, 11.75, 9.1875, 15.25], "rotation": 90, "texture": "#6"},
				"west": {"uv": [3, 2, 1, 1], "texture": "#6"},
				"up": {"uv": [10, 11.5, 11.75, 15.5], "rotation": 90, "texture": "#6"},
				"down": {"uv": [7.25, 9.75, 8, 14.25], "rotation": 90, "texture": "#6"}
			}
		},
		{
			"from": [9.05, 9.6625, 8.1],
			"to": [9.3, 9.8875, 8.35],
			"rotation": {"angle": 0, "axis": "z", "origin": [15.625, 9.575, 8.85]},
			"faces": {
				"north": {"uv": [7.9375, 4.5, 10.1875, 8], "rotation": 90, "texture": "#10"},
				"east": {"uv": [3, 2, 1, 1], "texture": "#10"},
				"south": {"uv": [8.8125, 5.75, 8.0625, 7.25], "rotation": 270, "texture": "#10"},
				"west": {"uv": [7.75, 6.0625, 9, 5.8125], "rotation": 180, "texture": "#10"},
				"up": {"uv": [8, 5.5, 9.75, 7.5], "rotation": 270, "texture": "#10"},
				"down": {"uv": [6.25, 3.75, 7, 6.25], "rotation": 270, "texture": "#10"}
			}
		},
		{
			"from": [9.05, 9.6625, 7.85],
			"to": [10.05, 9.8875, 8.1],
			"rotation": {"angle": 0, "axis": "z", "origin": [15.625, 9.575, 8.85]},
			"faces": {
				"north": {"uv": [7.9375, 4.5, 10.1875, 8], "rotation": 90, "texture": "#10"},
				"east": {"uv": [3, 2, 1, 1], "texture": "#10"},
				"south": {"uv": [8.8125, 5.75, 8.0625, 7.25], "rotation": 270, "texture": "#10"},
				"west": {"uv": [7.75, 6.0625, 9, 5.8125], "rotation": 180, "texture": "#10"},
				"up": {"uv": [8, 5.5, 9.75, 7.5], "rotation": 270, "texture": "#10"},
				"down": {"uv": [6.25, 3.75, 7, 6.25], "rotation": 270, "texture": "#10"}
			}
		},
		{
			"from": [9.8, 9.6625, 8.1],
			"to": [10.05, 9.8875, 8.35],
			"rotation": {"angle": 0, "axis": "z", "origin": [15.625, 9.575, 8.85]},
			"faces": {
				"north": {"uv": [7.9375, 4.5, 10.1875, 8], "rotation": 90, "texture": "#10"},
				"east": {"uv": [3, 2, 1, 1], "texture": "#10"},
				"south": {"uv": [8.8125, 5.75, 8.0625, 7.25], "rotation": 270, "texture": "#10"},
				"west": {"uv": [7.75, 6.0625, 9, 5.8125], "rotation": 180, "texture": "#10"},
				"up": {"uv": [8, 5.5, 9.75, 7.5], "rotation": 270, "texture": "#10"},
				"down": {"uv": [6.25, 3.75, 7, 6.25], "rotation": 270, "texture": "#10"}
			}
		},
		{
			"from": [9.05, 9.6625, 8.35],
			"to": [10.05, 9.8875, 8.6],
			"rotation": {"angle": 0, "axis": "z", "origin": [15.625, 9.575, 8.85]},
			"faces": {
				"north": {"uv": [7.9375, 4.5, 10.1875, 8], "rotation": 90, "texture": "#10"},
				"east": {"uv": [3, 2, 1, 1], "texture": "#10"},
				"south": {"uv": [8.8125, 5.75, 8.0625, 7.25], "rotation": 270, "texture": "#10"},
				"west": {"uv": [7.75, 6.0625, 9, 5.8125], "rotation": 180, "texture": "#10"},
				"up": {"uv": [8, 5.5, 9.75, 7.5], "rotation": 270, "texture": "#10"},
				"down": {"uv": [6.25, 3.75, 7, 6.25], "rotation": 270, "texture": "#10"}
			}
		},
		{
			"from": [8.325, 9.9, 8.1125],
			"to": [9.325, 10.15, 8.3375],
			"rotation": {"angle": 0, "axis": "z", "origin": [15.625, 9.575, 8.85]},
			"faces": {
				"north": {"uv": [8.25, 4.5, 10, 8], "rotation": 90, "texture": "#10"},
				"east": {"uv": [3, 2, 1, 1], "rotation": 90, "texture": "#10"},
				"south": {"uv": [9, 5.75, 7.75, 7.25], "rotation": 270, "texture": "#10"},
				"west": {"uv": [7.75, 6.0625, 9, 5.8125], "rotation": 90, "texture": "#10"},
				"up": {"uv": [7.9375, 5.5, 10.1875, 7.5], "rotation": 270, "texture": "#10"},
				"down": {"uv": [5.8125, 3.75, 7.0625, 6.25], "rotation": 270, "texture": "#10"}
			}
		},
		{
			"from": [8.325, 9.65, 8.1125],
			"to": [8.575, 9.9, 8.3375],
			"rotation": {"angle": 0, "axis": "z", "origin": [15.625, 9.575, 8.85]},
			"faces": {
				"north": {"uv": [8.25, 4.5, 10, 8], "rotation": 90, "texture": "#10"},
				"east": {"uv": [3, 2, 1, 1], "rotation": 90, "texture": "#10"},
				"south": {"uv": [9, 5.75, 7.75, 7.25], "rotation": 270, "texture": "#10"},
				"west": {"uv": [7.75, 6.0625, 9, 5.8125], "rotation": 90, "texture": "#10"},
				"up": {"uv": [7.9375, 5.5, 10.1875, 7.5], "rotation": 270, "texture": "#10"},
				"down": {"uv": [5.8125, 3.75, 7.0625, 6.25], "rotation": 270, "texture": "#10"}
			}
		},
		{
			"from": [9.075, 9.65, 8.1125],
			"to": [9.325, 9.9, 8.3375],
			"rotation": {"angle": 0, "axis": "z", "origin": [15.625, 9.575, 8.85]},
			"faces": {
				"north": {"uv": [8.25, 4.5, 10, 8], "rotation": 90, "texture": "#10"},
				"east": {"uv": [3, 2, 1, 1], "rotation": 90, "texture": "#10"},
				"south": {"uv": [9, 5.75, 7.75, 7.25], "rotation": 270, "texture": "#10"},
				"west": {"uv": [7.75, 6.0625, 9, 5.8125], "rotation": 90, "texture": "#10"},
				"up": {"uv": [7.9375, 5.5, 10.1875, 7.5], "rotation": 270, "texture": "#10"},
				"down": {"uv": [5.8125, 3.75, 7.0625, 6.25], "rotation": 270, "texture": "#10"}
			}
		},
		{
			"from": [8.325, 9.4, 8.1125],
			"to": [9.325, 9.65, 8.3375],
			"rotation": {"angle": 0, "axis": "z", "origin": [15.625, 9.575, 8.85]},
			"faces": {
				"north": {"uv": [8.25, 4.5, 10, 8], "rotation": 90, "texture": "#10"},
				"east": {"uv": [3, 2, 1, 1], "rotation": 90, "texture": "#10"},
				"south": {"uv": [9, 5.75, 7.75, 7.25], "rotation": 270, "texture": "#10"},
				"west": {"uv": [7.75, 6.0625, 9, 5.8125], "rotation": 90, "texture": "#10"},
				"up": {"uv": [7.9375, 5.5, 10.1875, 7.5], "rotation": 270, "texture": "#10"},
				"down": {"uv": [5.8125, 3.75, 7.0625, 6.25], "rotation": 270, "texture": "#10"}
			}
		},
		{
			"from": [10.44168, 4.57918, 8.1],
			"to": [10.66668, 4.82918, 8.35],
			"rotation": {"angle": -45, "axis": "z", "origin": [15.625, 9.575, 8.85]},
			"faces": {
				"north": {"uv": [7.9375, 4.5, 10.1875, 8], "rotation": 270, "texture": "#10"},
				"east": {"uv": [9.25, 5.75, 8, 7.25], "texture": "#10"},
				"south": {"uv": [8.8125, 5.75, 8.0625, 7.25], "rotation": 90, "texture": "#10"},
				"west": {"uv": [9, 5.75, 7.75, 7.25], "rotation": 180, "texture": "#10"},
				"up": {"uv": [2, 1.95, 3, 1.05], "rotation": 90, "texture": "#10"},
				"down": {"uv": [6.75, 5.0625, 6, 3.8125], "rotation": 90, "texture": "#10"}
			}
		},
		{
			"from": [10.44168, 3.82918, 8.1],
			"to": [10.66668, 4.07918, 8.35],
			"rotation": {"angle": -45, "axis": "z", "origin": [15.625, 9.575, 8.85]},
			"faces": {
				"north": {"uv": [7.9375, 4.5, 10.1875, 8], "rotation": 270, "texture": "#10"},
				"east": {"uv": [9.25, 5.75, 8, 7.25], "texture": "#10"},
				"south": {"uv": [8.8125, 5.75, 8.0625, 7.25], "rotation": 90, "texture": "#10"},
				"west": {"uv": [9, 5.75, 7.75, 7.25], "rotation": 180, "texture": "#10"},
				"up": {"uv": [2, 1.95, 3, 1.05], "rotation": 90, "texture": "#10"},
				"down": {"uv": [6.75, 5.0625, 6, 3.8125], "rotation": 90, "texture": "#10"}
			}
		},
		{
			"from": [10.44168, 3.82918, 8.35],
			"to": [10.66668, 4.82918, 8.6],
			"rotation": {"angle": -45, "axis": "z", "origin": [15.625, 9.575, 8.85]},
			"faces": {
				"north": {"uv": [7.9375, 4.5, 10.1875, 8], "rotation": 270, "texture": "#10"},
				"east": {"uv": [9.25, 5.75, 8, 7.25], "texture": "#10"},
				"south": {"uv": [8.8125, 5.75, 8.0625, 7.25], "rotation": 90, "texture": "#10"},
				"west": {"uv": [9, 5.75, 7.75, 7.25], "rotation": 180, "texture": "#10"},
				"up": {"uv": [2, 1.95, 3, 1.05], "rotation": 90, "texture": "#10"},
				"down": {"uv": [6.75, 5.0625, 6, 3.8125], "rotation": 90, "texture": "#10"}
			}
		},
		{
			"from": [10.44168, 3.82918, 7.85],
			"to": [10.66668, 4.82918, 8.1],
			"rotation": {"angle": -45, "axis": "z", "origin": [15.625, 9.575, 8.85]},
			"faces": {
				"north": {"uv": [7.9375, 4.5, 10.1875, 8], "rotation": 270, "texture": "#10"},
				"east": {"uv": [9.25, 5.75, 8, 7.25], "texture": "#10"},
				"south": {"uv": [8.8125, 5.75, 8.0625, 7.25], "rotation": 90, "texture": "#10"},
				"west": {"uv": [9, 5.75, 7.75, 7.25], "rotation": 180, "texture": "#10"},
				"up": {"uv": [2, 1.95, 3, 1.05], "rotation": 90, "texture": "#10"},
				"down": {"uv": [6.75, 5.0625, 6, 3.8125], "rotation": 90, "texture": "#10"}
			}
		},
		{
			"from": [7.8875, 9.65, 10.725],
			"to": [8.1125, 9.9, 10.975],
			"rotation": {"angle": 0, "axis": "y", "origin": [20.375, 9.575, 2.825]},
			"faces": {
				"north": {"uv": [9.75, 6.8125, 8, 4.5625], "rotation": 90, "texture": "#9"},
				"east": {"uv": [9.25, 5.75, 8, 7.25], "rotation": 90, "texture": "#9"},
				"south": {"uv": [3, 2, 1, 1], "rotation": 90, "texture": "#9"},
				"west": {"uv": [9, 5.75, 7.75, 7.25], "rotation": 270, "texture": "#9"},
				"up": {"uv": [7.9375, 5.5, 10.1875, 7.5], "texture": "#9"},
				"down": {"uv": [5.8125, 3.75, 7.0625, 6.25], "rotation": 180, "texture": "#9"}
			}
		},
		{
			"from": [7.8875, 9.9, 9.975],
			"to": [8.1125, 10.15, 10.975],
			"rotation": {"angle": 0, "axis": "y", "origin": [20.375, 9.575, 2.825]},
			"faces": {
				"north": {"uv": [9.75, 6.8125, 8, 4.5625], "rotation": 90, "texture": "#9"},
				"east": {"uv": [9.25, 5.75, 8, 7.25], "rotation": 90, "texture": "#9"},
				"south": {"uv": [3, 2, 1, 1], "rotation": 90, "texture": "#9"},
				"west": {"uv": [9, 5.75, 7.75, 7.25], "rotation": 270, "texture": "#9"},
				"up": {"uv": [7.9375, 5.5, 10.1875, 7.5], "texture": "#9"},
				"down": {"uv": [5.8125, 3.75, 7.0625, 6.25], "rotation": 180, "texture": "#9"}
			}
		},
		{
			"from": [7.8875, 9.65, 9.975],
			"to": [8.1125, 9.9, 10.225],
			"rotation": {"angle": 0, "axis": "y", "origin": [20.375, 9.575, 2.825]},
			"faces": {
				"north": {"uv": [9.75, 6.8125, 8, 4.5625], "rotation": 90, "texture": "#9"},
				"east": {"uv": [9.25, 5.75, 8, 7.25], "rotation": 90, "texture": "#9"},
				"south": {"uv": [3, 2, 1, 1], "rotation": 90, "texture": "#9"},
				"west": {"uv": [9, 5.75, 7.75, 7.25], "rotation": 270, "texture": "#9"},
				"up": {"uv": [7.9375, 5.5, 10.1875, 7.5], "texture": "#9"},
				"down": {"uv": [5.8125, 3.75, 7.0625, 6.25], "rotation": 180, "texture": "#9"}
			}
		},
		{
			"from": [7.8875, 9.4, 9.975],
			"to": [8.1125, 9.65, 10.975],
			"rotation": {"angle": 0, "axis": "y", "origin": [20.375, 9.575, 2.825]},
			"faces": {
				"north": {"uv": [9.75, 6.8125, 8, 4.5625], "rotation": 90, "texture": "#9"},
				"east": {"uv": [9.25, 5.75, 8, 7.25], "rotation": 90, "texture": "#9"},
				"south": {"uv": [3, 2, 1, 1], "rotation": 90, "texture": "#9"},
				"west": {"uv": [9, 5.75, 7.75, 7.25], "rotation": 270, "texture": "#9"},
				"up": {"uv": [7.9375, 5.5, 10.1875, 7.5], "texture": "#9"},
				"down": {"uv": [5.8125, 3.75, 7.0625, 6.25], "rotation": 180, "texture": "#9"}
			}
		},
		{
			"from": [7.875, 9.6375, 10.7],
			"to": [8.125, 9.8875, 10.95],
			"rotation": {"angle": 0, "axis": "y", "origin": [20.375, 9.575, 2.825]},
			"faces": {
				"north": {"uv": [2, 0.75, 3, 1.75], "texture": "#9"},
				"east": {"uv": [8.8125, 5.75, 8.0625, 7.25], "rotation": 270, "texture": "#9"},
				"south": {"uv": [7.75, 6.0625, 9, 5.8125], "rotation": 180, "texture": "#9"},
				"west": {"uv": [8.9375, 5.75, 8.1875, 7.25], "rotation": 90, "texture": "#9"},
				"up": {"uv": [8, 5.5, 9.75, 7.5], "rotation": 180, "texture": "#9"},
				"down": {"uv": [6.25, 3.75, 7, 6.25], "texture": "#9"}
			}
		},
		{
			"from": [7.875, 9.6375, 11.45],
			"to": [8.125, 9.8875, 11.7],
			"rotation": {"angle": 0, "axis": "y", "origin": [20.375, 9.575, 2.825]},
			"faces": {
				"north": {"uv": [2, 0.75, 3, 1.75], "texture": "#9"},
				"east": {"uv": [8.8125, 5.75, 8.0625, 7.25], "rotation": 270, "texture": "#9"},
				"south": {"uv": [7.75, 6.0625, 9, 5.8125], "rotation": 180, "texture": "#9"},
				"west": {"uv": [8.9375, 5.75, 8.1875, 7.25], "rotation": 90, "texture": "#9"},
				"up": {"uv": [8, 5.5, 9.75, 7.5], "rotation": 180, "texture": "#9"},
				"down": {"uv": [6.25, 3.75, 7, 6.25], "texture": "#9"}
			}
		},
		{
			"from": [8.125, 9.6375, 10.7],
			"to": [8.375, 9.8875, 11.7],
			"rotation": {"angle": 0, "axis": "y", "origin": [20.375, 9.575, 2.825]},
			"faces": {
				"north": {"uv": [2, 0.75, 3, 1.75], "texture": "#9"},
				"east": {"uv": [8.8125, 5.75, 8.0625, 7.25], "rotation": 270, "texture": "#9"},
				"south": {"uv": [7.75, 6.0625, 9, 5.8125], "rotation": 180, "texture": "#9"},
				"west": {"uv": [8.9375, 5.75, 8.1875, 7.25], "rotation": 90, "texture": "#9"},
				"up": {"uv": [8, 5.5, 9.75, 7.5], "rotation": 180, "texture": "#9"},
				"down": {"uv": [6.25, 3.75, 7, 6.25], "texture": "#9"}
			}
		},
		{
			"from": [7.375, 9.3875, 13.2],
			"to": [8.625, 10.1375, 18.7],
			"rotation": {"angle": 0, "axis": "y", "origin": [20.375, 9.575, 2.825]},
			"faces": {
				"north": {"uv": [2, 0.75, 3, 1.75], "texture": "#5"},
				"east": {"uv": [11.0625, 11.75, 9.8125, 15.25], "rotation": 270, "texture": "#5"},
				"south": {"uv": [10, 9.8125, 10.75, 10.0625], "rotation": 180, "texture": "#5"},
				"west": {"uv": [10.1875, 11.75, 8.9375, 15.25], "rotation": 90, "texture": "#5"},
				"up": {"uv": [9.75, 11.5, 12, 15.5], "rotation": 180, "texture": "#5"},
				"down": {"uv": [7, 9.75, 8.25, 14.25], "texture": "#5"}
			}
		},
		{
			"from": [7.375, 9.3875, 11.725],
			"to": [8.625, 10.1375, 13.225],
			"rotation": {"angle": 0, "axis": "y", "origin": [20.375, 9.575, 2.825]},
			"faces": {
				"north": {"uv": [2, 0.75, 3, 1.75], "texture": "#9"},
				"east": {"uv": [10.8125, 11.75, 10.0625, 15.25], "rotation": 270, "texture": "#9"},
				"south": {"uv": [9.75, 10.0625, 11, 9.8125], "rotation": 180, "texture": "#9"},
				"west": {"uv": [9.9375, 11.75, 9.1875, 15.25], "rotation": 90, "texture": "#9"},
				"up": {"uv": [10, 11.5, 11.75, 15.5], "rotation": 180, "texture": "#9"},
				"down": {"uv": [7.25, 9.75, 8, 14.25], "texture": "#9"}
			}
		},
		{
			"from": [7.625, 9.6375, 10.7],
			"to": [7.875, 9.8875, 11.7],
			"rotation": {"angle": 0, "axis": "y", "origin": [20.375, 9.575, 2.825]},
			"faces": {
				"north": {"uv": [2, 0.75, 3, 1.75], "texture": "#9"},
				"east": {"uv": [8.8125, 5.75, 8.0625, 7.25], "rotation": 270, "texture": "#9"},
				"south": {"uv": [7.75, 6.0625, 9, 5.8125], "rotation": 180, "texture": "#9"},
				"west": {"uv": [8.9375, 5.75, 8.1875, 7.25], "rotation": 90, "texture": "#9"},
				"up": {"uv": [8, 5.5, 9.75, 7.5], "rotation": 180, "texture": "#9"},
				"down": {"uv": [6.25, 3.75, 7, 6.25], "texture": "#9"}
			}
		},
		{
			"from": [7.625, 9.1375, 11.7],
			"to": [8.375, 10.3875, 13.2],
			"rotation": {"angle": 0, "axis": "y", "origin": [20.375, 9.575, 2.825]},
			"faces": {
				"north": {"uv": [2, 0.75, 3, 1.75], "texture": "#9"},
				"east": {"uv": [10.8125, 11.75, 10.0625, 15.25], "rotation": 270, "texture": "#9"},
				"south": {"uv": [9.75, 10.0625, 11, 9.8125], "rotation": 180, "texture": "#9"},
				"west": {"uv": [9.9375, 11.75, 9.1875, 15.25], "rotation": 90, "texture": "#9"},
				"up": {"uv": [10, 11.5, 11.75, 15.5], "rotation": 180, "texture": "#9"},
				"down": {"uv": [7.25, 9.75, 8, 14.25], "texture": "#9"}
			}
		},
		{
			"from": [7.625, 9.1375, 13.2],
			"to": [8.375, 10.3875, 18.7],
			"rotation": {"angle": 0, "axis": "y", "origin": [20.375, 9.575, 2.825]},
			"faces": {
				"north": {"uv": [2, 0.75, 3, 1.75], "texture": "#5"},
				"east": {"uv": [10.8125, 11.75, 10.0625, 15.25], "rotation": 270, "texture": "#5"},
				"south": {"uv": [9.75, 10.0625, 11, 9.8125], "rotation": 180, "texture": "#5"},
				"west": {"uv": [9.9375, 11.75, 9.1875, 15.25], "rotation": 90, "texture": "#5"},
				"up": {"uv": [10, 11.5, 11.75, 15.5], "rotation": 180, "texture": "#5"},
				"down": {"uv": [7.25, 9.75, 8, 14.25], "texture": "#5"}
			}
		},
		{
			"from": [7.875, 9.6625, 9.25],
			"to": [8.125, 9.8875, 9.5],
			"rotation": {"angle": 0, "axis": "y", "origin": [20.375, 9.575, 2.825]},
			"faces": {
				"north": {"uv": [9.75, 6.8125, 8, 4.5625], "rotation": 180, "texture": "#9"},
				"east": {"uv": [8.9375, 5.75, 8.1875, 7.25], "rotation": 90, "texture": "#9"},
				"south": {"uv": [3, 2, 1, 1], "texture": "#9"},
				"west": {"uv": [8.8125, 5.75, 8.0625, 7.25], "rotation": 270, "texture": "#9"},
				"up": {"uv": [8, 5.5, 9.75, 7.5], "texture": "#9"},
				"down": {"uv": [6.25, 3.75, 7, 6.25], "rotation": 180, "texture": "#9"}
			}
		},
		{
			"from": [8.125, 9.6625, 9.25],
			"to": [8.375, 9.8875, 10.25],
			"rotation": {"angle": 0, "axis": "y", "origin": [20.375, 9.575, 2.825]},
			"faces": {
				"north": {"uv": [9.75, 6.8125, 8, 4.5625], "rotation": 180, "texture": "#9"},
				"east": {"uv": [8.9375, 5.75, 8.1875, 7.25], "rotation": 90, "texture": "#9"},
				"south": {"uv": [3, 2, 1, 1], "texture": "#9"},
				"west": {"uv": [8.8125, 5.75, 8.0625, 7.25], "rotation": 270, "texture": "#9"},
				"up": {"uv": [8, 5.5, 9.75, 7.5], "texture": "#9"},
				"down": {"uv": [6.25, 3.75, 7, 6.25], "rotation": 180, "texture": "#9"}
			}
		},
		{
			"from": [7.875, 9.6625, 10],
			"to": [8.125, 9.8875, 10.25],
			"rotation": {"angle": 0, "axis": "y", "origin": [20.375, 9.575, 2.825]},
			"faces": {
				"north": {"uv": [9.75, 6.8125, 8, 4.5625], "rotation": 180, "texture": "#9"},
				"east": {"uv": [8.9375, 5.75, 8.1875, 7.25], "rotation": 90, "texture": "#9"},
				"south": {"uv": [3, 2, 1, 1], "texture": "#9"},
				"west": {"uv": [8.8125, 5.75, 8.0625, 7.25], "rotation": 270, "texture": "#9"},
				"up": {"uv": [8, 5.5, 9.75, 7.5], "texture": "#9"},
				"down": {"uv": [6.25, 3.75, 7, 6.25], "rotation": 180, "texture": "#9"}
			}
		},
		{
			"from": [7.625, 9.6625, 9.25],
			"to": [7.875, 9.8875, 10.25],
			"rotation": {"angle": 0, "axis": "y", "origin": [20.375, 9.575, 2.825]},
			"faces": {
				"north": {"uv": [9.75, 6.8125, 8, 4.5625], "rotation": 180, "texture": "#9"},
				"east": {"uv": [8.9375, 5.75, 8.1875, 7.25], "rotation": 90, "texture": "#9"},
				"south": {"uv": [3, 2, 1, 1], "texture": "#9"},
				"west": {"uv": [8.8125, 5.75, 8.0625, 7.25], "rotation": 270, "texture": "#9"},
				"up": {"uv": [8, 5.5, 9.75, 7.5], "texture": "#9"},
				"down": {"uv": [6.25, 3.75, 7, 6.25], "rotation": 180, "texture": "#9"}
			}
		},
		{
			"from": [7.8875, 9.9, 8.525],
			"to": [8.1125, 10.15, 9.525],
			"rotation": {"angle": 0, "axis": "y", "origin": [20.375, 9.575, 2.825]},
			"faces": {
				"north": {"uv": [9.75, 6.8125, 8, 4.5625], "rotation": 90, "texture": "#9"},
				"east": {"uv": [9.25, 5.75, 8, 7.25], "rotation": 90, "texture": "#9"},
				"south": {"uv": [3, 2, 1, 1], "rotation": 90, "texture": "#9"},
				"west": {"uv": [9, 5.75, 7.75, 7.25], "rotation": 270, "texture": "#9"},
				"up": {"uv": [7.9375, 5.5, 10.1875, 7.5], "texture": "#9"},
				"down": {"uv": [5.8125, 3.75, 7.0625, 6.25], "rotation": 180, "texture": "#9"}
			}
		},
		{
			"from": [7.8875, 9.65, 8.525],
			"to": [8.1125, 9.9, 8.775],
			"rotation": {"angle": 0, "axis": "y", "origin": [20.375, 9.575, 2.825]},
			"faces": {
				"north": {"uv": [9.75, 6.8125, 8, 4.5625], "rotation": 90, "texture": "#9"},
				"east": {"uv": [9.25, 5.75, 8, 7.25], "rotation": 90, "texture": "#9"},
				"south": {"uv": [3, 2, 1, 1], "rotation": 90, "texture": "#9"},
				"west": {"uv": [9, 5.75, 7.75, 7.25], "rotation": 270, "texture": "#9"},
				"up": {"uv": [7.9375, 5.5, 10.1875, 7.5], "texture": "#9"},
				"down": {"uv": [5.8125, 3.75, 7.0625, 6.25], "rotation": 180, "texture": "#9"}
			}
		},
		{
			"from": [7.8875, 9.65, 9.275],
			"to": [8.1125, 9.9, 9.525],
			"rotation": {"angle": 0, "axis": "y", "origin": [20.375, 9.575, 2.825]},
			"faces": {
				"north": {"uv": [9.75, 6.8125, 8, 4.5625], "rotation": 90, "texture": "#9"},
				"east": {"uv": [9.25, 5.75, 8, 7.25], "rotation": 90, "texture": "#9"},
				"south": {"uv": [3, 2, 1, 1], "rotation": 90, "texture": "#9"},
				"west": {"uv": [9, 5.75, 7.75, 7.25], "rotation": 270, "texture": "#9"},
				"up": {"uv": [7.9375, 5.5, 10.1875, 7.5], "texture": "#9"},
				"down": {"uv": [5.8125, 3.75, 7.0625, 6.25], "rotation": 180, "texture": "#9"}
			}
		},
		{
			"from": [7.8875, 9.4, 8.525],
			"to": [8.1125, 9.65, 9.525],
			"rotation": {"angle": 0, "axis": "y", "origin": [20.375, 9.575, 2.825]},
			"faces": {
				"north": {"uv": [9.75, 6.8125, 8, 4.5625], "rotation": 90, "texture": "#9"},
				"east": {"uv": [9.25, 5.75, 8, 7.25], "rotation": 90, "texture": "#9"},
				"south": {"uv": [3, 2, 1, 1], "rotation": 90, "texture": "#9"},
				"west": {"uv": [9, 5.75, 7.75, 7.25], "rotation": 270, "texture": "#9"},
				"up": {"uv": [7.9375, 5.5, 10.1875, 7.5], "texture": "#9"},
				"down": {"uv": [5.8125, 3.75, 7.0625, 6.25], "rotation": 180, "texture": "#9"}
			}
		},
		{
			"from": [7.875, 13.77918, 6.81668],
			"to": [8.125, 14.02918, 7.04168],
			"rotation": {"angle": 45, "axis": "x", "origin": [20.375, 9.575, 2.825]},
			"faces": {
				"north": {"uv": [8, 4.5, 9.75, 8], "rotation": 180, "texture": "#9"},
				"east": {"uv": [8.9375, 5.75, 8.1875, 7.25], "rotation": 270, "texture": "#9"},
				"south": {"uv": [9.25, 5.75, 8, 7.25], "texture": "#9"},
				"west": {"uv": [8.8125, 5.75, 8.0625, 7.25], "rotation": 90, "texture": "#9"},
				"up": {"uv": [2, 1.95, 3, 1.05], "rotation": 180, "texture": "#9"},
				"down": {"uv": [6.75, 5.0625, 6, 3.8125], "texture": "#9"}
			}
		},
		{
			"from": [7.875, 13.02918, 6.81668],
			"to": [8.125, 13.27918, 7.04168],
			"rotation": {"angle": 45, "axis": "x", "origin": [20.375, 9.575, 2.825]},
			"faces": {
				"north": {"uv": [8, 4.5, 9.75, 8], "rotation": 180, "texture": "#9"},
				"east": {"uv": [8.9375, 5.75, 8.1875, 7.25], "rotation": 270, "texture": "#9"},
				"south": {"uv": [9.25, 5.75, 8, 7.25], "texture": "#9"},
				"west": {"uv": [8.8125, 5.75, 8.0625, 7.25], "rotation": 90, "texture": "#9"},
				"up": {"uv": [2, 1.95, 3, 1.05], "rotation": 180, "texture": "#9"},
				"down": {"uv": [6.75, 5.0625, 6, 3.8125], "texture": "#9"}
			}
		},
		{
			"from": [7.625, 13.02918, 6.81668],
			"to": [7.875, 14.02918, 7.04168],
			"rotation": {"angle": 45, "axis": "x", "origin": [20.375, 9.575, 2.825]},
			"faces": {
				"north": {"uv": [8, 4.5, 9.75, 8], "rotation": 180, "texture": "#9"},
				"east": {"uv": [8.9375, 5.75, 8.1875, 7.25], "rotation": 270, "texture": "#9"},
				"south": {"uv": [9.25, 5.75, 8, 7.25], "texture": "#9"},
				"west": {"uv": [8.8125, 5.75, 8.0625, 7.25], "rotation": 90, "texture": "#9"},
				"up": {"uv": [2, 1.95, 3, 1.05], "rotation": 180, "texture": "#9"},
				"down": {"uv": [6.75, 5.0625, 6, 3.8125], "texture": "#9"}
			}
		},
		{
			"from": [8.125, 13.02918, 6.81668],
			"to": [8.375, 14.02918, 7.04168],
			"rotation": {"angle": 45, "axis": "x", "origin": [20.375, 9.575, 2.825]},
			"faces": {
				"north": {"uv": [8, 4.5, 9.75, 8], "rotation": 180, "texture": "#9"},
				"east": {"uv": [8.9375, 5.75, 8.1875, 7.25], "rotation": 270, "texture": "#9"},
				"south": {"uv": [9.25, 5.75, 8, 7.25], "texture": "#9"},
				"west": {"uv": [8.8125, 5.75, 8.0625, 7.25], "rotation": 90, "texture": "#9"},
				"up": {"uv": [2, 1.95, 3, 1.05], "rotation": 180, "texture": "#9"},
				"down": {"uv": [6.75, 5.0625, 6, 3.8125], "texture": "#9"}
			}
		},
		{
			"from": [7.875, 0.475, 12.0875],
			"to": [8.125, 0.725, 12.3125],
			"rotation": {"angle": -45, "axis": "x", "origin": [0.375, 0, -0.225]},
			"faces": {
				"north": {"uv": [8, 4.5, 9.75, 8], "texture": "#7"},
				"east": {"uv": [8.9375, 5.75, 8.1875, 7.25], "texture": "#7"},
				"south": {"uv": [9.25, 5.75, 8, 7.25], "texture": "#7"},
				"west": {"uv": [8.8125, 5.75, 8.0625, 7.25], "texture": "#7"},
				"up": {"uv": [2, 1.95, 3, 1.05], "texture": "#7"},
				"down": {"uv": [6.75, 5.0625, 6, 3.8125], "texture": "#7"}
			}
		},
		{
			"from": [7.875, 1.225, 12.0875],
			"to": [8.125, 1.475, 12.3125],
			"rotation": {"angle": -45, "axis": "x", "origin": [0.375, 0, -0.225]},
			"faces": {
				"north": {"uv": [8, 4.5, 9.75, 8], "texture": "#7"},
				"east": {"uv": [8.9375, 5.75, 8.1875, 7.25], "texture": "#7"},
				"south": {"uv": [9.25, 5.75, 8, 7.25], "texture": "#7"},
				"west": {"uv": [8.8125, 5.75, 8.0625, 7.25], "texture": "#7"},
				"up": {"uv": [2, 1.95, 3, 1.05], "texture": "#7"},
				"down": {"uv": [6.75, 5.0625, 6, 3.8125], "texture": "#7"}
			}
		},
		{
			"from": [7.625, 0.475, 12.0875],
			"to": [7.875, 1.475, 12.3125],
			"rotation": {"angle": -45, "axis": "x", "origin": [0.375, 0, -0.225]},
			"faces": {
				"north": {"uv": [8, 4.5, 9.75, 8], "texture": "#7"},
				"east": {"uv": [8.9375, 5.75, 8.1875, 7.25], "texture": "#7"},
				"south": {"uv": [9.25, 5.75, 8, 7.25], "texture": "#7"},
				"west": {"uv": [8.8125, 5.75, 8.0625, 7.25], "texture": "#7"},
				"up": {"uv": [2, 1.95, 3, 1.05], "texture": "#7"},
				"down": {"uv": [6.75, 5.0625, 6, 3.8125], "texture": "#7"}
			}
		},
		{
			"from": [8.125, 0.475, 12.0875],
			"to": [8.375, 1.475, 12.3125],
			"rotation": {"angle": -45, "axis": "x", "origin": [0.375, 0, -0.225]},
			"faces": {
				"north": {"uv": [8, 4.5, 9.75, 8], "texture": "#7"},
				"east": {"uv": [8.9375, 5.75, 8.1875, 7.25], "texture": "#7"},
				"south": {"uv": [9.25, 5.75, 8, 7.25], "texture": "#7"},
				"west": {"uv": [8.8125, 5.75, 8.0625, 7.25], "texture": "#7"},
				"up": {"uv": [2, 1.95, 3, 1.05], "texture": "#7"},
				"down": {"uv": [6.75, 5.0625, 6, 3.8125], "texture": "#7"}
			}
		},
		{
			"from": [7.8875, 9.225, 8.075],
			"to": [8.1125, 9.475, 8.325],
			"rotation": {"angle": 0, "axis": "y", "origin": [0.375, 0, -0.225]},
			"faces": {
				"north": {"uv": [7.9375, 4.5, 10.1875, 8], "texture": "#texture"},
				"east": {"uv": [9.25, 5.75, 8, 7.25], "texture": "#texture"},
				"south": {"uv": [8.8125, 5.75, 8.0625, 7.25], "texture": "#texture"},
				"west": {"uv": [9, 5.75, 7.75, 7.25], "texture": "#texture"},
				"up": {"uv": [2, 1.95, 3, 1.05], "rotation": 270, "texture": "#texture"},
				"down": {"uv": [6.75, 5.0625, 6, 3.8125], "rotation": 90, "texture": "#texture"}
			}
		},
		{
			"from": [7.8875, 8.475, 8.075],
			"to": [8.1125, 8.725, 8.325],
			"rotation": {"angle": 0, "axis": "y", "origin": [0.375, 0, -0.225]},
			"faces": {
				"north": {"uv": [7.9375, 4.5, 10.1875, 8], "texture": "#texture"},
				"east": {"uv": [9.25, 5.75, 8, 7.25], "texture": "#texture"},
				"south": {"uv": [8.8125, 5.75, 8.0625, 7.25], "texture": "#texture"},
				"west": {"uv": [9, 5.75, 7.75, 7.25], "texture": "#texture"},
				"up": {"uv": [2, 1.95, 3, 1.05], "rotation": 270, "texture": "#texture"},
				"down": {"uv": [6.75, 5.0625, 6, 3.8125], "rotation": 90, "texture": "#texture"}
			}
		},
		{
			"from": [7.8875, 8.475, 8.325],
			"to": [8.1125, 9.475, 8.575],
			"rotation": {"angle": 0, "axis": "y", "origin": [0.375, 0, -0.225]},
			"faces": {
				"north": {"uv": [7.9375, 4.5, 10.1875, 8], "texture": "#texture"},
				"east": {"uv": [9.25, 5.75, 8, 7.25], "texture": "#texture"},
				"south": {"uv": [8.8125, 5.75, 8.0625, 7.25], "texture": "#texture"},
				"west": {"uv": [9, 5.75, 7.75, 7.25], "texture": "#texture"},
				"up": {"uv": [2, 1.95, 3, 1.05], "rotation": 270, "texture": "#texture"},
				"down": {"uv": [6.75, 5.0625, 6, 3.8125], "rotation": 90, "texture": "#texture"}
			}
		},
		{
			"from": [7.8875, 9.425, 6.875],
			"to": [8.1125, 9.675, 7.875],
			"rotation": {"angle": 0, "axis": "x", "origin": [0.375, 0, -0.225]},
			"faces": {
				"north": {"uv": [2, 0.75, 3, 1.75], "rotation": 90, "texture": "#7"},
				"east": {"uv": [9.25, 5.75, 8, 7.25], "rotation": 90, "texture": "#7"},
				"south": {"uv": [7.75, 6.0625, 9, 5.8125], "rotation": 90, "texture": "#7"},
				"west": {"uv": [9, 5.75, 7.75, 7.25], "rotation": 270, "texture": "#7"},
				"up": {"uv": [7.8125, 5.5, 10.0625, 7.5], "texture": "#7"},
				"down": {"uv": [5.9375, 3.75, 7.1875, 6.25], "rotation": 180, "texture": "#7"}
			}
		},
		{
			"from": [7.8875, 9.675, 7.625],
			"to": [8.1125, 9.925, 7.875],
			"rotation": {"angle": 0, "axis": "x", "origin": [0.375, 0, -0.225]},
			"faces": {
				"north": {"uv": [2, 0.75, 3, 1.75], "rotation": 90, "texture": "#7"},
				"east": {"uv": [9.25, 5.75, 8, 7.25], "rotation": 90, "texture": "#7"},
				"south": {"uv": [7.75, 6.0625, 9, 5.8125], "rotation": 90, "texture": "#7"},
				"west": {"uv": [9, 5.75, 7.75, 7.25], "rotation": 270, "texture": "#7"},
				"up": {"uv": [7.8125, 5.5, 10.0625, 7.5], "texture": "#7"},
				"down": {"uv": [5.9375, 3.75, 7.1875, 6.25], "rotation": 180, "texture": "#7"}
			}
		},
		{
			"from": [7.8875, 9.675, 6.875],
			"to": [8.1125, 9.925, 7.125],
			"rotation": {"angle": 0, "axis": "x", "origin": [0.375, 0, -0.225]},
			"faces": {
				"north": {"uv": [2, 0.75, 3, 1.75], "rotation": 90, "texture": "#7"},
				"east": {"uv": [9.25, 5.75, 8, 7.25], "rotation": 90, "texture": "#7"},
				"south": {"uv": [7.75, 6.0625, 9, 5.8125], "rotation": 90, "texture": "#7"},
				"west": {"uv": [9, 5.75, 7.75, 7.25], "rotation": 270, "texture": "#7"},
				"up": {"uv": [7.8125, 5.5, 10.0625, 7.5], "texture": "#7"},
				"down": {"uv": [5.9375, 3.75, 7.1875, 6.25], "rotation": 180, "texture": "#7"}
			}
		},
		{
			"from": [7.8875, 9.925, 6.875],
			"to": [8.1125, 10.175, 7.875],
			"rotation": {"angle": 0, "axis": "x", "origin": [0.375, 0, -0.225]},
			"faces": {
				"north": {"uv": [2, 0.75, 3, 1.75], "rotation": 90, "texture": "#7"},
				"east": {"uv": [9.25, 5.75, 8, 7.25], "rotation": 90, "texture": "#7"},
				"south": {"uv": [7.75, 6.0625, 9, 5.8125], "rotation": 90, "texture": "#7"},
				"west": {"uv": [9, 5.75, 7.75, 7.25], "rotation": 270, "texture": "#7"},
				"up": {"uv": [7.8125, 5.5, 10.0625, 7.5], "texture": "#7"},
				"down": {"uv": [5.9375, 3.75, 7.1875, 6.25], "rotation": 180, "texture": "#7"}
			}
		},
		{
			"from": [7.8875, 9.675, 5.425],
			"to": [8.1125, 9.925, 5.675],
			"rotation": {"angle": 0, "axis": "y", "origin": [0.375, 0, -0.225]},
			"faces": {
				"north": {"uv": [2, 0.75, 3, 1.75], "rotation": 90, "texture": "#7"},
				"east": {"uv": [9.25, 5.75, 8, 7.25], "rotation": 90, "texture": "#7"},
				"south": {"uv": [7.75, 6.0625, 9, 5.8125], "rotation": 90, "texture": "#7"},
				"west": {"uv": [9, 5.75, 7.75, 7.25], "rotation": 270, "texture": "#7"},
				"up": {"uv": [7.8125, 5.5, 10.0625, 7.5], "texture": "#7"},
				"down": {"uv": [5.9375, 3.75, 7.1875, 6.25], "rotation": 180, "texture": "#7"}
			}
		},
		{
			"from": [7.8875, 9.425, 5.425],
			"to": [8.1125, 9.675, 6.425],
			"rotation": {"angle": 0, "axis": "y", "origin": [0.375, 0, -0.225]},
			"faces": {
				"north": {"uv": [2, 0.75, 3, 1.75], "rotation": 90, "texture": "#7"},
				"east": {"uv": [9.25, 5.75, 8, 7.25], "rotation": 90, "texture": "#7"},
				"south": {"uv": [7.75, 6.0625, 9, 5.8125], "rotation": 90, "texture": "#7"},
				"west": {"uv": [9, 5.75, 7.75, 7.25], "rotation": 270, "texture": "#7"},
				"up": {"uv": [7.8125, 5.5, 10.0625, 7.5], "texture": "#7"},
				"down": {"uv": [5.9375, 3.75, 7.1875, 6.25], "rotation": 180, "texture": "#7"}
			}
		},
		{
			"from": [7.8875, 9.675, 6.175],
			"to": [8.1125, 9.925, 6.425],
			"rotation": {"angle": 0, "axis": "y", "origin": [0.375, 0, -0.225]},
			"faces": {
				"north": {"uv": [2, 0.75, 3, 1.75], "rotation": 90, "texture": "#7"},
				"east": {"uv": [9.25, 5.75, 8, 7.25], "rotation": 90, "texture": "#7"},
				"south": {"uv": [7.75, 6.0625, 9, 5.8125], "rotation": 90, "texture": "#7"},
				"west": {"uv": [9, 5.75, 7.75, 7.25], "rotation": 270, "texture": "#7"},
				"up": {"uv": [7.8125, 5.5, 10.0625, 7.5], "texture": "#7"},
				"down": {"uv": [5.9375, 3.75, 7.1875, 6.25], "rotation": 180, "texture": "#7"}
			}
		},
		{
			"from": [7.8875, 9.925, 5.425],
			"to": [8.1125, 10.175, 6.425],
			"rotation": {"angle": 0, "axis": "y", "origin": [0.375, 0, -0.225]},
			"faces": {
				"north": {"uv": [2, 0.75, 3, 1.75], "rotation": 90, "texture": "#7"},
				"east": {"uv": [9.25, 5.75, 8, 7.25], "rotation": 90, "texture": "#7"},
				"south": {"uv": [7.75, 6.0625, 9, 5.8125], "rotation": 90, "texture": "#7"},
				"west": {"uv": [9, 5.75, 7.75, 7.25], "rotation": 270, "texture": "#7"},
				"up": {"uv": [7.8125, 5.5, 10.0625, 7.5], "texture": "#7"},
				"down": {"uv": [5.9375, 3.75, 7.1875, 6.25], "rotation": 180, "texture": "#7"}
			}
		},
		{
			"from": [7.875, 9.6875, 6.9],
			"to": [8.125, 9.9125, 7.15],
			"rotation": {"angle": 0, "axis": "z", "origin": [0.375, 0, -0.225]},
			"faces": {
				"north": {"uv": [2, 0.75, 3, 1.75], "rotation": 180, "texture": "#7"},
				"east": {"uv": [8.9375, 5.75, 8.1875, 7.25], "rotation": 90, "texture": "#7"},
				"south": {"uv": [7.75, 6.0625, 9, 5.8125], "texture": "#7"},
				"west": {"uv": [8.8125, 5.75, 8.0625, 7.25], "rotation": 270, "texture": "#7"},
				"up": {"uv": [8.25, 5.5, 10, 7.5], "texture": "#7"},
				"down": {"uv": [6, 3.75, 6.75, 6.25], "rotation": 180, "texture": "#7"}
			}
		},
		{
			"from": [8.125, 9.6875, 6.15],
			"to": [8.375, 9.9125, 7.15],
			"rotation": {"angle": 0, "axis": "z", "origin": [0.375, 0, -0.225]},
			"faces": {
				"north": {"uv": [2, 0.75, 3, 1.75], "rotation": 180, "texture": "#7"},
				"east": {"uv": [8.9375, 5.75, 8.1875, 7.25], "rotation": 90, "texture": "#7"},
				"south": {"uv": [7.75, 6.0625, 9, 5.8125], "texture": "#7"},
				"west": {"uv": [8.8125, 5.75, 8.0625, 7.25], "rotation": 270, "texture": "#7"},
				"up": {"uv": [8.25, 5.5, 10, 7.5], "texture": "#7"},
				"down": {"uv": [6, 3.75, 6.75, 6.25], "rotation": 180, "texture": "#7"}
			}
		},
		{
			"from": [7.875, 9.6875, 6.15],
			"to": [8.125, 9.9125, 6.4],
			"rotation": {"angle": 0, "axis": "z", "origin": [0.375, 0, -0.225]},
			"faces": {
				"north": {"uv": [2, 0.75, 3, 1.75], "rotation": 180, "texture": "#7"},
				"east": {"uv": [8.9375, 5.75, 8.1875, 7.25], "rotation": 90, "texture": "#7"},
				"south": {"uv": [7.75, 6.0625, 9, 5.8125], "texture": "#7"},
				"west": {"uv": [8.8125, 5.75, 8.0625, 7.25], "rotation": 270, "texture": "#7"},
				"up": {"uv": [8.25, 5.5, 10, 7.5], "texture": "#7"},
				"down": {"uv": [6, 3.75, 6.75, 6.25], "rotation": 180, "texture": "#7"}
			}
		},
		{
			"from": [7.625, 9.6875, 6.15],
			"to": [7.875, 9.9125, 7.15],
			"rotation": {"angle": 0, "axis": "z", "origin": [0.375, 0, -0.225]},
			"faces": {
				"north": {"uv": [2, 0.75, 3, 1.75], "rotation": 180, "texture": "#7"},
				"east": {"uv": [8.9375, 5.75, 8.1875, 7.25], "rotation": 90, "texture": "#7"},
				"south": {"uv": [7.75, 6.0625, 9, 5.8125], "texture": "#7"},
				"west": {"uv": [8.8125, 5.75, 8.0625, 7.25], "rotation": 270, "texture": "#7"},
				"up": {"uv": [8.25, 5.5, 10, 7.5], "texture": "#7"},
				"down": {"uv": [6, 3.75, 6.75, 6.25], "rotation": 180, "texture": "#7"}
			}
		},
		{
			"from": [7.8875, 8.475, 7.825],
			"to": [8.1125, 9.475, 8.075],
			"rotation": {"angle": 0, "axis": "y", "origin": [0.375, 0, -0.225]},
			"faces": {
				"north": {"uv": [7.9375, 4.5, 10.1875, 8], "texture": "#texture"},
				"east": {"uv": [9.25, 5.75, 8, 7.25], "texture": "#texture"},
				"south": {"uv": [8.8125, 5.75, 8.0625, 7.25], "texture": "#texture"},
				"west": {"uv": [9, 5.75, 7.75, 7.25], "texture": "#texture"},
				"up": {"uv": [2, 1.95, 3, 1.05], "rotation": 270, "texture": "#texture"},
				"down": {"uv": [6.75, 5.0625, 6, 3.8125], "rotation": 90, "texture": "#texture"}
			}
		},
		{
			"from": [7.875, 7.75, 8.0875],
			"to": [8.125, 8, 8.3375],
			"rotation": {"angle": 0, "axis": "y", "origin": [0.375, 0, -0.225]},
			"faces": {
				"north": {"uv": [6, 3.75, 6.75, 6.25], "texture": "#texture"},
				"east": {"uv": [5.9375, 3.75, 7.1875, 6.25], "texture": "#texture"},
				"south": {"uv": [6.25, 3.75, 7, 6.25], "texture": "#texture"},
				"west": {"uv": [5.8125, 3.75, 7.0625, 6.25], "texture": "#texture"},
				"up": {"uv": [2, 1.95, 3, 1.05], "texture": "#texture"},
				"down": {"uv": [6.75, 5.0625, 6, 3.8125], "texture": "#texture"}
			}
		},
		{
			"from": [7.875, 8.5, 8.0875],
			"to": [8.125, 8.75, 8.3375],
			"rotation": {"angle": 0, "axis": "y", "origin": [0.375, 0, -0.225]},
			"faces": {
				"north": {"uv": [8, 4.5, 9.75, 8], "texture": "#texture"},
				"east": {"uv": [8.9375, 5.75, 8.1875, 7.25], "texture": "#texture"},
				"south": {"uv": [9.25, 5.75, 8, 7.25], "texture": "#texture"},
				"west": {"uv": [8.8125, 5.75, 8.0625, 7.25], "texture": "#texture"},
				"up": {"uv": [2, 1.95, 3, 1.05], "texture": "#texture"},
				"down": {"uv": [6.75, 5.0625, 6, 3.8125], "texture": "#texture"}
			}
		},
		{
			"from": [7.625, 7.75, 8.0875],
			"to": [7.875, 8.75, 8.3375],
			"rotation": {"angle": 0, "axis": "y", "origin": [0.375, 0, -0.225]},
			"faces": {
				"north": {"uv": [8, 4.5, 9.75, 8], "texture": "#texture"},
				"east": {"uv": [8.9375, 5.75, 8.1875, 7.25], "texture": "#texture"},
				"south": {"uv": [9.25, 5.75, 8, 7.25], "texture": "#texture"},
				"west": {"uv": [8.8125, 5.75, 8.0625, 7.25], "texture": "#texture"},
				"up": {"uv": [2, 1.95, 3, 1.05], "texture": "#texture"},
				"down": {"uv": [6.75, 5.0625, 6, 3.8125], "texture": "#texture"}
			}
		},
		{
			"from": [7.375, 6.25, 7.8375],
			"to": [8.625, 7.75, 8.5875],
			"rotation": {"angle": 0, "axis": "y", "origin": [0.375, 0, -0.225]},
			"faces": {
				"north": {"uv": [8, 9.75, 8.75, 14.25], "texture": "#texture"},
				"east": {"uv": [6.9375, 9.75, 8.1875, 14.25], "texture": "#texture"},
				"south": {"uv": [7.25, 9.75, 8, 14.25], "texture": "#texture"},
				"west": {"uv": [7.8125, 9.75, 9.0625, 14.25], "texture": "#texture"},
				"up": {"uv": [2, 1.95, 3, 1.05], "texture": "#texture"},
				"down": {"uv": [8.75, 9.0625, 8, 7.8125], "texture": "#texture"}
			}
		},
		{
			"from": [7.375, 0.75, 7.8375],
			"to": [8.625, 6.25, 8.5875],
			"rotation": {"angle": 0, "axis": "y", "origin": [0.375, 0, -0.225]},
			"faces": {
				"north": {"uv": [7.75, 9.75, 9, 14.25], "texture": "#anvil_1"},
				"east": {"uv": [7.1875, 9.75, 7.9375, 14.25], "texture": "#anvil_1"},
				"south": {"uv": [7, 9.75, 8.25, 14.25], "texture": "#anvil_1"},
				"west": {"uv": [8.0625, 9.75, 8.8125, 14.25], "texture": "#anvil_1"},
				"up": {"uv": [2, 1.95, 3, 1.05], "texture": "#anvil_1"},
				"down": {"uv": [9, 8.8125, 7.75, 8.0625], "texture": "#anvil_1"}
			}
		}
	],
	"gui_light": "front",
	"display": {
		"thirdperson_righthand": {
			"rotation": [0, -90, 0],
			"translation": [0.25, 2.5, 1.25]
		},
		"thirdperson_lefthand": {
			"rotation": [0, -90, 0],
			"translation": [0.25, 2.5, 1.25]
		},
		"firstperson_righthand": {
			"rotation": [0, -90, 30],
			"translation": [5.25, 2.75, -4.5]
		},
		"firstperson_lefthand": {
			"rotation": [0, -90, 30],
			"translation": [5.25, 2.75, -4.5]
		},
		"ground": {
			"rotation": [0, 0, 45],
			"translation": [-0.5, 2.75, 0]
		},
		"gui": {
			"rotation": [0, 0, -45],
			"translation": [-1.25, -1.25, 0],
			"scale": [0.95, 0.95, 1.02]
		},
		"fixed": {
			"rotation": [0, 180, 45],
			"translation": [-2.7, -2.2, -0.35],
			"scale": [1.32, 1.32, 1.32]
		}
	}
}