{
	"credit": "Made by SrDarmith - YouTube: Mainclay",
	"textures": {
		"1": "item/lightguntexture",
		"particle": "item/anvil_1",
		"texture": "item/anvil_1"
	},
	"elements": [
		{
			"from": [2, 10.7, 7.75],
			"to": [3.5, 10.9, 8.25],
			"rotation": {"angle": 0, "axis": "y", "origin": [0.25, 0.25, 0]},
			"faces": {
				"north": {"uv": [12.5, 5, 14, 5.25], "texture": "#texture"},
				"south": {"uv": [2, 5, 3.5, 5.25], "texture": "#texture"},
				"west": {"uv": [7.75, 5, 8.25, 5.25], "texture": "#texture"},
				"up": {"uv": [2, 7.75, 3.5, 8.25], "texture": "#texture"},
				"down": {"uv": [14, 8.25, 12.5, 7.75], "texture": "#texture"}
			}
		},
		{
			"from": [2, 10.1, 7.75],
			"to": [3.5, 10.3, 8.25],
			"rotation": {"angle": 0, "axis": "y", "origin": [0.25, 0.25, 0]},
			"faces": {
				"north": {"uv": [12.5, 5.75, 14, 6], "texture": "#texture"},
				"south": {"uv": [2, 5.75, 3.5, 6], "texture": "#texture"},
				"west": {"uv": [7.75, 5.75, 8.25, 6], "texture": "#texture"},
				"up": {"uv": [2, 7.75, 3.5, 8.25], "texture": "#texture"},
				"down": {"uv": [14, 8.25, 12.5, 7.75], "texture": "#texture"}
			}
		},
		{
			"from": [2, 10.25, 8.2],
			"to": [3.5, 10.75, 8.4],
			"rotation": {"angle": 0, "axis": "y", "origin": [0.25, 0.25, 0]},
			"faces": {
				"north": {"uv": [12.5, 5.25, 14, 5.75], "texture": "#texture"},
				"south": {"uv": [2, 5.25, 3.5, 5.75], "texture": "#texture"},
				"west": {"uv": [8.25, 5.25, 8.5, 5.75], "texture": "#texture"},
				"up": {"uv": [2, 8.25, 3.5, 8.5], "texture": "#texture"},
				"down": {"uv": [14, 8.5, 12.5, 8.25], "texture": "#texture"}
			}
		},
		{
			"from": [2, 10.25, 7.6],
			"to": [3.5, 10.75, 7.8],
			"rotation": {"angle": 0, "axis": "y", "origin": [0.25, 0.25, 0]},
			"faces": {
				"north": {"uv": [12.5, 5.25, 14, 5.75], "texture": "#texture"},
				"south": {"uv": [2, 5.25, 3.5, 5.75], "texture": "#texture"},
				"west": {"uv": [7.5, 5.25, 7.75, 5.75], "texture": "#texture"},
				"up": {"uv": [2, 7.5, 3.5, 7.75], "texture": "#texture"},
				"down": {"uv": [14, 7.75, 12.5, 7.5], "texture": "#texture"}
			}
		},
		{
			"from": [10.25, 9.5, 7.2],
			"to": [11.25, 11.55, 8.8],
			"rotation": {"angle": 0, "axis": "y", "origin": [0.25, 0.25, 0]},
			"faces": {
				"north": {"uv": [13.1, 8.2, 16, 8.7], "texture": "#1"},
				"east": {"uv": [16, 8.2, 11.4, 8.7], "texture": "#1"},
				"south": {"uv": [13.1, 8.2, 16, 8.7], "texture": "#1"},
				"west": {"uv": [16, 8.2, 11.4, 8.7], "texture": "#1"},
				"up": {"uv": [10.8, 8.2, 15.9, 8.65], "texture": "#1"},
				"down": {"uv": [15, 8, 16, 9], "texture": "#1"}
			}
		},
		{
			"from": [7.75, 6, 7.5],
			"to": [9.2, 9.5, 8.5],
			"faces": {
				"north": {"uv": [6.75, 8.25, 8.25, 10.5], "texture": "#1"},
				"east": {"uv": [7.5, 8.25, 8.5, 10.5], "texture": "#1"},
				"south": {"uv": [7.75, 8.25, 9.25, 10.5], "texture": "#1"},
				"west": {"uv": [7.5, 8.25, 8.5, 10.5], "texture": "#1"},
				"up": {"uv": [7.75, 7.5, 9.25, 8.5], "texture": "#1"},
				"down": {"uv": [8.25, 8.5, 6.75, 7.5], "texture": "#1"}
			}
		},
		{
			"from": [5.95, 8.375, 7.75],
			"to": [6.2, 9.775, 8.25],
			"rotation": {"angle": 0, "axis": "y", "origin": [5.5, 9, 7.5]},
			"faces": {
				"north": {"uv": [9.5, 7.25, 10.75, 7.5], "rotation": 270, "texture": "#texture"},
				"east": {"uv": [5.25, 7.5, 6.5, 8.5], "rotation": 90, "texture": "#texture"},
				"south": {"uv": [5.25, 7.25, 6.5, 7.5], "rotation": 90, "texture": "#texture"},
				"west": {"uv": [10.75, 8.5, 9.5, 7.5], "rotation": 90, "texture": "#texture"},
				"up": {"uv": [7.5, 7.25, 8.5, 7.5], "rotation": 90, "texture": "#texture"},
				"down": {"uv": [7.5, 7.25, 8.5, 7.5], "rotation": 90, "texture": "#texture"}
			}
		},
		{
			"from": [6.2, 8.125, 7.75],
			"to": [7.75, 8.375, 8.25],
			"faces": {
				"north": {"uv": [8.5, 7.75, 9.75, 8], "texture": "#texture"},
				"south": {"uv": [6.25, 7.75, 7.5, 8], "texture": "#texture"},
				"west": {"uv": [7.5, 7.75, 8.5, 8], "texture": "#texture"},
				"up": {"uv": [6.25, 7.5, 7.5, 8.5], "texture": "#texture"},
				"down": {"uv": [9.75, 8.5, 8.5, 7.5], "texture": "#texture"}
			}
		},
		{
			"from": [7.225, 8.8, 7.875],
			"to": [7.475, 10.05, 8.125],
			"rotation": {"angle": -22.5, "axis": "z", "origin": [6.75, 9.75, 7.75]},
			"faces": {
				"north": {"uv": [8.25, 0, 8.5, 1], "texture": "#texture"},
				"east": {"uv": [7.5, 0, 8.5, 1], "texture": "#texture"},
				"south": {"uv": [7.5, 0, 7.75, 1], "texture": "#texture"},
				"west": {"uv": [7.5, 0, 8.5, 1], "texture": "#texture"},
				"up": {"uv": [7.5, 7.5, 7.75, 8.5], "texture": "#texture"},
				"down": {"uv": [8.5, 8.5, 8.25, 7.5], "texture": "#texture"}
			}
		},
		{
			"from": [7.825, 1.275, 7.625],
			"to": [9.075, 6.075, 8.375],
			"faces": {
				"north": {"uv": [6.875, 10.5, 8.125, 13.5], "texture": "#texture"},
				"east": {"uv": [7.625, 10.5, 8.375, 13.5], "texture": "#texture"},
				"south": {"uv": [7.875, 10.5, 9.125, 13.5], "texture": "#texture"},
				"west": {"uv": [7.625, 10.5, 8.375, 13.5], "texture": "#texture"},
				"down": {"uv": [8.125, 8.375, 6.875, 7.625], "texture": "#texture"}
			}
		},
		{
			"from": [11.1, 11.5, 7.6],
			"to": [11.25, 11.775, 8.4],
			"rotation": {"angle": 0, "axis": "y", "origin": [0.25, 3.25, 0]},
			"faces": {
				"north": {"uv": [11, 8.4, 11.5, 8.65], "texture": "#1"},
				"east": {"uv": [14.25, 8.4, 14.5, 8.65], "texture": "#1"},
				"south": {"uv": [12.5, 8, 13, 8.25], "texture": "#1"},
				"west": {"uv": [13.5, 8.4, 13.75, 8.65], "texture": "#1"},
				"up": {"uv": [14.6, 8.5, 11.5, 9.5], "texture": "#1"}
			}
		},
		{
			"from": [11.1, 11.15, 7.875],
			"to": [11.25, 11.9, 8.125],
			"rotation": {"angle": 0, "axis": "y", "origin": [0.25, 3.25, 0]},
			"faces": {
				"north": {"uv": [11, 8.4, 11.5, 8.65], "texture": "#1"},
				"east": {"uv": [13.5, 8.4, 13.75, 8.65], "texture": "#1"},
				"south": {"uv": [12.5, 8, 13, 8.25], "texture": "#1"},
				"west": {"uv": [14.25, 8.4, 14.5, 8.65], "texture": "#1"},
				"up": {"uv": [12.6, 8.5, 14.6, 8], "texture": "#1"}
			}
		},
		{
			"from": [3.65, 11.175, 7.95],
			"to": [3.8, 11.9, 8.05],
			"rotation": {"angle": 0, "axis": "y", "origin": [0.25, 3.25, 0]},
			"faces": {
				"north": {"uv": [11.25, 4, 11.75, 4.25], "texture": "#1"},
				"east": {"uv": [7.875, 4, 8.125, 4.25], "texture": "#1"},
				"south": {"uv": [4.25, 4, 4.75, 4.25], "texture": "#1"},
				"west": {"uv": [7.875, 4, 8.125, 4.25], "texture": "#1"},
				"up": {"uv": [4.25, 7.875, 4.75, 8.125], "texture": "#1"},
				"down": {"uv": [5, 4, 6, 5], "texture": "#1"}
			}
		},
		{
			"from": [9.2, 6, 7.6],
			"to": [9.35, 9.5, 8.4],
			"faces": {
				"north": {"uv": [12.05, 7.95, 13.55, 8.8], "texture": "#texture"},
				"east": {"uv": [12.8, 7.95, 13.8, 8.8], "texture": "#texture"},
				"south": {"uv": [12.45, 7.55, 13.95, 8.8], "texture": "#texture"},
				"west": {"uv": [12.8, 7.95, 13.8, 8.8], "texture": "#texture"},
				"up": {"uv": [13.05, 7.2, 14.55, 6.8], "texture": "#texture"},
				"down": {"uv": [13.95, 8.6, 12.45, 7.6], "texture": "#texture"}
			}
		},
		{
			"from": [9.35, 9.225, 7.6],
			"to": [9.5, 9.5, 8.4],
			"faces": {
				"north": {"uv": [12.05, 7.95, 13.55, 8.8], "texture": "#texture"},
				"east": {"uv": [12.8, 7.95, 13.8, 8.8], "texture": "#texture"},
				"south": {"uv": [12.45, 7.55, 13.95, 8.8], "texture": "#texture"},
				"west": {"uv": [12.8, 7.95, 13.8, 8.8], "texture": "#texture"},
				"up": {"uv": [13.05, 7.2, 14.55, 6.8], "texture": "#texture"},
				"down": {"uv": [13.95, 8.6, 12.45, 7.6], "texture": "#texture"}
			}
		},
		{
			"from": [9.35, 6, 7.6],
			"to": [9.475, 8.25, 8.4],
			"faces": {
				"north": {"uv": [12.25, 8.55, 13.75, 8.8], "texture": "#texture"},
				"east": {"uv": [12.8, 7.95, 13.8, 8.8], "texture": "#texture"},
				"south": {"uv": [12.45, 7.55, 13.95, 8.8], "texture": "#texture"},
				"west": {"uv": [12.8, 7.95, 13.8, 8.8], "texture": "#texture"},
				"up": {"uv": [12.85, 7.4, 14.35, 7.6], "texture": "#texture"},
				"down": {"uv": [13.95, 8.6, 12.45, 7.6], "texture": "#texture"}
			}
		},
		{
			"from": [3.525, 11.05, 7.55],
			"to": [3.825, 12.05, 7.7],
			"rotation": {"angle": 0, "axis": "y", "origin": [4.325, 14.875, 7.5]},
			"faces": {
				"north": {"uv": [11.25, 4, 12, 4.75], "texture": "#1"},
				"east": {"uv": [8.25, 4, 8.5, 4.75], "texture": "#1"},
				"south": {"uv": [4, 4, 4.75, 4.75], "texture": "#1"},
				"west": {"uv": [5, 5, 6, 6], "texture": "#1"},
				"up": {"uv": [4, 7.5, 4.75, 7.75], "texture": "#1"},
				"down": {"uv": [5, 5, 6, 6], "texture": "#1"}
			}
		},
		{
			"from": [3.525, 11.05, 8.3],
			"to": [3.825, 12.05, 8.45],
			"rotation": {"angle": 0, "axis": "y", "origin": [4.325, 14.875, 8.25]},
			"faces": {
				"north": {"uv": [11.25, 4, 12, 4.75], "texture": "#1"},
				"east": {"uv": [7.5, 4, 7.75, 4.75], "texture": "#1"},
				"south": {"uv": [4, 4, 4.75, 4.75], "texture": "#1"},
				"west": {"uv": [5, 5, 6, 6], "texture": "#1"},
				"up": {"uv": [4, 8.25, 4.75, 8.5], "texture": "#1"},
				"down": {"uv": [5, 5, 6, 6], "texture": "#1"}
			}
		},
		{
			"from": [1.575, 12.225, 7.55],
			"to": [1.975, 13.225, 7.7],
			"rotation": {"angle": 45, "axis": "z", "origin": [4.325, 14.875, 7.5]},
			"faces": {
				"north": {"uv": [11.25, 4, 12, 4.75], "texture": "#1"},
				"east": {"uv": [8.25, 4, 8.5, 4.75], "texture": "#1"},
				"south": {"uv": [4, 4, 4.75, 4.75], "texture": "#1"},
				"west": {"uv": [5, 4, 6, 5], "texture": "#1"},
				"up": {"uv": [4, 7.5, 4.75, 7.75], "texture": "#1"},
				"down": {"uv": [5, 4, 6, 5], "texture": "#1"}
			}
		},
		{
			"from": [1.575, 12.225, 8.3],
			"to": [1.975, 13.225, 8.45],
			"rotation": {"angle": 45, "axis": "z", "origin": [4.325, 14.875, 8.25]},
			"faces": {
				"north": {"uv": [11.25, 4, 12, 4.75], "texture": "#1"},
				"east": {"uv": [7.5, 4, 7.75, 4.75], "texture": "#1"},
				"south": {"uv": [4, 4, 4.75, 4.75], "texture": "#1"},
				"west": {"uv": [5, 4, 6, 5], "texture": "#1"},
				"up": {"uv": [4, 8.25, 4.75, 8.5], "texture": "#1"},
				"down": {"uv": [5, 4, 6, 5], "texture": "#1"}
			}
		},
		{
			"from": [9.475, 6, 7.6],
			"to": [9.575, 8, 8.4],
			"faces": {
				"north": {"uv": [12.25, 8.55, 13.75, 8.8], "texture": "#texture"},
				"east": {"uv": [12.8, 7.95, 13.8, 8.8], "texture": "#texture"},
				"south": {"uv": [12.45, 7.55, 13.95, 8.8], "texture": "#texture"},
				"west": {"uv": [12.8, 7.95, 13.8, 8.8], "texture": "#texture"},
				"up": {"uv": [12.85, 7.4, 14.35, 7.6], "texture": "#texture"},
				"down": {"uv": [13.95, 8.6, 12.45, 7.6], "texture": "#texture"}
			}
		},
		{
			"from": [9.35, 9.375, 7.6],
			"to": [9.65, 9.5, 8.4],
			"faces": {
				"north": {"uv": [12.05, 7.95, 13.55, 8.8], "texture": "#texture"},
				"east": {"uv": [12.8, 7.95, 13.8, 8.8], "texture": "#texture"},
				"south": {"uv": [12.45, 7.55, 13.95, 8.8], "texture": "#texture"},
				"west": {"uv": [12.8, 7.95, 13.8, 8.8], "texture": "#texture"},
				"up": {"uv": [13.05, 7.2, 14.55, 6.8], "texture": "#texture"},
				"down": {"uv": [13.95, 8.6, 12.45, 7.6], "texture": "#texture"}
			}
		},
		{
			"from": [11.1, 2.9, 11.775],
			"to": [11.25, 3.65, 12.025],
			"rotation": {"angle": -45, "axis": "x", "origin": [0.25, 3.25, 0]},
			"faces": {
				"north": {"uv": [11, 8.4, 11.5, 8.65], "texture": "#1"},
				"east": {"uv": [13.5, 8.4, 13.75, 8.65], "texture": "#1"},
				"south": {"uv": [12.5, 8, 13, 8.25], "texture": "#1"},
				"west": {"uv": [14.25, 8.4, 14.5, 8.65], "texture": "#1"},
				"up": {"uv": [12.6, 8.5, 14.6, 8], "texture": "#1"}
			}
		},
		{
			"from": [11.1, 14.225, -0.7],
			"to": [11.25, 14.975, -0.45],
			"rotation": {"angle": 45, "axis": "x", "origin": [0.25, 3.25, 0]},
			"faces": {
				"north": {"uv": [11, 8.4, 11.5, 8.65], "texture": "#1"},
				"east": {"uv": [13.5, 8.4, 13.75, 8.65], "texture": "#1"},
				"south": {"uv": [12.5, 8, 13, 8.25], "texture": "#1"},
				"west": {"uv": [14.25, 8.4, 14.5, 8.65], "texture": "#1"},
				"up": {"uv": [14.6, 8.5, 11.5, 9.5], "texture": "#1"}
			}
		},
		{
			"from": [3.5, 9.525, 7.275],
			"to": [7.575, 11.5, 8],
			"rotation": {"angle": 0, "axis": "y", "origin": [0.25, 0.25, 0]},
			"faces": {
				"north": {"uv": [9.85, 5.4, 12.85, 4.1], "texture": "#1"},
				"east": {"uv": [12.35, 5.4, 9.85, 4.1], "texture": "#1"},
				"south": {"uv": [9.35, 5.4, 12.35, 4.1], "texture": "#1"},
				"west": {"uv": [12.35, 5.4, 9.85, 4.1], "texture": "#1"},
				"up": {"uv": [10.15, 5.6, 13.15, 4.25], "texture": "#1"},
				"down": {"uv": [0, 0, 0, 0], "texture": "#1"}
			}
		},
		{
			"from": [3.475, 9.5, 7.2],
			"to": [10.25, 10.3, 8.8],
			"rotation": {"angle": 0, "axis": "y", "origin": [0.25, 0.25, 0]},
			"faces": {
				"north": {"uv": [13.1, 8.2, 16, 8.7], "texture": "#1"},
				"east": {"uv": [16, 8.2, 11.4, 8.7], "texture": "#1"},
				"south": {"uv": [13.1, 8.2, 16, 8.7], "texture": "#1"},
				"west": {"uv": [16, 8.2, 11.4, 8.7], "texture": "#1"},
				"up": {"uv": [10.8, 8.2, 15.9, 8.65], "texture": "#1"},
				"down": {"uv": [15, 8, 16, 9], "texture": "#1"}
			}
		},
		{
			"from": [-0.675, 13.525, 7.2],
			"to": [0.25, 15.3, 8.8],
			"rotation": {"angle": -45, "axis": "z", "origin": [0.25, 0.25, 0]},
			"faces": {
				"north": {"uv": [13.1, 8.2, 16, 8.7], "texture": "#1"},
				"east": {"uv": [16, 8.2, 11.4, 8.7], "texture": "#1"},
				"south": {"uv": [13.1, 8.2, 16, 8.7], "texture": "#1"},
				"west": {"uv": [16, 8.2, 11.4, 8.7], "texture": "#1"},
				"up": {"uv": [10.8, 8.2, 15.9, 8.65], "texture": "#1"},
				"down": {"uv": [0, 0, 0, 0], "texture": "#1"}
			}
		},
		{
			"from": [3.5, 9.525, 8],
			"to": [11.2, 11.5, 8.725],
			"rotation": {"angle": 0, "axis": "y", "origin": [0.25, 0.25, 0]},
			"faces": {
				"north": {"uv": [9.85, 5.4, 12.85, 4.1], "texture": "#1"},
				"east": {"uv": [12.35, 5.4, 9.85, 4.1], "texture": "#1"},
				"south": {"uv": [9.35, 5.4, 12.35, 4.1], "texture": "#1"},
				"west": {"uv": [12.35, 5.4, 9.85, 4.1], "texture": "#1"},
				"up": {"uv": [10.15, 5.6, 13.15, 4.25], "texture": "#1"},
				"down": {"uv": [0, 0, 0, 0], "texture": "#1"}
			}
		},
		{
			"from": [8.95, 9.525, 7.275],
			"to": [11.2, 11.5, 8],
			"rotation": {"angle": 0, "axis": "y", "origin": [0.25, 0.25, 0]},
			"faces": {
				"north": {"uv": [9.85, 5.4, 12.85, 4.1], "texture": "#1"},
				"east": {"uv": [12.35, 5.4, 9.85, 4.1], "texture": "#1"},
				"south": {"uv": [9.35, 5.4, 12.35, 4.1], "texture": "#1"},
				"west": {"uv": [12.35, 5.4, 9.85, 4.1], "texture": "#1"},
				"up": {"uv": [10.15, 5.6, 13.15, 4.25], "texture": "#1"},
				"down": {"uv": [0, 0, 0, 0], "texture": "#1"}
			}
		},
		{
			"from": [7.575, 11.25, 7.275],
			"to": [8.95, 11.5, 8],
			"rotation": {"angle": 0, "axis": "y", "origin": [0.25, 0.25, 0]},
			"faces": {
				"north": {"uv": [9.85, 5.4, 12.85, 4.1], "texture": "#1"},
				"east": {"uv": [12.35, 5.4, 9.85, 4.1], "texture": "#1"},
				"south": {"uv": [9.35, 5.4, 12.35, 4.1], "texture": "#1"},
				"west": {"uv": [12.35, 5.4, 9.85, 4.1], "texture": "#1"},
				"up": {"uv": [10.15, 5.6, 13.15, 4.25], "texture": "#1"},
				"down": {"uv": [0, 0, 0, 0], "texture": "#1"}
			}
		},
		{
			"from": [7.225, 11.5, 7.775],
			"to": [7.925, 12, 8.225],
			"rotation": {"angle": 0, "axis": "y", "origin": [0.25, 0.25, 0]},
			"faces": {
				"north": {"uv": [9.3, 1.5, 9.8, 1.75], "texture": "#1"},
				"east": {"uv": [9, 2, 10, 3], "texture": "#1"},
				"south": {"uv": [9.2, 1.3, 9.7, 1.75], "texture": "#1"},
				"west": {"uv": [9.25, 1.5, 9.75, 1.75], "texture": "#1"},
				"up": {"uv": [9.2, 1.25, 9.8, 1.75], "texture": "#1"},
				"down": {"uv": [9.8, 1.75, 9.2, 1.25], "texture": "#1"}
			}
		},
		{
			"from": [7.35, 11.5, 7.65],
			"to": [7.8, 12, 8.35],
			"rotation": {"angle": 0, "axis": "y", "origin": [0.25, 0.25, 0]},
			"faces": {
				"north": {"uv": [9.3, 1.5, 9.8, 1.75], "texture": "#1"},
				"east": {"uv": [9, 2, 10, 3], "texture": "#1"},
				"south": {"uv": [9.2, 1.3, 9.7, 1.75], "texture": "#1"},
				"west": {"uv": [9.25, 1.5, 9.75, 1.75], "texture": "#1"},
				"up": {"uv": [9.2, 1.25, 9.8, 1.75], "texture": "#1"},
				"down": {"uv": [9.8, 1.75, 9.2, 1.25], "texture": "#1"}
			}
		},
		{
			"from": [7.65, 8.375, 7.75],
			"to": [7.9, 9.775, 8.25],
			"rotation": {"angle": 0, "axis": "y", "origin": [5.5, 9, 7.5]},
			"faces": {
				"north": {"uv": [9.5, 7.25, 10.75, 7.5], "rotation": 270, "texture": "#texture"},
				"east": {"uv": [5.25, 7.5, 6.5, 8.5], "rotation": 90, "texture": "#texture"},
				"south": {"uv": [5.25, 7.25, 6.5, 7.5], "rotation": 90, "texture": "#texture"},
				"west": {"uv": [10.75, 8.5, 9.5, 7.5], "rotation": 90, "texture": "#texture"},
				"up": {"uv": [7.5, 7.25, 8.5, 7.5], "rotation": 90, "texture": "#texture"},
				"down": {"uv": [7.5, 7.25, 8.5, 7.5], "rotation": 90, "texture": "#texture"}
			}
		},
		{
			"from": [5.425, 11.075, 7.775],
			"to": [8.175, 11.525, 8.225],
			"rotation": {"angle": 0, "axis": "y", "origin": [0.25, 0.25, 0]},
			"faces": {
				"north": {"uv": [9.3, 1.5, 9.8, 1.75], "texture": "#texture"},
				"east": {"uv": [9, 2, 10, 3], "texture": "#texture"},
				"south": {"uv": [9.2, 1.3, 9.7, 1.75], "texture": "#texture"},
				"west": {"uv": [9.25, 1.5, 9.75, 1.75], "texture": "#texture"},
				"up": {"uv": [9.2, 1.25, 9.8, 1.75], "texture": "#texture"},
				"down": {"uv": [9.8, 1.75, 9.2, 1.25], "texture": "#texture"}
			}
		},
		{
			"from": [11.25, 8.75, 7.2],
			"to": [11.85, 9.8, 8.8],
			"rotation": {"angle": 0, "axis": "y", "origin": [0.25, 0.25, 0]},
			"faces": {
				"north": {"uv": [13.1, 8.2, 16, 8.7], "texture": "#1"},
				"east": {"uv": [16, 8.2, 11.4, 8.7], "texture": "#1"},
				"south": {"uv": [13.1, 8.2, 16, 8.7], "texture": "#1"},
				"west": {"uv": [16, 8.2, 11.4, 8.7], "texture": "#1"},
				"up": {"uv": [10.8, 8.2, 15.9, 8.65], "texture": "#1"},
				"down": {"uv": [15, 8, 16, 9], "texture": "#1"}
			}
		},
		{
			"from": [11.65, 9.5, 8.55],
			"to": [11.85, 11.8, 8.75],
			"rotation": {"angle": 0, "axis": "y", "origin": [0.25, 0.05, 0]},
			"faces": {
				"north": {"uv": [13.1, 8.2, 16, 8.7], "texture": "#1"},
				"east": {"uv": [16, 8.2, 11.4, 8.7], "texture": "#1"},
				"south": {"uv": [13.1, 8.2, 16, 8.7], "texture": "#1"},
				"west": {"uv": [16, 8.2, 11.4, 8.7], "texture": "#1"},
				"up": {"uv": [10.8, 8.2, 15.9, 8.65], "texture": "#1"},
				"down": {"uv": [1, 1, 0, 0], "texture": "#1"}
			}
		},
		{
			"from": [11.65, 9.5, 7.25],
			"to": [11.85, 11.8, 7.45],
			"rotation": {"angle": 0, "axis": "y", "origin": [0.25, 0.05, 0]},
			"faces": {
				"north": {"uv": [13.1, 8.2, 16, 8.7], "texture": "#1"},
				"east": {"uv": [16, 8.2, 11.4, 8.7], "texture": "#1"},
				"south": {"uv": [13.1, 8.2, 16, 8.7], "texture": "#1"},
				"west": {"uv": [16, 8.2, 11.4, 8.7], "texture": "#1"},
				"up": {"uv": [10.8, 8.2, 15.9, 8.65], "texture": "#1"},
				"down": {"uv": [1, 1, 0, 0], "texture": "#1"}
			}
		},
		{
			"from": [15.275, 6.45, 8.55],
			"to": [15.475, 6.75, 8.75],
			"rotation": {"angle": 22.5, "axis": "z", "origin": [0.25, 0.05, 0]},
			"faces": {
				"north": {"uv": [13.1, 8.2, 16, 8.7], "texture": "#1"},
				"east": {"uv": [16, 8.2, 11.4, 8.7], "texture": "#1"},
				"south": {"uv": [13.1, 8.2, 16, 8.7], "texture": "#1"},
				"west": {"uv": [16, 8.2, 11.4, 8.7], "texture": "#1"},
				"up": {"uv": [10.8, 8.2, 15.9, 8.65], "texture": "#1"},
				"down": {"uv": [1, 1, 0, 0], "texture": "#1"}
			}
		},
		{
			"from": [16.675, 0.35, 8.55],
			"to": [16.875, 0.65, 8.75],
			"rotation": {"angle": 45, "axis": "z", "origin": [0.25, 0.05, 0]},
			"faces": {
				"north": {"uv": [13.1, 8.2, 16, 8.7], "texture": "#1"},
				"east": {"uv": [16, 8.2, 11.4, 8.7], "texture": "#1"},
				"south": {"uv": [13.1, 8.2, 16, 8.7], "texture": "#1"},
				"west": {"uv": [16, 8.2, 11.4, 8.7], "texture": "#1"},
				"up": {"uv": [10.8, 8.2, 15.9, 8.65], "texture": "#1"},
				"down": {"uv": [1, 1, 0, 0], "texture": "#1"}
			}
		},
		{
			"from": [5.8, 15.45, 8.55],
			"to": [6.05, 15.65, 8.75],
			"rotation": {"angle": -22.5, "axis": "z", "origin": [0.25, 0.05, 0]},
			"faces": {
				"north": {"uv": [13.1, 8.2, 16, 8.7], "rotation": 90, "texture": "#1"},
				"east": {"uv": [1, 1, 0, 0], "rotation": 270, "texture": "#1"},
				"south": {"uv": [13.1, 8.2, 16, 8.7], "rotation": 270, "texture": "#1"},
				"west": {"uv": [10.8, 8.2, 15.9, 8.65], "rotation": 270, "texture": "#1"},
				"up": {"uv": [16, 8.2, 11.4, 8.7], "rotation": 270, "texture": "#1"},
				"down": {"uv": [16, 8.2, 11.4, 8.7], "rotation": 270, "texture": "#1"}
			}
		},
		{
			"from": [11.1, 12.125, 8.55],
			"to": [11.35, 12.325, 8.75],
			"rotation": {"angle": 0, "axis": "y", "origin": [0.25, 0.05, 0]},
			"faces": {
				"north": {"uv": [13.1, 8.2, 16, 8.7], "rotation": 90, "texture": "#1"},
				"east": {"uv": [1, 1, 0, 0], "rotation": 270, "texture": "#1"},
				"south": {"uv": [13.1, 8.2, 16, 8.7], "rotation": 270, "texture": "#1"},
				"west": {"uv": [10.8, 8.2, 15.9, 8.65], "rotation": 270, "texture": "#1"},
				"up": {"uv": [16, 8.2, 11.4, 8.7], "rotation": 270, "texture": "#1"},
				"down": {"uv": [16, 8.2, 11.4, 8.7], "rotation": 270, "texture": "#1"}
			}
		},
		{
			"from": [13.475, 7.025, 8.55],
			"to": [14.975, 7.225, 8.75],
			"rotation": {"angle": 22.5, "axis": "z", "origin": [0.25, 0.05, 0]},
			"faces": {
				"north": {"uv": [13.1, 8.2, 16, 8.7], "rotation": 90, "texture": "#1"},
				"east": {"uv": [1, 1, 0, 0], "rotation": 270, "texture": "#1"},
				"south": {"uv": [13.1, 8.2, 16, 8.7], "rotation": 270, "texture": "#1"},
				"west": {"uv": [10.8, 8.2, 15.9, 8.65], "rotation": 270, "texture": "#1"},
				"up": {"uv": [16, 8.2, 11.4, 8.7], "rotation": 270, "texture": "#1"},
				"down": {"uv": [16, 8.2, 11.4, 8.7], "rotation": 270, "texture": "#1"}
			}
		},
		{
			"from": [9.025, 11.55, 7.8],
			"to": [9.225, 11.75, 8.2],
			"rotation": {"angle": 0, "axis": "y", "origin": [0.25, 0.05, 0]},
			"faces": {
				"north": {"uv": [13.1, 8.2, 16, 8.7], "rotation": 90, "texture": "#1"},
				"east": {"uv": [1, 1, 0, 0], "rotation": 270, "texture": "#1"},
				"south": {"uv": [13.1, 8.2, 16, 8.7], "rotation": 270, "texture": "#1"},
				"west": {"uv": [10.8, 8.2, 15.9, 8.65], "rotation": 270, "texture": "#1"},
				"up": {"uv": [16, 8.2, 11.4, 8.7], "rotation": 270, "texture": "#1"},
				"down": {"uv": [16, 8.2, 11.4, 8.7], "rotation": 270, "texture": "#1"}
			}
		},
		{
			"from": [16.675, 0.35, 7.25],
			"to": [16.875, 0.65, 7.45],
			"rotation": {"angle": 45, "axis": "z", "origin": [0.25, 0.05, -1.3]},
			"faces": {
				"north": {"uv": [13.1, 8.2, 16, 8.7], "texture": "#1"},
				"east": {"uv": [16, 8.2, 11.4, 8.7], "texture": "#1"},
				"south": {"uv": [13.1, 8.2, 16, 8.7], "texture": "#1"},
				"west": {"uv": [16, 8.2, 11.4, 8.7], "texture": "#1"},
				"up": {"uv": [10.8, 8.2, 15.9, 8.65], "texture": "#1"},
				"down": {"uv": [1, 1, 0, 0], "texture": "#1"}
			}
		},
		{
			"from": [5.8, 15.45, 7.25],
			"to": [6.05, 15.65, 7.45],
			"rotation": {"angle": -22.5, "axis": "z", "origin": [0.25, 0.05, -1.3]},
			"faces": {
				"north": {"uv": [13.1, 8.2, 16, 8.7], "rotation": 90, "texture": "#1"},
				"east": {"uv": [1, 1, 0, 0], "rotation": 270, "texture": "#1"},
				"south": {"uv": [13.1, 8.2, 16, 8.7], "rotation": 270, "texture": "#1"},
				"west": {"uv": [10.8, 8.2, 15.9, 8.65], "rotation": 270, "texture": "#1"},
				"up": {"uv": [16, 8.2, 11.4, 8.7], "rotation": 270, "texture": "#1"},
				"down": {"uv": [16, 8.2, 11.4, 8.7], "rotation": 270, "texture": "#1"}
			}
		},
		{
			"from": [11.1, 12.125, 7.25],
			"to": [11.35, 12.325, 7.45],
			"rotation": {"angle": 0, "axis": "y", "origin": [0.25, 0.05, -1.3]},
			"faces": {
				"north": {"uv": [13.1, 8.2, 16, 8.7], "rotation": 90, "texture": "#1"},
				"east": {"uv": [1, 1, 0, 0], "rotation": 270, "texture": "#1"},
				"south": {"uv": [13.1, 8.2, 16, 8.7], "rotation": 270, "texture": "#1"},
				"west": {"uv": [10.8, 8.2, 15.9, 8.65], "rotation": 270, "texture": "#1"},
				"up": {"uv": [16, 8.2, 11.4, 8.7], "rotation": 270, "texture": "#1"},
				"down": {"uv": [16, 8.2, 11.4, 8.7], "rotation": 270, "texture": "#1"}
			}
		},
		{
			"from": [13.475, 7.025, 7.25],
			"to": [14.975, 7.225, 7.45],
			"rotation": {"angle": 22.5, "axis": "z", "origin": [0.25, 0.05, -1.3]},
			"faces": {
				"north": {"uv": [13.1, 8.2, 16, 8.7], "rotation": 90, "texture": "#1"},
				"east": {"uv": [1, 1, 0, 0], "rotation": 270, "texture": "#1"},
				"south": {"uv": [13.1, 8.2, 16, 8.7], "rotation": 270, "texture": "#1"},
				"west": {"uv": [10.8, 8.2, 15.9, 8.65], "rotation": 270, "texture": "#1"},
				"up": {"uv": [16, 8.2, 11.4, 8.7], "rotation": 270, "texture": "#1"},
				"down": {"uv": [16, 8.2, 11.4, 8.7], "rotation": 270, "texture": "#1"}
			}
		},
		{
			"from": [15.275, 6.45, 7.25],
			"to": [15.475, 6.75, 7.45],
			"rotation": {"angle": 22.5, "axis": "z", "origin": [0.25, 0.05, -1.3]},
			"faces": {
				"north": {"uv": [13.1, 8.2, 16, 8.7], "texture": "#1"},
				"east": {"uv": [16, 8.2, 11.4, 8.7], "texture": "#1"},
				"south": {"uv": [13.1, 8.2, 16, 8.7], "texture": "#1"},
				"west": {"uv": [16, 8.2, 11.4, 8.7], "texture": "#1"},
				"up": {"uv": [10.8, 8.2, 15.9, 8.65], "texture": "#1"},
				"down": {"uv": [1, 1, 0, 0], "texture": "#1"}
			}
		},
		{
			"from": [9.45, 11.55, 7.25],
			"to": [9.8, 11.75, 7.45],
			"rotation": {"angle": 0, "axis": "y", "origin": [0.25, 0.05, -0.175]},
			"faces": {
				"north": {"uv": [13.1, 8.2, 16, 8.7], "rotation": 90, "texture": "#1"},
				"east": {"uv": [1, 1, 0, 0], "rotation": 270, "texture": "#1"},
				"south": {"uv": [13.1, 8.2, 16, 8.7], "rotation": 270, "texture": "#1"},
				"west": {"uv": [10.8, 8.2, 15.9, 8.65], "rotation": 270, "texture": "#1"},
				"up": {"uv": [16, 8.2, 11.4, 8.7], "rotation": 270, "texture": "#1"},
				"down": {"uv": [16, 8.2, 11.4, 8.7], "rotation": 270, "texture": "#1"}
			}
		},
		{
			"from": [5.225, 11.55, 10.125],
			"to": [5.475, 11.75, 10.325],
			"rotation": {"angle": 22.5, "axis": "y", "origin": [0.25, 0.05, -1.3]},
			"faces": {
				"north": {"uv": [13.1, 8.2, 16, 8.7], "rotation": 90, "texture": "#1"},
				"east": {"uv": [1, 1, 0, 0], "rotation": 270, "texture": "#1"},
				"south": {"uv": [13.1, 8.2, 16, 8.7], "rotation": 270, "texture": "#1"},
				"west": {"uv": [10.8, 8.2, 15.9, 8.65], "rotation": 270, "texture": "#1"},
				"up": {"uv": [16, 8.2, 11.4, 8.7], "rotation": 270, "texture": "#1"},
				"down": {"uv": [16, 8.2, 11.4, 8.7], "rotation": 270, "texture": "#1"}
			}
		},
		{
			"from": [9.26443, 11.55, 8.4431],
			"to": [9.51443, 11.75, 8.6431],
			"rotation": {"angle": -22.5, "axis": "y", "origin": [9.25, 11.675, 8.525]},
			"faces": {
				"north": {"uv": [13.1, 8.2, 16, 8.7], "rotation": 90, "texture": "#1"},
				"east": {"uv": [1, 1, 0, 0], "rotation": 270, "texture": "#1"},
				"south": {"uv": [13.1, 8.2, 16, 8.7], "rotation": 270, "texture": "#1"},
				"west": {"uv": [10.8, 8.2, 15.9, 8.65], "rotation": 270, "texture": "#1"},
				"up": {"uv": [16, 8.2, 11.4, 8.7], "rotation": 270, "texture": "#1"},
				"down": {"uv": [16, 8.2, 11.4, 8.7], "rotation": 270, "texture": "#1"}
			}
		},
		{
			"from": [11.85, 11.55, 3.25],
			"to": [12.05, 11.75, 3.75],
			"rotation": {"angle": -22.5, "axis": "y", "origin": [0.25, 0.05, -1.3]},
			"faces": {
				"north": {"uv": [1, 1, 0, 0], "rotation": 270, "texture": "#1"},
				"east": {"uv": [13.1, 8.2, 16, 8.7], "rotation": 270, "texture": "#1"},
				"south": {"uv": [10.8, 8.2, 15.9, 8.65], "rotation": 270, "texture": "#1"},
				"west": {"uv": [13.1, 8.2, 16, 8.7], "rotation": 90, "texture": "#1"},
				"up": {"uv": [16, 8.2, 11.4, 8.7], "rotation": 180, "texture": "#1"},
				"down": {"uv": [16, 8.2, 11.4, 8.7], "texture": "#1"}
			}
		},
		{
			"from": [4.725, 11.55, 10.825],
			"to": [4.925, 11.75, 11.325],
			"rotation": {"angle": 22.5, "axis": "y", "origin": [0.25, 0.05, -1.3]},
			"faces": {
				"north": {"uv": [1, 1, 0, 0], "rotation": 270, "texture": "#1"},
				"east": {"uv": [13.1, 8.2, 16, 8.7], "rotation": 270, "texture": "#1"},
				"south": {"uv": [10.8, 8.2, 15.9, 8.65], "rotation": 270, "texture": "#1"},
				"west": {"uv": [13.1, 8.2, 16, 8.7], "rotation": 90, "texture": "#1"},
				"up": {"uv": [16, 8.2, 11.4, 8.7], "rotation": 180, "texture": "#1"},
				"down": {"uv": [16, 8.2, 11.4, 8.7], "texture": "#1"}
			}
		},
		{
			"from": [9.45, 11.55, 8.55],
			"to": [9.8, 11.75, 8.75],
			"rotation": {"angle": 0, "axis": "y", "origin": [0.25, 0.05, 0]},
			"faces": {
				"north": {"uv": [13.1, 8.2, 16, 8.7], "rotation": 90, "texture": "#1"},
				"east": {"uv": [1, 1, 0, 0], "rotation": 270, "texture": "#1"},
				"south": {"uv": [13.1, 8.2, 16, 8.7], "rotation": 270, "texture": "#1"},
				"west": {"uv": [10.8, 8.2, 15.9, 8.65], "rotation": 270, "texture": "#1"},
				"up": {"uv": [16, 8.2, 11.4, 8.7], "rotation": 270, "texture": "#1"},
				"down": {"uv": [16, 8.2, 11.4, 8.7], "rotation": 270, "texture": "#1"}
			}
		},
		{
			"from": [0.25, 10.7, 7.625],
			"to": [3.25, 11.525, 8.375],
			"rotation": {"angle": 0, "axis": "y", "origin": [0.25, 0.25, 0]},
			"faces": {
				"north": {"uv": [12.5, 5, 14, 5.25], "texture": "#texture"},
				"east": {"uv": [4, 5, 5, 6], "texture": "#texture"},
				"south": {"uv": [2, 5, 3.5, 5.25], "texture": "#texture"},
				"west": {"uv": [7.75, 5, 8.25, 5.25], "texture": "#texture"},
				"up": {"uv": [2, 7.75, 3.5, 8.25], "texture": "#texture"},
				"down": {"uv": [14, 8.25, 12.5, 7.75], "texture": "#texture"}
			}
		},
		{
			"from": [0.25, 9.475, 7.625],
			"to": [3.25, 10.3, 8.375],
			"rotation": {"angle": 0, "axis": "y", "origin": [0.25, 0.25, 0]},
			"faces": {
				"north": {"uv": [12.5, 5.75, 14, 6], "texture": "#texture"},
				"east": {"uv": [4, 5, 5, 6], "texture": "#texture"},
				"south": {"uv": [2, 5.75, 3.5, 6], "texture": "#texture"},
				"west": {"uv": [7.75, 5.75, 8.25, 6], "texture": "#texture"},
				"up": {"uv": [2, 7.75, 3.5, 8.25], "texture": "#texture"},
				"down": {"uv": [14, 8.25, 12.5, 7.75], "texture": "#texture"}
			}
		},
		{
			"from": [0.25, 10.125, 8.2],
			"to": [3.25, 10.875, 9.025],
			"rotation": {"angle": 0, "axis": "y", "origin": [0.25, 0.25, 0]},
			"faces": {
				"north": {"uv": [12.5, 5.25, 14, 5.75], "texture": "#texture"},
				"east": {"uv": [4, 5, 5, 6], "texture": "#texture"},
				"south": {"uv": [2, 5.25, 3.5, 5.75], "texture": "#texture"},
				"west": {"uv": [8.25, 5.25, 8.5, 5.75], "texture": "#texture"},
				"up": {"uv": [2, 8.25, 3.5, 8.5], "texture": "#texture"},
				"down": {"uv": [14, 8.5, 12.5, 8.25], "texture": "#texture"}
			}
		},
		{
			"from": [0.25, 10.125, 6.975],
			"to": [3.25, 10.875, 7.8],
			"rotation": {"angle": 0, "axis": "y", "origin": [0.25, 0.25, 0]},
			"faces": {
				"north": {"uv": [12.5, 5.25, 14, 5.75], "texture": "#texture"},
				"east": {"uv": [4, 5, 5, 6], "texture": "#texture"},
				"south": {"uv": [2, 5.25, 3.5, 5.75], "texture": "#texture"},
				"west": {"uv": [7.5, 5.25, 7.75, 5.75], "texture": "#texture"},
				"up": {"uv": [2, 7.5, 3.5, 7.75], "texture": "#texture"},
				"down": {"uv": [14, 7.75, 12.5, 7.5], "texture": "#texture"}
			}
		},
		{
			"from": [0.25, 10.875, 7.175],
			"to": [3.25, 11.325, 8.825],
			"rotation": {"angle": 0, "axis": "y", "origin": [0.25, 0.25, 0]},
			"faces": {
				"north": {"uv": [12.5, 5, 14, 5.25], "texture": "#texture"},
				"east": {"uv": [4, 5, 5, 6], "texture": "#texture"},
				"south": {"uv": [2, 5, 3.5, 5.25], "texture": "#texture"},
				"west": {"uv": [7.75, 5, 8.25, 5.25], "texture": "#texture"},
				"up": {"uv": [2, 7.75, 3.5, 8.25], "texture": "#texture"},
				"down": {"uv": [14, 8.25, 12.5, 7.75], "texture": "#texture"}
			}
		},
		{
			"from": [0.25, 9.675, 7.175],
			"to": [3.25, 10.125, 8.825],
			"rotation": {"angle": 0, "axis": "y", "origin": [0.25, 0.25, 0]},
			"faces": {
				"north": {"uv": [12.5, 5, 14, 5.25], "texture": "#texture"},
				"east": {"uv": [4, 5, 5, 6], "texture": "#texture"},
				"south": {"uv": [2, 5, 3.5, 5.25], "texture": "#texture"},
				"west": {"uv": [7.75, 5, 8.25, 5.25], "texture": "#texture"},
				"up": {"uv": [2, 7.75, 3.5, 8.25], "texture": "#texture"},
				"down": {"uv": [14, 8.25, 12.5, 7.75], "texture": "#texture"}
			}
		},
		{
			"from": [-5.25, 10.7, 7.625],
			"to": [0.25, 11.3, 8.375],
			"rotation": {"angle": 0, "axis": "y", "origin": [0.25, 0.25, 0]},
			"faces": {
				"north": {"uv": [12.5, 5, 14, 5.25], "texture": "#texture"},
				"east": {"uv": [4, 5, 5, 6], "texture": "#texture"},
				"south": {"uv": [2, 5, 3.5, 5.25], "texture": "#texture"},
				"west": {"uv": [7.75, 5, 8.25, 5.25], "texture": "#texture"},
				"up": {"uv": [2, 7.75, 3.5, 8.25], "texture": "#texture"},
				"down": {"uv": [14, 8.25, 12.5, 7.75], "texture": "#texture"}
			}
		},
		{
			"from": [-5.25, 9.7, 7.625],
			"to": [0.25, 10.3, 8.375],
			"rotation": {"angle": 0, "axis": "y", "origin": [0.25, 0.25, 0]},
			"faces": {
				"north": {"uv": [12.5, 5.75, 14, 6], "texture": "#texture"},
				"east": {"uv": [4, 5, 5, 6], "texture": "#texture"},
				"south": {"uv": [2, 5.75, 3.5, 6], "texture": "#texture"},
				"west": {"uv": [7.75, 5.75, 8.25, 6], "texture": "#texture"},
				"up": {"uv": [2, 7.75, 3.5, 8.25], "texture": "#texture"},
				"down": {"uv": [14, 8.25, 12.5, 7.75], "texture": "#texture"}
			}
		},
		{
			"from": [-5.25, 10.125, 8.2],
			"to": [0.25, 10.875, 8.8],
			"rotation": {"angle": 0, "axis": "y", "origin": [0.25, 0.25, 0]},
			"faces": {
				"north": {"uv": [12.5, 5.25, 14, 5.75], "texture": "#texture"},
				"east": {"uv": [4, 5, 5, 6], "texture": "#texture"},
				"south": {"uv": [2, 5.25, 3.5, 5.75], "texture": "#texture"},
				"west": {"uv": [8.25, 5.25, 8.5, 5.75], "texture": "#texture"},
				"up": {"uv": [2, 8.25, 3.5, 8.5], "texture": "#texture"},
				"down": {"uv": [14, 8.5, 12.5, 8.25], "texture": "#texture"}
			}
		},
		{
			"from": [7.5, 10.075, 7.75],
			"to": [9.175, 11.275, 8.225],
			"rotation": {"angle": 0, "axis": "y", "origin": [6.25, 0.25, 0]},
			"faces": {
				"north": {"uv": [15.5, 11.5, 16, 11.75], "texture": "#texture"},
				"east": {"uv": [0, 0, 0, 0], "texture": "#texture"},
				"south": {"uv": [15.4, 11.3, 15.9, 11.75], "texture": "#texture"},
				"west": {"uv": [15.45, 11.5, 15.95, 11.75], "texture": "#texture"},
				"up": {"uv": [15.4, 11.25, 16, 11.75], "texture": "#texture"},
				"down": {"uv": [16, 11.75, 15.4, 11.25], "texture": "#texture"}
			}
		},
		{
			"from": [-5.25, 10.125, 7.2],
			"to": [0.25, 10.875, 7.8],
			"rotation": {"angle": 0, "axis": "y", "origin": [0.25, 0.25, 0]},
			"faces": {
				"north": {"uv": [12.5, 5.25, 14, 5.75], "texture": "#texture"},
				"east": {"uv": [4, 5, 5, 6], "texture": "#texture"},
				"south": {"uv": [2, 5.25, 3.5, 5.75], "texture": "#texture"},
				"west": {"uv": [7.5, 5.25, 7.75, 5.75], "texture": "#texture"},
				"up": {"uv": [2, 7.5, 3.5, 7.75], "texture": "#texture"},
				"down": {"uv": [14, 7.75, 12.5, 7.5], "texture": "#texture"}
			}
		},
		{
			"from": [-5.25, 10.875, 7.4],
			"to": [0.25, 11.1, 8.6],
			"rotation": {"angle": 0, "axis": "y", "origin": [0.25, 0.25, 0]},
			"faces": {
				"north": {"uv": [12.5, 5, 14, 5.25], "texture": "#texture"},
				"east": {"uv": [4, 5, 5, 6], "texture": "#texture"},
				"south": {"uv": [2, 5, 3.5, 5.25], "texture": "#texture"},
				"west": {"uv": [7.75, 5, 8.25, 5.25], "texture": "#texture"},
				"up": {"uv": [2, 7.75, 3.5, 8.25], "texture": "#texture"},
				"down": {"uv": [14, 8.25, 12.5, 7.75], "texture": "#texture"}
			}
		},
		{
			"from": [-5.25, 9.9, 7.4],
			"to": [0.25, 10.125, 8.6],
			"rotation": {"angle": 0, "axis": "y", "origin": [0.25, 0.25, 0]},
			"faces": {
				"north": {"uv": [12.5, 5, 14, 5.25], "texture": "#texture"},
				"east": {"uv": [4, 5, 5, 6], "texture": "#texture"},
				"south": {"uv": [2, 5, 3.5, 5.25], "texture": "#texture"},
				"west": {"uv": [7.75, 5, 8.25, 5.25], "texture": "#texture"},
				"up": {"uv": [2, 7.75, 3.5, 8.25], "texture": "#texture"},
				"down": {"uv": [14, 8.25, 12.5, 7.75], "texture": "#texture"}
			}
		}
	],
	"gui_light": "front",
	"display": {
		"thirdperson_righthand": {
			"rotation": [0, -90, 0],
			"translation": [0, -1.25, 1.25]
		},
		"thirdperson_lefthand": {
			"rotation": [0, 90, 0],
			"translation": [0, -1.25, 1.25]
		},
		"firstperson_righthand": {
			"rotation": [0, -90, 0],
			"translation": [0, 1.25, -0.25],
			"scale": [1, 1.02, 1]
		},
		"firstperson_lefthand": {
			"rotation": [0, 90, 0],
			"translation": [0, 1.25, -0.25],
			"scale": [1, 1.02, 1]
		},
		"ground": {
			"translation": [5, 2.75, 0],
			"scale": [1.15, 1.15, 1.15]
		},
		"gui": {
			"rotation": [0, 0, -45],
			"translation": [1.25, -2.75, 0],
			"scale": [0.9, 0.9, 1]
		},
		"fixed": {
			"rotation": [0, 180, -45],
			"translation": [-1.95, -3.65, -1.1],
			"scale": [1.35, 1.35, 1.35]
		}
	}
}