{
	"credit": "Made by SrDarmith - YouTube: Mainclay",
	"textures": {
		"1": "item/hardened_clay_stained_gray",
		"particle": "item/hardened_clay_stained_gray",
		"texture": "item/anvil_1"
	},
	"elements": [
		{
			"from": [5.65, 6.8, 6.6],
			"to": [14.25, 8.05, 8.6],
			"rotation": {"angle": 0, "axis": "y", "origin": [4, 0.675, -0.4]},
			"faces": {
				"north": {"uv": [9.25, 6, 12.75, 7.25], "texture": "#1"},
				"east": {"uv": [7, 6, 9, 7.25], "texture": "#1"},
				"south": {"uv": [3.25, 6, 6.75, 7.25], "texture": "#1"},
				"west": {"uv": [7, 6, 9, 7.25], "texture": "#1"},
				"up": {"uv": [3.25, 7, 6.75, 9], "texture": "#1"},
				"down": {"uv": [12.75, 9, 9.25, 7], "texture": "#1"}
			}
		},
		{
			"from": [5.65, 5.525, 6.85],
			"to": [14.25, 7.175, 8.35],
			"rotation": {"angle": 0, "axis": "y", "origin": [4, 0.425, -0.4]},
			"faces": {
				"north": {"uv": [4.25, 5.25, 12.75, 7.25], "texture": "#1"},
				"east": {"uv": [7.25, 5.25, 8.75, 7.25], "texture": "#1"},
				"south": {"uv": [3.25, 5.25, 11.75, 7.25], "texture": "#1"},
				"west": {"uv": [7.25, 5.25, 8.75, 7.25], "texture": "#1"},
				"up": {"uv": [3.25, 7.25, 11.75, 8.75], "texture": "#1"},
				"down": {"uv": [12.75, 8.75, 4.25, 7.25], "texture": "#1"}
			}
		},
		{
			"from": [15.1, -2.25, 7.125],
			"to": [15.25, -1.925, 8.05],
			"rotation": {"angle": 22.5, "axis": "z", "origin": [4, -3, -0.4]},
			"faces": {
				"north": {"uv": [15.75, 12, 16, 11.25], "texture": "#texture"},
				"east": {"uv": [15.75, 12, 16, 11.25], "texture": "#texture"},
				"south": {"uv": [15.75, 12, 16, 11.25], "texture": "#texture"},
				"west": {"uv": [15.75, 12, 16, 11.25], "texture": "#texture"},
				"up": {"uv": [16, 12, 15.5, 11.25], "texture": "#texture"},
				"down": {"uv": [15.75, 12, 16, 11.25], "texture": "#texture"}
			}
		},
		{
			"from": [15.25, -2.25, 7.125],
			"to": [16.75, 1.5, 8.05],
			"rotation": {"angle": 22.5, "axis": "z", "origin": [4, -3, -0.4]},
			"faces": {
				"north": {"uv": [15.75, 12, 16, 11.25], "texture": "#texture"},
				"east": {"uv": [15.75, 12, 16, 11.25], "texture": "#texture"},
				"south": {"uv": [15.75, 12, 16, 11.25], "texture": "#texture"},
				"west": {"uv": [15.75, 12, 16, 11.25], "texture": "#texture"},
				"down": {"uv": [15.75, 12, 16, 11.25], "texture": "#texture"}
			}
		},
		{
			"from": [15.5, -2.25, 6.875],
			"to": [17, 1.475, 8.325],
			"rotation": {"angle": 22.5, "axis": "z", "origin": [4, -3, -0.4]},
			"faces": {
				"north": {"uv": [15.75, 12, 16, 11.25], "texture": "#texture"},
				"east": {"uv": [15.75, 12, 16, 11.25], "texture": "#texture"},
				"south": {"uv": [15.75, 12, 16, 11.25], "texture": "#texture"},
				"west": {"uv": [15.75, 12, 16, 11.25], "texture": "#texture"},
				"up": {"uv": [15.75, 12, 16, 11.25], "texture": "#texture"},
				"down": {"uv": [15.75, 12, 16, 11.25], "texture": "#texture"}
			}
		},
		{
			"from": [12.45, 5.175, 7.1],
			"to": [12.7, 5.425, 8.1],
			"rotation": {"angle": 0, "axis": "y", "origin": [-3.05, -2.325, -0.4]},
			"faces": {
				"north": {"uv": [0.25, 9.5, 0.5, 9.75], "texture": "#texture"},
				"east": {"uv": [8, 9, 9, 10], "texture": "#texture"},
				"south": {"uv": [15.5, 9.5, 15.75, 9.75], "texture": "#texture"},
				"west": {"uv": [7.5, 9.5, 8.5, 9.75], "texture": "#texture"},
				"up": {"uv": [15.5, 7.5, 15.75, 8.5], "texture": "#texture"},
				"down": {"uv": [8, 9, 9, 10], "texture": "#texture"}
			}
		},
		{
			"from": [12.45, 4.3, 7.1],
			"to": [12.7, 4.55, 8.1],
			"rotation": {"angle": 0, "axis": "y", "origin": [-3.05, -2.325, -0.4]},
			"faces": {
				"north": {"uv": [0.25, 9.5, 0.5, 9.75], "texture": "#texture"},
				"south": {"uv": [15.5, 9.5, 15.75, 9.75], "texture": "#texture"},
				"west": {"uv": [7.5, 9.5, 8.5, 9.75], "texture": "#texture"},
				"up": {"uv": [15.5, 7.5, 15.75, 8.5], "texture": "#texture"}
			}
		},
		{
			"from": [12.175, 4.475, 7.35],
			"to": [12.425, 5.975, 7.85],
			"rotation": {"angle": -22.5, "axis": "z", "origin": [12.2, 5.675, 7.35]},
			"faces": {
				"north": {"uv": [0, 2, 0.25, 3.5], "texture": "#texture"},
				"east": {"uv": [7.5, 2, 8.5, 3.5], "texture": "#texture"},
				"south": {"uv": [15.75, 2, 16, 3.5], "texture": "#texture"},
				"west": {"uv": [7.5, 2, 8.5, 3.5], "texture": "#texture"},
				"up": {"uv": [15.75, 7.5, 16, 8.5], "texture": "#texture"},
				"down": {"uv": [0.25, 8.5, 0, 7.5], "texture": "#texture"}
			}
		},
		{
			"from": [10.7, 4.3, 7.1],
			"to": [10.95, 5.425, 8.1],
			"rotation": {"angle": 0, "axis": "y", "origin": [-3.05, -2.325, -0.4]},
			"faces": {
				"north": {"uv": [0, 8.5, 0.25, 9.75], "texture": "#texture"},
				"east": {"uv": [7.5, 8.5, 8.5, 9.75], "texture": "#texture", "cullface": "east"},
				"south": {"uv": [15.75, 8.5, 16, 9.75], "texture": "#texture"},
				"west": {"uv": [7.5, 8.5, 8.5, 9.75], "texture": "#texture"},
				"down": {"uv": [0.25, 8.5, 0, 7.5], "texture": "#texture"}
			}
		},
		{
			"from": [12.7, 4.3, 7.1],
			"to": [12.95, 5.425, 8.1],
			"rotation": {"angle": 0, "axis": "y", "origin": [-3.05, -2.325, -0.4]},
			"faces": {
				"north": {"uv": [0, 8.5, 0.25, 9.75], "texture": "#texture"},
				"east": {"uv": [7.5, 8.5, 8.5, 9.75], "texture": "#texture", "cullface": "east"},
				"south": {"uv": [15.75, 8.5, 16, 9.75], "texture": "#texture"},
				"west": {"uv": [7.5, 8.5, 8.5, 9.75], "texture": "#texture"},
				"down": {"uv": [0.25, 8.5, 0, 7.5], "texture": "#texture"}
			}
		},
		{
			"from": [10.95, 4.075, 7.1],
			"to": [12.7, 4.3, 8.1],
			"rotation": {"angle": 0, "axis": "y", "origin": [-3.05, -2.325, -0.4]},
			"faces": {
				"north": {"uv": [0.25, 9.75, 2, 10], "texture": "#texture"},
				"east": {"uv": [7.5, 9.75, 8.5, 10], "texture": "#texture"},
				"south": {"uv": [14, 9.75, 15.75, 10], "texture": "#texture"},
				"west": {"uv": [7.5, 9.75, 8.5, 10], "texture": "#texture"},
				"up": {"uv": [14, 7.5, 15.75, 8.5], "texture": "#texture"},
				"down": {"uv": [2, 8.5, 0.25, 7.5], "texture": "#texture"}
			}
		},
		{
			"from": [10.45, 5.425, 7.1],
			"to": [12.95, 5.65, 8.1],
			"rotation": {"angle": 0, "axis": "y", "origin": [-3.05, -2.225, -0.4]},
			"faces": {
				"north": {"uv": [0.25, 9.75, 2, 10], "texture": "#texture"},
				"east": {"uv": [7.5, 9.75, 8.5, 10], "texture": "#texture"},
				"south": {"uv": [14, 9.75, 15.75, 10], "texture": "#texture"},
				"west": {"uv": [7.5, 9.75, 8.5, 10], "texture": "#texture"},
				"up": {"uv": [14, 7.5, 15.75, 8.5], "texture": "#texture"},
				"down": {"uv": [2, 8.5, 0.25, 7.5], "texture": "#texture"}
			}
		},
		{
			"from": [10.95, 5.175, 7.1],
			"to": [11.2, 5.425, 8.1],
			"rotation": {"angle": 0, "axis": "y", "origin": [-3.05, -2.325, -0.4]},
			"faces": {
				"north": {"uv": [1.75, 9.5, 2.25, 9.75], "texture": "#texture"},
				"east": {"uv": [7.5, 9.5, 8.5, 9.75], "texture": "#texture"},
				"south": {"uv": [13.75, 9.5, 14.25, 9.75], "texture": "#texture"},
				"up": {"uv": [13.75, 7.5, 14.25, 8.5], "texture": "#texture"},
				"down": {"uv": [2.25, 8.5, 1.75, 7.5], "texture": "#texture"}
			}
		},
		{
			"from": [10.95, 4.3, 7.1],
			"to": [11.2, 4.55, 8.1],
			"rotation": {"angle": 0, "axis": "y", "origin": [-3.05, -2.325, -0.4]},
			"faces": {
				"north": {"uv": [1.75, 9.5, 2.25, 9.75], "texture": "#texture"},
				"east": {"uv": [7.5, 9.5, 8.5, 9.75], "texture": "#texture"},
				"south": {"uv": [13.75, 9.5, 14.25, 9.75], "texture": "#texture"},
				"up": {"uv": [13.75, 7.5, 14.25, 8.5], "texture": "#texture"},
				"down": {"uv": [2.25, 8.5, 1.75, 7.5], "texture": "#texture"}
			}
		},
		{
			"from": [14.25, 5.75, 7.25],
			"to": [14.75, 8.725, 7.95],
			"rotation": {"angle": 0, "axis": "y", "origin": [-2, -1.325, -0.4]},
			"faces": {
				"north": {"uv": [11.25, 4.75, 12.5, 5.25], "texture": "#texture"},
				"east": {"uv": [7.5, 4.75, 8.5, 5.25], "texture": "#texture"},
				"south": {"uv": [3.5, 4.75, 4.75, 5.25], "texture": "#texture"},
				"west": {"uv": [7.5, 4.75, 8.5, 5.25], "texture": "#texture"},
				"up": {"uv": [3.5, 7.5, 4.75, 8.5], "texture": "#texture"},
				"down": {"uv": [4, 7, 5, 8], "texture": "#texture"}
			}
		},
		{
			"from": [14.625, 6.65, 7.1],
			"to": [15.125, 7.025, 8.1],
			"rotation": {"angle": 0, "axis": "y", "origin": [-2, -1.325, -0.4]},
			"faces": {
				"north": {"uv": [15.35, 11.25, 16, 11.75], "texture": "#texture"},
				"east": {"uv": [15.3, 11.25, 16, 11.75], "texture": "#texture"},
				"south": {"uv": [15.25, 11.25, 16, 11.65], "rotation": 180, "texture": "#texture"},
				"west": {"uv": [15.3, 11.25, 16, 11.75], "texture": "#texture"},
				"up": {"uv": [15.35, 11.2, 16, 11.8], "texture": "#texture"},
				"down": {"uv": [15, 11, 16, 12], "texture": "#texture"}
			}
		},
		{
			"from": [14.7, 6.575, 7.1],
			"to": [15.05, 7.1, 8.1],
			"rotation": {"angle": 0, "axis": "y", "origin": [-2, -1.325, -0.4]},
			"faces": {
				"north": {"uv": [15.35, 11.25, 16, 11.75], "texture": "#texture"},
				"east": {"uv": [15.3, 11.25, 16, 11.75], "texture": "#texture"},
				"south": {"uv": [15.25, 11.25, 16, 11.65], "rotation": 180, "texture": "#texture"},
				"west": {"uv": [15.3, 11.25, 16, 11.75], "texture": "#texture"},
				"up": {"uv": [15.35, 11.2, 16, 11.8], "texture": "#texture"},
				"down": {"uv": [15, 11, 16, 12], "texture": "#texture"}
			}
		},
		{
			"from": [14.75, 5.95, 7.25],
			"to": [15.25, 8.475, 7.95],
			"rotation": {"angle": 0, "axis": "y", "origin": [-2, -1.325, -0.4]},
			"faces": {
				"north": {"uv": [11.25, 4.75, 12.5, 5.25], "texture": "#texture"},
				"east": {"uv": [7.5, 4.75, 8.5, 5.25], "texture": "#texture"},
				"south": {"uv": [3.5, 4.75, 4.75, 5.25], "texture": "#texture"},
				"west": {"uv": [7.5, 4.75, 8.5, 5.25], "texture": "#texture"},
				"up": {"uv": [3.5, 7.5, 4.75, 8.5], "texture": "#texture"},
				"down": {"uv": [4, 7, 5, 8], "texture": "#texture"}
			}
		},
		{
			"from": [15.25, 6.175, 7.25],
			"to": [15.5, 8.175, 7.95],
			"rotation": {"angle": 0, "axis": "y", "origin": [-2, -1.325, -0.4]},
			"faces": {
				"north": {"uv": [11.25, 4.75, 12.5, 5.25], "texture": "#texture"},
				"east": {"uv": [7.5, 4.75, 8.5, 5.25], "texture": "#texture"},
				"south": {"uv": [3.5, 4.75, 4.75, 5.25], "texture": "#texture"},
				"west": {"uv": [7.5, 4.75, 8.5, 5.25], "texture": "#texture"},
				"up": {"uv": [3.5, 7.5, 4.75, 8.5], "texture": "#texture"},
				"down": {"uv": [4, 7, 5, 8], "texture": "#texture"}
			}
		},
		{
			"from": [15.5, 6.5, 7.25],
			"to": [15.75, 7.675, 7.95],
			"rotation": {"angle": 0, "axis": "y", "origin": [-2, -1.325, -0.4]},
			"faces": {
				"north": {"uv": [11.25, 4.75, 12.5, 5.25], "texture": "#texture"},
				"east": {"uv": [7.5, 4.75, 8.5, 5.25], "texture": "#texture"},
				"south": {"uv": [3.5, 4.75, 4.75, 5.25], "texture": "#texture"},
				"west": {"uv": [7.5, 4.75, 8.5, 5.25], "texture": "#texture"},
				"up": {"uv": [3.5, 7.5, 4.75, 8.5], "texture": "#texture"},
				"down": {"uv": [4, 7, 5, 8], "texture": "#texture"}
			}
		},
		{
			"from": [-6, 7.8, 7.1],
			"to": [1, 8.3, 7.35],
			"rotation": {"angle": 0, "axis": "y", "origin": [4, 0.675, -0.4]},
			"faces": {
				"north": {"uv": [12.5, 6.25, 14.5, 6.75], "texture": "#texture"},
				"south": {"uv": [0.5, 6.25, 2.5, 6.75], "texture": "#texture"},
				"west": {"uv": [7.5, 6.25, 7.75, 6.75], "texture": "#texture"},
				"up": {"uv": [0.5, 7.5, 2.5, 7.75], "texture": "#texture"},
				"down": {"uv": [15.5, 7.75, 13.5, 7.5], "texture": "#texture"}
			}
		},
		{
			"from": [8.6, 9, 7.45],
			"to": [9.1, 9.075, 7.75],
			"rotation": {"angle": 0, "axis": "y", "origin": [7, 0.675, -0.4]},
			"faces": {
				"north": {"uv": [9.25, 6, 12.75, 7.25], "texture": "#texture"},
				"east": {"uv": [7, 6, 9, 7.25], "texture": "#texture"},
				"south": {"uv": [3.25, 6, 6.75, 7.25], "texture": "#texture"},
				"west": {"uv": [7, 6, 9, 7.25], "texture": "#texture"},
				"up": {"uv": [3.25, 7, 6.75, 9], "texture": "#texture"},
				"down": {"uv": [12.75, 9, 9.25, 7], "texture": "#texture"}
			}
		},
		{
			"from": [8.6, 9.1, 7.175],
			"to": [8.75, 9.175, 7.45],
			"rotation": {"angle": 0, "axis": "y", "origin": [7, 0.675, -0.4]},
			"faces": {
				"north": {"uv": [9.25, 6, 12.75, 7.25], "texture": "#texture"},
				"east": {"uv": [7, 6, 9, 7.25], "texture": "#texture"},
				"south": {"uv": [3.25, 6, 6.75, 7.25], "texture": "#texture"},
				"west": {"uv": [7, 6, 9, 7.25], "texture": "#texture"},
				"up": {"uv": [3.25, 7, 6.75, 9], "texture": "#texture"},
				"down": {"uv": [12.75, 9, 9.25, 7], "texture": "#texture"}
			}
		},
		{
			"from": [8.6, 9.1, 7.75],
			"to": [8.75, 9.175, 8.025],
			"rotation": {"angle": 0, "axis": "y", "origin": [7, 0.675, -0.4]},
			"faces": {
				"north": {"uv": [9.25, 6, 12.75, 7.25], "texture": "#texture"},
				"east": {"uv": [7, 6, 9, 7.25], "texture": "#texture"},
				"south": {"uv": [3.25, 6, 6.75, 7.25], "texture": "#texture"},
				"west": {"uv": [7, 6, 9, 7.25], "texture": "#texture"},
				"up": {"uv": [3.25, 7, 6.75, 9], "texture": "#texture"},
				"down": {"uv": [12.75, 9, 9.25, 7], "texture": "#texture"}
			}
		},
		{
			"from": [8.35, 8.925, 7.1],
			"to": [9.35, 9.025, 8.1],
			"rotation": {"angle": 0, "axis": "y", "origin": [7, 0.675, -0.4]},
			"faces": {
				"north": {"uv": [9.25, 6, 12.75, 7.25], "texture": "#texture"},
				"east": {"uv": [7, 6, 9, 7.25], "texture": "#texture"},
				"south": {"uv": [3.25, 6, 6.75, 7.25], "texture": "#texture"},
				"west": {"uv": [7, 6, 9, 7.25], "texture": "#texture"},
				"up": {"uv": [3.25, 7, 6.75, 9], "texture": "#texture"},
				"down": {"uv": [12.75, 9, 9.25, 7], "texture": "#texture"}
			}
		},
		{
			"from": [8.6, 8.8, 7.175],
			"to": [9.1, 9.125, 7.45],
			"rotation": {"angle": 0, "axis": "y", "origin": [7, 0.675, -0.4]},
			"faces": {
				"north": {"uv": [9.25, 6, 12.75, 7.25], "texture": "#texture"},
				"east": {"uv": [7, 6, 9, 7.25], "texture": "#texture"},
				"south": {"uv": [3.25, 6, 6.75, 7.25], "texture": "#texture"},
				"west": {"uv": [7, 6, 9, 7.25], "texture": "#texture"},
				"up": {"uv": [3.25, 7, 6.75, 9], "texture": "#texture"},
				"down": {"uv": [12.75, 9, 9.25, 7], "texture": "#texture"}
			}
		},
		{
			"from": [8.6, 8.8, 7.75],
			"to": [9.1, 9.125, 8.025],
			"rotation": {"angle": 0, "axis": "y", "origin": [7, 0.675, -0.4]},
			"faces": {
				"north": {"uv": [9.25, 6, 12.75, 7.25], "texture": "#texture"},
				"east": {"uv": [7, 6, 9, 7.25], "texture": "#texture"},
				"south": {"uv": [3.25, 6, 6.75, 7.25], "texture": "#texture"},
				"west": {"uv": [7, 6, 9, 7.25], "texture": "#texture"},
				"up": {"uv": [3.25, 7, 6.75, 9], "texture": "#texture"},
				"down": {"uv": [12.75, 9, 9.25, 7], "texture": "#texture"}
			}
		},
		{
			"from": [-6, 8.3, 7.35],
			"to": [1, 8.55, 7.85],
			"rotation": {"angle": 0, "axis": "y", "origin": [4, 0.675, -0.4]},
			"faces": {
				"north": {"uv": [12.5, 6, 14.5, 6.25], "texture": "#texture"},
				"south": {"uv": [0.5, 6, 2.5, 6.25], "texture": "#texture"},
				"west": {"uv": [7.75, 6, 8.25, 6.25], "texture": "#texture"},
				"up": {"uv": [0.5, 7.75, 2.5, 8.25], "texture": "#texture"},
				"down": {"uv": [15.5, 8.25, 13.5, 7.75], "texture": "#texture"}
			}
		},
		{
			"from": [-6, 7.55, 7.35],
			"to": [1, 7.8, 7.85],
			"rotation": {"angle": 0, "axis": "y", "origin": [4, 0.675, -0.4]},
			"faces": {
				"north": {"uv": [12.5, 6.75, 14.5, 7], "texture": "#texture"},
				"south": {"uv": [0.5, 6.75, 2.5, 7], "texture": "#texture"},
				"west": {"uv": [7.75, 6.75, 8.25, 7], "texture": "#texture"},
				"up": {"uv": [0.5, 7.75, 2.5, 8.25], "texture": "#texture"},
				"down": {"uv": [15.5, 8.25, 13.5, 7.75], "texture": "#texture"}
			}
		},
		{
			"from": [-4.425, 7.8, 7.35],
			"to": [-3.75, 8.3, 7.85],
			"rotation": {"angle": 0, "axis": "y", "origin": [4, 0.675, -0.4]},
			"faces": {
				"north": {"uv": [13.5, 6.75, 15.5, 7], "texture": "#texture"},
				"south": {"uv": [0.5, 6.75, 2.5, 7], "texture": "#texture"},
				"west": {"uv": [7.75, 6.75, 8.25, 7], "texture": "#texture"},
				"up": {"uv": [0.5, 7.75, 2.5, 8.25], "texture": "#texture"},
				"down": {"uv": [15.5, 8.25, 13.5, 7.75], "texture": "#texture"}
			}
		},
		{
			"from": [-6, 7.8, 7.85],
			"to": [1, 8.3, 8.1],
			"rotation": {"angle": 0, "axis": "y", "origin": [4, 0.675, -0.4]},
			"faces": {
				"north": {"uv": [12.5, 6.25, 14.5, 6.75], "texture": "#texture"},
				"south": {"uv": [0.5, 6.25, 2.5, 6.75], "texture": "#texture"},
				"west": {"uv": [8.25, 6.25, 8.5, 6.75], "texture": "#texture"},
				"up": {"uv": [0.5, 8.25, 2.5, 8.5], "texture": "#texture"},
				"down": {"uv": [15.5, 8.5, 13.5, 8.25], "texture": "#texture"}
			}
		},
		{
			"from": [1.5, 7.175, 7.1],
			"to": [13.375, 8.925, 8.1],
			"rotation": {"angle": 0, "axis": "y", "origin": [4, 0.675, -0.4]},
			"faces": {
				"north": {"uv": [9.25, 6, 12.75, 7.25], "texture": "#texture"},
				"east": {"uv": [7, 6, 9, 7.25], "texture": "#texture"},
				"south": {"uv": [3.25, 6, 6.75, 7.25], "texture": "#texture"},
				"west": {"uv": [7, 6, 9, 7.25], "texture": "#texture"},
				"up": {"uv": [3.25, 7, 6.75, 9], "texture": "#texture"},
				"down": {"uv": [12.75, 9, 9.25, 7], "texture": "#texture"}
			}
		},
		{
			"from": [13, 7.425, 6.8],
			"to": [14.375, 8.725, 8.4],
			"rotation": {"angle": 0, "axis": "y", "origin": [4, 0.675, -0.4]},
			"faces": {
				"north": {"uv": [9.25, 6, 12.75, 7.25], "texture": "#texture"},
				"east": {"uv": [7, 6, 9, 7.25], "texture": "#texture"},
				"south": {"uv": [3.25, 6, 6.75, 7.25], "texture": "#texture"},
				"west": {"uv": [7, 6, 9, 7.25], "texture": "#texture"},
				"up": {"uv": [3.25, 7, 6.75, 9], "texture": "#texture"},
				"down": {"uv": [12.75, 9, 9.25, 7], "texture": "#texture"}
			}
		},
		{
			"from": [13, 7.175, 7.05],
			"to": [14.375, 8.975, 8.15],
			"rotation": {"angle": 0, "axis": "y", "origin": [4, 0.675, -0.4]},
			"faces": {
				"north": {"uv": [9.25, 6, 12.75, 7.25], "texture": "#texture"},
				"east": {"uv": [7, 6, 9, 7.25], "texture": "#texture"},
				"south": {"uv": [3.25, 6, 6.75, 7.25], "texture": "#texture"},
				"west": {"uv": [7, 6, 9, 7.25], "texture": "#texture"},
				"up": {"uv": [3.25, 7, 6.75, 9], "texture": "#texture"},
				"down": {"uv": [12.75, 9, 9.25, 7], "texture": "#texture"}
			}
		},
		{
			"from": [-5.4, 9.05, 7.85],
			"to": [-4.85, 9.55, 8.1],
			"rotation": {"angle": 0, "axis": "y", "origin": [4, 0.425, -0.4]},
			"faces": {
				"north": {"uv": [9.25, 6, 12.75, 7.25], "texture": "#texture"},
				"east": {"uv": [7, 6, 9, 7.25], "texture": "#texture"},
				"south": {"uv": [3.25, 6, 6.75, 7.25], "texture": "#texture"},
				"west": {"uv": [7, 6, 9, 7.25], "texture": "#texture"},
				"up": {"uv": [3.25, 7, 6.75, 9], "texture": "#texture"},
				"down": {"uv": [12.75, 9, 9.25, 7], "texture": "#texture"}
			}
		},
		{
			"from": [-5.4, 9.05, 7.1],
			"to": [-4.85, 9.55, 7.35],
			"rotation": {"angle": 0, "axis": "y", "origin": [4, 0.425, -0.4]},
			"faces": {
				"north": {"uv": [9.25, 6, 12.75, 7.25], "texture": "#texture"},
				"east": {"uv": [7, 6, 9, 7.25], "texture": "#texture"},
				"south": {"uv": [3.25, 6, 6.75, 7.25], "texture": "#texture"},
				"west": {"uv": [7, 6, 9, 7.25], "texture": "#texture"},
				"up": {"uv": [3.25, 7, 6.75, 9], "texture": "#texture"},
				"down": {"uv": [12.75, 9, 9.25, 7], "texture": "#texture"}
			}
		},
		{
			"from": [-5.4, 9.55, 7.35],
			"to": [-4.85, 9.8, 7.85],
			"rotation": {"angle": 0, "axis": "y", "origin": [4, 0.425, -0.4]},
			"faces": {
				"north": {"uv": [9.25, 6, 12.75, 7.25], "texture": "#texture"},
				"east": {"uv": [7, 6, 9, 7.25], "texture": "#texture"},
				"south": {"uv": [3.25, 6, 6.75, 7.25], "texture": "#texture"},
				"west": {"uv": [7, 6, 9, 7.25], "texture": "#texture"},
				"up": {"uv": [3.25, 7, 6.75, 9], "texture": "#texture"},
				"down": {"uv": [12.75, 9, 9.25, 7], "texture": "#texture"}
			}
		},
		{
			"from": [-5.4, 8.8, 7.35],
			"to": [-4.85, 9.05, 7.85],
			"rotation": {"angle": 0, "axis": "y", "origin": [4, 0.425, -0.4]},
			"faces": {
				"north": {"uv": [9.25, 6, 12.75, 7.25], "texture": "#texture"},
				"east": {"uv": [7, 6, 9, 7.25], "texture": "#texture"},
				"south": {"uv": [3.25, 6, 6.75, 7.25], "texture": "#texture"},
				"west": {"uv": [7, 6, 9, 7.25], "texture": "#texture"},
				"up": {"uv": [3.25, 7, 6.75, 9], "texture": "#texture"},
				"down": {"uv": [12.75, 9, 9.25, 7], "texture": "#texture"}
			}
		},
		{
			"from": [1.5, 7.425, 6.85],
			"to": [13.375, 8.675, 8.35],
			"rotation": {"angle": 0, "axis": "y", "origin": [4, 0.675, -0.4]},
			"faces": {
				"north": {"uv": [9.25, 6, 12.75, 7.25], "texture": "#texture"},
				"east": {"uv": [7, 6, 9, 7.25], "texture": "#texture"},
				"south": {"uv": [3.25, 6, 6.75, 7.25], "texture": "#texture"},
				"west": {"uv": [7, 6, 9, 7.25], "texture": "#texture"},
				"up": {"uv": [3.25, 7, 6.75, 9], "texture": "#texture"},
				"down": {"uv": [12.75, 9, 9.25, 7], "texture": "#texture"}
			}
		},
		{
			"from": [1, 7.675, 6.975],
			"to": [2, 8.425, 8.225],
			"rotation": {"angle": 0, "axis": "y", "origin": [4, 0.675, -0.4]},
			"faces": {
				"north": {"uv": [9.25, 6, 12.75, 7.25], "texture": "#texture"},
				"east": {"uv": [7, 6, 9, 7.25], "texture": "#texture"},
				"south": {"uv": [3.25, 6, 6.75, 7.25], "texture": "#texture"},
				"west": {"uv": [7, 6, 9, 7.25], "texture": "#texture"},
				"up": {"uv": [3.25, 7, 6.75, 9], "texture": "#texture"},
				"down": {"uv": [12.75, 9, 9.25, 7], "texture": "#texture"}
			}
		},
		{
			"from": [1, 7.425, 7.225],
			"to": [2, 8.675, 7.975],
			"rotation": {"angle": 0, "axis": "y", "origin": [4, 0.675, -0.4]},
			"faces": {
				"north": {"uv": [9.25, 6, 12.75, 7.25], "texture": "#texture"},
				"east": {"uv": [7, 6, 9, 7.25], "texture": "#texture"},
				"south": {"uv": [3.25, 6, 6.75, 7.25], "texture": "#texture"},
				"west": {"uv": [7, 6, 9, 7.25], "texture": "#texture"},
				"up": {"uv": [3.25, 7, 6.75, 9], "texture": "#texture"},
				"down": {"uv": [12.75, 9, 9.25, 7], "texture": "#texture"}
			}
		},
		{
			"from": [-6.55, 3.75, 7.45],
			"to": [-5.375, 4.275, 7.75],
			"rotation": {"angle": -22.5, "axis": "z", "origin": [4, 0.425, -0.4]},
			"faces": {
				"north": {"uv": [9.25, 6, 12.75, 7.25], "texture": "#texture"},
				"east": {"uv": [7, 6, 9, 7.25], "texture": "#texture"},
				"south": {"uv": [3.25, 6, 6.75, 7.25], "texture": "#texture"},
				"west": {"uv": [7, 6, 9, 7.25], "texture": "#texture"},
				"up": {"uv": [3.25, 7, 6.75, 9], "texture": "#texture"},
				"down": {"uv": [12.75, 9, 9.25, 7], "texture": "#texture"}
			}
		},
		{
			"from": [-5.4, 8.55, 7.425],
			"to": [-4.6, 8.8, 7.775],
			"rotation": {"angle": 0, "axis": "y", "origin": [4, 0.425, -0.4]},
			"faces": {
				"north": {"uv": [9.25, 6, 12.75, 7.25], "texture": "#texture"},
				"east": {"uv": [7, 6, 9, 7.25], "texture": "#texture"},
				"south": {"uv": [3.25, 6, 6.75, 7.25], "texture": "#texture"},
				"west": {"uv": [7, 6, 9, 7.25], "texture": "#texture"},
				"up": {"uv": [3.25, 7, 6.75, 9], "texture": "#texture"},
				"down": {"uv": [12.75, 9, 9.25, 7], "texture": "#texture"}
			}
		},
		{
			"from": [3, -0.75, 7.1],
			"to": [4.325, 5.35, 8.1],
			"rotation": {"angle": 0, "axis": "y", "origin": [7, -2.5, -0.4]},
			"faces": {
				"north": {"uv": [10.75, 5.2, 16, 5.95], "texture": "#texture"},
				"east": {"uv": [15.8, 5.2, 16, 5.95], "texture": "#texture"},
				"south": {"uv": [10.8, 5.2, 15.95, 5.95], "texture": "#texture"},
				"west": {"uv": [10.8, 5.2, 11.5, 5.95], "texture": "#texture"},
				"down": {"uv": [16, 5.9, 15.05, 5.2], "texture": "#texture"}
			}
		},
		{
			"from": [2.85, 5, 7],
			"to": [4.45, 7.6, 8.225],
			"rotation": {"angle": 0, "axis": "y", "origin": [7, -2.5, -0.4]},
			"faces": {
				"north": {"uv": [5.75, 11, 7, 14.25], "texture": "#texture"},
				"east": {"uv": [7.5, 11, 8.5, 14.25], "texture": "#texture"},
				"south": {"uv": [9, 11, 10.25, 14.25], "texture": "#texture"},
				"west": {"uv": [7.5, 11, 8.5, 14.25], "texture": "#texture"},
				"down": {"uv": [7, 8.5, 5.75, 7.5], "texture": "#texture"}
			}
		},
		{
			"from": [4.425, 6.25, 7],
			"to": [5.575, 7.6, 8.225],
			"rotation": {"angle": 0, "axis": "y", "origin": [7, -2.5, -0.4]},
			"faces": {
				"north": {"uv": [5.75, 11, 7, 14.25], "texture": "#texture"},
				"east": {"uv": [7.5, 11, 8.5, 14.25], "texture": "#texture"},
				"south": {"uv": [9, 11, 10.25, 14.25], "texture": "#texture"},
				"west": {"uv": [7.5, 11, 8.5, 14.25], "texture": "#texture"},
				"down": {"uv": [7, 8.5, 5.75, 7.5], "texture": "#texture"}
			}
		},
		{
			"from": [4.6, 6, 7.05],
			"to": [5.85, 7.6, 8.175],
			"rotation": {"angle": 0, "axis": "y", "origin": [7, -2.5, -0.4]},
			"faces": {
				"north": {"uv": [5.75, 11, 7, 14.25], "texture": "#1"},
				"east": {"uv": [7.5, 11, 8.5, 14.25], "texture": "#1"},
				"south": {"uv": [9, 11, 10.25, 14.25], "texture": "#1"},
				"west": {"uv": [7.5, 11, 8.5, 14.25], "texture": "#1"},
				"down": {"uv": [7, 8.5, 5.75, 7.5], "texture": "#1"}
			}
		}
	],
	"gui_light": "front",
	"display": {
		"thirdperson_righthand": {
			"rotation": [0, -102, 0],
			"translation": [0.5, 2.25, -3],
			"scale": [0.87, 0.86, 0.86]
		},
		"thirdperson_lefthand": {
			"rotation": [0, 78, 0],
			"translation": [1.25, 2.25, -3],
			"scale": [0.87, 0.86, 0.86]
		},
		"firstperson_righthand": {
			"rotation": [180, -79.97, 180],
			"translation": [0.912, 7.1, 0.1],
			"scale": [0.97, 0.97, 0.99]
		},
		"firstperson_lefthand": {
			"rotation": [0, 80.15, 0],
			"translation": [1.54, 5.55, 0.25],
			"scale": [0.97, 0.97, 0.99]
		},
		"ground": {
			"translation": [2.25, 5.25, 0],
			"scale": [1.04, 1.01, 0.96]
		},
		"gui": {
			"rotation": [0, 0, -45],
			"translation": [2, -0.5, 0],
			"scale": [0.76, 0.76, 0.8]
		},
		"fixed": {
			"rotation": [0, 180, -45],
			"translation": [-3, -0.7, -1.1],
			"scale": [1.14, 1.14, 1.14]
		}
	}
}