{
	"credit": "Made by SrDarmith - YouTube: Mainclay",
	"textures": {
		"texture": "item/anvil_1"
	},
	"elements": [
		{
			"from": [1, 6.675, 7.1],
			"to": [2.5, 7.175, 7.35],
			"rotation": {"angle": 0, "axis": "y", "origin": [3.75, 0.325, -0.4]},
			"faces": {
				"north": {"uv": [13, 12, 15, 10], "texture": "#texture"},
				"south": {"uv": [15, 12, 13, 10], "texture": "#texture"},
				"west": {"uv": [15, 12, 13, 10], "texture": "#texture"},
				"up": {"uv": [15, 12, 13, 10], "texture": "#texture"},
				"down": {"uv": [15, 12, 13, 10], "texture": "#texture"}
			}
		},
		{
			"from": [1, 7.175, 7.35],
			"to": [2.5, 7.425, 7.85],
			"rotation": {"angle": 0, "axis": "y", "origin": [3.75, 0.325, -0.4]},
			"faces": {
				"north": {"uv": [13, 12, 15, 10], "texture": "#texture"},
				"south": {"uv": [15, 12, 13, 10], "texture": "#texture"},
				"west": {"uv": [15, 12, 13, 10], "texture": "#texture"},
				"up": {"uv": [15, 12, 13, 10], "texture": "#texture"},
				"down": {"uv": [15, 12, 13, 10], "texture": "#texture"}
			}
		},
		{
			"from": [1, 6.425, 7.35],
			"to": [2.5, 6.675, 7.85],
			"rotation": {"angle": 0, "axis": "y", "origin": [3.75, 0.325, -0.4]},
			"faces": {
				"north": {"uv": [13, 12, 15, 10], "texture": "#texture"},
				"south": {"uv": [15, 12, 13, 10], "texture": "#texture"},
				"west": {"uv": [15, 12, 13, 10], "texture": "#texture"},
				"up": {"uv": [15, 12, 13, 10], "texture": "#texture"},
				"down": {"uv": [15, 12, 13, 10], "texture": "#texture"}
			}
		},
		{
			"from": [1, 6.675, 7.85],
			"to": [2.5, 7.175, 8.1],
			"rotation": {"angle": 0, "axis": "y", "origin": [3.75, 0.325, -0.4]},
			"faces": {
				"north": {"uv": [13, 12, 15, 10], "texture": "#texture"},
				"south": {"uv": [15, 12, 13, 10], "texture": "#texture"},
				"west": {"uv": [15, 12, 13, 10], "texture": "#texture"},
				"up": {"uv": [15, 12, 13, 10], "texture": "#texture"},
				"down": {"uv": [15, 12, 13, 10], "texture": "#texture"}
			}
		},
		{
			"from": [2.5, 6.325, 6.4],
			"to": [8.75, 7.325, 8.775],
			"rotation": {"angle": 0, "axis": "y", "origin": [3.75, 0.325, -0.4]},
			"faces": {
				"north": {"uv": [16, 12, 15, 11], "texture": "#texture"},
				"east": {"uv": [16, 12, 15, 11], "texture": "#texture"},
				"south": {"uv": [16, 12, 15, 11], "texture": "#texture"},
				"west": {"uv": [16, 12, 15, 11], "texture": "#texture"},
				"up": {"uv": [16, 12, 15, 11], "texture": "#texture"},
				"down": {"uv": [15, 11, 16, 12], "texture": "#texture"}
			}
		},
		{
			"from": [2.5, 5.775, 6.65],
			"to": [8.75, 7.825, 8.525],
			"rotation": {"angle": 0, "axis": "y", "origin": [3.75, 0.325, -0.4]},
			"faces": {
				"north": {"uv": [16, 12, 15, 11], "texture": "#texture"},
				"east": {"uv": [16, 12, 15, 11], "texture": "#texture"},
				"south": {"uv": [16, 12, 15, 11], "texture": "#texture"},
				"west": {"uv": [16, 12, 15, 11], "texture": "#texture"},
				"up": {"uv": [16, 12, 15, 11], "texture": "#texture"},
				"down": {"uv": [15, 11, 16, 12], "texture": "#texture"}
			}
		},
		{
			"from": [2.525, 6.25, 6.85],
			"to": [16.275, 7.95, 8.35],
			"rotation": {"angle": 0, "axis": "y", "origin": [3.75, 0.325, -0.4]},
			"faces": {
				"north": {"uv": [2, 16, 0, 14], "texture": "#texture"},
				"east": {"uv": [2, 16, 0, 14], "texture": "#texture"},
				"south": {"uv": [2, 16, 0, 14], "texture": "#texture"},
				"west": {"uv": [2, 16, 0, 14], "texture": "#texture"},
				"up": {"uv": [2, 16, 0, 14], "texture": "#texture"},
				"down": {"uv": [0, 16, 2, 14], "texture": "#texture"}
			}
		},
		{
			"from": [21, 3.95, 6.85],
			"to": [21.675, 7.45, 8.35],
			"rotation": {"angle": 0, "axis": "y", "origin": [8.75, 0.075, -0.4]},
			"faces": {
				"north": {"uv": [16, 12, 15, 11], "texture": "#texture"},
				"east": {"uv": [16, 12, 15, 11], "texture": "#texture"},
				"south": {"uv": [16, 12, 15, 11], "texture": "#texture"},
				"west": {"uv": [16, 12, 15, 11], "texture": "#texture"},
				"up": {"uv": [16, 12, 15, 11], "texture": "#texture"},
				"down": {"uv": [15, 11, 16, 12], "texture": "#texture"}
			}
		},
		{
			"from": [21.25, 3.775, 7.1],
			"to": [22.025, 7.7, 8.1],
			"rotation": {"angle": 0, "axis": "y", "origin": [8.75, 0.075, -0.4]},
			"faces": {
				"north": {"uv": [16, 12, 15, 11], "texture": "#texture"},
				"east": {"uv": [16, 12, 15, 11], "texture": "#texture"},
				"south": {"uv": [16, 12, 15, 11], "texture": "#texture"},
				"west": {"uv": [16, 12, 15, 11], "texture": "#texture"},
				"up": {"uv": [16, 12, 15, 11], "texture": "#texture"},
				"down": {"uv": [15, 11, 16, 12], "texture": "#texture"}
			}
		},
		{
			"from": [15.175, 6.925, 8.35],
			"to": [22, 7.45, 8.6],
			"rotation": {"angle": 0, "axis": "y", "origin": [8.75, 0.325, -0.4]},
			"faces": {
				"north": {"uv": [9, 8, 10, 9], "texture": "#texture"},
				"east": {"uv": [9, 8, 10, 9], "texture": "#texture"},
				"south": {"uv": [9, 8, 10, 9], "texture": "#texture"},
				"west": {"uv": [9, 8, 10, 9], "texture": "#texture"},
				"up": {"uv": [9, 8, 10, 9], "texture": "#texture"},
				"down": {"uv": [10, 9, 9, 8], "texture": "#texture"}
			}
		},
		{
			"from": [-5, 6.175, 7.1],
			"to": [2, 6.675, 8.1],
			"rotation": {"angle": 0, "axis": "y", "origin": [3.75, 0.075, -0.4]},
			"faces": {
				"north": {"uv": [1, 12, 0, 11], "texture": "#texture"},
				"east": {"uv": [1, 12, 0, 11], "texture": "#texture"},
				"south": {"uv": [1, 12, 0, 11], "texture": "#texture"},
				"west": {"uv": [1, 12, 0, 11], "texture": "#texture"},
				"up": {"uv": [1, 12, 0, 11], "texture": "#texture"},
				"down": {"uv": [0, 11, 1, 12], "texture": "#texture"}
			}
		},
		{
			"from": [-5, 7.175, 7.1],
			"to": [2, 7.675, 8.1],
			"rotation": {"angle": 0, "axis": "y", "origin": [3.75, 0.075, -0.4]},
			"faces": {
				"north": {"uv": [1, 12, 0, 11], "texture": "#texture"},
				"east": {"uv": [1, 12, 0, 11], "texture": "#texture"},
				"south": {"uv": [1, 12, 0, 11], "texture": "#texture"},
				"west": {"uv": [1, 12, 0, 11], "texture": "#texture"},
				"up": {"uv": [1, 12, 0, 11], "texture": "#texture"},
				"down": {"uv": [0, 11, 1, 12], "texture": "#texture"}
			}
		},
		{
			"from": [-5, 6.425, 6.85],
			"to": [2, 7.425, 7.35],
			"rotation": {"angle": 0, "axis": "y", "origin": [3.75, 0.075, -0.4]},
			"faces": {
				"north": {"uv": [1, 12, 0, 11], "texture": "#texture"},
				"east": {"uv": [1, 12, 0, 11], "texture": "#texture"},
				"south": {"uv": [1, 12, 0, 11], "texture": "#texture"},
				"west": {"uv": [1, 12, 0, 11], "texture": "#texture"},
				"up": {"uv": [1, 12, 0, 11], "texture": "#texture"},
				"down": {"uv": [0, 11, 1, 12], "texture": "#texture"}
			}
		},
		{
			"from": [-5, 6.425, 7.85],
			"to": [2, 7.425, 8.35],
			"rotation": {"angle": 0, "axis": "y", "origin": [3.75, 0.075, -0.4]},
			"faces": {
				"north": {"uv": [1, 12, 0, 11], "texture": "#texture"},
				"east": {"uv": [1, 12, 0, 11], "texture": "#texture"},
				"south": {"uv": [1, 12, 0, 11], "texture": "#texture"},
				"west": {"uv": [1, 12, 0, 11], "texture": "#texture"},
				"up": {"uv": [1, 12, 0, 11], "texture": "#texture"},
				"down": {"uv": [0, 11, 1, 12], "texture": "#texture"}
			}
		},
		{
			"from": [13.975, 8.125, 7.15],
			"to": [14.225, 8.475, 8.05],
			"rotation": {"angle": 0, "axis": "y", "origin": [2.75, -2.675, -0.4]},
			"faces": {
				"north": {"uv": [13, 5.25, 14, 5.75], "texture": "#texture"},
				"east": {"uv": [7.5, 5.25, 8.5, 5.75], "texture": "#texture"},
				"south": {"uv": [2, 5.25, 3, 5.75], "texture": "#texture"},
				"west": {"uv": [7.5, 5.25, 8.5, 5.75], "texture": "#texture"},
				"up": {"uv": [2, 7.5, 3, 8.5], "texture": "#texture"},
				"down": {"uv": [8, 5, 9, 6], "texture": "#texture"}
			}
		},
		{
			"from": [14.475, 8.75, 7.1],
			"to": [14.8, 9.525, 7.3],
			"rotation": {"angle": 0, "axis": "y", "origin": [2.75, -2.675, -0.4]},
			"faces": {
				"north": {"uv": [1, 6, 1.5, 6.25], "texture": "#texture"},
				"east": {"uv": [7.75, 6, 8.25, 6.25], "texture": "#texture"},
				"south": {"uv": [14.5, 6, 15, 6.25], "texture": "#texture"},
				"west": {"uv": [7.75, 6, 8.25, 6.25], "texture": "#texture"},
				"up": {"uv": [14.5, 7.75, 15, 8.25], "texture": "#texture"},
				"down": {"uv": [8, 6, 9, 7], "texture": "#texture"}
			}
		},
		{
			"from": [14.475, 8.75, 7.9],
			"to": [14.8, 9.525, 8.1],
			"rotation": {"angle": 0, "axis": "y", "origin": [2.75, -2.675, -0.4]},
			"faces": {
				"north": {"uv": [1, 6, 1.5, 6.25], "texture": "#texture"},
				"east": {"uv": [7.75, 6, 8.25, 6.25], "texture": "#texture"},
				"south": {"uv": [14.5, 6, 15, 6.25], "texture": "#texture"},
				"west": {"uv": [7.75, 6, 8.25, 6.25], "texture": "#texture"},
				"up": {"uv": [14.5, 7.75, 15, 8.25], "texture": "#texture"},
				"down": {"uv": [8, 6, 9, 7], "texture": "#texture"}
			}
		},
		{
			"from": [14.525, 9.1, 7.375],
			"to": [14.675, 9.4, 7.475],
			"rotation": {"angle": 0, "axis": "y", "origin": [2.75, -2.675, -0.4]},
			"faces": {
				"north": {"uv": [1, 6, 1.5, 6.25], "texture": "#texture"},
				"east": {"uv": [7.75, 6, 8.25, 6.25], "texture": "#texture"},
				"south": {"uv": [14.5, 6, 15, 6.25], "texture": "#texture"},
				"west": {"uv": [7.75, 6, 8.25, 6.25], "texture": "#texture"},
				"up": {"uv": [14.5, 7.75, 15, 8.25], "texture": "#texture"},
				"down": {"uv": [8, 6, 9, 7], "texture": "#texture"}
			}
		},
		{
			"from": [14.525, 9.1, 7.725],
			"to": [14.675, 9.4, 7.825],
			"rotation": {"angle": 0, "axis": "y", "origin": [2.75, -2.675, -0.4]},
			"faces": {
				"north": {"uv": [1, 6, 1.5, 6.25], "texture": "#texture"},
				"east": {"uv": [7.75, 6, 8.25, 6.25], "texture": "#texture"},
				"south": {"uv": [14.5, 6, 15, 6.25], "texture": "#texture"},
				"west": {"uv": [7.75, 6, 8.25, 6.25], "texture": "#texture"},
				"up": {"uv": [14.5, 7.75, 15, 8.25], "texture": "#texture"},
				"down": {"uv": [8, 6, 9, 7], "texture": "#texture"}
			}
		},
		{
			"from": [14.525, 9.4, 7.475],
			"to": [14.675, 9.5, 7.725],
			"rotation": {"angle": 0, "axis": "y", "origin": [2.75, -2.675, -0.4]},
			"faces": {
				"north": {"uv": [1, 6, 1.5, 6.25], "texture": "#texture"},
				"east": {"uv": [7.75, 6, 8.25, 6.25], "texture": "#texture"},
				"south": {"uv": [14.5, 6, 15, 6.25], "texture": "#texture"},
				"west": {"uv": [7.75, 6, 8.25, 6.25], "texture": "#texture"},
				"up": {"uv": [14.5, 7.75, 15, 8.25], "texture": "#texture"},
				"down": {"uv": [8, 6, 9, 7], "texture": "#texture"}
			}
		},
		{
			"from": [14.525, 8.85, 7.475],
			"to": [14.675, 9.1, 7.725],
			"rotation": {"angle": 0, "axis": "y", "origin": [2.75, -2.675, -0.4]},
			"faces": {
				"north": {"uv": [1, 6, 1.5, 6.25], "texture": "#texture"},
				"east": {"uv": [7.75, 6, 8.25, 6.25], "texture": "#texture"},
				"south": {"uv": [14.5, 6, 15, 6.25], "texture": "#texture"},
				"west": {"uv": [7.75, 6, 8.25, 6.25], "texture": "#texture"},
				"up": {"uv": [14.5, 7.75, 15, 8.25], "texture": "#texture"}
			}
		},
		{
			"from": [14.475, 8.625, 7.225],
			"to": [14.8, 8.85, 7.975],
			"rotation": {"angle": 0, "axis": "y", "origin": [2.75, -2.675, -0.4]},
			"faces": {
				"north": {"uv": [1, 6, 1.5, 6.25], "texture": "#texture"},
				"east": {"uv": [7.75, 6, 8.25, 6.25], "texture": "#texture"},
				"south": {"uv": [14.5, 6, 15, 6.25], "texture": "#texture"},
				"west": {"uv": [7.75, 6, 8.25, 6.25], "texture": "#texture"},
				"up": {"uv": [14.5, 7.75, 15, 8.25], "texture": "#texture"}
			}
		},
		{
			"from": [14.225, 8.125, 7.15],
			"to": [14.8, 8.625, 8.05],
			"rotation": {"angle": 0, "axis": "y", "origin": [2.75, -2.675, -0.4]},
			"faces": {
				"north": {"uv": [1, 6, 1.5, 6.25], "texture": "#texture"},
				"east": {"uv": [7.75, 6, 8.25, 6.25], "texture": "#texture"},
				"south": {"uv": [14.5, 6, 15, 6.25], "texture": "#texture"},
				"west": {"uv": [7.75, 6, 8.25, 6.25], "texture": "#texture"},
				"up": {"uv": [14.5, 7.75, 15, 8.25], "texture": "#texture"},
				"down": {"uv": [8, 5, 9, 6], "texture": "#texture"}
			}
		},
		{
			"from": [15.175, 6.925, 6.6],
			"to": [22, 7.45, 6.85],
			"rotation": {"angle": 0, "axis": "y", "origin": [8.75, 0.325, -0.4]},
			"faces": {
				"north": {"uv": [9, 8, 10, 9], "texture": "#texture"},
				"east": {"uv": [9, 8, 10, 9], "texture": "#texture"},
				"south": {"uv": [9, 8, 10, 9], "texture": "#texture"},
				"west": {"uv": [9, 8, 10, 9], "texture": "#texture"},
				"up": {"uv": [9, 8, 10, 9], "texture": "#texture"},
				"down": {"uv": [10, 9, 9, 8], "texture": "#texture"}
			}
		},
		{
			"from": [12.95, 4.85, 6.85],
			"to": [14.25, 5.35, 8.35],
			"rotation": {"angle": 0, "axis": "y", "origin": [3.75, 0.25, -0.4]},
			"faces": {
				"north": {"uv": [4, 16, 5, 15], "texture": "#texture"},
				"east": {"uv": [4, 16, 5, 15], "texture": "#texture"},
				"south": {"uv": [4, 16, 5, 15], "texture": "#texture"},
				"west": {"uv": [4, 16, 5, 15], "texture": "#texture"},
				"up": {"uv": [4, 16, 5, 15], "texture": "#texture"},
				"down": {"uv": [4, 16, 5, 15], "texture": "#texture"}
			}
		},
		{
			"from": [8.25, 5.35, 6.85],
			"to": [14.925, 6.25, 8.35],
			"rotation": {"angle": 0, "axis": "y", "origin": [3.75, 0.25, -0.4]},
			"faces": {
				"north": {"uv": [4, 16, 5, 15], "texture": "#texture"},
				"east": {"uv": [4, 16, 5, 15], "texture": "#texture"},
				"south": {"uv": [4, 16, 5, 15], "texture": "#texture"},
				"west": {"uv": [4, 16, 5, 15], "texture": "#texture"},
				"up": {"uv": [4, 16, 5, 15], "texture": "#texture"},
				"down": {"uv": [4, 16, 5, 15], "texture": "#texture"}
			}
		},
		{
			"from": [8.25, 6.35, 6.65],
			"to": [15.425, 7.25, 8.525],
			"rotation": {"angle": 0, "axis": "y", "origin": [3.75, 0.25, -0.4]},
			"faces": {
				"north": {"uv": [0, 16, 2, 14], "texture": "#texture"},
				"east": {"uv": [0, 16, 2, 14], "texture": "#texture"},
				"south": {"uv": [0, 16, 2, 14], "texture": "#texture"},
				"west": {"uv": [0, 16, 2, 14], "texture": "#texture"},
				"up": {"uv": [0, 16, 2, 14], "texture": "#texture"},
				"down": {"uv": [0, 16, 2, 14], "texture": "#texture"}
			}
		},
		{
			"from": [8.575, 3.85, 6.85],
			"to": [9.425, 5.35, 8.35],
			"rotation": {"angle": 0, "axis": "y", "origin": [3.75, 0.25, -0.4]},
			"faces": {
				"north": {"uv": [5, 16, 4, 15], "texture": "#texture"},
				"east": {"uv": [5, 16, 4, 15], "texture": "#texture"},
				"south": {"uv": [5, 16, 4, 15], "texture": "#texture"},
				"west": {"uv": [5, 16, 4, 15], "texture": "#texture"},
				"up": {"uv": [5, 15, 4, 16], "texture": "#texture"},
				"down": {"uv": [4, 15, 5, 16], "texture": "#texture"}
			}
		},
		{
			"from": [9.425, 3.6, 6.85],
			"to": [10.7, 5.35, 8.35],
			"rotation": {"angle": 0, "axis": "y", "origin": [3.75, 0.25, -0.4]},
			"faces": {
				"north": {"uv": [5, 16, 4, 15], "texture": "#texture"},
				"east": {"uv": [5, 16, 4, 15], "texture": "#texture"},
				"south": {"uv": [5, 16, 4, 15], "texture": "#texture"},
				"west": {"uv": [5, 16, 4, 15], "texture": "#texture"},
				"up": {"uv": [5, 15, 4, 16], "texture": "#texture"},
				"down": {"uv": [4, 15, 5, 16], "texture": "#texture"}
			}
		},
		{
			"from": [14.925, 5.825, 6.85],
			"to": [15.55, 6.25, 8.35],
			"rotation": {"angle": 0, "axis": "y", "origin": [3.75, 0.25, -0.4]},
			"faces": {
				"north": {"uv": [8.75, 13.25, 9.25, 14.25], "texture": "#texture"},
				"east": {"uv": [7, 13.25, 9, 14.25], "texture": "#texture"},
				"south": {"uv": [6.75, 13.25, 7.25, 14.25], "texture": "#texture"},
				"up": {"uv": [6.75, 14, 7.25, 16], "texture": "#texture"},
				"down": {"uv": [9.25, 16, 8.75, 14], "texture": "#texture"}
			}
		},
		{
			"from": [15.325, -2.775, 7.1],
			"to": [16.825, 0.75, 8.1],
			"rotation": {"angle": 22.5, "axis": "z", "origin": [3.75, -3.175, -0.4]},
			"faces": {
				"north": {"uv": [4, 16, 5, 15], "texture": "#texture"},
				"east": {"uv": [4, 16, 5, 15], "texture": "#texture"},
				"south": {"uv": [4, 16, 5, 15], "texture": "#texture"},
				"west": {"uv": [4, 16, 5, 15], "texture": "#texture"},
				"down": {"uv": [5, 16, 4, 15], "texture": "#texture"}
			}
		},
		{
			"from": [15.575, -2.775, 6.85],
			"to": [16.925, 0.75, 8.35],
			"rotation": {"angle": 22.5, "axis": "z", "origin": [3.75, -3.175, -0.4]},
			"faces": {
				"north": {"uv": [4, 16, 5, 15], "texture": "#texture"},
				"east": {"uv": [4, 16, 5, 15], "texture": "#texture"},
				"south": {"uv": [4, 16, 5, 15], "texture": "#texture"},
				"west": {"uv": [4, 16, 5, 15], "texture": "#texture"},
				"up": {"uv": [4, 16, 5, 15], "texture": "#texture"},
				"down": {"uv": [5, 16, 4, 15], "texture": "#texture"}
			}
		},
		{
			"from": [2.65, 8.125, 7.15],
			"to": [2.9, 8.475, 8.05],
			"rotation": {"angle": 0, "axis": "y", "origin": [2.75, -2.675, -0.4]},
			"faces": {
				"north": {"uv": [13, 5.25, 14, 5.75], "texture": "#texture"},
				"east": {"uv": [7.5, 5.25, 8.5, 5.75], "texture": "#texture"},
				"south": {"uv": [2, 5.25, 3, 5.75], "texture": "#texture"},
				"west": {"uv": [7.5, 5.25, 8.5, 5.75], "texture": "#texture"},
				"up": {"uv": [2, 7.5, 3, 8.5], "texture": "#texture"},
				"down": {"uv": [8, 5, 9, 6], "texture": "#texture"}
			}
		},
		{
			"from": [2.9, 8.125, 7.15],
			"to": [3.45, 8.625, 8.05],
			"rotation": {"angle": 0, "axis": "y", "origin": [2.75, -2.675, -0.4]},
			"faces": {
				"north": {"uv": [1, 6, 1.5, 6.25], "texture": "#texture"},
				"east": {"uv": [7.75, 6, 8.25, 6.25], "texture": "#texture"},
				"south": {"uv": [14.5, 6, 15, 6.25], "texture": "#texture"},
				"west": {"uv": [7.75, 6, 8.25, 6.25], "texture": "#texture"},
				"up": {"uv": [14.5, 7.75, 15, 8.25], "texture": "#texture"},
				"down": {"uv": [8, 5, 9, 6], "texture": "#texture"}
			}
		},
		{
			"from": [3.15, 8.9, 7.875],
			"to": [3.45, 9.5, 8.075],
			"rotation": {"angle": 0, "axis": "y", "origin": [2.75, -2.675, -0.4]},
			"faces": {
				"north": {"uv": [1, 6, 1.5, 6.25], "texture": "#texture"},
				"east": {"uv": [7.75, 6, 8.25, 6.25], "texture": "#texture"},
				"south": {"uv": [14.5, 6, 15, 6.25], "texture": "#texture"},
				"west": {"uv": [7.75, 6, 8.25, 6.25], "texture": "#texture"},
				"up": {"uv": [14.5, 7.75, 15, 8.25], "texture": "#texture"},
				"down": {"uv": [8, 6, 9, 7], "texture": "#texture"}
			}
		},
		{
			"from": [3.15, 8.9, 7.125],
			"to": [3.45, 9.5, 7.325],
			"rotation": {"angle": 0, "axis": "y", "origin": [2.75, -2.675, -0.4]},
			"faces": {
				"north": {"uv": [1, 6, 1.5, 6.25], "texture": "#texture"},
				"east": {"uv": [7.75, 6, 8.25, 6.25], "texture": "#texture"},
				"south": {"uv": [14.5, 6, 15, 6.25], "texture": "#texture"},
				"west": {"uv": [7.75, 6, 8.25, 6.25], "texture": "#texture"},
				"up": {"uv": [14.5, 7.75, 15, 8.25], "texture": "#texture"},
				"down": {"uv": [8, 6, 9, 7], "texture": "#texture"}
			}
		},
		{
			"from": [3.15, 9, 7.55],
			"to": [3.45, 9.3, 7.65],
			"rotation": {"angle": 0, "axis": "y", "origin": [2.75, -2.675, -0.4]},
			"faces": {
				"north": {"uv": [1, 6, 1.5, 6.25], "texture": "#texture"},
				"east": {"uv": [7.75, 6, 8.25, 6.25], "texture": "#texture"},
				"south": {"uv": [14.5, 6, 15, 6.25], "texture": "#texture"},
				"west": {"uv": [7.75, 6, 8.25, 6.25], "texture": "#texture"},
				"up": {"uv": [14.5, 7.75, 15, 8.25], "texture": "#texture"}
			}
		},
		{
			"from": [3.15, 8.525, 7.225],
			"to": [3.45, 9, 7.975],
			"rotation": {"angle": 0, "axis": "y", "origin": [2.75, -2.675, -0.4]},
			"faces": {
				"north": {"uv": [1, 6, 1.5, 6.25], "texture": "#texture"},
				"east": {"uv": [7.75, 6, 8.25, 6.25], "texture": "#texture"},
				"south": {"uv": [14.5, 6, 15, 6.25], "texture": "#texture"},
				"west": {"uv": [7.75, 6, 8.25, 6.25], "texture": "#texture"},
				"up": {"uv": [14.5, 7.75, 15, 8.25], "texture": "#texture"}
			}
		},
		{
			"from": [16.925, -2.625, 6.85],
			"to": [17.025, -1.1, 8.35],
			"rotation": {"angle": 22.5, "axis": "z", "origin": [3.75, -3.175, -0.4]},
			"faces": {
				"north": {"uv": [4, 16, 5, 15], "texture": "#texture"},
				"east": {"uv": [4, 16, 5, 15], "texture": "#texture"},
				"south": {"uv": [4, 16, 5, 15], "texture": "#texture"},
				"west": {"uv": [4, 16, 5, 15], "texture": "#texture"},
				"up": {"uv": [4, 16, 5, 15], "texture": "#texture"},
				"down": {"uv": [5, 16, 4, 15], "texture": "#texture"}
			}
		},
		{
			"from": [12.7, 4.225, 7.35],
			"to": [13.2, 5.7, 7.85],
			"rotation": {"angle": 0, "axis": "z", "origin": [3.75, -3.475, -0.4]},
			"faces": {
				"north": {"uv": [4, 16, 5, 15], "texture": "#texture"},
				"east": {"uv": [4, 16, 5, 15], "texture": "#texture"},
				"south": {"uv": [4, 16, 5, 15], "texture": "#texture"},
				"west": {"uv": [4, 16, 5, 15], "texture": "#texture"},
				"down": {"uv": [4, 16, 5, 15], "texture": "#texture"}
			}
		},
		{
			"from": [12.55, 5.2, 7.35],
			"to": [12.7, 5.7, 7.85],
			"rotation": {"angle": 0, "axis": "y", "origin": [3.75, -3.475, -0.4]},
			"faces": {
				"north": {"uv": [4, 16, 5, 15], "texture": "#texture"},
				"east": {"uv": [4, 16, 5, 15], "texture": "#texture"},
				"south": {"uv": [4, 16, 5, 15], "texture": "#texture"},
				"west": {"uv": [4, 16, 5, 15], "texture": "#texture"},
				"down": {"uv": [4, 16, 5, 15], "texture": "#texture"}
			}
		},
		{
			"from": [10.9, 5.2, 7.35],
			"to": [11.05, 5.7, 7.85],
			"rotation": {"angle": 0, "axis": "y", "origin": [3.75, -3.475, -0.4]},
			"faces": {
				"north": {"uv": [4, 16, 5, 15], "texture": "#texture"},
				"east": {"uv": [4, 16, 5, 15], "texture": "#texture"},
				"south": {"uv": [4, 16, 5, 15], "texture": "#texture"},
				"west": {"uv": [4, 16, 5, 15], "texture": "#texture"},
				"down": {"uv": [4, 16, 5, 15], "texture": "#texture"}
			}
		},
		{
			"from": [10.65, 4.45, 7.35],
			"to": [10.9, 5.7, 7.85],
			"rotation": {"angle": 0, "axis": "y", "origin": [3.75, -3.475, -0.4]},
			"faces": {
				"north": {"uv": [4, 16, 5, 15], "texture": "#texture"},
				"east": {"uv": [4, 16, 5, 15], "texture": "#texture"},
				"south": {"uv": [4, 16, 5, 15], "texture": "#texture"},
				"west": {"uv": [4, 16, 5, 15], "texture": "#texture"},
				"down": {"uv": [4, 16, 5, 15], "texture": "#texture"}
			}
		},
		{
			"from": [11.2, 3.875, 7.35],
			"to": [12.375, 4.125, 7.85],
			"rotation": {"angle": 0, "axis": "y", "origin": [3.75, -3.475, -0.4]},
			"faces": {
				"north": {"uv": [4, 16, 5, 15], "texture": "#texture"},
				"south": {"uv": [4, 16, 5, 15], "texture": "#texture"},
				"west": {"uv": [4, 16, 5, 15], "texture": "#texture"},
				"up": {"uv": [4, 16, 5, 15], "texture": "#texture"},
				"down": {"uv": [4, 16, 5, 15], "texture": "#texture"}
			}
		},
		{
			"from": [15.05, -4.375, 7.35],
			"to": [15.875, -4.125, 7.85],
			"rotation": {"angle": 45, "axis": "z", "origin": [3.75, -3.475, -0.4]},
			"faces": {
				"north": {"uv": [4, 16, 5, 15], "texture": "#texture"},
				"south": {"uv": [4, 16, 5, 15], "texture": "#texture"},
				"west": {"uv": [4, 16, 5, 15], "texture": "#texture"},
				"up": {"uv": [4, 16, 5, 15], "texture": "#texture"},
				"down": {"uv": [4, 16, 5, 15], "texture": "#texture"}
			}
		},
		{
			"from": [3.025, 7, 7.35],
			"to": [3.825, 7.25, 7.85],
			"rotation": {"angle": -45, "axis": "z", "origin": [3.75, -3.475, -0.4]},
			"faces": {
				"north": {"uv": [4, 16, 5, 15], "texture": "#texture"},
				"south": {"uv": [4, 16, 5, 15], "texture": "#texture"},
				"west": {"uv": [4, 16, 5, 15], "texture": "#texture"},
				"up": {"uv": [4, 16, 5, 15], "texture": "#texture"},
				"down": {"uv": [4, 16, 5, 15], "texture": "#texture"}
			}
		},
		{
			"from": [15.325, -2.8, 7.35],
			"to": [15.875, -2.55, 7.85],
			"rotation": {"angle": 22.5, "axis": "z", "origin": [3.75, -3.475, -0.4]},
			"faces": {
				"north": {"uv": [4, 16, 5, 15], "texture": "#texture"},
				"south": {"uv": [4, 16, 5, 15], "texture": "#texture"},
				"west": {"uv": [4, 16, 5, 15], "texture": "#texture"},
				"up": {"uv": [4, 16, 5, 15], "texture": "#texture"},
				"down": {"uv": [4, 16, 5, 15], "texture": "#texture"}
			}
		},
		{
			"from": [12.175, 4.275, 7.35],
			"to": [12.425, 5.525, 7.85],
			"rotation": {"angle": -22.5, "axis": "z", "origin": [12.25, 5.525, 7.35]},
			"faces": {
				"north": {"uv": [4, 16, 5, 15], "texture": "#texture"},
				"east": {"uv": [4, 16, 5, 15], "texture": "#texture"},
				"south": {"uv": [4, 16, 5, 15], "texture": "#texture"},
				"west": {"uv": [4, 16, 5, 15], "texture": "#texture"},
				"up": {"uv": [4, 16, 5, 15], "texture": "#texture"},
				"down": {"uv": [4, 16, 5, 15], "texture": "#texture"}
			}
		},
		{
			"from": [2.525, 7.825, 7.25],
			"to": [15.8, 8.175, 7.95],
			"rotation": {"angle": 0, "axis": "y", "origin": [-2.25, -1.675, -0.4]},
			"faces": {
				"north": {"uv": [2, 16, 0, 14], "texture": "#texture"},
				"east": {"uv": [2, 16, 0, 14], "texture": "#texture"},
				"south": {"uv": [2, 16, 0, 14], "texture": "#texture"},
				"west": {"uv": [2, 16, 0, 14], "texture": "#texture"},
				"up": {"uv": [2, 16, 0, 14], "texture": "#texture"}
			}
		},
		{
			"from": [2.525, 8.175, 7.25],
			"to": [2.75, 8.3, 7.95],
			"rotation": {"angle": 0, "axis": "y", "origin": [-2.25, -1.675, -0.4]},
			"faces": {
				"north": {"uv": [2, 16, 0, 14], "texture": "#texture"},
				"east": {"uv": [2, 16, 0, 14], "texture": "#texture"},
				"south": {"uv": [2, 16, 0, 14], "texture": "#texture"},
				"west": {"uv": [2, 16, 0, 14], "texture": "#texture"},
				"up": {"uv": [2, 16, 0, 14], "texture": "#texture"}
			}
		},
		{
			"from": [15.575, 8.175, 7.25],
			"to": [15.8, 8.3, 7.95],
			"rotation": {"angle": 0, "axis": "y", "origin": [-2.25, -1.675, -0.4]},
			"faces": {
				"north": {"uv": [2, 16, 0, 14], "texture": "#texture"},
				"east": {"uv": [2, 16, 0, 14], "texture": "#texture"},
				"south": {"uv": [2, 16, 0, 14], "texture": "#texture"},
				"west": {"uv": [2, 16, 0, 14], "texture": "#texture"},
				"up": {"uv": [2, 16, 0, 14], "texture": "#texture"}
			}
		},
		{
			"from": [15.125, 8.175, 7.25],
			"to": [15.35, 8.3, 7.95],
			"rotation": {"angle": 0, "axis": "y", "origin": [-2.25, -1.675, -0.4]},
			"faces": {
				"north": {"uv": [2, 16, 0, 14], "texture": "#texture"},
				"east": {"uv": [2, 16, 0, 14], "texture": "#texture"},
				"south": {"uv": [2, 16, 0, 14], "texture": "#texture"},
				"west": {"uv": [2, 16, 0, 14], "texture": "#texture"},
				"up": {"uv": [2, 16, 0, 14], "texture": "#texture"}
			}
		},
		{
			"from": [14.675, 8.175, 7.25],
			"to": [14.9, 8.3, 7.95],
			"rotation": {"angle": 0, "axis": "y", "origin": [-2.25, -1.675, -0.4]},
			"faces": {
				"north": {"uv": [2, 16, 0, 14], "texture": "#texture"},
				"east": {"uv": [2, 16, 0, 14], "texture": "#texture"},
				"south": {"uv": [2, 16, 0, 14], "texture": "#texture"},
				"west": {"uv": [2, 16, 0, 14], "texture": "#texture"},
				"up": {"uv": [2, 16, 0, 14], "texture": "#texture"}
			}
		},
		{
			"from": [14.225, 8.175, 7.25],
			"to": [14.45, 8.3, 7.95],
			"rotation": {"angle": 0, "axis": "y", "origin": [-2.25, -1.675, -0.4]},
			"faces": {
				"north": {"uv": [2, 16, 0, 14], "texture": "#texture"},
				"east": {"uv": [2, 16, 0, 14], "texture": "#texture"},
				"south": {"uv": [2, 16, 0, 14], "texture": "#texture"},
				"west": {"uv": [2, 16, 0, 14], "texture": "#texture"},
				"up": {"uv": [2, 16, 0, 14], "texture": "#texture"}
			}
		},
		{
			"from": [13.775, 8.175, 7.25],
			"to": [14, 8.3, 7.95],
			"rotation": {"angle": 0, "axis": "y", "origin": [-2.25, -1.675, -0.4]},
			"faces": {
				"north": {"uv": [2, 16, 0, 14], "texture": "#texture"},
				"east": {"uv": [2, 16, 0, 14], "texture": "#texture"},
				"south": {"uv": [2, 16, 0, 14], "texture": "#texture"},
				"west": {"uv": [2, 16, 0, 14], "texture": "#texture"},
				"up": {"uv": [2, 16, 0, 14], "texture": "#texture"}
			}
		},
		{
			"from": [13.325, 8.175, 7.25],
			"to": [13.55, 8.3, 7.95],
			"rotation": {"angle": 0, "axis": "y", "origin": [-2.25, -1.675, -0.4]},
			"faces": {
				"north": {"uv": [2, 16, 0, 14], "texture": "#texture"},
				"east": {"uv": [2, 16, 0, 14], "texture": "#texture"},
				"south": {"uv": [2, 16, 0, 14], "texture": "#texture"},
				"west": {"uv": [2, 16, 0, 14], "texture": "#texture"},
				"up": {"uv": [2, 16, 0, 14], "texture": "#texture"}
			}
		},
		{
			"from": [12.875, 8.175, 7.25],
			"to": [13.1, 8.3, 7.95],
			"rotation": {"angle": 0, "axis": "y", "origin": [-2.25, -1.675, -0.4]},
			"faces": {
				"north": {"uv": [2, 16, 0, 14], "texture": "#texture"},
				"east": {"uv": [2, 16, 0, 14], "texture": "#texture"},
				"south": {"uv": [2, 16, 0, 14], "texture": "#texture"},
				"west": {"uv": [2, 16, 0, 14], "texture": "#texture"},
				"up": {"uv": [2, 16, 0, 14], "texture": "#texture"}
			}
		},
		{
			"from": [12.425, 8.175, 7.25],
			"to": [12.65, 8.3, 7.95],
			"rotation": {"angle": 0, "axis": "y", "origin": [-2.25, -1.675, -0.4]},
			"faces": {
				"north": {"uv": [2, 16, 0, 14], "texture": "#texture"},
				"east": {"uv": [2, 16, 0, 14], "texture": "#texture"},
				"south": {"uv": [2, 16, 0, 14], "texture": "#texture"},
				"west": {"uv": [2, 16, 0, 14], "texture": "#texture"},
				"up": {"uv": [2, 16, 0, 14], "texture": "#texture"}
			}
		},
		{
			"from": [11.975, 8.175, 7.25],
			"to": [12.2, 8.3, 7.95],
			"rotation": {"angle": 0, "axis": "y", "origin": [-2.25, -1.675, -0.4]},
			"faces": {
				"north": {"uv": [2, 16, 0, 14], "texture": "#texture"},
				"east": {"uv": [2, 16, 0, 14], "texture": "#texture"},
				"south": {"uv": [2, 16, 0, 14], "texture": "#texture"},
				"west": {"uv": [2, 16, 0, 14], "texture": "#texture"},
				"up": {"uv": [2, 16, 0, 14], "texture": "#texture"}
			}
		},
		{
			"from": [11.525, 8.175, 7.25],
			"to": [11.75, 8.3, 7.95],
			"rotation": {"angle": 0, "axis": "y", "origin": [-2.25, -1.675, -0.4]},
			"faces": {
				"north": {"uv": [2, 16, 0, 14], "texture": "#texture"},
				"east": {"uv": [2, 16, 0, 14], "texture": "#texture"},
				"south": {"uv": [2, 16, 0, 14], "texture": "#texture"},
				"west": {"uv": [2, 16, 0, 14], "texture": "#texture"},
				"up": {"uv": [2, 16, 0, 14], "texture": "#texture"}
			}
		},
		{
			"from": [11.075, 8.175, 7.25],
			"to": [11.3, 8.3, 7.95],
			"rotation": {"angle": 0, "axis": "y", "origin": [-2.25, -1.675, -0.4]},
			"faces": {
				"north": {"uv": [2, 16, 0, 14], "texture": "#texture"},
				"east": {"uv": [2, 16, 0, 14], "texture": "#texture"},
				"south": {"uv": [2, 16, 0, 14], "texture": "#texture"},
				"west": {"uv": [2, 16, 0, 14], "texture": "#texture"},
				"up": {"uv": [2, 16, 0, 14], "texture": "#texture"}
			}
		},
		{
			"from": [10.625, 8.175, 7.25],
			"to": [10.85, 8.3, 7.95],
			"rotation": {"angle": 0, "axis": "y", "origin": [-2.25, -1.675, -0.4]},
			"faces": {
				"north": {"uv": [2, 16, 0, 14], "texture": "#texture"},
				"east": {"uv": [2, 16, 0, 14], "texture": "#texture"},
				"south": {"uv": [2, 16, 0, 14], "texture": "#texture"},
				"west": {"uv": [2, 16, 0, 14], "texture": "#texture"},
				"up": {"uv": [2, 16, 0, 14], "texture": "#texture"}
			}
		},
		{
			"from": [10.175, 8.175, 7.25],
			"to": [10.4, 8.3, 7.95],
			"rotation": {"angle": 0, "axis": "y", "origin": [-2.25, -1.675, -0.4]},
			"faces": {
				"north": {"uv": [2, 16, 0, 14], "texture": "#texture"},
				"east": {"uv": [2, 16, 0, 14], "texture": "#texture"},
				"south": {"uv": [2, 16, 0, 14], "texture": "#texture"},
				"west": {"uv": [2, 16, 0, 14], "texture": "#texture"},
				"up": {"uv": [2, 16, 0, 14], "texture": "#texture"}
			}
		},
		{
			"from": [9.725, 8.175, 7.25],
			"to": [9.95, 8.3, 7.95],
			"rotation": {"angle": 0, "axis": "y", "origin": [-2.25, -1.675, -0.4]},
			"faces": {
				"north": {"uv": [2, 16, 0, 14], "texture": "#texture"},
				"east": {"uv": [2, 16, 0, 14], "texture": "#texture"},
				"south": {"uv": [2, 16, 0, 14], "texture": "#texture"},
				"west": {"uv": [2, 16, 0, 14], "texture": "#texture"},
				"up": {"uv": [2, 16, 0, 14], "texture": "#texture"}
			}
		},
		{
			"from": [9.275, 8.175, 7.25],
			"to": [9.5, 8.3, 7.95],
			"rotation": {"angle": 0, "axis": "y", "origin": [-2.25, -1.675, -0.4]},
			"faces": {
				"north": {"uv": [2, 16, 0, 14], "texture": "#texture"},
				"east": {"uv": [2, 16, 0, 14], "texture": "#texture"},
				"south": {"uv": [2, 16, 0, 14], "texture": "#texture"},
				"west": {"uv": [2, 16, 0, 14], "texture": "#texture"},
				"up": {"uv": [2, 16, 0, 14], "texture": "#texture"}
			}
		},
		{
			"from": [8.825, 8.175, 7.25],
			"to": [9.05, 8.3, 7.95],
			"rotation": {"angle": 0, "axis": "y", "origin": [-2.25, -1.675, -0.4]},
			"faces": {
				"north": {"uv": [2, 16, 0, 14], "texture": "#texture"},
				"east": {"uv": [2, 16, 0, 14], "texture": "#texture"},
				"south": {"uv": [2, 16, 0, 14], "texture": "#texture"},
				"west": {"uv": [2, 16, 0, 14], "texture": "#texture"},
				"up": {"uv": [2, 16, 0, 14], "texture": "#texture"}
			}
		},
		{
			"from": [8.375, 8.175, 7.25],
			"to": [8.6, 8.3, 7.95],
			"rotation": {"angle": 0, "axis": "y", "origin": [-2.25, -1.675, -0.4]},
			"faces": {
				"north": {"uv": [2, 16, 0, 14], "texture": "#texture"},
				"east": {"uv": [2, 16, 0, 14], "texture": "#texture"},
				"south": {"uv": [2, 16, 0, 14], "texture": "#texture"},
				"west": {"uv": [2, 16, 0, 14], "texture": "#texture"},
				"up": {"uv": [2, 16, 0, 14], "texture": "#texture"}
			}
		},
		{
			"from": [7.925, 8.175, 7.25],
			"to": [8.15, 8.3, 7.95],
			"rotation": {"angle": 0, "axis": "y", "origin": [-2.25, -1.675, -0.4]},
			"faces": {
				"north": {"uv": [2, 16, 0, 14], "texture": "#texture"},
				"east": {"uv": [2, 16, 0, 14], "texture": "#texture"},
				"south": {"uv": [2, 16, 0, 14], "texture": "#texture"},
				"west": {"uv": [2, 16, 0, 14], "texture": "#texture"},
				"up": {"uv": [2, 16, 0, 14], "texture": "#texture"}
			}
		},
		{
			"from": [7.475, 8.175, 7.25],
			"to": [7.7, 8.3, 7.95],
			"rotation": {"angle": 0, "axis": "y", "origin": [-2.25, -1.675, -0.4]},
			"faces": {
				"north": {"uv": [2, 16, 0, 14], "texture": "#texture"},
				"east": {"uv": [2, 16, 0, 14], "texture": "#texture"},
				"south": {"uv": [2, 16, 0, 14], "texture": "#texture"},
				"west": {"uv": [2, 16, 0, 14], "texture": "#texture"},
				"up": {"uv": [2, 16, 0, 14], "texture": "#texture"}
			}
		},
		{
			"from": [7.025, 8.175, 7.25],
			"to": [7.25, 8.3, 7.95],
			"rotation": {"angle": 0, "axis": "y", "origin": [-2.25, -1.675, -0.4]},
			"faces": {
				"north": {"uv": [2, 16, 0, 14], "texture": "#texture"},
				"east": {"uv": [2, 16, 0, 14], "texture": "#texture"},
				"south": {"uv": [2, 16, 0, 14], "texture": "#texture"},
				"west": {"uv": [2, 16, 0, 14], "texture": "#texture"},
				"up": {"uv": [2, 16, 0, 14], "texture": "#texture"}
			}
		},
		{
			"from": [6.575, 8.175, 7.25],
			"to": [6.8, 8.3, 7.95],
			"rotation": {"angle": 0, "axis": "y", "origin": [-2.25, -1.675, -0.4]},
			"faces": {
				"north": {"uv": [2, 16, 0, 14], "texture": "#texture"},
				"east": {"uv": [2, 16, 0, 14], "texture": "#texture"},
				"south": {"uv": [2, 16, 0, 14], "texture": "#texture"},
				"west": {"uv": [2, 16, 0, 14], "texture": "#texture"},
				"up": {"uv": [2, 16, 0, 14], "texture": "#texture"}
			}
		},
		{
			"from": [6.125, 8.175, 7.25],
			"to": [6.35, 8.3, 7.95],
			"rotation": {"angle": 0, "axis": "y", "origin": [-2.25, -1.675, -0.4]},
			"faces": {
				"north": {"uv": [2, 16, 0, 14], "texture": "#texture"},
				"east": {"uv": [2, 16, 0, 14], "texture": "#texture"},
				"south": {"uv": [2, 16, 0, 14], "texture": "#texture"},
				"west": {"uv": [2, 16, 0, 14], "texture": "#texture"},
				"up": {"uv": [2, 16, 0, 14], "texture": "#texture"}
			}
		},
		{
			"from": [5.675, 8.175, 7.25],
			"to": [5.9, 8.3, 7.95],
			"rotation": {"angle": 0, "axis": "y", "origin": [-2.25, -1.675, -0.4]},
			"faces": {
				"north": {"uv": [2, 16, 0, 14], "texture": "#texture"},
				"east": {"uv": [2, 16, 0, 14], "texture": "#texture"},
				"south": {"uv": [2, 16, 0, 14], "texture": "#texture"},
				"west": {"uv": [2, 16, 0, 14], "texture": "#texture"},
				"up": {"uv": [2, 16, 0, 14], "texture": "#texture"}
			}
		},
		{
			"from": [5.225, 8.175, 7.25],
			"to": [5.45, 8.3, 7.95],
			"rotation": {"angle": 0, "axis": "y", "origin": [-2.25, -1.675, -0.4]},
			"faces": {
				"north": {"uv": [2, 16, 0, 14], "texture": "#texture"},
				"east": {"uv": [2, 16, 0, 14], "texture": "#texture"},
				"south": {"uv": [2, 16, 0, 14], "texture": "#texture"},
				"west": {"uv": [2, 16, 0, 14], "texture": "#texture"},
				"up": {"uv": [2, 16, 0, 14], "texture": "#texture"}
			}
		},
		{
			"from": [4.775, 8.175, 7.25],
			"to": [5, 8.3, 7.95],
			"rotation": {"angle": 0, "axis": "y", "origin": [-2.25, -1.675, -0.4]},
			"faces": {
				"north": {"uv": [2, 16, 0, 14], "texture": "#texture"},
				"east": {"uv": [2, 16, 0, 14], "texture": "#texture"},
				"south": {"uv": [2, 16, 0, 14], "texture": "#texture"},
				"west": {"uv": [2, 16, 0, 14], "texture": "#texture"},
				"up": {"uv": [2, 16, 0, 14], "texture": "#texture"}
			}
		},
		{
			"from": [4.325, 8.175, 7.25],
			"to": [4.55, 8.3, 7.95],
			"rotation": {"angle": 0, "axis": "y", "origin": [-2.25, -1.675, -0.4]},
			"faces": {
				"north": {"uv": [2, 16, 0, 14], "texture": "#texture"},
				"east": {"uv": [2, 16, 0, 14], "texture": "#texture"},
				"south": {"uv": [2, 16, 0, 14], "texture": "#texture"},
				"west": {"uv": [2, 16, 0, 14], "texture": "#texture"},
				"up": {"uv": [2, 16, 0, 14], "texture": "#texture"}
			}
		},
		{
			"from": [3.875, 8.175, 7.25],
			"to": [4.1, 8.3, 7.95],
			"rotation": {"angle": 0, "axis": "y", "origin": [-2.25, -1.675, -0.4]},
			"faces": {
				"north": {"uv": [2, 16, 0, 14], "texture": "#texture"},
				"east": {"uv": [2, 16, 0, 14], "texture": "#texture"},
				"south": {"uv": [2, 16, 0, 14], "texture": "#texture"},
				"west": {"uv": [2, 16, 0, 14], "texture": "#texture"},
				"up": {"uv": [2, 16, 0, 14], "texture": "#texture"}
			}
		},
		{
			"from": [3.425, 8.175, 7.25],
			"to": [3.65, 8.3, 7.95],
			"rotation": {"angle": 0, "axis": "y", "origin": [-2.25, -1.675, -0.4]},
			"faces": {
				"north": {"uv": [2, 16, 0, 14], "texture": "#texture"},
				"east": {"uv": [2, 16, 0, 14], "texture": "#texture"},
				"south": {"uv": [2, 16, 0, 14], "texture": "#texture"},
				"west": {"uv": [2, 16, 0, 14], "texture": "#texture"},
				"up": {"uv": [2, 16, 0, 14], "texture": "#texture"}
			}
		},
		{
			"from": [2.975, 8.175, 7.25],
			"to": [3.2, 8.3, 7.95],
			"rotation": {"angle": 0, "axis": "y", "origin": [-2.25, -1.675, -0.4]},
			"faces": {
				"north": {"uv": [2, 16, 0, 14], "texture": "#texture"},
				"east": {"uv": [2, 16, 0, 14], "texture": "#texture"},
				"south": {"uv": [2, 16, 0, 14], "texture": "#texture"},
				"west": {"uv": [2, 16, 0, 14], "texture": "#texture"},
				"up": {"uv": [2, 16, 0, 14], "texture": "#texture"}
			}
		},
		{
			"from": [8.775, 2.1, 7.125],
			"to": [10.3, 4.35, 8.075],
			"rotation": {"angle": 0, "axis": "y", "origin": [2.75, -3.675, -0.4]},
			"faces": {
				"north": {"uv": [2.1, 8.125, 6.95, 8.8], "texture": "#texture", "cullface": "east"},
				"east": {"uv": [6.1, 8.1, 6.7, 8.8], "texture": "#texture", "cullface": "east"},
				"south": {"uv": [6.8, 8.1, 2.1, 8.8], "texture": "#texture", "cullface": "east"},
				"west": {"uv": [6, 8, 7, 9], "texture": "#texture"},
				"down": {"uv": [6.1, 8.9, 6.8, 8.1], "texture": "#texture", "cullface": "east"}
			}
		},
		{
			"from": [8.5, 0.6, 7.125],
			"to": [10.025, 2.1, 8.075],
			"rotation": {"angle": 0, "axis": "y", "origin": [2.75, -3.675, -0.4]},
			"faces": {
				"north": {"uv": [2.1, 8.125, 6.85, 8.8], "texture": "#texture", "cullface": "east"},
				"east": {"uv": [6.2, 8.1, 6.7, 8.8], "texture": "#texture", "cullface": "east"},
				"south": {"uv": [6.8, 8.1, 2.1, 8.8], "texture": "#texture", "cullface": "east"},
				"west": {"uv": [6, 8, 7, 9], "texture": "#texture"},
				"up": {"uv": [6, 8, 7, 9], "texture": "#texture"},
				"down": {"uv": [6.1, 8.9, 6.8, 8.1], "texture": "#texture", "cullface": "east"}
			}
		},
		{
			"from": [8.5, 2.1, 7.125],
			"to": [8.775, 2.35, 8.075],
			"rotation": {"angle": 0, "axis": "y", "origin": [2.75, -3.675, -0.4]},
			"faces": {
				"north": {"uv": [6, 8.2, 6.5, 8.7], "texture": "#texture", "cullface": "east"},
				"east": {"uv": [6.2, 8.1, 6.7, 8.8], "texture": "#texture", "cullface": "east"},
				"south": {"uv": [6.8, 8.1, 6.1, 8.8], "texture": "#texture", "cullface": "east"},
				"west": {"uv": [6, 8, 7, 9], "texture": "#texture"},
				"up": {"uv": [6, 8, 7, 9], "texture": "#texture"},
				"down": {"uv": [6.1, 8.9, 6.8, 8.1], "texture": "#texture", "cullface": "east"}
			}
		},
		{
			"from": [8.1, 0.6, 7.125],
			"to": [8.5, 0.85, 8.075],
			"rotation": {"angle": 0, "axis": "y", "origin": [2.75, -3.675, -0.4]},
			"faces": {
				"north": {"uv": [6.5, 8.2, 6, 8.7], "texture": "#texture", "cullface": "east"},
				"east": {"uv": [6.2, 8.1, 6.7, 8.8], "texture": "#texture", "cullface": "east"},
				"south": {"uv": [6.8, 8.1, 6.1, 8.8], "texture": "#texture", "cullface": "east"},
				"west": {"uv": [6, 8, 7, 9], "texture": "#texture"},
				"up": {"uv": [6, 8, 7, 9], "texture": "#texture"},
				"down": {"uv": [6.1, 8.9, 6.8, 8.1], "texture": "#texture", "cullface": "east"}
			}
		},
		{
			"from": [8.1, -0.65, 7.125],
			"to": [9.625, 0.6, 8.075],
			"rotation": {"angle": 0, "axis": "y", "origin": [2.75, -3.675, -0.4]},
			"faces": {
				"north": {"uv": [2.1, 8.125, 6.85, 8.8], "texture": "#texture", "cullface": "east"},
				"east": {"uv": [6.2, 8.1, 6.7, 8.8], "texture": "#texture", "cullface": "east"},
				"south": {"uv": [6.8, 8.1, 2.1, 8.8], "texture": "#texture", "cullface": "east"},
				"west": {"uv": [6, 8, 7, 9], "texture": "#texture"},
				"up": {"uv": [6, 8, 7, 9], "texture": "#texture"},
				"down": {"uv": [6.1, 8.9, 6.8, 8.1], "texture": "#texture", "cullface": "east"}
			}
		},
		{
			"from": [8.525, -1.4, 7.125],
			"to": [9.2, -1.15, 8.075],
			"rotation": {"angle": 0, "axis": "y", "origin": [2.75, -3.675, -0.4]},
			"faces": {
				"north": {"uv": [2.25, 8.2, 3.925, 8.7], "texture": "#texture", "cullface": "east"},
				"east": {"uv": [6.2, 8.1, 6.7, 8.8], "texture": "#texture", "cullface": "east"},
				"south": {"uv": [3.95, 8.1, 2.2, 8.8], "texture": "#texture", "cullface": "east"},
				"west": {"uv": [6, 8, 7, 9], "texture": "#texture"},
				"up": {"uv": [6, 8, 7, 9], "texture": "#texture"},
				"down": {"uv": [6.1, 8.9, 6.8, 8.1], "texture": "#texture", "cullface": "east"}
			}
		},
		{
			"from": [7.675, -1.15, 7.125],
			"to": [9.2, -0.65, 8.075],
			"rotation": {"angle": 0, "axis": "y", "origin": [2.75, -3.675, -0.4]},
			"faces": {
				"north": {"uv": [2.1, 8.125, 6.85, 8.8], "texture": "#texture", "cullface": "east"},
				"east": {"uv": [6.2, 8.1, 6.7, 8.8], "texture": "#texture", "cullface": "east"},
				"south": {"uv": [6.8, 8.1, 2.1, 8.8], "texture": "#texture", "cullface": "east"},
				"west": {"uv": [6, 8, 7, 9], "texture": "#texture"},
				"up": {"uv": [6, 8, 7, 9], "texture": "#texture"},
				"down": {"uv": [6.1, 8.9, 6.8, 8.1], "texture": "#texture", "cullface": "east"}
			}
		},
		{
			"from": [7.675, -0.65, 7.125],
			"to": [8.1, -0.4, 8.075],
			"rotation": {"angle": 0, "axis": "y", "origin": [2.75, -3.675, -0.4]},
			"faces": {
				"north": {"uv": [6, 8.2, 6.5, 8.7], "texture": "#texture", "cullface": "east"},
				"east": {"uv": [6.2, 8.1, 6.7, 8.8], "texture": "#texture", "cullface": "east"},
				"south": {"uv": [6.8, 8.1, 6.1, 8.8], "texture": "#texture", "cullface": "east"},
				"west": {"uv": [6, 8, 7, 9], "texture": "#texture"},
				"up": {"uv": [6, 8, 7, 9], "texture": "#texture"},
				"down": {"uv": [6.1, 8.9, 6.8, 8.1], "texture": "#texture", "cullface": "east"}
			}
		}
	],
	"gui_light": "front",
	"display": {
		"thirdperson_righthand": {
			"rotation": [0, -102, 0],
			"translation": [0.5, 2.25, -3.25],
			"scale": [0.86, 0.86, 0.84]
		},
		"thirdperson_lefthand": {
			"rotation": [0, 78, 0],
			"translation": [1.25, 2.25, -3.25],
			"scale": [0.86, 0.86, 0.84]
		},
		"firstperson_righthand": {
			"rotation": [180, -79.97, 180],
			"translation": [0.912, 7.1, 0.1],
			"scale": [0.97, 0.97, 0.99]
		},
		"firstperson_lefthand": {
			"rotation": [0, 80.15, 0],
			"translation": [1.54, 5.55, 0.25],
			"scale": [0.97, 0.97, 0.99]
		},
		"ground": {
			"translation": [0, 5.5, 0],
			"scale": [1, 1, 0.96]
		},
		"gui": {
			"rotation": [0, 0, -45],
			"translation": [0.5, 1.5, 0],
			"scale": [0.74, 0.74, 0.8]
		},
		"fixed": {
			"rotation": [0, 180, -45],
			"translation": [-0.5, 2.3, -1.1],
			"scale": [1.1, 1.1, 1.07]
		}
	}
}