{
	"parent": "item/handheld",
	"textures": {
		"layer0": "item/feather"
	},
	"overrides": [


        {"predicate": {"custom_model_data":0}, "model":"item/feather"},

		{"predicate": {"custom_model_data":   1}, "model":"item/weapons/ars/crossbowtogun/g36"},
		{"predicate": {"custom_model_data":   2}, "model":"item/weapons/ars/crossbowtogun/aps"},
		{"predicate": {"custom_model_data":   3}, "model":"item/weapons/ars/crossbowtogun/cr56"},
		{"predicate": {"custom_model_data":   4}, "model":"item/weapons/ars/crossbowtogun/em2"},
		{"predicate": {"custom_model_data":   5}, "model":"item/weapons/ars/crossbowtogun/f2000"},
		{"predicate": {"custom_model_data":   6}, "model":"item/weapons/ars/crossbowtogun/ffar"},
		{"predicate": {"custom_model_data":   7}, "model":"item/weapons/ars/crossbowtogun/m4"},
		{"predicate": {"custom_model_data":   8}, "model":"item/weapons/ars/crossbowtogun/scar"},
		{"predicate": {"custom_model_data":   9}, "model":"item/weapons/ars/crossbowtogun/tar21"},
		{"predicate": {"custom_model_data":   10}, "model":"item/weapons/ars/crossbowtogun/type-95"},

		{"predicate": {"custom_model_data":   11}, "model":"item/weapons/lmgs/crossbowtogun/bar"},
		{"predicate": {"custom_model_data":   12}, "model":"item/weapons/lmgs/crossbowtogun/cm16lmg"},
		{"predicate": {"custom_model_data":   13}, "model":"item/weapons/lmgs/crossbowtogun/m60"},
		{"predicate": {"custom_model_data":   14}, "model":"item/weapons/lmgs/crossbowtogun/m249mk2"},
		{"predicate": {"custom_model_data":   15}, "model":"item/weapons/lmgs/crossbowtogun/mg34"},
		{"predicate": {"custom_model_data":   16}, "model":"item/weapons/lmgs/crossbowtogun/mg82"},
		{"predicate": {"custom_model_data":   17}, "model":"item/weapons/lmgs/crossbowtogun/mg338"},
		{"predicate": {"custom_model_data":   18}, "model":"item/weapons/lmgs/crossbowtogun/pkm"},
		{"predicate": {"custom_model_data":   19}, "model":"item/weapons/lmgs/crossbowtogun/rpk"},
		{"predicate": {"custom_model_data":   20}, "model":"item/weapons/lmgs/crossbowtogun/stoner63"},
		
		{"predicate": {"custom_model_data":   21}, "model":"item/weapons/melee/bat"},
		{"predicate": {"custom_model_data":   22}, "model":"item/weapons/melee/big_hammer"},
		{"predicate": {"custom_model_data":   23}, "model":"item/weapons/melee/brokenbottle"},
		{"predicate": {"custom_model_data":   24}, "model":"item/weapons/melee/chainsaw"},
		{"predicate": {"custom_model_data":   25}, "model":"item/weapons/melee/crowbar"},
		{"predicate": {"custom_model_data":   26}, "model":"item/weapons/melee/endercane"},
		{"predicate": {"custom_model_data":   27}, "model":"item/weapons/melee/knuckleduster"},
		{"predicate": {"custom_model_data":   28}, "model":"item/weapons/melee/nightstick"},
		{"predicate": {"custom_model_data":   29}, "model":"item/weapons/melee/nunchaku"},
		{"predicate": {"custom_model_data":   30}, "model":"item/weapons/melee/sai"},
		{"predicate": {"custom_model_data":   31}, "model":"item/weapons/melee/scythe"},
		{"predicate": {"custom_model_data":   32}, "model":"item/weapons/melee/sword"},
		{"predicate": {"custom_model_data":   33}, "model":"item/weapons/melee/valois"},
		{"predicate": {"custom_model_data":   34}, "model":"item/weapons/melee/wazkizashi"},

		{"predicate": {"custom_model_data":   35}, "model":"item/weapons/pistols/crossbowtogun/92fs"},
		{"predicate": {"custom_model_data":   36}, "model":"item/weapons/pistols/crossbowtogun/93r"},
		{"predicate": {"custom_model_data":   37}, "model":"item/weapons/pistols/crossbowtogun/1903"},
		{"predicate": {"custom_model_data":   38}, "model":"item/weapons/pistols/crossbowtogun/1911"},
		{"predicate": {"custom_model_data":   39}, "model":"item/weapons/pistols/crossbowtogun/g17"},
		{"predicate": {"custom_model_data":   40}, "model":"item/weapons/pistols/crossbowtogun/lemat"},
		{"predicate": {"custom_model_data":   41}, "model":"item/weapons/pistols/crossbowtogun/m9"},
		{"predicate": {"custom_model_data":   42}, "model":"item/weapons/pistols/crossbowtogun/mauser"},
		{"predicate": {"custom_model_data":   43}, "model":"item/weapons/pistols/crossbowtogun/p08"},
		{"predicate": {"custom_model_data":   44}, "model":"item/weapons/pistols/crossbowtogun/pistole"},
		{"predicate": {"custom_model_data":   45}, "model":"item/weapons/pistols/crossbowtogun/python"},
		{"predicate": {"custom_model_data":   46}, "model":"item/weapons/pistols/crossbowtogun/singleaction"},
		{"predicate": {"custom_model_data":   47}, "model":"item/weapons/pistols/crossbowtogun/volcanic"},

		{"predicate": {"custom_model_data":   48}, "model":"item/weapons/shotguns/crossbowtogun/aa-12"},
		{"predicate": {"custom_model_data":   49}, "model":"item/weapons/shotguns/crossbowtogun/becker"},
		{"predicate": {"custom_model_data":   50}, "model":"item/weapons/shotguns/crossbowtogun/browing"},
		{"predicate": {"custom_model_data":   51}, "model":"item/weapons/shotguns/crossbowtogun/dp-12"},
		{"predicate": {"custom_model_data":   52}, "model":"item/weapons/shotguns/crossbowtogun/fivetube"},
		{"predicate": {"custom_model_data":   53}, "model":"item/weapons/shotguns/crossbowtogun/m4s90"},
		{"predicate": {"custom_model_data":   54}, "model":"item/weapons/shotguns/crossbowtogun/m1887"},
		{"predicate": {"custom_model_data":   55}, "model":"item/weapons/shotguns/crossbowtogun/moss"},
		{"predicate": {"custom_model_data":   56}, "model":"item/weapons/shotguns/crossbowtogun/olympia"},
		{"predicate": {"custom_model_data":   57}, "model":"item/weapons/shotguns/crossbowtogun/sawed-off"},
		{"predicate": {"custom_model_data":   58}, "model":"item/weapons/shotguns/crossbowtogun/shotgun"},
		{"predicate": {"custom_model_data":   59}, "model":"item/weapons/shotguns/crossbowtogun/spas"},
		{"predicate": {"custom_model_data":   60}, "model":"item/weapons/shotguns/crossbowtogun/streetsweeper"},
		{"predicate": {"custom_model_data":   61}, "model":"item/weapons/shotguns/crossbowtogun/vepr-12"},

		{"predicate": {"custom_model_data":   62}, "model":"item/weapons/smgs/crossbowtogun/aks-74"},
		{"predicate": {"custom_model_data":   63}, "model":"item/weapons/smgs/crossbowtogun/ar57"},
		{"predicate": {"custom_model_data":   64}, "model":"item/weapons/smgs/crossbowtogun/bizon"},
		{"predicate": {"custom_model_data":   65}, "model":"item/weapons/smgs/crossbowtogun/mac10"},
		{"predicate": {"custom_model_data":   66}, "model":"item/weapons/smgs/crossbowtogun/microuzi"},
		{"predicate": {"custom_model_data":   67}, "model":"item/weapons/smgs/crossbowtogun/mp5"},
		{"predicate": {"custom_model_data":   68}, "model":"item/weapons/smgs/crossbowtogun/mp40"},
		{"predicate": {"custom_model_data":   69}, "model":"item/weapons/smgs/crossbowtogun/mpx"},
		{"predicate": {"custom_model_data":   70}, "model":"item/weapons/smgs/crossbowtogun/p90"},
		{"predicate": {"custom_model_data":   71}, "model":"item/weapons/smgs/crossbowtogun/skorpion"},
		{"predicate": {"custom_model_data":   72}, "model":"item/weapons/smgs/crossbowtogun/tmp"},
		{"predicate": {"custom_model_data":   73}, "model":"item/weapons/smgs/crossbowtogun/tommygun"},
		{"predicate": {"custom_model_data":   74}, "model":"item/weapons/smgs/crossbowtogun/ump45"},
		{"predicate": {"custom_model_data":   75}, "model":"item/weapons/smgs/crossbowtogun/vector"},

		{"predicate": {"custom_model_data":   76}, "model":"item/weapons/snipers/crossbowtogun/awp"},
		{"predicate": {"custom_model_data":   78}, "model":"item/weapons/snipers/crossbowtogun/barret"},
		{"predicate": {"custom_model_data":   79}, "model":"item/weapons/snipers/crossbowtogun/carcano"},
		{"predicate": {"custom_model_data":   80}, "model":"item/weapons/snipers/crossbowtogun/cheytac"},
		{"predicate": {"custom_model_data":   81}, "model":"item/weapons/snipers/crossbowtogun/dragunov"},
		{"predicate": {"custom_model_data":   82}, "model":"item/weapons/snipers/crossbowtogun/enfield"},
		{"predicate": {"custom_model_data":   83}, "model":"item/weapons/snipers/crossbowtogun/gm6"},
		{"predicate": {"custom_model_data":   84}, "model":"item/weapons/snipers/crossbowtogun/hdr"},
		{"predicate": {"custom_model_data":   85}, "model":"item/weapons/snipers/crossbowtogun/m14"},
		{"predicate": {"custom_model_data":   86}, "model":"item/weapons/snipers/crossbowtogun/m24"},
		{"predicate": {"custom_model_data":   87}, "model":"item/weapons/snipers/crossbowtogun/ntw-20"},
		{"predicate": {"custom_model_data":   88}, "model":"item/weapons/snipers/crossbowtogun/ptrs-41"},
		{"predicate": {"custom_model_data":   89}, "model":"item/weapons/snipers/crossbowtogun/vss"},
		{"predicate": {"custom_model_data":   90}, "model":"item/weapons/snipers/crossbowtogun/wa2000"},
		{"predicate": {"custom_model_data":   91}, "model":"item/weapons/snipers/crossbowtogun/wnchester"},

		{"predicate": {"custom_model_data":   92}, "model":"item/weapons/special-heavy/riot_shield"},
		{"predicate": {"custom_model_data":   93}, "model":"item/weapons/special-heavy/crossbowtogun/bazooka"},
		{"predicate": {"custom_model_data":   94}, "model":"item/weapons/special-heavy/crossbowtogun/blaster"},
		{"predicate": {"custom_model_data":   95}, "model":"item/weapons/special-heavy/crossbowtogun/ex1"},
		{"predicate": {"custom_model_data":   96}, "model":"item/weapons/special-heavy/crossbowtogun/flamethrower"},
		{"predicate": {"custom_model_data":   97}, "model":"item/weapons/special-heavy/crossbowtogun/harpoon"},
		{"predicate": {"custom_model_data":   98}, "model":"item/weapons/special-heavy/crossbowtogun/m79"},
		{"predicate": {"custom_model_data":   99}, "model":"item/weapons/special-heavy/crossbowtogun/mgl"},
		{"predicate": {"custom_model_data":   100}, "model":"item/weapons/special-heavy/crossbowtogun/minigun"},
		{"predicate": {"custom_model_data":   101}, "model":"item/weapons/special-heavy/crossbowtogun/raygun"},
		{"predicate": {"custom_model_data":   102}, "model":"item/weapons/special-heavy/crossbowtogun/shadowhunter"},
		{"predicate": {"custom_model_data":   103}, "model":"item/weapons/special-heavy/crossbowtogun/taser"},
		{"predicate": {"custom_model_data":   104}, "model":"item/weapons/special-heavy/crossbowtogun/widowmaker"},
		{"predicate": {"custom_model_data":   105}, "model":"item/weapons/special-heavy/crossbowtogun/xm25"}
		
	]
}